phase,epoch,step,elapsed_s,loss,mae,mse
train,0,100,6.6,0.665706,,
train,0,200,9.4,0.500659,,
train,0,300,12.3,0.337286,,
train,0,400,15.1,0.336736,,
train,0,500,17.9,0.279784,,
train,0,600,20.8,0.280881,,
train,0,700,23.6,0.275478,,
train,0,800,26.5,0.270407,,
train,0,900,29.3,0.283191,,
train,0,1000,32.1,0.261414,,
train,0,1100,35.0,0.246302,,
train,0,1200,37.8,0.251571,,
train,0,1300,40.6,0.247662,,
train,0,1400,43.5,0.237096,,
train,0,1500,46.3,0.239436,,
train,0,1600,49.1,0.226850,,
train,0,1700,52.0,0.215331,,
train,0,1800,54.8,0.202271,,
train,0,1900,57.6,0.207899,,
train,0,2000,60.5,0.203751,,
train,0,2100,63.3,0.203930,,
train,0,2200,66.1,0.212150,,
train,0,2300,69.0,0.193871,,
train,0,2400,71.8,0.204924,,
train,0,2500,74.6,0.197252,,
train,0,2600,77.5,0.194762,,
train,0,2700,80.3,0.192723,,
train,0,2800,83.1,0.188530,,
train,0,2900,86.0,0.184573,,
train,0,3000,88.8,0.179402,,
train,0,3100,91.6,0.177581,,
train,0,3200,94.5,0.175996,,
train,0,3300,97.3,0.193544,,
train,0,3400,100.1,0.176150,,
train,0,3500,103.0,0.176089,,
train,0,3600,105.8,0.166362,,
train,0,3700,108.7,0.167031,,
train,0,3800,111.5,0.169633,,
train,0,3900,114.3,0.159251,,
train,0,4000,117.2,0.165461,,
train,0,4100,120.0,0.157422,,
train,0,4200,122.8,0.159942,,
train,0,4300,125.7,0.149960,,
train,0,4400,128.5,0.145485,,
train,0,4500,131.3,0.171705,,
train,0,4600,134.2,0.155530,,
train,0,4700,137.0,0.158470,,
train,0,4800,139.8,0.149611,,
train,0,4900,142.7,0.154608,,
train,0,5000,145.5,0.139697,,
train,0,5100,148.4,0.148577,,
train,0,5200,151.2,0.151501,,
train,0,5300,154.0,0.152883,,
train,0,5400,156.9,0.145602,,
train,0,5500,159.7,0.146275,,
train,0,5600,162.5,0.146236,,
train,0,5700,165.4,0.151570,,
train,0,5800,168.2,0.143234,,
train,0,5900,171.0,0.142939,,
train,0,6000,173.9,0.145037,,
train,0,6100,176.7,nan,,
train,0,6200,179.5,0.146652,,
train,0,6300,182.4,0.149914,,
train,0,6400,185.2,0.139796,,
train,0,6500,188.0,0.146290,,
train,0,6600,190.9,0.141527,,
train,0,6700,193.7,0.138151,,
train,0,6800,196.5,0.135212,,
train,0,6900,199.4,0.138240,,
train,0,7000,202.2,0.130367,,
train,0,7100,205.0,0.148633,,
train,0,7200,207.9,0.132438,,
train,0,7300,210.7,0.138491,,
train,0,7400,213.5,0.122291,,
train,0,7500,216.4,0.133135,,
train,0,7600,219.2,0.131535,,
train,0,7700,222.0,0.139126,,
train,0,7800,224.9,0.130709,,
train,0,7900,227.7,0.129823,,
train,0,8000,230.5,0.127750,,
train,0,8100,233.4,0.127869,,
train,0,8200,236.2,0.132797,,
train,0,8300,239.0,0.133485,,
train,0,8400,241.9,0.124210,,
train,0,8500,244.7,0.131964,,
train,0,8600,247.5,0.122169,,
train,0,8700,250.4,0.135172,,
train,0,8800,253.2,0.135707,,
train,0,8900,256.1,0.123385,,
train,0,9000,258.9,0.127577,,
train,0,9100,261.7,0.134837,,
train,0,9200,264.6,0.135902,,
train,0,9300,267.4,0.133045,,
train,0,9400,270.2,0.120623,,
train,0,9500,273.1,0.118982,,
train,0,9600,275.9,0.123402,,
train,0,9700,278.7,0.132310,,
train,0,9800,281.6,0.132817,,
train,0,9900,284.4,0.136324,,
train,0,10000,287.2,0.119365,,
train,0,10100,290.1,0.123512,,
train,0,10200,292.9,0.122741,,
train,0,10300,295.7,0.135699,,
train,0,10400,298.6,0.119369,,
train,0,10500,301.4,0.121791,,
train,0,10600,304.2,0.130497,,
train,0,10700,307.1,0.125782,,
train,0,10800,309.9,0.115955,,
train,0,10900,312.8,0.119975,,
train,0,11000,315.6,0.120981,,
train,0,11100,318.4,0.114805,,
train,0,11200,321.3,0.123081,,
train,0,11300,324.1,0.119858,,
train,0,11400,326.9,0.126331,,
train,0,11500,329.8,0.126809,,
train,0,11600,332.6,0.111800,,
train,0,11700,335.4,0.131845,,
train,0,11800,338.3,0.120150,,
train,0,11900,341.1,0.135700,,
train,0,12000,343.9,0.116219,,
train,0,12100,346.8,0.108837,,
train,0,12200,349.6,0.119716,,
train,0,12300,352.5,0.118555,,
train,0,12400,355.3,0.118591,,
train,0,12500,358.1,0.117565,,
train,0,12600,361.0,0.118324,,
train,0,12700,363.8,0.118580,,
train,0,12800,366.6,0.116797,,
train,0,12900,369.5,0.126911,,
train,0,13000,372.3,0.112167,,
train,0,13100,375.1,0.121832,,
train,0,13200,378.0,0.114868,,
train,0,13300,380.8,0.123525,,
train,0,13400,383.6,0.113859,,
train,0,13500,386.5,0.114687,,
train,0,13600,389.3,0.112453,,
train,0,13700,392.2,0.114246,,
train,0,13800,395.0,0.114628,,
train,0,13900,397.8,0.117811,,
train,0,14000,400.7,0.115837,,
train,0,14100,403.5,0.123505,,
train,0,14200,406.3,0.114081,,
train,0,14300,409.2,0.110246,,
train,0,14400,412.0,0.119045,,
train,0,14500,414.8,0.109637,,
train,0,14600,417.7,0.109409,,
train,0,14700,420.5,0.110765,,
train,0,14800,423.3,0.112155,,
train,0,14900,426.2,0.112296,,
train,0,15000,429.0,0.113648,,
train,0,15100,431.8,0.111451,,
train,0,15200,434.7,0.116462,,
train,0,15300,437.5,0.113285,,
train,0,15400,440.3,0.107862,,
train,0,15500,443.2,0.116050,,
train,0,15600,446.0,0.110927,,
train,0,15700,448.8,0.119053,,
train,0,15800,451.7,0.118691,,
train,0,15900,454.5,0.109304,,
train,0,16000,457.4,0.103531,,
train,0,16100,460.2,0.115012,,
train,0,16200,463.0,0.109729,,
train,0,16300,465.9,0.119488,,
train,0,16400,468.7,0.107894,,
train,0,16500,471.5,0.116747,,
train,0,16600,474.4,0.104920,,
train,0,16700,477.2,0.111015,,
train,0,16800,480.0,0.108546,,
train,0,16900,482.9,0.112020,,
train,0,17000,485.7,0.112306,,
train,0,17100,488.5,0.112395,,
train,0,17200,491.4,0.110307,,
train,0,17300,494.2,0.107420,,
train,0,17400,497.0,0.121705,,
train,0,17500,499.9,0.108852,,
train,0,17600,502.7,0.116186,,
train,0,17700,505.6,0.110046,,
train,0,17800,508.4,0.106574,,
train,0,17900,511.2,0.105473,,
train,0,18000,514.1,0.107664,,
train,0,18100,516.9,0.116851,,
train,0,18200,519.7,0.108501,,
train,0,18300,522.6,0.108954,,
train,0,18400,525.4,0.108931,,
train,0,18500,528.3,0.112083,,
train,0,18600,531.1,0.110530,,
train,0,18700,533.9,0.113243,,
train,0,18800,536.8,0.112444,,
train,0,18900,539.6,0.113237,,
train,0,19000,542.4,0.108218,,
train,0,19100,545.3,0.113580,,
train,0,19200,548.1,0.100120,,
train,0,19300,550.9,0.109126,,
train,0,19400,553.8,0.103805,,
train,0,19500,556.6,0.110301,,
train,0,19600,559.4,0.109921,,
train,0,19700,562.3,0.108987,,
train,0,19800,565.1,0.108269,,
train,0,19900,567.9,0.110824,,
train,0,20000,570.8,0.111292,,
train,0,20100,573.6,0.108266,,
train,0,20200,576.4,0.111761,,
train,0,20300,579.3,0.107408,,
train,0,20400,582.1,0.107823,,
train,0,20500,584.9,0.109984,,
train,0,20600,587.8,0.119161,,
train,0,20700,590.6,0.105765,,
train,0,20800,593.4,0.102887,,
train,0,20900,596.3,0.110619,,
train,0,21000,599.1,0.101811,,
train,0,21100,601.9,0.115291,,
train,0,21200,604.8,0.101212,,
train,0,21300,607.6,0.101255,,
train,0,21400,610.4,0.107388,,
train,0,21500,613.3,0.109476,,
train,0,21600,616.1,0.105375,,
train,0,21700,618.9,0.103014,,
train,0,21800,621.8,0.100062,,
train,0,21900,624.6,0.110204,,
train,0,22000,627.4,0.116911,,
train,0,22100,630.3,0.104134,,
train,0,22200,633.1,0.108397,,
train,0,22300,635.9,0.102903,,
train,0,22400,638.8,0.114078,,
train,0,22500,641.6,0.108979,,
train,0,22600,644.4,0.106291,,
train,0,22700,647.3,0.107523,,
train,0,22800,650.1,0.105011,,
train,0,22900,652.9,0.112759,,
train,0,23000,655.8,0.105556,,
train,0,23100,658.6,0.102818,,
train,0,23200,661.4,0.108021,,
train,0,23300,664.3,0.102635,,
train,0,23400,667.1,0.107686,,
train,0,23500,669.9,0.110381,,
train,0,23600,672.8,0.095268,,
train,0,23700,675.6,0.094730,,
train,0,23800,678.5,0.100211,,
train,0,23900,681.3,0.102460,,
train,0,24000,684.1,0.107373,,
train,0,24100,687.0,0.106730,,
train,0,24200,689.8,0.106458,,
train,0,24300,692.6,0.106432,,
train,0,24400,695.5,0.104799,,
val,0,,774.5,0.092690,0.005186,0.000051
train,1,24544,778.5,0.104111,,
train,1,24644,781.3,0.105444,,
train,1,24744,784.2,0.110211,,
train,1,24844,787.0,0.108774,,
train,1,24944,789.8,0.098509,,
train,1,25044,792.7,0.108647,,
train,1,25144,795.5,0.097425,,
train,1,25244,798.4,0.105186,,
train,1,25344,801.2,0.107278,,
train,1,25444,804.0,0.097832,,
train,1,25544,806.9,0.108514,,
train,1,25644,809.7,0.102246,,
train,1,25744,812.6,0.109492,,
train,1,25844,815.4,0.098924,,
train,1,25944,818.3,0.107279,,
train,1,26044,821.1,0.109651,,
train,1,26144,824.0,0.098749,,
train,1,26244,826.8,0.098061,,
train,1,26344,829.6,0.103774,,
train,1,26444,832.5,0.103518,,
train,1,26544,835.3,0.105199,,
train,1,26644,838.2,0.102807,,
train,1,26744,841.0,0.102408,,
train,1,26844,843.9,0.100031,,
train,1,26944,846.7,0.101092,,
train,1,27044,849.5,0.107069,,
train,1,27144,852.4,0.095447,,
train,1,27244,855.2,0.106702,,
train,1,27344,858.1,0.097462,,
train,1,27444,860.9,0.101709,,
train,1,27544,863.8,0.101025,,
train,1,27644,866.6,0.102061,,
train,1,27744,869.5,0.106910,,
train,1,27844,872.3,0.109663,,
train,1,27944,875.1,0.101127,,
train,1,28044,878.0,0.111827,,
train,1,28144,880.8,0.101444,,
train,1,28244,883.7,0.107531,,
train,1,28344,886.5,0.094675,,
train,1,28444,889.3,0.098386,,
train,1,28544,892.2,0.108753,,
train,1,28644,895.0,0.101874,,
train,1,28744,897.9,0.098460,,
train,1,28844,900.7,0.097687,,
train,1,28944,903.6,0.094032,,
train,1,29044,906.4,0.101179,,
train,1,29144,909.3,0.095941,,
train,1,29244,912.1,0.103272,,
train,1,29344,914.9,0.105649,,
train,1,29444,917.8,0.105204,,
train,1,29544,920.6,0.098847,,
train,1,29644,923.5,0.095616,,
train,1,29744,926.3,0.103935,,
train,1,29844,929.1,0.101371,,
train,1,29944,932.0,0.104250,,
train,1,30044,934.8,0.098416,,
train,1,30144,937.7,0.101995,,
train,1,30244,940.5,0.098690,,
train,1,30344,943.4,0.106060,,
train,1,30444,946.2,0.098587,,
train,1,30544,949.0,0.098057,,
train,1,30644,951.9,0.101645,,
train,1,30744,954.7,0.104925,,
train,1,30844,957.6,0.100169,,
train,1,30944,960.4,0.094770,,
train,1,31044,963.3,0.096369,,
train,1,31144,966.1,0.100984,,
train,1,31244,968.9,0.099719,,
train,1,31344,971.8,0.101437,,
train,1,31444,974.6,0.097491,,
train,1,31544,977.5,0.096483,,
train,1,31644,980.3,0.107763,,
train,1,31744,983.1,0.103770,,
train,1,31844,986.0,0.101240,,
train,1,31944,988.8,0.110577,,
train,1,32044,991.7,0.097446,,
train,1,32144,994.5,0.097786,,
train,1,32244,997.3,0.100477,,
train,1,32344,1000.2,0.099432,,
train,1,32444,1003.0,0.094939,,
train,1,32544,1005.8,0.091157,,
train,1,32644,1008.7,0.098940,,
train,1,32744,1011.5,0.101316,,
train,1,32844,1014.4,0.105453,,
train,1,32944,1017.2,0.099543,,
train,1,33044,1020.1,0.094147,,
train,1,33144,1022.9,0.096033,,
train,1,33244,1025.7,0.090897,,
train,1,33344,1028.6,0.106432,,
train,1,33444,1031.4,0.092857,,
train,1,33544,1034.3,0.093437,,
train,1,33644,1037.1,0.092838,,
train,1,33744,1040.0,0.103032,,
train,1,33844,1042.8,0.099298,,
train,1,33944,1045.6,0.096403,,
train,1,34044,1048.5,0.091108,,
train,1,34144,1051.3,0.097948,,
train,1,34244,1054.2,0.100175,,
train,1,34344,1057.0,0.096804,,
train,1,34444,1059.9,0.091366,,
train,1,34544,1062.7,0.098907,,
train,1,34644,1065.6,0.098494,,
train,1,34744,1068.4,0.098235,,
train,1,34844,1071.2,0.096232,,
train,1,34944,1074.1,0.096389,,
train,1,35044,1076.9,0.094004,,
train,1,35144,1079.8,0.105150,,
train,1,35244,1082.6,0.093536,,
train,1,35344,1085.4,0.098900,,
train,1,35444,1088.3,0.105203,,
train,1,35544,1091.1,0.096901,,
train,1,35644,1094.0,0.100739,,
train,1,35744,1096.8,0.102264,,
train,1,35844,1099.6,0.090619,,
train,1,35944,1102.5,0.101798,,
train,1,36044,1105.3,0.102287,,
train,1,36144,1108.2,0.100692,,
train,1,36244,1111.0,0.102293,,
train,1,36344,1113.8,0.090997,,
train,1,36444,1116.7,0.094481,,
train,1,36544,1119.5,0.095592,,
train,1,36644,1122.4,0.092701,,
train,1,36744,1125.2,0.092843,,
train,1,36844,1128.1,0.096678,,
train,1,36944,1130.9,0.095407,,
train,1,37044,1133.7,0.095650,,
train,1,37144,1136.6,0.089241,,
train,1,37244,1139.4,0.092375,,
train,1,37344,1142.2,0.096313,,
train,1,37444,1145.1,0.084440,,
train,1,37544,1147.9,0.106733,,
train,1,37644,1150.8,0.099236,,
train,1,37744,1153.6,0.102000,,
train,1,37844,1156.4,0.099620,,
train,1,37944,1159.3,0.093665,,
train,1,38044,1162.1,0.098842,,
train,1,38144,1165.0,0.098511,,
train,1,38244,1167.8,0.102147,,
train,1,38344,1170.6,0.100494,,
train,1,38444,1173.5,0.095144,,
train,1,38544,1176.3,0.097124,,
train,1,38644,1179.2,0.097265,,
train,1,38744,1182.0,0.104727,,
train,1,38844,1184.9,0.092916,,
train,1,38944,1187.7,0.102589,,
train,1,39044,1190.5,0.104342,,
train,1,39144,1193.4,0.101147,,
train,1,39244,1196.2,0.095337,,
train,1,39344,1199.1,0.096499,,
train,1,39444,1201.9,0.096535,,
train,1,39544,1204.8,0.095124,,
train,1,39644,1207.6,0.099477,,
train,1,39744,1210.4,0.092967,,
train,1,39844,1213.3,0.093631,,
train,1,39944,1216.1,0.093521,,
train,1,40044,1219.0,0.096634,,
train,1,40144,1221.8,0.095085,,
train,1,40244,1224.7,0.098899,,
train,1,40344,1227.5,0.096036,,
train,1,40444,1230.3,0.098224,,
train,1,40544,1233.2,0.094449,,
train,1,40644,1236.0,0.103562,,
train,1,40744,1238.9,0.088931,,
train,1,40844,1241.7,0.099364,,
train,1,40944,1244.5,0.097020,,
train,1,41044,1247.4,0.095163,,
train,1,41144,1250.2,0.102235,,
train,1,41244,1253.1,0.086225,,
train,1,41344,1255.9,0.096845,,
train,1,41444,1258.8,0.099543,,
train,1,41544,1261.6,0.098962,,
train,1,41644,1264.4,0.098519,,
train,1,41744,1267.3,0.091910,,
train,1,41844,1270.1,0.098011,,
train,1,41944,1273.0,0.097768,,
train,1,42044,1275.8,0.099100,,
train,1,42144,1278.7,0.096580,,
train,1,42244,1281.5,0.093843,,
train,1,42344,1284.3,0.103801,,
train,1,42444,1287.2,0.090004,,
train,1,42544,1290.0,0.086686,,
train,1,42644,1292.9,0.092955,,
train,1,42744,1295.7,0.094195,,
train,1,42844,1298.5,0.094900,,
train,1,42944,1301.4,0.092130,,
train,1,43044,1304.2,0.097099,,
train,1,43144,1307.1,0.096656,,
train,1,43244,1309.9,0.095082,,
train,1,43344,1312.7,0.095355,,
train,1,43444,1315.6,0.086726,,
train,1,43544,1318.4,0.091017,,
train,1,43644,1321.3,0.096085,,
train,1,43744,1324.1,0.091705,,
train,1,43844,1326.9,0.092513,,
train,1,43944,1329.8,0.095717,,
train,1,44044,1332.6,0.092635,,
train,1,44144,1335.5,0.095023,,
train,1,44244,1338.3,0.090286,,
train,1,44344,1341.2,0.100611,,
train,1,44444,1344.0,0.097226,,
train,1,44544,1346.8,0.093112,,
train,1,44644,1349.7,0.096785,,
train,1,44744,1352.5,0.098721,,
train,1,44844,1355.4,0.092549,,
train,1,44944,1358.2,0.098063,,
train,1,45044,1361.1,0.100589,,
train,1,45144,1363.9,0.094188,,
train,1,45244,1366.7,0.099812,,
train,1,45344,1369.6,0.092094,,
train,1,45444,1372.4,0.095829,,
train,1,45544,1375.3,0.092926,,
train,1,45644,1378.1,0.083228,,
train,1,45744,1381.0,0.094494,,
train,1,45844,1383.8,0.090440,,
train,1,45944,1386.6,nan,,
train,1,46044,1389.5,0.096673,,
train,1,46144,1392.3,0.095839,,
train,1,46244,1395.2,0.096668,,
train,1,46344,1398.0,0.094405,,
train,1,46444,1400.9,0.094911,,
train,1,46544,1403.7,0.093975,,
train,1,46644,1406.5,0.095604,,
train,1,46744,1409.4,0.091635,,
train,1,46844,1412.2,0.095498,,
train,1,46944,1415.1,0.098360,,
train,1,47044,1417.9,0.094451,,
train,1,47144,1420.8,0.094599,,
train,1,47244,1423.6,0.093356,,
train,1,47344,1426.5,0.090281,,
train,1,47444,1429.3,0.099232,,
train,1,47544,1432.1,0.094908,,
train,1,47644,1435.0,0.092807,,
train,1,47744,1437.8,0.088484,,
train,1,47844,1440.7,0.096103,,
train,1,47944,1443.5,0.091948,,
train,1,48044,1446.3,0.096669,,
train,1,48144,1449.2,0.097946,,
train,1,48244,1452.0,0.100930,,
train,1,48344,1454.9,0.104664,,
train,1,48444,1457.7,0.092498,,
train,1,48544,1460.5,0.095337,,
train,1,48644,1463.4,0.094776,,
train,1,48744,1466.2,0.091065,,
train,1,48844,1469.1,0.089364,,
val,1,,1547.9,0.083047,0.004828,0.000046
train,2,48988,1551.9,0.089241,,
train,2,49088,1554.8,0.097813,,
train,2,49188,1557.6,0.095683,,
train,2,49288,1560.4,0.088682,,
train,2,49388,1563.3,0.089913,,
train,2,49488,1566.1,0.091077,,
train,2,49588,1569.0,0.087339,,
train,2,49688,1571.8,0.095392,,
train,2,49788,1574.7,0.092297,,
train,2,49888,1577.5,0.093108,,
train,2,49988,1580.3,0.094175,,
train,2,50088,1583.2,0.092564,,
train,2,50188,1586.0,0.094360,,
train,2,50288,1588.9,0.093282,,
train,2,50388,1591.7,0.094614,,
train,2,50488,1594.5,0.090123,,
train,2,50588,1597.4,0.092294,,
train,2,50688,1600.2,0.092994,,
train,2,50788,1603.1,0.092940,,
train,2,50888,1605.9,0.092551,,
train,2,50988,1608.7,0.088504,,
train,2,51088,1611.6,0.097742,,
train,2,51188,1614.4,0.093534,,
train,2,51288,1617.2,0.092098,,
train,2,51388,1620.1,0.087727,,
train,2,51488,1622.9,0.088676,,
train,2,51588,1625.8,0.090464,,
train,2,51688,1628.6,0.091499,,
train,2,51788,1631.4,0.095032,,
train,2,51888,1634.3,0.092265,,
train,2,51988,1637.1,0.088778,,
train,2,52088,1639.9,0.092192,,
train,2,52188,1642.8,0.097725,,
train,2,52288,1645.6,0.098691,,
train,2,52388,1648.4,0.086751,,
train,2,52488,1651.3,0.090495,,
train,2,52588,1654.1,0.095379,,
train,2,52688,1657.0,0.087827,,
train,2,52788,1659.8,0.090890,,
train,2,52888,1662.6,0.086615,,
train,2,52988,1665.5,0.091819,,
train,2,53088,1668.3,0.093993,,
train,2,53188,1671.1,0.096997,,
train,2,53288,1674.0,0.097820,,
train,2,53388,1676.8,0.090430,,
train,2,53488,1679.7,0.092616,,
train,2,53588,1682.5,0.085574,,
train,2,53688,1685.3,0.092271,,
train,2,53788,1688.2,0.094733,,
train,2,53888,1691.0,0.093215,,
train,2,53988,1693.9,0.094355,,
train,2,54088,1696.7,0.095623,,
train,2,54188,1699.5,0.095717,,
train,2,54288,1702.4,0.099497,,
train,2,54388,1705.2,0.095542,,
train,2,54488,1708.0,0.087482,,
train,2,54588,1710.9,0.091792,,
train,2,54688,1713.7,0.088477,,
train,2,54788,1716.5,0.088928,,
train,2,54888,1719.4,0.093585,,
train,2,54988,1722.2,0.095251,,
train,2,55088,1725.1,0.092129,,
train,2,55188,1727.9,0.090277,,
train,2,55288,1730.7,0.092027,,
train,2,55388,1733.6,0.088488,,
train,2,55488,1736.4,0.093720,,
train,2,55588,1739.2,0.097199,,
train,2,55688,1742.1,0.085523,,
train,2,55788,1744.9,0.088173,,
train,2,55888,1747.8,0.094070,,
train,2,55988,1750.6,0.093403,,
train,2,56088,1753.4,0.085483,,
train,2,56188,1756.3,0.096308,,
train,2,56288,1759.1,0.088148,,
train,2,56388,1762.0,0.090885,,
train,2,56488,1764.8,0.083455,,
train,2,56588,1767.6,0.087963,,
train,2,56688,1770.5,0.093767,,
train,2,56788,1773.3,0.083821,,
train,2,56888,1776.2,0.093775,,
train,2,56988,1779.0,0.088826,,
train,2,57088,1781.8,0.089744,,
train,2,57188,1784.7,0.098243,,
train,2,57288,1787.5,0.089639,,
train,2,57388,1790.3,0.087403,,
train,2,57488,1793.2,0.092638,,
train,2,57588,1796.0,0.092026,,
train,2,57688,1798.8,0.098666,,
train,2,57788,1801.7,0.087162,,
train,2,57888,1804.5,0.085912,,
train,2,57988,1807.4,0.097470,,
train,2,58088,1810.2,0.088484,,
train,2,58188,1813.1,0.090648,,
train,2,58288,1815.9,0.086620,,
train,2,58388,1818.7,0.089899,,
train,2,58488,1821.6,0.089484,,
train,2,58588,1824.4,0.089377,,
train,2,58688,1827.3,0.091931,,
train,2,58788,1830.1,0.091598,,
train,2,58888,1832.9,0.093795,,
train,2,58988,1835.8,0.088555,,
train,2,59088,1838.6,0.087115,,
train,2,59188,1841.4,0.088585,,
train,2,59288,1844.3,0.093598,,
train,2,59388,1847.1,0.089342,,
train,2,59488,1850.0,0.096789,,
train,2,59588,1852.8,0.091098,,
train,2,59688,1855.6,0.100297,,
train,2,59788,1858.5,0.090272,,
train,2,59888,1861.3,0.098628,,
train,2,59988,1864.2,0.087835,,
train,2,60088,1867.0,0.089913,,
train,2,60188,1869.8,0.096156,,
train,2,60288,1872.7,0.098537,,
train,2,60388,1875.5,0.089840,,
train,2,60488,1878.3,0.090962,,
train,2,60588,1881.2,0.089388,,
train,2,60688,1884.0,0.083097,,
train,2,60788,1886.8,0.092338,,
train,2,60888,1889.7,0.089774,,
train,2,60988,1892.5,0.091545,,
train,2,61088,1895.4,0.092079,,
train,2,61188,1898.2,0.099858,,
train,2,61288,1901.0,0.084913,,
train,2,61388,1903.9,0.093192,,
train,2,61488,1906.7,0.091646,,
train,2,61588,1909.5,0.092084,,
train,2,61688,1912.4,0.091035,,
train,2,61788,1915.2,0.093312,,
train,2,61888,1918.1,0.082350,,
train,2,61988,1920.9,0.091416,,
train,2,62088,1923.8,0.083706,,
train,2,62188,1926.6,0.088219,,
train,2,62288,1929.4,0.080823,,
train,2,62388,1932.3,0.089845,,
train,2,62488,1935.1,0.092591,,
train,2,62588,1937.9,0.090677,,
train,2,62688,1940.8,0.089092,,
train,2,62788,1943.6,0.092990,,
train,2,62888,1946.5,0.091363,,
train,2,62988,1949.3,0.086492,,
train,2,63088,1952.1,0.087570,,
train,2,63188,1955.0,0.094184,,
train,2,63288,1957.8,0.086881,,
train,2,63388,1960.6,0.095171,,
train,2,63488,1963.5,0.093605,,
train,2,63588,1966.3,0.086970,,
train,2,63688,1969.1,0.092044,,
train,2,63788,1972.0,0.089507,,
train,2,63888,1974.8,0.089132,,
train,2,63988,1977.6,0.088521,,
train,2,64088,1980.5,0.095283,,
train,2,64188,1983.3,0.093525,,
train,2,64288,1986.1,0.082861,,
train,2,64388,1989.0,0.093864,,
train,2,64488,1991.8,0.090457,,
train,2,64588,1994.6,0.087216,,
train,2,64688,1997.5,0.091491,,
train,2,64788,2000.3,0.096691,,
train,2,64888,2003.1,0.091800,,
train,2,64988,2006.0,0.088459,,
train,2,65088,2008.8,0.079636,,
train,2,65188,2011.6,0.090034,,
train,2,65288,2014.5,0.091694,,
train,2,65388,2017.3,0.088499,,
train,2,65488,2020.1,0.096317,,
train,2,65588,2023.0,0.087337,,
train,2,65688,2025.8,0.096686,,
train,2,65788,2028.6,0.084327,,
train,2,65888,2031.5,0.086630,,
train,2,65988,2034.3,0.092658,,
train,2,66088,2037.1,0.090237,,
train,2,66188,2040.0,0.091966,,
train,2,66288,2042.8,0.093197,,
train,2,66388,2045.6,0.095624,,
train,2,66488,2048.5,0.089508,,
train,2,66588,2051.3,0.085786,,
train,2,66688,2054.1,0.090174,,
train,2,66788,2057.0,0.092739,,
train,2,66888,2059.8,0.089421,,
train,2,66988,2062.6,0.085847,,
train,2,67088,2065.5,0.087669,,
train,2,67188,2068.3,0.087664,,
train,2,67288,2071.1,0.092847,,
train,2,67388,2074.0,0.087678,,
train,2,67488,2076.8,0.084862,,
train,2,67588,2079.6,0.086509,,
train,2,67688,2082.5,0.089816,,
train,2,67788,2085.3,0.081843,,
train,2,67888,2088.2,0.091451,,
train,2,67988,2091.2,0.092350,,
train,2,68088,2094.1,0.091503,,
train,2,68188,2097.0,0.088320,,
train,2,68288,2100.0,0.087558,,
train,2,68388,2102.8,0.082088,,
train,2,68488,2105.7,0.084502,,
train,2,68588,2108.5,0.088744,,
train,2,68688,2111.3,0.089418,,
train,2,68788,2114.2,0.086168,,
train,2,68888,2117.0,0.090101,,
train,2,68988,2119.9,0.093699,,
train,2,69088,2122.7,0.091748,,
train,2,69188,2125.5,0.092924,,
train,2,69288,2128.3,0.085108,,
train,2,69388,2131.2,0.087808,,
train,2,69488,2134.0,0.089353,,
train,2,69588,2136.8,0.098332,,
train,2,69688,2139.7,0.092086,,
train,2,69788,2142.5,0.086070,,
train,2,69888,2145.3,0.084508,,
train,2,69988,2148.2,0.090433,,
train,2,70088,2151.0,0.084489,,
train,2,70188,2153.9,0.096112,,
train,2,70288,2156.7,0.087803,,
train,2,70388,2159.5,0.092015,,
train,2,70488,2162.4,0.087809,,
train,2,70588,2165.2,0.089542,,
train,2,70688,2168.0,0.093601,,
train,2,70788,2170.8,0.094951,,
train,2,70888,2173.7,0.098082,,
train,2,70988,2176.5,0.091169,,
train,2,71088,2179.3,0.094208,,
train,2,71188,2182.2,0.090740,,
train,2,71288,2185.0,0.088268,,
train,2,71388,2187.8,0.088050,,
train,2,71488,2190.6,0.096837,,
train,2,71588,2193.5,0.090738,,
train,2,71688,2196.3,0.083994,,
train,2,71788,2199.1,0.087848,,
train,2,71888,2202.0,0.092835,,
train,2,71988,2204.8,0.085079,,
train,2,72088,2207.6,0.089237,,
train,2,72188,2210.5,0.096254,,
train,2,72288,2213.3,0.088837,,
train,2,72388,2216.1,nan,,
train,2,72488,2219.0,0.084676,,
train,2,72588,2221.8,0.084932,,
train,2,72688,2224.6,0.089938,,
train,2,72788,2227.5,0.093160,,
train,2,72888,2230.3,0.090510,,
train,2,72988,2233.1,0.088604,,
train,2,73088,2236.0,0.084890,,
train,2,73188,2238.8,0.086868,,
train,2,73288,2241.7,0.086995,,
val,2,,2320.4,0.079190,0.004677,0.000044
train,3,73432,2324.4,0.089150,,
train,3,73532,2327.2,0.091308,,
train,3,73632,2330.0,0.085124,,
train,3,73732,2332.9,0.088008,,
train,3,73832,2335.7,0.085893,,
train,3,73932,2338.6,0.090486,,
train,3,74032,2341.4,0.087277,,
train,3,74132,2344.2,0.085848,,
train,3,74232,2347.1,0.086788,,
train,3,74332,2349.9,0.082971,,
train,3,74432,2352.8,nan,,
train,3,74532,2355.6,0.086853,,
train,3,74632,2358.4,0.091708,,
train,3,74732,2361.3,0.089589,,
train,3,74832,2364.1,0.092177,,
train,3,74932,2366.9,0.086190,,
train,3,75032,2369.8,0.089619,,
train,3,75132,2372.6,0.087060,,
train,3,75232,2375.5,0.087647,,
train,3,75332,2378.3,0.082343,,
train,3,75432,2381.1,0.089603,,
train,3,75532,2384.0,0.090374,,
train,3,75632,2386.8,0.084939,,
train,3,75732,2389.6,0.083564,,
train,3,75832,2392.5,0.087871,,
train,3,75932,2395.3,0.087526,,
train,3,76032,2398.2,0.083246,,
train,3,76132,2401.0,0.094824,,
train,3,76232,2403.8,0.087346,,
train,3,76332,2406.7,0.092109,,
train,3,76432,2409.5,0.091438,,
train,3,76532,2412.4,0.084559,,
train,3,76632,2415.2,0.083258,,
train,3,76732,2418.0,0.083894,,
train,3,76832,2420.9,0.082400,,
train,3,76932,2423.7,0.081561,,
train,3,77032,2426.6,0.090967,,
train,3,77132,2429.4,0.084301,,
train,3,77232,2432.2,0.086967,,
train,3,77332,2435.1,0.088701,,
train,3,77432,2437.9,0.084018,,
train,3,77532,2440.8,0.082384,,
train,3,77632,2443.6,0.093526,,
train,3,77732,2446.4,0.086680,,
train,3,77832,2449.3,0.086476,,
train,3,77932,2452.1,0.092797,,
train,3,78032,2455.0,0.083849,,
train,3,78132,2457.8,0.092339,,
train,3,78232,2460.6,0.084848,,
train,3,78332,2463.5,0.088702,,
train,3,78432,2466.3,0.079978,,
train,3,78532,2469.1,0.086539,,
train,3,78632,2472.0,0.089078,,
train,3,78732,2474.8,0.089834,,
train,3,78832,2477.7,0.091373,,
train,3,78932,2480.5,0.086616,,
train,3,79032,2483.4,0.087284,,
train,3,79132,2486.2,0.082860,,
train,3,79232,2489.0,0.090407,,
train,3,79332,2491.9,0.091240,,
train,3,79432,2494.7,0.086957,,
train,3,79532,2497.6,0.083713,,
train,3,79632,2500.4,0.085244,,
train,3,79732,2503.2,0.087237,,
train,3,79832,2506.1,0.085535,,
train,3,79932,2508.9,0.092479,,
train,3,80032,2511.8,0.083869,,
train,3,80132,2514.6,0.088476,,
train,3,80232,2517.4,0.086013,,
train,3,80332,2520.3,0.086342,,
train,3,80432,2523.1,0.083621,,
train,3,80532,2526.0,0.091542,,
train,3,80632,2528.8,0.091207,,
train,3,80732,2531.6,0.091703,,
train,3,80832,2534.5,0.085927,,
train,3,80932,2537.3,0.086927,,
train,3,81032,2540.2,0.089072,,
train,3,81132,2543.0,0.088588,,
train,3,81232,2545.8,0.087128,,
train,3,81332,2548.7,0.083452,,
train,3,81432,2551.5,0.082510,,
train,3,81532,2554.3,0.084932,,
train,3,81632,2557.2,0.086748,,
train,3,81732,2560.0,0.095662,,
train,3,81832,2562.9,0.083855,,
train,3,81932,2565.7,0.086984,,
train,3,82032,2568.5,0.088514,,
train,3,82132,2571.4,0.091178,,
train,3,82232,2574.2,0.090163,,
train,3,82332,2577.0,0.090598,,
train,3,82432,2579.9,0.090678,,
train,3,82532,2582.7,0.090541,,
train,3,82632,2585.5,0.085109,,
train,3,82732,2588.4,0.090319,,
train,3,82832,2591.2,0.079095,,
train,3,82932,2594.1,0.097360,,
train,3,83032,2596.9,0.086592,,
train,3,83132,2599.7,0.087026,,
train,3,83232,2602.6,0.084889,,
train,3,83332,2605.4,0.094017,,
train,3,83432,2608.3,0.088116,,
train,3,83532,2611.1,0.085899,,
train,3,83632,2613.9,0.088226,,
train,3,83732,2616.8,0.084165,,
train,3,83832,2619.6,0.082922,,
train,3,83932,2622.5,0.086644,,
train,3,84032,2625.3,0.084903,,
train,3,84132,2628.1,0.087990,,
train,3,84232,2631.0,0.083612,,
train,3,84332,2633.8,0.092021,,
train,3,84432,2636.7,0.087365,,
train,3,84532,2639.5,0.087291,,
train,3,84632,2642.3,0.090513,,
train,3,84732,2645.2,0.087538,,
train,3,84832,2648.0,0.081149,,
train,3,84932,2650.9,0.086186,,
train,3,85032,2653.7,0.094812,,
train,3,85132,2656.5,0.089702,,
train,3,85232,2659.4,0.087772,,
train,3,85332,2662.2,0.087381,,
train,3,85432,2665.1,0.086974,,
train,3,85532,2667.9,0.086255,,
train,3,85632,2670.7,0.092510,,
train,3,85732,2673.6,0.089959,,
train,3,85832,2676.4,0.084911,,
train,3,85932,2679.3,0.090288,,
train,3,86032,2682.1,0.087663,,
train,3,86132,2684.9,0.086446,,
train,3,86232,2687.8,0.084228,,
train,3,86332,2690.6,0.086558,,
train,3,86432,2693.5,0.082580,,
train,3,86532,2696.3,0.085552,,
train,3,86632,2699.1,0.086162,,
train,3,86732,2702.0,0.087957,,
train,3,86832,2704.8,0.088748,,
train,3,86932,2707.7,0.087009,,
train,3,87032,2710.5,0.083601,,
train,3,87132,2713.3,0.085160,,
train,3,87232,2716.2,0.087873,,
train,3,87332,2719.0,0.086367,,
train,3,87432,2721.9,0.093316,,
train,3,87532,2724.7,0.084186,,
train,3,87632,2727.5,0.094466,,
train,3,87732,2730.4,0.083753,,
train,3,87832,2733.2,0.083824,,
train,3,87932,2736.1,0.087981,,
train,3,88032,2738.9,0.089833,,
train,3,88132,2741.7,0.086341,,
train,3,88232,2744.6,0.092996,,
train,3,88332,2747.4,0.080629,,
train,3,88432,2750.2,0.090199,,
train,3,88532,2753.1,0.088471,,
train,3,88632,2755.9,0.089366,,
train,3,88732,2758.8,0.084859,,
train,3,88832,2761.6,0.086640,,
train,3,88932,2764.4,0.090810,,
train,3,89032,2767.3,0.081149,,
train,3,89132,2770.1,0.085906,,
train,3,89232,2772.9,0.079429,,
train,3,89332,2775.8,0.080545,,
train,3,89432,2778.6,0.088801,,
train,3,89532,2781.5,0.086444,,
train,3,89632,2784.3,0.088857,,
train,3,89732,2787.1,0.086227,,
train,3,89832,2790.0,0.087971,,
train,3,89932,2792.8,0.089075,,
train,3,90032,2795.7,0.083604,,
train,3,90132,2798.5,0.080091,,
train,3,90232,2801.3,0.088178,,
train,3,90332,2804.2,0.080589,,
train,3,90432,2807.0,0.086738,,
train,3,90532,2809.9,0.089381,,
train,3,90632,2812.7,0.086623,,
train,3,90732,2815.5,0.086749,,
train,3,90832,2818.4,0.086373,,
train,3,90932,2821.2,0.083106,,
train,3,91032,2824.1,0.088070,,
train,3,91132,2826.9,0.087588,,
train,3,91232,2829.7,0.087550,,
train,3,91332,2832.6,0.078352,,
train,3,91432,2835.4,0.087707,,
train,3,91532,2838.3,0.088946,,
train,3,91632,2841.1,0.084844,,
train,3,91732,2844.0,0.091041,,
train,3,91832,2846.8,0.087266,,
train,3,91932,2849.6,0.084213,,
train,3,92032,2852.5,0.086082,,
train,3,92132,2855.3,0.087962,,
train,3,92232,2858.2,0.084945,,
train,3,92332,2861.0,0.082434,,
train,3,92432,2863.8,0.082977,,
train,3,92532,2866.7,0.080210,,
train,3,92632,2869.5,0.086676,,
train,3,92732,2872.4,0.088141,,
train,3,92832,2875.2,0.079767,,
train,3,92932,2878.1,0.086461,,
train,3,93032,2880.9,0.088857,,
train,3,93132,2883.7,0.082253,,
train,3,93232,2886.6,0.083800,,
train,3,93332,2889.4,0.086046,,
train,3,93432,2892.3,0.084652,,
train,3,93532,2895.1,0.087044,,
train,3,93632,2897.9,0.091313,,
train,3,93732,2900.8,0.087353,,
train,3,93832,2903.6,0.088591,,
train,3,93932,2906.5,0.088365,,
train,3,94032,2909.3,0.081626,,
train,3,94132,2912.1,0.087928,,
train,3,94232,2915.0,0.082166,,
train,3,94332,2917.8,0.086528,,
train,3,94432,2920.6,0.084448,,
train,3,94532,2923.5,0.085084,,
train,3,94632,2926.3,0.082749,,
train,3,94732,2929.2,0.078112,,
train,3,94832,2932.0,0.089811,,
train,3,94932,2934.8,0.090179,,
train,3,95032,2937.7,0.080431,,
train,3,95132,2940.5,0.091185,,
train,3,95232,2943.3,0.078434,,
train,3,95332,2946.2,0.073361,,
train,3,95432,2949.0,0.084782,,
train,3,95532,2951.9,0.091067,,
train,3,95632,2954.7,0.085189,,
train,3,95732,2957.5,0.085541,,
train,3,95832,2960.4,0.089788,,
train,3,95932,2963.2,0.088717,,
train,3,96032,2966.1,0.088181,,
train,3,96132,2968.9,0.083889,,
train,3,96232,2971.7,0.091116,,
train,3,96332,2974.6,0.084034,,
train,3,96432,2977.4,0.085585,,
train,3,96532,2980.3,0.082544,,
train,3,96632,2983.1,0.080993,,
train,3,96732,2985.9,0.081987,,
train,3,96832,2988.8,0.081100,,
train,3,96932,2991.6,0.081360,,
train,3,97032,2994.5,0.084769,,
train,3,97132,2997.3,0.083937,,
train,3,97232,3000.2,0.090388,,
train,3,97332,3003.0,0.089044,,
train,3,97432,3005.8,0.078540,,
train,3,97532,3008.7,0.087087,,
train,3,97632,3011.5,0.088763,,
train,3,97732,3014.4,0.078036,,
val,3,,3093.3,0.076800,0.004590,0.000042
train,4,97876,3097.3,0.083424,,
train,4,97976,3100.1,0.085816,,
train,4,98076,3102.9,0.087855,,
train,4,98176,3105.8,0.088252,,
train,4,98276,3108.6,0.086225,,
train,4,98376,3111.5,0.087987,,
train,4,98476,3114.3,0.085966,,
train,4,98576,3117.2,0.079328,,
train,4,98676,3120.0,0.085072,,
train,4,98776,3122.9,0.093997,,
train,4,98876,3125.7,0.086297,,
train,4,98976,3128.5,0.083649,,
train,4,99076,3131.4,0.085694,,
train,4,99176,3134.2,0.083189,,
train,4,99276,3137.1,0.081357,,
train,4,99376,3139.9,0.084063,,
train,4,99476,3142.8,0.091483,,
train,4,99576,3145.6,0.087917,,
train,4,99676,3148.4,0.083603,,
train,4,99776,3151.3,0.080244,,
train,4,99876,3154.1,0.083574,,
train,4,99976,3157.0,0.086052,,
train,4,100076,3159.8,0.083818,,
train,4,100176,3162.6,0.082509,,
train,4,100276,3165.5,0.082948,,
train,4,100376,3168.3,0.084579,,
train,4,100476,3171.2,0.086513,,
train,4,100576,3174.0,0.087630,,
train,4,100676,3176.8,0.092371,,
train,4,100776,3179.7,0.088078,,
train,4,100876,3182.5,0.090020,,
train,4,100976,3185.3,0.090393,,
train,4,101076,3188.2,0.086201,,
train,4,101176,3191.0,0.084550,,
train,4,101276,3193.9,0.086867,,
train,4,101376,3196.7,0.076119,,
train,4,101476,3199.5,0.088179,,
train,4,101576,3202.4,0.085567,,
train,4,101676,3205.2,0.086951,,
train,4,101776,3208.1,0.083934,,
train,4,101876,3210.9,0.082923,,
train,4,101976,3213.7,0.084903,,
train,4,102076,3216.6,0.090935,,
train,4,102176,3219.4,0.088697,,
train,4,102276,3222.3,0.083118,,
train,4,102376,3225.1,0.085496,,
train,4,102476,3228.0,0.081390,,
train,4,102576,3230.8,0.086894,,
train,4,102676,3233.7,0.087534,,
train,4,102776,3236.5,0.079517,,
train,4,102876,3239.3,0.082493,,
train,4,102976,3242.2,0.083813,,
train,4,103076,3245.0,0.082600,,
train,4,103176,3247.8,0.081323,,
train,4,103276,3250.7,0.084821,,
train,4,103376,3253.5,0.084740,,
train,4,103476,3256.4,0.089127,,
train,4,103576,3259.2,0.083957,,
train,4,103676,3262.0,0.090632,,
train,4,103776,3264.9,0.084409,,
train,4,103876,3267.7,0.082473,,
train,4,103976,3270.6,0.083696,,
train,4,104076,3273.4,0.085625,,
train,4,104176,3276.3,0.090894,,
train,4,104276,3279.1,0.087005,,
train,4,104376,3281.9,0.087338,,
train,4,104476,3284.8,0.081752,,
train,4,104576,3287.6,0.081272,,
train,4,104676,3290.5,0.078990,,
train,4,104776,3293.3,0.084398,,
train,4,104876,3296.2,0.087578,,
train,4,104976,3299.0,0.087063,,
train,4,105076,3301.8,0.084879,,
train,4,105176,3304.7,0.086676,,
train,4,105276,3307.5,0.088831,,
train,4,105376,3310.4,0.092156,,
train,4,105476,3313.2,0.084232,,
train,4,105576,3316.0,0.080538,,
train,4,105676,3318.9,0.083849,,
train,4,105776,3321.7,0.082774,,
train,4,105876,3324.6,0.082895,,
train,4,105976,3327.4,0.086187,,
train,4,106076,3330.3,0.084455,,
train,4,106176,3333.1,0.084731,,
train,4,106276,3336.0,0.078990,,
train,4,106376,3338.8,0.082608,,
train,4,106476,3341.7,0.082588,,
train,4,106576,3344.5,0.084790,,
train,4,106676,3347.4,0.080128,,
train,4,106776,3350.2,0.079234,,
train,4,106876,3353.0,0.092889,,
train,4,106976,3355.9,0.083487,,
train,4,107076,3358.7,0.076708,,
train,4,107176,3361.6,0.086106,,
train,4,107276,3364.4,0.086655,,
train,4,107376,3367.2,0.086246,,
train,4,107476,3370.1,0.081721,,
train,4,107576,3372.9,0.082472,,
train,4,107676,3375.8,0.085444,,
train,4,107776,3378.6,0.089457,,
train,4,107876,3381.4,0.089039,,
train,4,107976,3384.3,0.087495,,
train,4,108076,3387.1,0.091437,,
train,4,108176,3390.0,0.084594,,
train,4,108276,3392.8,0.083076,,
train,4,108376,3395.6,0.077845,,
train,4,108476,3398.5,0.082131,,
train,4,108576,3401.3,0.081442,,
train,4,108676,3404.2,0.082155,,
train,4,108776,3407.0,0.080092,,
train,4,108876,3409.8,0.084178,,
train,4,108976,3412.7,0.081775,,
train,4,109076,3415.5,0.080424,,
train,4,109176,3418.4,0.084208,,
train,4,109276,3421.2,0.083952,,
train,4,109376,3424.0,0.081223,,
train,4,109476,3426.9,0.083006,,
train,4,109576,3429.7,0.077597,,
train,4,109676,3432.6,0.083619,,
train,4,109776,3435.4,0.090924,,
train,4,109876,3438.2,0.086096,,
train,4,109976,3441.1,0.095039,,
train,4,110076,3443.9,0.083337,,
train,4,110176,3446.8,0.089130,,
train,4,110276,3449.6,0.088886,,
train,4,110376,3452.4,0.085629,,
train,4,110476,3455.3,0.085291,,
train,4,110576,3458.1,0.085134,,
train,4,110676,3461.0,0.083277,,
train,4,110776,3463.8,0.085817,,
train,4,110876,3466.7,0.089987,,
train,4,110976,3469.5,0.084138,,
train,4,111076,3472.3,0.081438,,
train,4,111176,3475.2,0.083520,,
train,4,111276,3478.0,0.084545,,
train,4,111376,3480.9,0.085886,,
train,4,111476,3483.7,0.080955,,
train,4,111576,3486.6,0.082089,,
train,4,111676,3489.4,0.091129,,
train,4,111776,3492.3,0.081810,,
train,4,111876,3495.1,0.079507,,
train,4,111976,3498.0,0.088103,,
train,4,112076,3500.8,0.087339,,
train,4,112176,3503.6,0.086910,,
train,4,112276,3506.5,0.085631,,
train,4,112376,3509.3,0.085482,,
train,4,112476,3512.2,0.076292,,
train,4,112576,3515.0,0.081848,,
train,4,112676,3517.8,0.083616,,
train,4,112776,3520.7,0.080282,,
train,4,112876,3523.5,0.083460,,
train,4,112976,3526.4,0.082897,,
train,4,113076,3529.2,0.083541,,
train,4,113176,3532.0,0.083210,,
train,4,113276,3534.9,0.080969,,
train,4,113376,3537.7,0.078937,,
train,4,113476,3540.5,0.083360,,
train,4,113576,3543.4,0.078887,,
train,4,113676,3546.2,0.081090,,
train,4,113776,3549.1,0.084182,,
train,4,113876,3551.9,0.080385,,
train,4,113976,3554.7,0.085178,,
train,4,114076,3557.6,0.086668,,
train,4,114176,3560.4,0.084154,,
train,4,114276,3563.3,0.085336,,
train,4,114376,3566.1,0.081283,,
train,4,114476,3568.9,0.085484,,
train,4,114576,3571.8,0.079718,,
train,4,114676,3574.6,0.084854,,
train,4,114776,3577.4,0.082518,,
train,4,114876,3580.3,0.080874,,
train,4,114976,3583.1,0.085534,,
train,4,115076,3586.0,0.078878,,
train,4,115176,3588.8,0.088441,,
train,4,115276,3591.7,0.081008,,
train,4,115376,3594.5,0.088026,,
train,4,115476,3597.3,0.085804,,
train,4,115576,3600.2,0.086370,,
train,4,115676,3603.0,0.079257,,
train,4,115776,3605.9,0.084596,,
train,4,115876,3608.7,0.083807,,
train,4,115976,3611.5,0.083384,,
train,4,116076,3614.4,0.083572,,
train,4,116176,3617.2,0.081127,,
train,4,116276,3620.1,0.077078,,
train,4,116376,3622.9,0.085434,,
train,4,116476,3625.7,0.076745,,
train,4,116576,3628.6,0.082470,,
train,4,116676,3631.4,0.085658,,
train,4,116776,3634.3,0.079939,,
train,4,116876,3637.1,0.081001,,
train,4,116976,3640.0,0.082474,,
train,4,117076,3642.8,0.082538,,
train,4,117176,3645.7,0.084974,,
train,4,117276,3648.5,0.076998,,
train,4,117376,3651.4,0.080867,,
train,4,117476,3654.2,0.081892,,
train,4,117576,3657.0,0.078784,,
train,4,117676,3659.9,0.079784,,
train,4,117776,3662.7,0.080268,,
train,4,117876,3665.6,0.079802,,
train,4,117976,3668.4,0.081316,,
train,4,118076,3671.2,0.079480,,
train,4,118176,3674.1,0.082086,,
train,4,118276,3676.9,0.083659,,
train,4,118376,3679.8,0.084305,,
train,4,118476,3682.6,0.084980,,
train,4,118576,3685.4,0.081648,,
train,4,118676,3688.3,0.080058,,
train,4,118776,3691.1,0.086996,,
train,4,118876,3694.0,0.082917,,
train,4,118976,3696.8,0.085020,,
train,4,119076,3699.6,0.082064,,
train,4,119176,3702.5,0.082310,,
train,4,119276,3705.3,0.084899,,
train,4,119376,3708.1,0.085378,,
train,4,119476,3711.0,0.083764,,
train,4,119576,3713.8,0.081167,,
train,4,119676,3716.7,0.084400,,
train,4,119776,3719.5,0.087759,,
train,4,119876,3722.3,0.084991,,
train,4,119976,3725.2,nan,,
train,4,120076,3728.0,0.083645,,
train,4,120176,3730.9,0.085363,,
train,4,120276,3733.7,0.085831,,
train,4,120376,3736.5,0.079959,,
train,4,120476,3739.4,0.087175,,
train,4,120576,3742.2,0.091989,,
train,4,120676,3745.1,0.087143,,
train,4,120776,3747.9,0.084855,,
train,4,120876,3750.7,0.075596,,
train,4,120976,3753.6,0.082795,,
train,4,121076,3756.4,0.088840,,
train,4,121176,3759.2,0.082833,,
train,4,121276,3762.1,0.085020,,
train,4,121376,3764.9,0.080506,,
train,4,121476,3767.8,0.085421,,
train,4,121576,3770.6,0.081254,,
train,4,121676,3773.4,0.089162,,
train,4,121776,3776.3,0.086302,,
train,4,121876,3779.1,0.082209,,
train,4,121976,3782.0,0.082021,,
train,4,122076,3784.8,0.081283,,
train,4,122176,3787.7,0.084139,,
val,4,,3866.5,0.073895,0.004525,0.000041
train,5,122320,3870.6,0.083317,,
train,5,122420,3873.4,0.082688,,
train,5,122520,3876.3,0.082841,,
train,5,122620,3879.1,0.079297,,
train,5,122720,3882.0,0.080582,,
train,5,122820,3884.8,0.079318,,
train,5,122920,3887.7,0.082945,,
train,5,123020,3890.5,0.085462,,
train,5,123120,3893.3,0.079277,,
train,5,123220,3896.2,0.086558,,
train,5,123320,3899.0,0.080657,,
train,5,123420,3901.9,0.077573,,
train,5,123520,3904.7,0.084921,,
train,5,123620,3907.5,0.083445,,
train,5,123720,3910.4,0.078177,,
train,5,123820,3913.2,0.078426,,
train,5,123920,3916.1,0.088285,,
train,5,124020,3918.9,0.084975,,
train,5,124120,3921.8,0.088101,,
train,5,124220,3924.6,0.080260,,
train,5,124320,3927.4,0.079703,,
train,5,124420,3930.3,0.078018,,
train,5,124520,3933.1,0.081975,,
train,5,124620,3936.0,0.090705,,
train,5,124720,3938.8,0.086507,,
train,5,124820,3941.7,0.083970,,
train,5,124920,3944.5,0.079858,,
train,5,125020,3947.3,0.080185,,
train,5,125120,3950.2,0.083778,,
train,5,125220,3953.0,0.087108,,
train,5,125320,3955.9,0.084584,,
train,5,125420,3958.7,0.085308,,
train,5,125520,3961.6,0.078985,,
train,5,125620,3964.4,0.081347,,
train,5,125720,3967.3,0.079101,,
train,5,125820,3970.1,0.079289,,
train,5,125920,3972.9,0.086209,,
train,5,126020,3975.8,0.084253,,
train,5,126120,3978.6,0.076902,,
train,5,126220,3981.5,0.081269,,
train,5,126320,3984.3,0.081989,,
train,5,126420,3987.2,0.083421,,
train,5,126520,3990.0,0.079382,,
train,5,126620,3992.9,0.090675,,
train,5,126720,3995.7,0.087463,,
train,5,126820,3998.5,0.085872,,
train,5,126920,4001.4,0.077150,,
train,5,127020,4004.2,0.082144,,
train,5,127120,4007.1,0.087645,,
train,5,127220,4009.9,0.083963,,
train,5,127320,4012.8,0.083214,,
train,5,127420,4015.6,0.079713,,
train,5,127520,4018.5,0.083765,,
train,5,127620,4021.3,0.083467,,
train,5,127720,4024.1,0.081156,,
train,5,127820,4027.0,0.086066,,
train,5,127920,4029.8,0.081591,,
train,5,128020,4032.7,0.083532,,
train,5,128120,4035.5,0.084618,,
train,5,128220,4038.3,0.090024,,
train,5,128320,4041.2,0.083756,,
train,5,128420,4044.0,0.083763,,
train,5,128520,4046.9,0.081276,,
train,5,128620,4049.7,0.085581,,
train,5,128720,4052.6,0.082870,,
train,5,128820,4055.4,0.079817,,
train,5,128920,4058.3,0.079182,,
train,5,129020,4061.1,0.075777,,
train,5,129120,4063.9,0.082304,,
train,5,129220,4066.8,0.082086,,
train,5,129320,4069.6,0.083311,,
train,5,129420,4072.5,0.081293,,
train,5,129520,4075.3,0.085692,,
train,5,129620,4078.2,0.082276,,
train,5,129720,4081.0,0.077613,,
train,5,129820,4083.8,0.086039,,
train,5,129920,4086.7,0.086898,,
train,5,130020,4089.5,0.081144,,
train,5,130120,4092.4,0.086847,,
train,5,130220,4095.2,0.085850,,
train,5,130320,4098.0,0.081182,,
train,5,130420,4100.9,0.081035,,
train,5,130520,4103.7,0.080626,,
train,5,130620,4106.6,0.081393,,
train,5,130720,4109.4,0.085892,,
train,5,130820,4112.3,0.079160,,
train,5,130920,4115.1,0.084280,,
train,5,131020,4117.9,0.085119,,
train,5,131120,4120.8,0.076407,,
train,5,131220,4123.6,0.077935,,
train,5,131320,4126.5,0.083315,,
train,5,131420,4129.3,0.081871,,
train,5,131520,4132.2,0.078764,,
train,5,131620,4135.0,0.077157,,
train,5,131720,4137.8,0.082285,,
train,5,131820,4140.7,0.082007,,
train,5,131920,4143.5,0.085487,,
train,5,132020,4146.4,0.086023,,
train,5,132120,4149.2,0.084099,,
train,5,132220,4152.0,0.078563,,
train,5,132320,4154.9,0.081233,,
train,5,132420,4157.7,0.084984,,
train,5,132520,4160.6,0.081555,,
train,5,132620,4163.4,0.076452,,
train,5,132720,4166.3,0.080601,,
train,5,132820,4169.1,0.086974,,
train,5,132920,4171.9,0.081620,,
train,5,133020,4174.8,0.079878,,
train,5,133120,4177.6,0.084432,,
train,5,133220,4180.5,0.079932,,
train,5,133320,4183.3,0.076557,,
train,5,133420,4186.2,0.088513,,
train,5,133520,4189.0,0.087854,,
train,5,133620,4191.9,0.082280,,
train,5,133720,4194.7,0.086700,,
train,5,133820,4197.6,0.083178,,
train,5,133920,4200.4,0.086979,,
train,5,134020,4203.3,0.080412,,
train,5,134120,4206.1,0.082995,,
train,5,134220,4209.0,0.084856,,
train,5,134320,4211.8,0.086950,,
train,5,134420,4214.7,0.085371,,
train,5,134520,4217.5,0.080430,,
train,5,134620,4220.3,0.079865,,
train,5,134720,4223.2,0.074938,,
train,5,134820,4226.0,0.087045,,
train,5,134920,4228.9,0.081172,,
train,5,135020,4231.7,0.080118,,
train,5,135120,4234.5,0.075615,,
train,5,135220,4237.4,0.083394,,
train,5,135320,4240.2,0.080317,,
train,5,135420,4243.1,0.079845,,
train,5,135520,4245.9,0.084460,,
train,5,135620,4248.8,0.082870,,
train,5,135720,4251.6,0.082147,,
train,5,135820,4254.4,0.078032,,
train,5,135920,4257.3,0.079328,,
train,5,136020,4260.1,0.080183,,
train,5,136120,4263.0,0.079653,,
train,5,136220,4265.8,0.085788,,
train,5,136320,4268.7,0.078016,,
train,5,136420,4271.5,0.078732,,
train,5,136520,4274.4,0.078674,,
train,5,136620,4277.2,0.079017,,
train,5,136720,4280.0,0.084551,,
train,5,136820,4282.9,0.081423,,
train,5,136920,4285.7,0.082836,,
train,5,137020,4288.6,0.082463,,
train,5,137120,4291.4,0.079696,,
train,5,137220,4294.3,0.080118,,
train,5,137320,4297.1,0.079242,,
train,5,137420,4299.9,0.074519,,
train,5,137520,4302.8,0.081908,,
train,5,137620,4305.6,0.080878,,
train,5,137720,4308.5,0.075904,,
train,5,137820,4311.3,0.084344,,
train,5,137920,4314.1,0.087615,,
train,5,138020,4317.0,0.081320,,
train,5,138120,4319.8,0.080421,,
train,5,138220,4322.7,0.082975,,
train,5,138320,4325.5,0.081410,,
train,5,138420,4328.4,0.080855,,
train,5,138520,4331.2,0.079156,,
train,5,138620,4334.0,0.082790,,
train,5,138720,4336.9,0.080705,,
train,5,138820,4339.7,0.087868,,
train,5,138920,4342.6,0.085967,,
train,5,139020,4345.4,0.084194,,
train,5,139120,4348.3,0.079113,,
train,5,139220,4351.1,0.080402,,
train,5,139320,4353.9,0.082839,,
train,5,139420,4356.8,0.083483,,
train,5,139520,4359.6,0.076605,,
train,5,139620,4362.5,0.081161,,
train,5,139720,4365.3,0.079382,,
train,5,139820,4368.2,0.080405,,
train,5,139920,4371.0,0.080128,,
train,5,140020,4373.9,0.077047,,
train,5,140120,4376.7,0.085062,,
train,5,140220,4379.5,0.080874,,
train,5,140320,4382.4,0.081865,,
train,5,140420,4385.2,0.080448,,
train,5,140520,4388.1,0.081457,,
train,5,140620,4390.9,0.077424,,
train,5,140720,4393.8,0.085251,,
train,5,140820,4396.6,0.079366,,
train,5,140920,4399.5,0.084863,,
train,5,141020,4402.3,0.084169,,
train,5,141120,4405.2,0.080821,,
train,5,141220,4408.0,0.082528,,
train,5,141320,4410.8,0.078464,,
train,5,141420,4413.7,0.077721,,
train,5,141520,4416.5,0.093441,,
train,5,141620,4419.4,0.075545,,
train,5,141720,4422.2,0.083729,,
train,5,141820,4425.1,0.085896,,
train,5,141920,4427.9,0.075540,,
train,5,142020,4430.8,0.087702,,
train,5,142120,4433.6,0.074276,,
train,5,142220,4436.4,0.081783,,
train,5,142320,4439.3,0.082147,,
train,5,142420,4442.1,0.082780,,
train,5,142520,4445.0,0.082299,,
train,5,142620,4447.8,nan,,
train,5,142720,4450.6,0.084006,,
train,5,142820,4453.5,0.085688,,
train,5,142920,4456.3,0.078187,,
train,5,143020,4459.2,0.082702,,
train,5,143120,4462.0,0.086731,,
train,5,143220,4464.9,0.085037,,
train,5,143320,4467.7,0.077681,,
train,5,143420,4470.5,0.081922,,
train,5,143520,4473.4,0.080216,,
train,5,143620,4476.2,0.081342,,
train,5,143720,4479.1,0.086147,,
train,5,143820,4481.9,0.077268,,
train,5,143920,4484.7,0.083540,,
train,5,144020,4487.6,0.084121,,
train,5,144120,4490.4,0.081291,,
train,5,144220,4493.3,0.089386,,
train,5,144320,4496.1,0.076571,,
train,5,144420,4498.9,0.079907,,
train,5,144520,4501.8,0.078905,,
train,5,144620,4504.6,0.082369,,
train,5,144720,4507.5,0.078327,,
train,5,144820,4510.3,0.075272,,
train,5,144920,4513.2,0.088231,,
train,5,145020,4516.0,0.087067,,
train,5,145120,4518.9,0.078203,,
train,5,145220,4521.7,0.080707,,
train,5,145320,4524.5,0.082279,,
train,5,145420,4527.4,0.080340,,
train,5,145520,4530.2,0.076480,,
train,5,145620,4533.1,0.085469,,
train,5,145720,4535.9,0.082505,,
train,5,145820,4538.8,0.084742,,
train,5,145920,4541.6,0.083046,,
train,5,146020,4544.4,0.084075,,
train,5,146120,4547.3,0.086148,,
train,5,146220,4550.1,0.076183,,
train,5,146320,4553.0,0.084143,,
train,5,146420,4555.8,0.079399,,
train,5,146520,4558.7,0.076470,,
train,5,146620,4561.5,0.083030,,
val,5,,4640.3,0.072404,0.004480,0.000041
train,6,146764,4644.4,0.084154,,
train,6,146864,4647.2,0.078453,,
train,6,146964,4650.1,0.080368,,
train,6,147064,4652.9,0.079179,,
train,6,147164,4655.7,0.086504,,
train,6,147264,4658.6,0.078639,,
train,6,147364,4661.4,0.081928,,
train,6,147464,4664.3,0.079369,,
train,6,147564,4667.1,0.084472,,
train,6,147664,4669.9,0.078565,,
train,6,147764,4672.8,0.081486,,
train,6,147864,4675.6,0.082303,,
train,6,147964,4678.5,0.083876,,
train,6,148064,4681.3,0.080139,,
train,6,148164,4684.1,0.087084,,
train,6,148264,4687.0,0.080823,,
train,6,148364,4689.8,0.081130,,
train,6,148464,4692.7,0.081822,,
train,6,148564,4695.5,0.081885,,
train,6,148664,4698.3,0.080821,,
train,6,148764,4701.2,0.076525,,
train,6,148864,4704.0,0.080699,,
train,6,148964,4706.9,0.081852,,
train,6,149064,4709.7,0.088423,,
train,6,149164,4712.5,0.080547,,
train,6,149264,4715.4,0.086809,,
train,6,149364,4718.2,0.081803,,
train,6,149464,4721.1,0.078890,,
train,6,149564,4723.9,0.079113,,
train,6,149664,4726.7,0.078593,,
train,6,149764,4729.6,0.090226,,
train,6,149864,4732.4,0.083862,,
train,6,149964,4735.3,0.078620,,
train,6,150064,4738.1,0.081602,,
train,6,150164,4740.9,0.082407,,
train,6,150264,4743.8,0.078465,,
train,6,150364,4746.6,0.080182,,
train,6,150464,4749.5,0.081399,,
train,6,150564,4752.3,0.084181,,
train,6,150664,4755.2,0.074822,,
train,6,150764,4758.0,0.079944,,
train,6,150864,4760.8,0.081569,,
train,6,150964,4763.7,0.076208,,
train,6,151064,4766.5,0.080999,,
train,6,151164,4769.4,0.083647,,
train,6,151264,4772.2,0.081306,,
train,6,151364,4775.1,0.082506,,
train,6,151464,4777.9,0.081704,,
train,6,151564,4780.7,0.077017,,
train,6,151664,4783.6,0.083494,,
train,6,151764,4786.4,0.079137,,
train,6,151864,4789.2,0.082830,,
train,6,151964,4792.1,0.078763,,
train,6,152064,4794.9,0.078955,,
train,6,152164,4797.8,0.075675,,
train,6,152264,4800.6,0.078214,,
train,6,152364,4803.4,0.078155,,
train,6,152464,4806.3,0.080547,,
train,6,152564,4809.1,0.085367,,
train,6,152664,4812.0,0.080636,,
train,6,152764,4814.8,0.077036,,
train,6,152864,4817.6,0.082585,,
train,6,152964,4820.5,0.081723,,
train,6,153064,4823.3,0.078513,,
train,6,153164,4826.2,0.077023,,
train,6,153264,4829.0,0.079175,,
train,6,153364,4831.8,0.078612,,
train,6,153464,4834.7,0.079035,,
train,6,153564,4837.5,0.079815,,
train,6,153664,4840.4,0.082518,,
train,6,153764,4843.2,0.083744,,
train,6,153864,4846.1,0.086587,,
train,6,153964,4848.9,0.078598,,
train,6,154064,4851.7,0.077801,,
train,6,154164,4854.6,0.082325,,
train,6,154264,4857.4,0.072529,,
train,6,154364,4860.3,0.082194,,
train,6,154464,4863.1,0.079065,,
train,6,154564,4865.9,0.078969,,
train,6,154664,4868.8,0.083652,,
train,6,154764,4871.6,0.078768,,
train,6,154864,4874.5,0.076149,,
train,6,154964,4877.3,0.080412,,
train,6,155064,4880.1,0.081196,,
train,6,155164,4883.0,0.081680,,
train,6,155264,4885.8,0.079611,,
train,6,155364,4888.7,0.081468,,
train,6,155464,4891.5,0.080723,,
train,6,155564,4894.4,0.080686,,
train,6,155664,4897.2,0.084319,,
train,6,155764,4900.0,0.082515,,
train,6,155864,4902.9,0.083118,,
train,6,155964,4905.7,0.077238,,
train,6,156064,4908.6,0.081497,,
train,6,156164,4911.4,0.078237,,
train,6,156264,4914.3,0.076900,,
train,6,156364,4917.1,0.085425,,
train,6,156464,4919.9,0.083147,,
train,6,156564,4922.8,0.081289,,
train,6,156664,4925.6,0.082267,,
train,6,156764,4928.5,0.080323,,
train,6,156864,4931.3,0.076854,,
train,6,156964,4934.2,0.087142,,
train,6,157064,4937.0,0.082542,,
train,6,157164,4939.8,0.078343,,
train,6,157264,4942.7,0.087576,,
train,6,157364,4945.5,0.086108,,
train,6,157464,4948.4,0.077593,,
train,6,157564,4951.2,0.080317,,
train,6,157664,4954.1,0.082462,,
train,6,157764,4956.9,0.079994,,
train,6,157864,4959.8,0.081418,,
train,6,157964,4962.6,0.082093,,
train,6,158064,4965.4,0.076128,,
train,6,158164,4968.3,0.079651,,
train,6,158264,4971.1,0.079909,,
train,6,158364,4974.0,0.077323,,
train,6,158464,4976.8,0.082665,,
train,6,158564,4979.6,0.087514,,
train,6,158664,4982.5,0.083687,,
train,6,158764,4985.3,0.083672,,
train,6,158864,4988.2,0.080592,,
train,6,158964,4991.0,0.073648,,
train,6,159064,4993.8,0.076564,,
train,6,159164,4996.7,0.074177,,
train,6,159264,4999.5,0.079885,,
train,6,159364,5002.4,0.081060,,
train,6,159464,5005.2,0.080100,,
train,6,159564,5008.0,0.078299,,
train,6,159664,5010.9,0.087993,,
train,6,159764,5013.7,0.077660,,
train,6,159864,5016.6,0.071204,,
train,6,159964,5019.4,0.082460,,
train,6,160064,5022.3,0.078347,,
train,6,160164,5025.1,0.079412,,
train,6,160264,5027.9,0.077823,,
train,6,160364,5030.8,0.081762,,
train,6,160464,5033.6,0.082398,,
train,6,160564,5036.5,0.079152,,
train,6,160664,5039.3,0.076892,,
train,6,160764,5042.1,0.084623,,
train,6,160864,5045.0,0.074606,,
train,6,160964,5047.8,0.081480,,
train,6,161064,5050.7,0.079888,,
train,6,161164,5053.5,0.085084,,
train,6,161264,5056.3,0.082705,,
train,6,161364,5059.2,0.078285,,
train,6,161464,5062.0,0.078105,,
train,6,161564,5064.9,0.086495,,
train,6,161664,5067.7,0.080733,,
train,6,161764,5070.6,0.080742,,
train,6,161864,5073.4,0.075881,,
train,6,161964,5076.2,0.084538,,
train,6,162064,5079.1,0.081238,,
train,6,162164,5081.9,0.073588,,
train,6,162264,5084.8,0.087631,,
train,6,162364,5087.6,0.078739,,
train,6,162464,5090.5,0.083949,,
train,6,162564,5093.3,0.077341,,
train,6,162664,5096.1,0.081969,,
train,6,162764,5099.0,0.077945,,
train,6,162864,5101.8,0.080363,,
train,6,162964,5104.7,0.080014,,
train,6,163064,5107.5,0.078986,,
train,6,163164,5110.3,0.077626,,
train,6,163264,5113.2,0.075335,,
train,6,163364,5116.0,0.074905,,
train,6,163464,5118.9,0.079276,,
train,6,163564,5121.7,0.082352,,
train,6,163664,5124.6,0.081667,,
train,6,163764,5127.4,0.082002,,
train,6,163864,5130.2,0.078391,,
train,6,163964,5133.1,0.076562,,
train,6,164064,5135.9,0.079707,,
train,6,164164,5138.8,0.090427,,
train,6,164264,5141.6,0.075824,,
train,6,164364,5144.5,0.084212,,
train,6,164464,5147.3,0.074833,,
train,6,164564,5150.2,0.084100,,
train,6,164664,5153.0,0.079302,,
train,6,164764,5155.8,0.081637,,
train,6,164864,5158.7,0.078590,,
train,6,164964,5161.5,0.087580,,
train,6,165064,5164.4,0.078676,,
train,6,165164,5167.2,0.077266,,
train,6,165264,5170.0,0.078817,,
train,6,165364,5172.9,0.075307,,
train,6,165464,5175.7,0.076053,,
train,6,165564,5178.6,0.079880,,
train,6,165664,5181.4,0.076605,,
train,6,165764,5184.2,0.081996,,
train,6,165864,5187.1,0.080017,,
train,6,165964,5189.9,0.078375,,
train,6,166064,5192.8,0.082129,,
train,6,166164,5195.6,0.083776,,
train,6,166264,5198.4,0.086745,,
train,6,166364,5201.3,0.080116,,
train,6,166464,5204.1,0.080327,,
train,6,166564,5207.0,0.080198,,
train,6,166664,5209.8,0.076460,,
train,6,166764,5212.6,0.082644,,
train,6,166864,5215.5,0.079607,,
train,6,166964,5218.3,0.082151,,
train,6,167064,5221.2,0.078131,,
train,6,167164,5224.0,0.079259,,
train,6,167264,5226.9,0.075310,,
train,6,167364,5229.7,0.079164,,
train,6,167464,5232.5,0.081498,,
train,6,167564,5235.4,0.087000,,
train,6,167664,5238.2,0.079934,,
train,6,167764,5241.1,0.079688,,
train,6,167864,5243.9,0.076189,,
train,6,167964,5246.7,0.081485,,
train,6,168064,5249.6,0.075833,,
train,6,168164,5252.4,0.078878,,
train,6,168264,5255.3,0.083325,,
train,6,168364,5258.1,0.075149,,
train,6,168464,5261.0,0.074768,,
train,6,168564,5263.8,0.079255,,
train,6,168664,5266.7,0.079999,,
train,6,168764,5269.5,nan,,
train,6,168864,5272.4,0.078332,,
train,6,168964,5275.2,0.076279,,
train,6,169064,5278.0,0.076185,,
train,6,169164,5280.9,0.085272,,
train,6,169264,5283.7,0.085455,,
train,6,169364,5286.6,0.083993,,
train,6,169464,5289.4,0.087814,,
train,6,169564,5292.2,0.076458,,
train,6,169664,5295.1,0.080387,,
train,6,169764,5297.9,0.075267,,
train,6,169864,5300.8,0.083185,,
train,6,169964,5303.6,0.077302,,
train,6,170064,5306.4,0.077070,,
train,6,170164,5309.3,0.083551,,
train,6,170264,5312.1,0.085490,,
train,6,170364,5315.0,0.077644,,
train,6,170464,5317.8,0.079606,,
train,6,170564,5320.6,0.083838,,
train,6,170664,5323.5,0.083641,,
train,6,170764,5326.3,0.083489,,
train,6,170864,5329.2,0.072952,,
train,6,170964,5332.0,0.082977,,
train,6,171064,5334.8,0.078353,,
val,6,,5413.7,0.071415,0.004442,0.000040
train,7,171208,5417.7,0.081717,,
train,7,171308,5420.6,0.076688,,
train,7,171408,5423.4,0.074685,,
train,7,171508,5426.3,0.078728,,
train,7,171608,5429.1,0.077486,,
train,7,171708,5431.9,0.083345,,
train,7,171808,5434.8,0.083669,,
train,7,171908,5437.6,0.079137,,
train,7,172008,5440.5,0.078918,,
train,7,172108,5443.3,0.079923,,
train,7,172208,5446.2,0.079309,,
train,7,172308,5449.0,0.080145,,
train,7,172408,5451.9,0.075356,,
train,7,172508,5454.7,0.079937,,
train,7,172608,5457.6,0.075868,,
train,7,172708,5460.4,0.075165,,
train,7,172808,5463.2,0.081359,,
train,7,172908,5466.1,0.075634,,
train,7,173008,5468.9,0.073485,,
train,7,173108,5471.8,0.081841,,
train,7,173208,5474.6,0.077531,,
train,7,173308,5477.5,0.079711,,
train,7,173408,5480.3,0.076791,,
train,7,173508,5483.1,0.075530,,
train,7,173608,5486.0,0.083417,,
train,7,173708,5488.8,0.079974,,
train,7,173808,5491.7,0.081993,,
train,7,173908,5494.5,0.086178,,
train,7,174008,5497.3,0.082069,,
train,7,174108,5500.2,0.077418,,
train,7,174208,5503.0,0.078036,,
train,7,174308,5505.9,0.081490,,
train,7,174408,5508.7,0.079264,,
train,7,174508,5511.5,0.077238,,
train,7,174608,5514.4,0.083341,,
train,7,174708,5517.2,0.080443,,
train,7,174808,5520.1,0.077330,,
train,7,174908,5522.9,0.082438,,
train,7,175008,5525.8,0.075936,,
train,7,175108,5528.6,0.081186,,
train,7,175208,5531.4,0.076308,,
train,7,175308,5534.3,0.080704,,
train,7,175408,5537.1,0.083149,,
train,7,175508,5540.0,0.076559,,
train,7,175608,5542.8,0.076465,,
train,7,175708,5545.6,0.079593,,
train,7,175808,5548.5,0.082696,,
train,7,175908,5551.3,0.075344,,
train,7,176008,5554.2,0.078316,,
train,7,176108,5557.0,0.079113,,
train,7,176208,5559.9,0.078472,,
train,7,176308,5562.7,0.080199,,
train,7,176408,5565.5,0.076875,,
train,7,176508,5568.4,0.079549,,
train,7,176608,5571.2,0.081028,,
train,7,176708,5574.1,0.078705,,
train,7,176808,5576.9,0.083618,,
train,7,176908,5579.8,0.081833,,
train,7,177008,5582.6,0.078566,,
train,7,177108,5585.4,0.081261,,
train,7,177208,5588.3,0.081094,,
train,7,177308,5591.1,0.075916,,
train,7,177408,5594.0,0.087364,,
train,7,177508,5596.8,0.077517,,
train,7,177608,5599.6,0.077595,,
train,7,177708,5602.5,0.074508,,
train,7,177808,5605.3,0.079659,,
train,7,177908,5608.1,0.079454,,
train,7,178008,5611.0,0.078633,,
train,7,178108,5613.8,0.079773,,
train,7,178208,5616.7,0.085920,,
train,7,178308,5619.5,0.078268,,
train,7,178408,5622.3,0.080606,,
train,7,178508,5625.2,0.078803,,
train,7,178608,5628.0,0.081253,,
train,7,178708,5630.9,0.077606,,
train,7,178808,5633.7,0.086135,,
train,7,178908,5636.5,0.072792,,
train,7,179008,5639.4,0.082157,,
train,7,179108,5642.2,0.081212,,
train,7,179208,5645.1,0.072824,,
train,7,179308,5647.9,0.073871,,
train,7,179408,5650.8,0.087900,,
train,7,179508,5653.6,0.078095,,
train,7,179608,5656.4,0.081551,,
train,7,179708,5659.3,0.077092,,
train,7,179808,5662.1,0.077806,,
train,7,179908,5665.0,0.077536,,
train,7,180008,5667.8,0.081791,,
train,7,180108,5670.6,0.087007,,
train,7,180208,5673.5,0.076344,,
train,7,180308,5676.3,0.081840,,
train,7,180408,5679.2,0.074826,,
train,7,180508,5682.0,0.075285,,
train,7,180608,5684.8,0.077965,,
train,7,180708,5687.7,0.074755,,
train,7,180808,5690.5,0.079810,,
train,7,180908,5693.4,0.083297,,
train,7,181008,5696.2,0.073461,,
train,7,181108,5699.0,0.076128,,
train,7,181208,5701.9,0.075800,,
train,7,181308,5704.7,0.073359,,
train,7,181408,5707.6,0.086017,,
train,7,181508,5710.4,0.084511,,
train,7,181608,5713.2,0.079688,,
train,7,181708,5716.1,0.080238,,
train,7,181808,5718.9,0.076435,,
train,7,181908,5721.7,0.077476,,
train,7,182008,5724.6,0.076985,,
train,7,182108,5727.4,0.079078,,
train,7,182208,5730.3,0.074082,,
train,7,182308,5733.1,0.077594,,
train,7,182408,5735.9,0.086433,,
train,7,182508,5738.8,0.077312,,
train,7,182608,5741.6,0.079296,,
train,7,182708,5744.5,0.079563,,
train,7,182808,5747.3,0.080705,,
train,7,182908,5750.1,0.079498,,
train,7,183008,5753.0,0.083306,,
train,7,183108,5755.8,0.084752,,
train,7,183208,5758.7,0.078597,,
train,7,183308,5761.5,0.076748,,
train,7,183408,5764.4,0.076117,,
train,7,183508,5767.2,0.074256,,
train,7,183608,5770.1,0.082671,,
train,7,183708,5772.9,0.077701,,
train,7,183808,5775.7,0.074829,,
train,7,183908,5778.6,0.079090,,
train,7,184008,5781.4,0.086911,,
train,7,184108,5784.3,0.075701,,
train,7,184208,5787.1,0.076754,,
train,7,184308,5789.9,0.074453,,
train,7,184408,5792.8,0.084636,,
train,7,184508,5795.6,0.078359,,
train,7,184608,5798.5,0.084880,,
train,7,184708,5801.3,0.087278,,
train,7,184808,5804.1,0.087105,,
train,7,184908,5807.0,0.077612,,
train,7,185008,5809.8,0.079694,,
train,7,185108,5812.7,0.080304,,
train,7,185208,5815.5,0.072601,,
train,7,185308,5818.4,0.081263,,
train,7,185408,5821.2,0.079704,,
train,7,185508,5824.0,0.077100,,
train,7,185608,5826.9,0.082093,,
train,7,185708,5829.7,0.079289,,
train,7,185808,5832.6,0.077557,,
train,7,185908,5835.4,0.083085,,
train,7,186008,5838.3,0.078353,,
train,7,186108,5841.1,0.076731,,
train,7,186208,5843.9,0.076270,,
train,7,186308,5846.8,0.082856,,
train,7,186408,5849.6,0.075254,,
train,7,186508,5852.5,0.079997,,
train,7,186608,5855.3,0.080509,,
train,7,186708,5858.1,0.082890,,
train,7,186808,5861.0,0.081618,,
train,7,186908,5863.8,0.078014,,
train,7,187008,5866.7,0.080811,,
train,7,187108,5869.5,0.079221,,
train,7,187208,5872.4,0.079276,,
train,7,187308,5875.2,0.083424,,
train,7,187408,5878.0,nan,,
train,7,187508,5880.9,0.079474,,
train,7,187608,5883.7,0.083170,,
train,7,187708,5886.6,0.076524,,
train,7,187808,5889.4,0.078517,,
train,7,187908,5892.3,0.076195,,
train,7,188008,5895.1,0.079653,,
train,7,188108,5897.9,0.073536,,
train,7,188208,5900.8,0.080854,,
train,7,188308,5903.6,0.075505,,
train,7,188408,5906.5,0.084768,,
train,7,188508,5909.3,0.079065,,
train,7,188608,5912.1,0.076332,,
train,7,188708,5915.0,0.078915,,
train,7,188808,5917.8,0.085086,,
train,7,188908,5920.7,0.077284,,
train,7,189008,5923.5,0.084982,,
train,7,189108,5926.3,0.082711,,
train,7,189208,5929.2,0.072623,,
train,7,189308,5932.0,0.080252,,
train,7,189408,5934.9,0.079773,,
train,7,189508,5937.7,0.075185,,
train,7,189608,5940.5,0.076898,,
train,7,189708,5943.4,0.078470,,
train,7,189808,5946.2,0.071907,,
train,7,189908,5949.1,0.085484,,
train,7,190008,5951.9,0.082870,,
train,7,190108,5954.7,0.071154,,
train,7,190208,5957.6,0.078400,,
train,7,190308,5960.4,0.079449,,
train,7,190408,5963.2,0.076739,,
train,7,190508,5966.1,0.072821,,
train,7,190608,5968.9,0.073592,,
train,7,190708,5971.8,0.082461,,
train,7,190808,5974.6,0.081968,,
train,7,190908,5977.4,0.073990,,
train,7,191008,5980.3,0.078697,,
train,7,191108,5983.1,0.069897,,
train,7,191208,5986.0,0.077774,,
train,7,191308,5988.8,0.084275,,
train,7,191408,5991.6,0.083209,,
train,7,191508,5994.5,0.080325,,
train,7,191608,5997.3,0.079310,,
train,7,191708,6000.2,0.084964,,
train,7,191808,6003.0,0.073323,,
train,7,191908,6005.8,0.084318,,
train,7,192008,6008.7,0.077036,,
train,7,192108,6011.5,0.076699,,
train,7,192208,6014.4,0.080021,,
train,7,192308,6017.2,0.077523,,
train,7,192408,6020.1,0.078443,,
train,7,192508,6022.9,0.079407,,
train,7,192608,6025.7,0.079813,,
train,7,192708,6028.6,0.078335,,
train,7,192808,6031.4,0.076053,,
train,7,192908,6034.3,0.082463,,
train,7,193008,6037.1,0.076170,,
train,7,193108,6039.9,0.078132,,
train,7,193208,6042.8,0.078456,,
train,7,193308,6045.6,0.077815,,
train,7,193408,6048.5,0.083021,,
train,7,193508,6051.3,0.075958,,
train,7,193608,6054.2,0.074659,,
train,7,193708,6057.0,0.084431,,
train,7,193808,6059.8,0.084364,,
train,7,193908,6062.7,0.077452,,
train,7,194008,6065.5,0.074750,,
train,7,194108,6068.4,0.077411,,
train,7,194208,6071.2,0.081512,,
train,7,194308,6074.0,0.078883,,
train,7,194408,6076.9,0.076898,,
train,7,194508,6079.7,0.078397,,
train,7,194608,6082.6,0.081348,,
train,7,194708,6085.4,0.074813,,
train,7,194808,6088.3,0.079726,,
train,7,194908,6091.1,0.074751,,
train,7,195008,6094.0,0.080645,,
train,7,195108,6096.8,0.078925,,
train,7,195208,6099.6,0.075372,,
train,7,195308,6102.5,0.078592,,
train,7,195408,6105.3,0.075592,,
train,7,195508,6108.2,0.073564,,
val,7,,6187.0,0.069947,0.004403,0.000039
train,8,195652,6191.1,0.080473,,
train,8,195752,6193.9,0.082218,,
train,8,195852,6196.7,0.075647,,
train,8,195952,6199.6,0.077327,,
train,8,196052,6202.4,0.080759,,
train,8,196152,6205.3,0.077421,,
train,8,196252,6208.1,0.076685,,
train,8,196352,6211.0,0.073224,,
train,8,196452,6213.8,0.075091,,
train,8,196552,6216.6,0.080675,,
train,8,196652,6219.5,0.075360,,
train,8,196752,6222.3,0.076165,,
train,8,196852,6225.2,0.076714,,
train,8,196952,6228.0,0.076567,,
train,8,197052,6230.9,0.075995,,
train,8,197152,6233.7,0.075577,,
train,8,197252,6236.6,0.075507,,
train,8,197352,6239.4,0.075008,,
train,8,197452,6242.3,0.074926,,
train,8,197552,6245.1,0.078239,,
train,8,197652,6248.0,0.075252,,
train,8,197752,6250.8,0.076401,,
train,8,197852,6253.7,0.076718,,
train,8,197952,6256.5,0.079048,,
train,8,198052,6259.3,0.078386,,
train,8,198152,6262.2,0.084980,,
train,8,198252,6265.0,0.083696,,
train,8,198352,6267.9,0.079741,,
train,8,198452,6270.7,0.081011,,
train,8,198552,6273.6,0.080471,,
train,8,198652,6276.4,0.071815,,
train,8,198752,6279.3,0.079359,,
train,8,198852,6282.1,0.072644,,
train,8,198952,6284.9,0.074372,,
train,8,199052,6287.8,0.081347,,
train,8,199152,6290.6,0.076424,,
train,8,199252,6293.5,0.079216,,
train,8,199352,6296.3,0.077565,,
train,8,199452,6299.2,0.074188,,
train,8,199552,6302.0,0.074092,,
train,8,199652,6304.8,0.080655,,
train,8,199752,6307.7,0.076292,,
train,8,199852,6310.5,0.071728,,
train,8,199952,6313.4,0.079681,,
train,8,200052,6316.2,0.075521,,
train,8,200152,6319.1,0.078165,,
train,8,200252,6321.9,0.075796,,
train,8,200352,6324.7,0.079013,,
train,8,200452,6327.6,0.078033,,
train,8,200552,6330.4,0.074036,,
train,8,200652,6333.3,0.076492,,
train,8,200752,6336.1,0.077378,,
train,8,200852,6338.9,0.074275,,
train,8,200952,6341.8,0.078018,,
train,8,201052,6344.6,0.079054,,
train,8,201152,6347.5,0.077405,,
train,8,201252,6350.3,0.075188,,
train,8,201352,6353.1,0.079372,,
train,8,201452,6356.0,0.078274,,
train,8,201552,6358.8,0.079627,,
train,8,201652,6361.7,0.079509,,
train,8,201752,6364.5,0.080007,,
train,8,201852,6367.4,0.079003,,
train,8,201952,6370.2,0.081854,,
train,8,202052,6373.1,0.079083,,
train,8,202152,6375.9,0.079279,,
train,8,202252,6378.7,0.078206,,
train,8,202352,6381.6,0.082050,,
train,8,202452,6384.4,0.083620,,
train,8,202552,6387.3,0.074503,,
train,8,202652,6390.1,0.073491,,
train,8,202752,6393.0,0.077097,,
train,8,202852,6395.8,0.074478,,
train,8,202952,6398.6,0.073760,,
train,8,203052,6401.5,0.078536,,
train,8,203152,6404.3,0.077092,,
train,8,203252,6407.2,0.076665,,
train,8,203352,6410.0,0.081601,,
train,8,203452,6412.8,0.077884,,
train,8,203552,6415.7,0.075222,,
train,8,203652,6418.5,0.072830,,
train,8,203752,6421.4,0.081005,,
train,8,203852,6424.2,0.073881,,
train,8,203952,6427.1,0.078621,,
train,8,204052,6429.9,0.078220,,
train,8,204152,6432.8,0.077642,,
train,8,204252,6435.6,0.073943,,
train,8,204352,6438.5,0.078225,,
train,8,204452,6441.3,0.079172,,
train,8,204552,6444.2,0.078378,,
train,8,204652,6447.0,0.077645,,
train,8,204752,6449.9,0.081440,,
train,8,204852,6452.7,0.075157,,
train,8,204952,6455.6,0.082896,,
train,8,205052,6458.4,0.083558,,
train,8,205152,6461.3,0.079399,,
train,8,205252,6464.1,0.079650,,
train,8,205352,6466.9,0.087351,,
train,8,205452,6469.8,0.076562,,
train,8,205552,6472.6,0.079112,,
train,8,205652,6475.5,0.076553,,
train,8,205752,6478.3,0.078476,,
train,8,205852,6481.2,0.077379,,
train,8,205952,6484.0,0.079545,,
train,8,206052,6486.8,0.077104,,
train,8,206152,6489.7,0.074958,,
train,8,206252,6492.5,0.076874,,
train,8,206352,6495.4,0.079105,,
train,8,206452,6498.2,0.082751,,
train,8,206552,6501.1,0.085575,,
train,8,206652,6503.9,0.079005,,
train,8,206752,6506.7,0.076002,,
train,8,206852,6509.6,0.074288,,
train,8,206952,6512.4,0.078486,,
train,8,207052,6515.3,0.085048,,
train,8,207152,6518.1,0.081268,,
train,8,207252,6520.9,0.084314,,
train,8,207352,6523.8,0.083295,,
train,8,207452,6526.6,0.074282,,
train,8,207552,6529.5,0.082108,,
train,8,207652,6532.3,0.070727,,
train,8,207752,6535.2,0.081617,,
train,8,207852,6538.0,0.072094,,
train,8,207952,6540.8,0.079451,,
train,8,208052,6543.7,0.072089,,
train,8,208152,6546.5,0.079959,,
train,8,208252,6549.4,0.075724,,
train,8,208352,6552.2,0.083097,,
train,8,208452,6555.0,0.082828,,
train,8,208552,6557.9,0.075676,,
train,8,208652,6560.7,0.078586,,
train,8,208752,6563.6,0.075858,,
train,8,208852,6566.4,0.080649,,
train,8,208952,6569.3,0.075346,,
train,8,209052,6572.1,0.072209,,
train,8,209152,6575.0,0.077280,,
train,8,209252,6577.8,0.078282,,
train,8,209352,6580.6,0.077934,,
train,8,209452,6583.5,0.076334,,
train,8,209552,6586.3,0.080975,,
train,8,209652,6589.2,0.074932,,
train,8,209752,6592.0,0.072632,,
train,8,209852,6594.8,0.078743,,
train,8,209952,6597.7,0.083731,,
train,8,210052,6600.5,0.077064,,
train,8,210152,6603.4,0.086146,,
train,8,210252,6606.2,0.079704,,
train,8,210352,6609.1,0.074723,,
train,8,210452,6611.9,0.078019,,
train,8,210552,6614.8,0.080194,,
train,8,210652,6617.6,0.074667,,
train,8,210752,6620.5,0.077874,,
train,8,210852,6623.3,0.077096,,
train,8,210952,6626.1,0.077878,,
train,8,211052,6629.0,0.078984,,
train,8,211152,6631.8,0.078600,,
train,8,211252,6634.7,0.087678,,
train,8,211352,6637.5,0.083155,,
train,8,211452,6640.4,0.077154,,
train,8,211552,6643.2,0.073405,,
train,8,211652,6646.0,0.083680,,
train,8,211752,6648.9,0.072024,,
train,8,211852,6651.7,0.072703,,
train,8,211952,6654.6,0.078119,,
train,8,212052,6657.4,0.071970,,
train,8,212152,6660.2,0.079235,,
train,8,212252,6663.1,0.075006,,
train,8,212352,6665.9,0.073030,,
train,8,212452,6668.8,0.080768,,
train,8,212552,6671.6,0.079724,,
train,8,212652,6674.4,0.074112,,
train,8,212752,6677.3,0.075437,,
train,8,212852,6680.1,0.075651,,
train,8,212952,6683.0,0.076438,,
train,8,213052,6685.8,0.084857,,
train,8,213152,6688.7,0.077277,,
train,8,213252,6691.5,0.079344,,
train,8,213352,6694.3,0.073199,,
train,8,213452,6697.2,0.077328,,
train,8,213552,6700.0,0.078870,,
train,8,213652,6702.9,0.079542,,
train,8,213752,6705.7,0.079110,,
train,8,213852,6708.6,0.082702,,
train,8,213952,6711.4,0.076939,,
train,8,214052,6714.2,0.078265,,
train,8,214152,6717.1,0.077093,,
train,8,214252,6719.9,0.075867,,
train,8,214352,6722.8,0.080679,,
train,8,214452,6725.6,0.080405,,
train,8,214552,6728.4,0.076906,,
train,8,214652,6731.3,0.075580,,
train,8,214752,6734.1,0.077190,,
train,8,214852,6737.0,0.079218,,
train,8,214952,6739.8,0.077891,,
train,8,215052,6742.7,0.075905,,
train,8,215152,6745.5,0.077528,,
train,8,215252,6748.4,0.081273,,
train,8,215352,6751.2,0.082254,,
train,8,215452,6754.0,nan,,
train,8,215552,6756.9,0.078414,,
train,8,215652,6759.7,0.077129,,
train,8,215752,6762.6,0.072290,,
train,8,215852,6765.4,0.079729,,
train,8,215952,6768.3,0.079238,,
train,8,216052,6771.1,0.077323,,
train,8,216152,6773.9,0.077209,,
train,8,216252,6776.8,0.079857,,
train,8,216352,6779.6,0.075711,,
train,8,216452,6782.5,0.078235,,
train,8,216552,6785.3,0.078359,,
train,8,216652,6788.1,0.075123,,
train,8,216752,6791.0,0.083043,,
train,8,216852,6793.8,0.082011,,
train,8,216952,6796.7,0.071930,,
train,8,217052,6799.5,0.076884,,
train,8,217152,6802.3,0.080707,,
train,8,217252,6805.2,0.077952,,
train,8,217352,6808.0,0.080648,,
train,8,217452,6810.9,0.076900,,
train,8,217552,6813.7,0.078067,,
train,8,217652,6816.6,0.079002,,
train,8,217752,6819.4,0.076895,,
train,8,217852,6822.3,0.077687,,
train,8,217952,6825.1,0.081785,,
train,8,218052,6828.0,0.077464,,
train,8,218152,6830.8,0.076251,,
train,8,218252,6833.6,0.081823,,
train,8,218352,6836.5,0.068298,,
train,8,218452,6839.3,0.075373,,
train,8,218552,6842.2,0.081107,,
train,8,218652,6845.0,0.075153,,
train,8,218752,6847.9,0.071442,,
train,8,218852,6850.7,0.082803,,
train,8,218952,6853.5,0.079433,,
train,8,219052,6856.4,0.077006,,
train,8,219152,6859.2,0.078166,,
train,8,219252,6862.1,0.077113,,
train,8,219352,6864.9,0.070714,,
train,8,219452,6867.8,0.073608,,
train,8,219552,6870.6,0.079211,,
train,8,219652,6873.4,0.077527,,
train,8,219752,6876.3,0.080137,,
train,8,219852,6879.1,0.078253,,
train,8,219952,6882.0,0.079970,,
val,8,,6960.7,0.069522,0.004377,0.000039
train,9,220096,6964.7,0.077662,,
train,9,220196,6967.5,0.071657,,
train,9,220296,6970.4,0.078545,,
train,9,220396,6973.2,0.085086,,
train,9,220496,6976.0,0.076387,,
train,9,220596,6978.9,0.079734,,
train,9,220696,6981.7,0.077738,,
train,9,220796,6984.6,0.073728,,
train,9,220896,6987.6,0.077258,,
train,9,220996,6990.6,0.080557,,
train,9,221096,6993.5,0.076229,,
train,9,221196,6996.3,0.076719,,
train,9,221296,6999.2,0.072236,,
train,9,221396,7002.0,0.078310,,
train,9,221496,7004.9,0.074701,,
train,9,221596,7007.7,0.080422,,
train,9,221696,7010.6,0.076602,,
train,9,221796,7013.4,0.081814,,
train,9,221896,7016.2,nan,,
train,9,221996,7019.1,0.078659,,
train,9,222096,7021.9,0.076300,,
train,9,222196,7024.8,0.077134,,
train,9,222296,7027.6,0.076976,,
train,9,222396,7030.5,0.080592,,
train,9,222496,7033.3,0.079121,,
train,9,222596,7036.1,0.069088,,
train,9,222696,7039.0,0.073535,,
train,9,222796,7041.8,0.080380,,
train,9,222896,7044.7,0.075258,,
train,9,222996,7047.5,0.079384,,
train,9,223096,7050.3,0.074170,,
train,9,223196,7053.2,0.081053,,
train,9,223296,7056.0,0.073120,,
train,9,223396,7058.8,0.074336,,
train,9,223496,7061.7,0.084527,,
train,9,223596,7064.5,0.081768,,
train,9,223696,7067.4,0.076428,,
train,9,223796,7070.2,0.084769,,
train,9,223896,7073.0,0.072895,,
train,9,223996,7075.9,0.080931,,
train,9,224096,7078.7,0.075397,,
train,9,224196,7081.6,0.075843,,
train,9,224296,7084.4,0.078002,,
train,9,224396,7087.2,0.078299,,
train,9,224496,7090.1,0.078048,,
train,9,224596,7092.9,0.074798,,
train,9,224696,7095.7,0.073873,,
train,9,224796,7098.6,0.079893,,
train,9,224896,7101.4,0.082621,,
train,9,224996,7104.2,0.076441,,
train,9,225096,7107.1,0.074487,,
train,9,225196,7109.9,0.072619,,
train,9,225296,7112.8,0.082237,,
train,9,225396,7115.6,0.083952,,
train,9,225496,7118.4,0.074377,,
train,9,225596,7121.3,0.073280,,
train,9,225696,7124.1,0.078392,,
train,9,225796,7127.0,0.075187,,
train,9,225896,7129.8,0.082584,,
train,9,225996,7132.6,0.078354,,
train,9,226096,7135.5,0.073927,,
train,9,226196,7138.3,0.075656,,
train,9,226296,7141.2,0.079683,,
train,9,226396,7144.0,0.077193,,
train,9,226496,7146.9,0.071398,,
train,9,226596,7149.7,0.073350,,
train,9,226696,7152.5,0.076880,,
train,9,226796,7155.4,0.075478,,
train,9,226896,7158.2,0.078952,,
train,9,226996,7161.1,0.078876,,
train,9,227096,7163.9,0.073575,,
train,9,227196,7166.7,0.077482,,
train,9,227296,7169.6,0.080634,,
train,9,227396,7172.4,0.076066,,
train,9,227496,7175.3,0.079105,,
train,9,227596,7178.1,0.077432,,
train,9,227696,7180.9,0.077652,,
train,9,227796,7183.8,0.075764,,
train,9,227896,7186.6,0.076427,,
train,9,227996,7189.5,0.076234,,
train,9,228096,7192.3,0.072327,,
train,9,228196,7195.2,0.075344,,
train,9,228296,7198.0,0.081532,,
train,9,228396,7200.8,0.079693,,
train,9,228496,7203.7,0.081875,,
train,9,228596,7206.5,0.080874,,
train,9,228696,7209.4,0.079697,,
train,9,228796,7212.2,0.073935,,
train,9,228896,7215.1,0.082690,,
train,9,228996,7217.9,0.079282,,
train,9,229096,7220.8,0.079741,,
train,9,229196,7223.6,0.079500,,
train,9,229296,7226.4,0.073951,,
train,9,229396,7229.3,0.074574,,
train,9,229496,7232.1,0.075257,,
train,9,229596,7235.0,0.074706,,
train,9,229696,7237.8,0.074296,,
train,9,229796,7240.6,0.077247,,
train,9,229896,7243.5,0.082827,,
train,9,229996,7246.3,0.078876,,
train,9,230096,7249.2,0.078470,,
train,9,230196,7252.0,0.073612,,
train,9,230296,7254.8,0.074426,,
train,9,230396,7257.7,0.074000,,
train,9,230496,7260.5,0.078910,,
train,9,230596,7263.4,0.075276,,
train,9,230696,7266.2,0.077821,,
train,9,230796,7269.1,0.072303,,
train,9,230896,7271.9,0.073766,,
train,9,230996,7274.7,0.082786,,
train,9,231096,7277.6,0.081519,,
train,9,231196,7280.4,0.079208,,
train,9,231296,7283.3,0.071760,,
train,9,231396,7286.1,0.080392,,
train,9,231496,7288.9,0.081895,,
train,9,231596,7291.8,0.081931,,
train,9,231696,7294.6,0.073457,,
train,9,231796,7297.5,0.071235,,
train,9,231896,7300.3,0.083537,,
train,9,231996,7303.1,0.074939,,
train,9,232096,7306.0,0.075301,,
train,9,232196,7308.8,0.077983,,
train,9,232296,7311.7,0.074146,,
train,9,232396,7314.5,0.078266,,
train,9,232496,7317.3,0.075353,,
train,9,232596,7320.2,0.074748,,
train,9,232696,7323.0,0.081982,,
train,9,232796,7325.9,0.075400,,
train,9,232896,7328.7,0.079322,,
train,9,232996,7331.6,0.079263,,
train,9,233096,7334.4,0.075480,,
train,9,233196,7337.2,0.073149,,
train,9,233296,7340.1,0.075545,,
train,9,233396,7342.9,0.073542,,
train,9,233496,7345.8,0.075049,,
train,9,233596,7348.6,0.083038,,
train,9,233696,7351.4,0.070548,,
train,9,233796,7354.3,0.072910,,
train,9,233896,7357.1,0.078366,,
train,9,233996,7360.0,0.072219,,
train,9,234096,7362.8,0.074461,,
train,9,234196,7365.6,0.072267,,
train,9,234296,7368.5,0.079570,,
train,9,234396,7371.3,0.080586,,
train,9,234496,7374.2,0.078467,,
train,9,234596,7377.0,0.075744,,
train,9,234696,7379.9,0.076459,,
train,9,234796,7382.7,0.075171,,
train,9,234896,7385.5,0.073273,,
train,9,234996,7388.4,0.077132,,
train,9,235096,7391.2,0.071736,,
train,9,235196,7394.1,0.078112,,
train,9,235296,7396.9,0.079711,,
train,9,235396,7399.7,0.076017,,
train,9,235496,7402.6,0.076821,,
train,9,235596,7405.4,0.074583,,
train,9,235696,7408.3,0.077698,,
train,9,235796,7411.1,0.074139,,
train,9,235896,7414.0,0.082533,,
train,9,235996,7416.8,0.075624,,
train,9,236096,7419.7,0.073126,,
train,9,236196,7422.5,0.071374,,
train,9,236296,7425.4,0.075702,,
train,9,236396,7428.2,0.079333,,
train,9,236496,7431.1,0.079653,,
train,9,236596,7433.9,0.087422,,
train,9,236696,7436.7,0.074938,,
train,9,236796,7439.6,0.078454,,
train,9,236896,7442.4,0.076244,,
train,9,236996,7445.3,0.071278,,
train,9,237096,7448.1,0.077057,,
train,9,237196,7451.0,0.079154,,
train,9,237296,7453.8,0.080461,,
train,9,237396,7456.6,0.079071,,
train,9,237496,7459.5,0.080621,,
train,9,237596,7462.3,0.075088,,
train,9,237696,7465.2,0.078555,,
train,9,237796,7468.0,0.074590,,
train,9,237896,7470.9,0.078821,,
train,9,237996,7473.7,0.085020,,
train,9,238096,7476.6,0.071545,,
train,9,238196,7479.4,0.070466,,
train,9,238296,7482.2,0.080579,,
train,9,238396,7485.1,0.071962,,
train,9,238496,7487.9,0.075236,,
train,9,238596,7490.7,0.072364,,
train,9,238696,7493.6,0.077933,,
train,9,238796,7496.4,0.075550,,
train,9,238896,7499.2,0.080203,,
train,9,238996,7502.1,0.077569,,
train,9,239096,7504.9,0.079698,,
train,9,239196,7507.8,0.082565,,
train,9,239296,7510.6,0.077559,,
train,9,239396,7513.4,0.074071,,
train,9,239496,7516.3,0.076399,,
train,9,239596,7519.1,0.079374,,
train,9,239696,7522.0,0.070392,,
train,9,239796,7524.8,0.077086,,
train,9,239896,7527.7,0.073737,,
train,9,239996,7530.5,0.082775,,
train,9,240096,7533.3,0.077903,,
train,9,240196,7536.2,0.077927,,
train,9,240296,7539.0,0.074831,,
train,9,240396,7541.9,0.083064,,
train,9,240496,7544.7,0.074025,,
train,9,240596,7547.5,0.077479,,
train,9,240696,7550.4,0.078322,,
train,9,240796,7553.2,0.077383,,
train,9,240896,7556.0,0.076193,,
train,9,240996,7558.9,0.074845,,
train,9,241096,7561.7,0.080867,,
train,9,241196,7564.6,0.075960,,
train,9,241296,7567.4,0.071674,,
train,9,241396,7570.2,0.075810,,
train,9,241496,7573.1,0.076847,,
train,9,241596,7575.9,0.072532,,
train,9,241696,7578.8,0.085861,,
train,9,241796,7581.6,0.079802,,
train,9,241896,7584.5,0.077759,,
train,9,241996,7587.3,0.077137,,
train,9,242096,7590.1,0.074441,,
train,9,242196,7593.0,0.071874,,
train,9,242296,7595.8,0.071367,,
train,9,242396,7598.7,0.078373,,
train,9,242496,7601.5,0.082415,,
train,9,242596,7604.4,0.076625,,
train,9,242696,7607.2,0.074041,,
train,9,242796,7610.1,0.072658,,
train,9,242896,7612.9,0.077828,,
train,9,242996,7615.7,0.078453,,
train,9,243096,7618.6,0.076389,,
train,9,243196,7621.4,0.073322,,
train,9,243296,7624.3,0.076302,,
train,9,243396,7627.1,0.074550,,
train,9,243496,7629.9,0.075546,,
train,9,243596,7632.8,0.076940,,
train,9,243696,7635.6,0.069867,,
train,9,243796,7638.5,0.075197,,
train,9,243896,7641.3,0.076293,,
train,9,243996,7644.1,0.079558,,
train,9,244096,7647.0,0.073186,,
train,9,244196,7649.8,0.075993,,
train,9,244296,7652.7,0.077108,,
train,9,244396,7655.5,0.072169,,
val,9,,7734.5,0.068393,0.004354,0.000039
train,10,244540,7738.5,0.073074,,
train,10,244640,7741.4,0.073400,,
train,10,244740,7744.2,0.077552,,
train,10,244840,7747.1,0.073311,,
train,10,244940,7749.9,0.078827,,
train,10,245040,7752.7,0.075970,,
train,10,245140,7755.6,0.075463,,
train,10,245240,7758.4,0.075599,,
train,10,245340,7761.2,0.075191,,
train,10,245440,7764.1,0.072050,,
train,10,245540,7766.9,0.079569,,
train,10,245640,7769.8,0.081438,,
train,10,245740,7772.6,0.073220,,
train,10,245840,7775.4,0.070239,,
train,10,245940,7778.3,0.075895,,
train,10,246040,7781.1,0.074519,,
train,10,246140,7784.0,0.078263,,
train,10,246240,7786.8,0.075105,,
train,10,246340,7789.6,0.085602,,
train,10,246440,7792.5,0.077145,,
train,10,246540,7795.3,0.075255,,
train,10,246640,7798.2,0.077783,,
train,10,246740,7801.0,0.075710,,
train,10,246840,7803.8,0.072028,,
train,10,246940,7806.7,nan,,
train,10,247040,7809.5,0.075710,,
train,10,247140,7812.3,0.076904,,
train,10,247240,7815.2,0.073540,,
train,10,247340,7818.0,0.078621,,
train,10,247440,7820.8,0.076780,,
train,10,247540,7823.7,0.072809,,
train,10,247640,7826.5,0.075989,,
train,10,247740,7829.4,0.079882,,
train,10,247840,7832.2,0.079322,,
train,10,247940,7835.0,0.074853,,
train,10,248040,7837.9,0.079987,,
train,10,248140,7840.7,0.075398,,
train,10,248240,7843.5,0.078490,,
train,10,248340,7846.4,0.083252,,
train,10,248440,7849.2,0.078513,,
train,10,248540,7852.1,0.075346,,
train,10,248640,7854.9,0.078328,,
train,10,248740,7857.7,0.071494,,
train,10,248840,7860.6,0.077836,,
train,10,248940,7863.4,0.082725,,
train,10,249040,7866.2,0.076287,,
train,10,249140,7869.1,0.071542,,
train,10,249240,7871.9,0.071965,,
train,10,249340,7874.8,0.080457,,
train,10,249440,7877.6,0.079340,,
train,10,249540,7880.4,0.078935,,
train,10,249640,7883.3,0.070052,,
train,10,249740,7886.1,0.076567,,
train,10,249840,7888.9,0.072149,,
train,10,249940,7891.8,0.072577,,
train,10,250040,7894.6,0.078288,,
train,10,250140,7897.5,0.075358,,
train,10,250240,7900.3,0.073762,,
train,10,250340,7903.1,0.076448,,
train,10,250440,7906.0,0.075140,,
train,10,250540,7908.8,0.081215,,
train,10,250640,7911.6,0.070537,,
train,10,250740,7914.5,0.071574,,
train,10,250840,7917.3,0.084252,,
train,10,250940,7920.2,0.077070,,
train,10,251040,7923.0,0.074740,,
train,10,251140,7925.8,0.080746,,
train,10,251240,7928.7,0.076187,,
train,10,251340,7931.5,0.078633,,
train,10,251440,7934.3,0.073874,,
train,10,251540,7937.2,0.077865,,
train,10,251640,7940.0,0.079714,,
train,10,251740,7942.9,0.081956,,
train,10,251840,7945.7,0.074847,,
train,10,251940,7948.5,0.076590,,
train,10,252040,7951.4,0.076683,,
train,10,252140,7954.2,0.074446,,
train,10,252240,7957.0,0.075562,,
train,10,252340,7959.9,0.075917,,
train,10,252440,7962.7,0.077788,,
train,10,252540,7965.6,0.079815,,
train,10,252640,7968.4,0.076840,,
train,10,252740,7971.2,0.074512,,
train,10,252840,7974.1,0.074677,,
train,10,252940,7976.9,0.082239,,
train,10,253040,7979.8,0.072568,,
train,10,253140,7982.6,0.079779,,
train,10,253240,7985.5,0.075683,,
train,10,253340,7988.3,0.072884,,
train,10,253440,7991.1,0.073670,,
train,10,253540,7994.0,0.074969,,
train,10,253640,7996.8,0.073718,,
train,10,253740,7999.6,0.077727,,
train,10,253840,8002.5,0.081758,,
train,10,253940,8005.3,0.073939,,
train,10,254040,8008.1,0.072515,,
train,10,254140,8011.0,0.067773,,
train,10,254240,8013.8,0.072226,,
train,10,254340,8016.7,0.069210,,
train,10,254440,8019.5,0.074250,,
train,10,254540,8022.3,0.075332,,
train,10,254640,8025.2,0.076205,,
train,10,254740,8028.0,0.074396,,
train,10,254840,8030.9,0.080780,,
train,10,254940,8033.7,0.072306,,
train,10,255040,8036.5,0.066121,,
train,10,255140,8039.4,0.073554,,
train,10,255240,8042.2,0.073293,,
train,10,255340,8045.0,0.072198,,
train,10,255440,8047.9,0.074598,,
train,10,255540,8050.7,0.074876,,
train,10,255640,8053.5,0.073032,,
train,10,255740,8056.4,0.077420,,
train,10,255840,8059.2,0.076277,,
train,10,255940,8062.1,0.075582,,
train,10,256040,8064.9,0.079150,,
train,10,256140,8067.7,0.076238,,
train,10,256240,8070.6,0.075713,,
train,10,256340,8073.4,0.079277,,
train,10,256440,8076.2,0.074147,,
train,10,256540,8079.1,0.073155,,
train,10,256640,8081.9,0.076566,,
train,10,256740,8084.8,0.082302,,
train,10,256840,8087.6,0.079290,,
train,10,256940,8090.4,0.072707,,
train,10,257040,8093.3,0.079920,,
train,10,257140,8096.1,0.072256,,
train,10,257240,8099.0,0.075983,,
train,10,257340,8101.8,0.078909,,
train,10,257440,8104.6,0.076894,,
train,10,257540,8107.5,0.073533,,
train,10,257640,8110.3,0.072620,,
train,10,257740,8113.1,0.076180,,
train,10,257840,8116.0,0.073963,,
train,10,257940,8118.8,0.073830,,
train,10,258040,8121.7,0.071439,,
train,10,258140,8124.5,0.074723,,
train,10,258240,8127.3,0.088144,,
train,10,258340,8130.2,0.072889,,
train,10,258440,8133.0,0.078030,,
train,10,258540,8135.8,0.074755,,
train,10,258640,8138.7,0.077602,,
train,10,258740,8141.5,0.073272,,
train,10,258840,8144.3,0.079214,,
train,10,258940,8147.2,0.079705,,
train,10,259040,8150.0,0.072496,,
train,10,259140,8152.9,0.077460,,
train,10,259240,8155.7,0.081028,,
train,10,259340,8158.6,0.075536,,
train,10,259440,8161.4,0.077018,,
train,10,259540,8164.2,0.078098,,
train,10,259640,8167.1,0.074144,,
train,10,259740,8169.9,0.079707,,
train,10,259840,8172.7,0.069022,,
train,10,259940,8175.6,0.073319,,
train,10,260040,8178.4,0.075136,,
train,10,260140,8181.3,0.079829,,
train,10,260240,8184.1,0.078794,,
train,10,260340,8187.0,0.080786,,
train,10,260440,8189.8,0.079273,,
train,10,260540,8192.6,0.077869,,
train,10,260640,8195.5,0.079021,,
train,10,260740,8198.3,0.073947,,
train,10,260840,8201.2,0.073800,,
train,10,260940,8204.0,0.071949,,
train,10,261040,8206.8,0.073497,,
train,10,261140,8209.7,0.078041,,
train,10,261240,8212.5,0.073096,,
train,10,261340,8215.3,0.074170,,
train,10,261440,8218.2,0.074779,,
train,10,261540,8221.0,0.078862,,
train,10,261640,8223.9,0.083536,,
train,10,261740,8226.7,0.076944,,
train,10,261840,8229.5,0.075936,,
train,10,261940,8232.4,0.074338,,
train,10,262040,8235.2,0.073820,,
train,10,262140,8238.0,0.074953,,
train,10,262240,8240.9,0.076397,,
train,10,262340,8243.7,0.073559,,
train,10,262440,8246.5,0.076001,,
train,10,262540,8249.4,0.080014,,
train,10,262640,8252.2,0.080065,,
train,10,262740,8255.1,0.082832,,
train,10,262840,8257.9,0.076170,,
train,10,262940,8260.7,0.074718,,
train,10,263040,8263.6,0.073748,,
train,10,263140,8266.4,0.072252,,
train,10,263240,8269.2,0.075503,,
train,10,263340,8272.1,0.077104,,
train,10,263440,8274.9,0.080349,,
train,10,263540,8277.7,0.075284,,
train,10,263640,8280.6,0.077541,,
train,10,263740,8283.4,0.077955,,
train,10,263840,8286.3,0.073390,,
train,10,263940,8289.1,0.075383,,
train,10,264040,8291.9,0.075031,,
train,10,264140,8294.8,0.073857,,
train,10,264240,8297.6,0.073713,,
train,10,264340,8300.5,0.072409,,
train,10,264440,8303.3,0.076580,,
train,10,264540,8306.1,0.075670,,
train,10,264640,8309.0,0.079479,,
train,10,264740,8311.8,0.074371,,
train,10,264840,8314.7,0.074445,,
train,10,264940,8317.5,0.075949,,
train,10,265040,8320.3,0.076516,,
train,10,265140,8323.2,0.078336,,
train,10,265240,8326.0,0.076553,,
train,10,265340,8328.8,0.079993,,
train,10,265440,8331.7,0.072423,,
train,10,265540,8334.5,0.076670,,
train,10,265640,8337.4,0.082616,,
train,10,265740,8340.2,0.073341,,
train,10,265840,8343.0,0.075409,,
train,10,265940,8345.9,0.077022,,
train,10,266040,8348.7,0.075387,,
train,10,266140,8351.6,0.081242,,
train,10,266240,8354.4,0.078954,,
train,10,266340,8357.2,0.078011,,
train,10,266440,8360.1,0.080581,,
train,10,266540,8362.9,0.079692,,
train,10,266640,8365.7,0.070391,,
train,10,266740,8368.6,0.079182,,
train,10,266840,8371.4,0.078228,,
train,10,266940,8374.3,0.083322,,
train,10,267040,8377.1,0.078545,,
train,10,267140,8379.9,0.076451,,
train,10,267240,8382.8,0.077265,,
train,10,267340,8385.6,0.077804,,
train,10,267440,8388.5,0.070396,,
train,10,267540,8391.3,0.074930,,
train,10,267640,8394.2,0.072112,,
train,10,267740,8397.0,0.070858,,
train,10,267840,8399.8,0.078694,,
train,10,267940,8402.7,0.076382,,
train,10,268040,8405.5,0.078472,,
train,10,268140,8408.3,0.075803,,
train,10,268240,8411.2,0.077578,,
train,10,268340,8414.0,0.073916,,
train,10,268440,8416.8,0.080982,,
train,10,268540,8419.7,0.075446,,
train,10,268640,8422.5,0.078081,,
train,10,268740,8425.4,0.079085,,
train,10,268840,8428.2,0.078669,,
val,10,,8507.0,0.067945,0.004332,0.000038
train,11,268984,8511.0,0.078170,,
train,11,269084,8513.8,0.074975,,
train,11,269184,8516.6,0.076422,,
train,11,269284,8519.5,0.075753,,
train,11,269384,8522.3,0.075942,,
train,11,269484,8525.2,0.077526,,
train,11,269584,8528.0,0.073502,,
train,11,269684,8530.8,0.072787,,
train,11,269784,8533.7,0.076687,,
train,11,269884,8536.5,0.075773,,
train,11,269984,8539.3,0.072882,,
train,11,270084,8542.2,0.075113,,
train,11,270184,8545.0,0.072183,,
train,11,270284,8547.9,0.071869,,
train,11,270384,8550.7,0.075381,,
train,11,270484,8553.5,0.074931,,
train,11,270584,8556.4,0.074733,,
train,11,270684,8559.2,0.078913,,
train,11,270784,8562.1,0.073535,,
train,11,270884,8564.9,0.076630,,
train,11,270984,8567.7,0.070075,,
train,11,271084,8570.6,0.078665,,
train,11,271184,8573.4,0.081877,,
train,11,271284,8576.3,0.077705,,
train,11,271384,8579.1,0.077553,,
train,11,271484,8581.9,0.080151,,
train,11,271584,8584.8,0.073809,,
train,11,271684,8587.6,0.072105,,
train,11,271784,8590.4,0.073796,,
train,11,271884,8593.3,0.079685,,
train,11,271984,8596.1,0.079188,,
train,11,272084,8599.0,0.069686,,
train,11,272184,8601.8,0.073160,,
train,11,272284,8604.7,0.077621,,
train,11,272384,8607.5,0.073918,,
train,11,272484,8610.4,0.080437,,
train,11,272584,8613.2,0.080010,,
train,11,272684,8616.1,0.078471,,
train,11,272784,8618.9,0.078601,,
train,11,272884,8621.8,0.074725,,
train,11,272984,8624.6,0.077477,,
train,11,273084,8627.5,0.076767,,
train,11,273184,8630.3,0.071968,,
train,11,273284,8633.2,0.077390,,
train,11,273384,8636.0,0.073270,,
train,11,273484,8638.9,0.069777,,
train,11,273584,8641.7,0.073918,,
train,11,273684,8644.6,0.078913,,
train,11,273784,8647.5,0.075836,,
train,11,273884,8650.3,0.075233,,
train,11,273984,8653.2,0.073982,,
train,11,274084,8656.0,0.077265,,
train,11,274184,8658.9,0.074673,,
train,11,274284,8661.7,0.073267,,
train,11,274384,8664.6,0.080245,,
train,11,274484,8667.4,0.079083,,
train,11,274584,8670.3,0.076344,,
train,11,274684,8673.1,0.073110,,
train,11,274784,8676.0,0.074494,,
train,11,274884,8678.8,0.074787,,
train,11,274984,8681.7,0.072360,,
train,11,275084,8684.5,0.071992,,
train,11,275184,8687.4,0.075625,,
train,11,275284,8690.2,0.078213,,
train,11,275384,8693.1,0.073357,,
train,11,275484,8695.9,0.078399,,
train,11,275584,8698.8,0.079626,,
train,11,275684,8701.6,0.074809,,
train,11,275784,8704.5,0.073509,,
train,11,275884,8707.3,0.076803,,
train,11,275984,8710.2,0.074000,,
train,11,276084,8713.1,0.075625,,
train,11,276184,8715.9,0.077171,,
train,11,276284,8718.8,0.077764,,
train,11,276384,8721.6,0.071470,,
train,11,276484,8724.5,0.072492,,
train,11,276584,8727.3,0.075898,,
train,11,276684,8730.2,0.072788,,
train,11,276784,8733.1,0.074641,,
train,11,276884,8735.9,0.069523,,
train,11,276984,8738.8,0.074954,,
train,11,277084,8741.6,0.073962,,
train,11,277184,8744.5,0.070676,,
train,11,277284,8747.4,0.073747,,
train,11,277384,8750.3,0.071607,,
train,11,277484,8753.1,0.076446,,
train,11,277584,8756.0,0.077499,,
train,11,277684,8758.9,0.076415,,
train,11,277784,8761.7,0.076272,,
train,11,277884,8764.6,0.075246,,
train,11,277984,8767.4,0.071779,,
train,11,278084,8770.3,0.070204,,
train,11,278184,8773.1,0.077426,,
train,11,278284,8776.0,0.077349,,
train,11,278384,8778.8,0.082696,,
train,11,278484,8781.7,0.079194,,
train,11,278584,8784.5,0.074071,,
train,11,278684,8787.4,0.075589,,
train,11,278784,8790.2,0.075735,,
train,11,278884,8793.1,0.072695,,
train,11,278984,8795.9,nan,,
train,11,279084,8798.8,0.072604,,
train,11,279184,8801.7,0.073073,,
train,11,279284,8804.5,0.081046,,
train,11,279384,8807.4,0.076085,,
train,11,279484,8810.2,0.071743,,
train,11,279584,8813.1,0.075371,,
train,11,279684,8815.9,0.073045,,
train,11,279784,8818.8,0.068508,,
train,11,279884,8821.6,0.070723,,
train,11,279984,8824.5,0.081359,,
train,11,280084,8827.3,0.072936,,
train,11,280184,8830.2,0.078420,,
train,11,280284,8833.0,0.068523,,
train,11,280384,8835.9,0.073604,,
train,11,280484,8838.7,0.075635,,
train,11,280584,8841.6,0.074755,,
train,11,280684,8844.4,0.077514,,
train,11,280784,8847.3,0.076374,,
train,11,280884,8850.1,0.075868,,
train,11,280984,8853.0,0.081038,,
train,11,281084,8855.9,0.075013,,
train,11,281184,8858.7,0.076731,,
train,11,281284,8861.6,0.077374,,
train,11,281384,8864.4,0.075036,,
train,11,281484,8867.3,0.076386,,
train,11,281584,8870.1,0.071660,,
train,11,281684,8873.0,0.076785,,
train,11,281784,8875.8,0.075579,,
train,11,281884,8878.7,0.072237,,
train,11,281984,8881.5,0.073700,,
train,11,282084,8884.4,0.074006,,
train,11,282184,8887.2,0.070867,,
train,11,282284,8890.1,0.078028,,
train,11,282384,8893.0,0.076389,,
train,11,282484,8895.8,0.077635,,
train,11,282584,8898.7,0.074675,,
train,11,282684,8901.5,0.081640,,
train,11,282784,8904.4,0.073453,,
train,11,282884,8907.2,0.079336,,
train,11,282984,8910.1,0.075350,,
train,11,283084,8912.9,0.071422,,
train,11,283184,8915.8,0.074606,,
train,11,283284,8918.7,0.074229,,
train,11,283384,8921.5,0.077716,,
train,11,283484,8924.4,0.075772,,
train,11,283584,8927.3,0.068203,,
train,11,283684,8930.1,0.072775,,
train,11,283784,8933.0,0.076548,,
train,11,283884,8935.8,0.072762,,
train,11,283984,8938.7,0.079841,,
train,11,284084,8941.5,0.083005,,
train,11,284184,8944.4,0.077546,,
train,11,284284,8947.2,0.073510,,
train,11,284384,8950.1,0.068741,,
train,11,284484,8952.9,0.067830,,
train,11,284584,8955.8,0.072648,,
train,11,284684,8958.6,0.071714,,
train,11,284784,8961.5,0.073915,,
train,11,284884,8964.3,0.079389,,
train,11,284984,8967.2,0.075660,,
train,11,285084,8970.0,0.077742,,
train,11,285184,8972.9,0.078635,,
train,11,285284,8975.7,0.081510,,
train,11,285384,8978.6,0.076198,,
train,11,285484,8981.4,0.073423,,
train,11,285584,8984.3,0.078836,,
train,11,285684,8987.1,0.076848,,
train,11,285784,8990.0,0.071958,,
train,11,285884,8992.8,0.078321,,
train,11,285984,8995.7,0.074295,,
train,11,286084,8998.5,0.082569,,
train,11,286184,9001.4,0.071105,,
train,11,286284,9004.2,0.077251,,
train,11,286384,9007.1,0.069831,,
train,11,286484,9009.9,0.075402,,
train,11,286584,9012.8,0.068958,,
train,11,286684,9015.9,0.073170,,
train,11,286784,9018.9,0.077119,,
train,11,286884,9021.9,0.078453,,
train,11,286984,9024.7,0.072866,,
train,11,287084,9027.5,0.081327,,
train,11,287184,9030.4,0.076690,,
train,11,287284,9033.2,0.074582,,
train,11,287384,9036.1,0.076444,,
train,11,287484,9038.9,0.075483,,
train,11,287584,9041.8,0.078656,,
train,11,287684,9044.6,0.072468,,
train,11,287784,9047.5,0.078762,,
train,11,287884,9050.3,0.072647,,
train,11,287984,9053.2,0.073836,,
train,11,288084,9056.1,0.077316,,
train,11,288184,9058.9,0.074550,,
train,11,288284,9061.8,0.071570,,
train,11,288384,9064.6,0.077271,,
train,11,288484,9067.5,0.075442,,
train,11,288584,9070.3,0.076005,,
train,11,288684,9073.2,0.077284,,
train,11,288784,9076.0,0.078176,,
train,11,288884,9078.9,0.071791,,
train,11,288984,9081.7,0.073039,,
train,11,289084,9084.6,0.076275,,
train,11,289184,9087.4,0.073089,,
train,11,289284,9090.3,0.075130,,
train,11,289384,9093.1,0.074709,,
train,11,289484,9096.0,0.075420,,
train,11,289584,9098.8,0.075020,,
train,11,289684,9101.7,0.073734,,
train,11,289784,9104.5,0.075970,,
train,11,289884,9107.4,0.074044,,
train,11,289984,9110.2,0.080327,,
train,11,290084,9113.1,0.074182,,
train,11,290184,9115.9,0.076114,,
train,11,290284,9118.8,0.071671,,
train,11,290384,9121.6,0.075785,,
train,11,290484,9124.5,0.073882,,
train,11,290584,9127.3,0.069231,,
train,11,290684,9130.2,0.071568,,
train,11,290784,9133.0,0.071155,,
train,11,290884,9135.9,0.074906,,
train,11,290984,9138.7,0.077383,,
train,11,291084,9141.6,0.079365,,
train,11,291184,9144.4,0.080642,,
train,11,291284,9147.3,0.076310,,
train,11,291384,9150.1,0.077875,,
train,11,291484,9153.0,0.074698,,
train,11,291584,9155.9,0.071881,,
train,11,291684,9158.7,0.073856,,
train,11,291784,9161.6,0.075947,,
train,11,291884,9164.4,0.073796,,
train,11,291984,9167.3,0.079326,,
train,11,292084,9170.1,0.070552,,
train,11,292184,9173.0,0.076833,,
train,11,292284,9175.8,0.072478,,
train,11,292384,9178.7,0.070422,,
train,11,292484,9181.5,0.071398,,
train,11,292584,9184.4,0.074094,,
train,11,292684,9187.2,0.074291,,
train,11,292784,9190.1,0.071127,,
train,11,292884,9192.9,0.076291,,
train,11,292984,9195.8,0.073874,,
train,11,293084,9198.6,0.075157,,
train,11,293184,9201.5,0.076831,,
train,11,293284,9204.3,0.076650,,
val,11,,9283.5,0.067543,0.004308,0.000038
train,12,293428,9287.5,0.072974,,
train,12,293528,9290.3,0.075166,,
train,12,293628,9293.1,0.080442,,
train,12,293728,9296.0,0.071752,,
train,12,293828,9298.8,0.076063,,
train,12,293928,9301.6,0.077866,,
train,12,294028,9304.5,0.077445,,
train,12,294128,9307.3,0.076715,,
train,12,294228,9310.1,0.075454,,
train,12,294328,9313.0,0.072305,,
train,12,294428,9315.8,0.070162,,
train,12,294528,9318.7,0.073109,,
train,12,294628,9321.5,0.073349,,
train,12,294728,9324.3,0.074831,,
train,12,294828,9327.2,0.073089,,
train,12,294928,9330.0,0.073218,,
train,12,295028,9332.8,0.071059,,
train,12,295128,9335.7,0.075074,,
train,12,295228,9338.5,0.080645,,
train,12,295328,9341.4,0.071328,,
train,12,295428,9344.2,0.074178,,
train,12,295528,9347.0,0.070123,,
train,12,295628,9349.9,0.070564,,
train,12,295728,9352.7,0.081597,,
train,12,295828,9355.5,0.077823,,
train,12,295928,9358.4,0.078520,,
train,12,296028,9361.2,0.073716,,
train,12,296128,9364.1,0.068876,,
train,12,296228,9366.9,0.077647,,
train,12,296328,9369.7,0.076308,,
train,12,296428,9372.6,0.077456,,
train,12,296528,9375.4,0.078425,,
train,12,296628,9378.2,0.078543,,
train,12,296728,9381.1,0.073941,,
train,12,296828,9383.9,0.073710,,
train,12,296928,9386.7,0.073776,,
train,12,297028,9389.6,0.077383,,
train,12,297128,9392.4,0.077861,,
train,12,297228,9395.3,0.069081,,
train,12,297328,9398.1,0.075270,,
train,12,297428,9400.9,0.078241,,
train,12,297528,9403.8,0.078652,,
train,12,297628,9406.6,0.071863,,
train,12,297728,9409.4,0.075567,,
train,12,297828,9412.3,0.075463,,
train,12,297928,9415.1,0.076057,,
train,12,298028,9417.9,0.074445,,
train,12,298128,9420.8,0.072304,,
train,12,298228,9423.6,0.071613,,
train,12,298328,9426.4,0.073700,,
train,12,298428,9429.2,0.078000,,
train,12,298528,9432.1,0.070420,,
train,12,298628,9434.9,0.080313,,
train,12,298728,9437.7,0.074261,,
train,12,298828,9440.6,0.078324,,
train,12,298928,9443.4,0.071880,,
train,12,299028,9446.3,0.069079,,
train,12,299128,9449.1,0.069518,,
train,12,299228,9451.9,0.077802,,
train,12,299328,9454.8,0.080476,,
train,12,299428,9457.6,0.073222,,
train,12,299528,9460.4,0.080127,,
train,12,299628,9463.3,0.074994,,
train,12,299728,9466.1,0.076914,,
train,12,299828,9468.9,0.070055,,
train,12,299928,9471.7,0.074493,,
train,12,300028,9474.6,0.078672,,
train,12,300128,9477.4,0.079872,,
train,12,300228,9480.2,0.072921,,
train,12,300328,9483.1,0.071027,,
train,12,300428,9485.9,0.073985,,
train,12,300528,9488.8,0.072712,,
train,12,300628,9491.6,0.075992,,
train,12,300728,9494.4,0.075663,,
train,12,300828,9497.3,0.070081,,
train,12,300928,9500.1,0.071631,,
train,12,301028,9502.9,0.080710,,
train,12,301128,9505.8,0.071320,,
train,12,301228,9508.6,0.068797,,
train,12,301328,9511.4,0.071380,,
train,12,301428,9514.3,0.077783,,
train,12,301528,9517.1,0.075453,,
train,12,301628,9519.9,0.070583,,
train,12,301728,9522.8,0.072158,,
train,12,301828,9525.6,0.073312,,
train,12,301928,9528.4,0.074176,,
train,12,302028,9531.3,0.075803,,
train,12,302128,9534.1,0.078682,,
train,12,302228,9536.9,0.068647,,
train,12,302328,9539.8,0.077955,,
train,12,302428,9542.6,0.081371,,
train,12,302528,9545.4,0.073953,,
train,12,302628,9548.3,0.078992,,
train,12,302728,9551.1,0.079128,,
train,12,302828,9553.9,0.068572,,
train,12,302928,9556.8,0.074676,,
train,12,303028,9559.6,0.072687,,
train,12,303128,9562.5,0.073129,,
train,12,303228,9565.3,0.076872,,
train,12,303328,9568.1,0.077951,,
train,12,303428,9571.0,0.067864,,
train,12,303528,9573.8,0.075070,,
train,12,303628,9576.6,0.073104,,
train,12,303728,9579.5,0.073509,,
train,12,303828,9582.3,0.078106,,
train,12,303928,9585.1,0.077123,,
train,12,304028,9588.0,0.071551,,
train,12,304128,9590.8,0.071687,,
train,12,304228,9593.6,0.077517,,
train,12,304328,9596.5,0.066960,,
train,12,304428,9599.3,0.069568,,
train,12,304528,9602.1,0.072807,,
train,12,304628,9605.0,0.073506,,
train,12,304728,9607.8,0.074081,,
train,12,304828,9610.6,0.073859,,
train,12,304928,9613.5,0.070041,,
train,12,305028,9616.3,0.073869,,
train,12,305128,9619.2,0.074425,,
train,12,305228,9622.0,0.073378,,
train,12,305328,9624.8,0.074121,,
train,12,305428,9627.7,0.071925,,
train,12,305528,9630.5,0.076696,,
train,12,305628,9633.3,0.074280,,
train,12,305728,9636.2,0.073699,,
train,12,305828,9639.0,0.077161,,
train,12,305928,9641.8,0.077441,,
train,12,306028,9644.7,0.067608,,
train,12,306128,9647.5,0.076053,,
train,12,306228,9650.3,0.075712,,
train,12,306328,9653.2,0.071607,,
train,12,306428,9656.0,0.076370,,
train,12,306528,9658.8,0.078827,,
train,12,306628,9661.6,0.072639,,
train,12,306728,9664.5,0.079179,,
train,12,306828,9667.3,0.073884,,
train,12,306928,9670.1,0.072236,,
train,12,307028,9673.0,0.068082,,
train,12,307128,9675.8,0.071050,,
train,12,307228,9678.6,0.068899,,
train,12,307328,9681.5,0.075777,,
train,12,307428,9684.3,0.071571,,
train,12,307528,9687.1,0.079200,,
train,12,307628,9690.0,0.076991,,
train,12,307728,9692.8,0.079065,,
train,12,307828,9695.6,0.077471,,
train,12,307928,9698.5,0.073943,,
train,12,308028,9701.3,0.071462,,
train,12,308128,9704.1,0.073099,,
train,12,308228,9707.0,0.072834,,
train,12,308328,9709.8,0.075042,,
train,12,308428,9712.6,0.072847,,
train,12,308528,9715.5,0.070795,,
train,12,308628,9718.3,0.073046,,
train,12,308728,9721.1,0.075096,,
train,12,308828,9724.0,0.074071,,
train,12,308928,9726.8,0.076285,,
train,12,309028,9729.7,0.075400,,
train,12,309128,9732.5,0.071463,,
train,12,309228,9735.3,0.075057,,
train,12,309328,9738.2,0.071594,,
train,12,309428,9741.0,0.077651,,
train,12,309528,9743.9,0.073387,,
train,12,309628,9746.7,nan,,
train,12,309728,9749.5,0.075779,,
train,12,309828,9752.4,0.075633,,
train,12,309928,9755.2,0.073918,,
train,12,310028,9758.1,0.074343,,
train,12,310128,9760.9,0.072164,,
train,12,310228,9763.7,0.071187,,
train,12,310328,9766.6,0.077053,,
train,12,310428,9769.4,0.077136,,
train,12,310528,9772.2,0.073059,,
train,12,310628,9775.1,0.072736,,
train,12,310728,9777.9,0.078810,,
train,12,310828,9780.7,0.075772,,
train,12,310928,9783.6,0.071538,,
train,12,311028,9786.4,0.070079,,
train,12,311128,9789.2,0.070872,,
train,12,311228,9792.1,0.071491,,
train,12,311328,9794.9,0.077387,,
train,12,311428,9797.7,0.074637,,
train,12,311528,9800.6,0.076809,,
train,12,311628,9803.4,0.076228,,
train,12,311728,9806.2,0.078617,,
train,12,311828,9809.1,0.076923,,
train,12,311928,9811.9,0.079128,,
train,12,312028,9814.7,0.069605,,
train,12,312128,9817.6,0.076646,,
train,12,312228,9820.4,0.076972,,
train,12,312328,9823.2,0.078347,,
train,12,312428,9826.1,0.074780,,
train,12,312528,9828.9,0.073415,,
train,12,312628,9831.8,0.073027,,
train,12,312728,9834.6,0.076615,,
train,12,312828,9837.4,0.079715,,
train,12,312928,9840.3,0.073604,,
train,12,313028,9843.1,0.077324,,
train,12,313128,9845.9,0.073472,,
train,12,313228,9848.8,0.079257,,
train,12,313328,9851.6,0.080153,,
train,12,313428,9854.4,0.075605,,
train,12,313528,9857.3,0.073226,,
train,12,313628,9860.1,0.079124,,
train,12,313728,9862.9,0.066009,,
train,12,313828,9865.8,0.075548,,
train,12,313928,9868.6,0.074050,,
train,12,314028,9871.4,0.075678,,
train,12,314128,9874.3,0.071588,,
train,12,314228,9877.1,0.076834,,
train,12,314328,9879.9,0.077690,,
train,12,314428,9882.8,0.071566,,
train,12,314528,9885.6,0.078940,,
train,12,314628,9888.4,0.072977,,
train,12,314728,9891.3,0.077436,,
train,12,314828,9894.1,0.072221,,
train,12,314928,9896.9,0.083881,,
train,12,315028,9899.7,0.074704,,
train,12,315128,9902.6,0.071463,,
train,12,315228,9905.4,0.077593,,
train,12,315328,9908.2,0.071162,,
train,12,315428,9911.1,0.074773,,
train,12,315528,9913.9,0.073310,,
train,12,315628,9916.7,0.071504,,
train,12,315728,9919.6,0.071694,,
train,12,315828,9922.4,0.075184,,
train,12,315928,9925.2,0.078163,,
train,12,316028,9928.1,0.084711,,
train,12,316128,9930.9,0.072802,,
train,12,316228,9933.7,0.075554,,
train,12,316328,9936.6,0.076425,,
train,12,316428,9939.4,0.074743,,
train,12,316528,9942.2,0.074732,,
train,12,316628,9945.1,0.076174,,
train,12,316728,9947.9,0.075500,,
train,12,316828,9950.7,0.073147,,
train,12,316928,9953.6,0.072300,,
train,12,317028,9956.4,0.071960,,
train,12,317128,9959.3,0.078391,,
train,12,317228,9962.1,0.075592,,
train,12,317328,9964.9,0.078608,,
train,12,317428,9967.8,0.072620,,
train,12,317528,9970.6,0.077127,,
train,12,317628,9973.4,0.078366,,
train,12,317728,9976.3,0.074838,,
val,12,,10055.1,0.066494,0.004293,0.000038
train,13,317872,10059.1,0.075252,,
train,13,317972,10061.9,0.071903,,
train,13,318072,10064.8,0.079390,,
train,13,318172,10067.6,0.070803,,
train,13,318272,10070.4,0.073715,,
train,13,318372,10073.3,0.074052,,
train,13,318472,10076.1,0.072228,,
train,13,318572,10079.0,0.071044,,
train,13,318672,10081.8,0.073935,,
train,13,318772,10084.6,0.076439,,
train,13,318872,10087.5,0.072213,,
train,13,318972,10090.3,0.078065,,
train,13,319072,10093.2,0.075040,,
train,13,319172,10096.0,0.077703,,
train,13,319272,10098.8,0.071675,,
train,13,319372,10101.7,0.075175,,
train,13,319472,10104.5,0.071839,,
train,13,319572,10107.4,0.076803,,
train,13,319672,10110.2,0.072864,,
train,13,319772,10113.0,0.076453,,
train,13,319872,10115.9,0.071542,,
train,13,319972,10118.7,0.081645,,
train,13,320072,10121.6,0.073225,,
train,13,320172,10124.4,0.074024,,
train,13,320272,10127.3,0.073482,,
train,13,320372,10130.1,0.072424,,
train,13,320472,10132.9,0.069667,,
train,13,320572,10135.8,0.076899,,
train,13,320672,10138.6,0.074092,,
train,13,320772,10141.5,0.069184,,
train,13,320872,10144.3,0.080269,,
train,13,320972,10147.1,0.074027,,
train,13,321072,10150.0,0.077358,,
train,13,321172,10152.8,0.075034,,
train,13,321272,10155.7,0.071127,,
train,13,321372,10158.5,0.069193,,
train,13,321472,10161.4,0.078663,,
train,13,321572,10164.2,0.078568,,
train,13,321672,10167.0,0.078058,,
train,13,321772,10169.9,0.080925,,
train,13,321872,10172.7,0.075080,,
train,13,321972,10175.6,0.072516,,
train,13,322072,10178.4,0.077275,,
train,13,322172,10181.3,0.065958,,
train,13,322272,10184.1,0.071174,,
train,13,322372,10186.9,0.078849,,
train,13,322472,10189.8,0.075919,,
train,13,322572,10192.6,0.079135,,
train,13,322672,10195.5,0.081880,,
train,13,322772,10198.3,0.077920,,
train,13,322872,10201.1,0.072836,,
train,13,322972,10204.0,0.071448,,
train,13,323072,10206.8,0.076467,,
train,13,323172,10209.6,0.077024,,
train,13,323272,10212.5,0.078109,,
train,13,323372,10215.3,0.072186,,
train,13,323472,10218.2,0.076583,,
train,13,323572,10221.0,0.076518,,
train,13,323672,10223.9,0.072465,,
train,13,323772,10226.7,0.069924,,
train,13,323872,10229.5,0.072550,,
train,13,323972,10232.4,0.075088,,
train,13,324072,10235.2,0.073630,,
train,13,324172,10238.1,0.068509,,
train,13,324272,10240.9,0.076937,,
train,13,324372,10243.8,0.072221,,
train,13,324472,10246.6,0.067089,,
train,13,324572,10249.4,0.075485,,
train,13,324672,10252.3,0.068021,,
train,13,324772,10255.1,0.073640,,
train,13,324872,10258.0,0.071015,,
train,13,324972,10260.8,0.080472,,
train,13,325072,10263.6,0.075351,,
train,13,325172,10266.5,0.072797,,
train,13,325272,10269.3,0.075001,,
train,13,325372,10272.1,0.069048,,
train,13,325472,10275.0,0.071774,,
train,13,325572,10277.8,0.076631,,
train,13,325672,10280.7,0.077557,,
train,13,325772,10283.5,0.073265,,
train,13,325872,10286.3,0.073853,,
train,13,325972,10289.2,0.073217,,
train,13,326072,10292.0,0.073224,,
train,13,326172,10294.9,0.073927,,
train,13,326272,10297.7,0.070021,,
train,13,326372,10300.5,0.072062,,
train,13,326472,10303.4,0.074773,,
train,13,326572,10306.2,0.070469,,
train,13,326672,10309.1,0.071224,,
train,13,326772,10311.9,0.075900,,
train,13,326872,10314.8,0.074518,,
train,13,326972,10317.6,0.074647,,
train,13,327072,10320.4,0.072314,,
train,13,327172,10323.3,0.074622,,
train,13,327272,10326.1,0.072992,,
train,13,327372,10329.0,0.073680,,
train,13,327472,10331.8,0.081250,,
train,13,327572,10334.6,0.075178,,
train,13,327672,10337.5,0.073892,,
train,13,327772,10340.3,0.073825,,
train,13,327872,10343.2,0.073823,,
train,13,327972,10346.0,0.073430,,
train,13,328072,10348.9,0.072417,,
train,13,328172,10351.7,0.077910,,
train,13,328272,10354.5,0.071230,,
train,13,328372,10357.4,0.074376,,
train,13,328472,10360.2,0.076145,,
train,13,328572,10363.1,0.074246,,
train,13,328672,10365.9,0.075104,,
train,13,328772,10368.7,0.071556,,
train,13,328872,10371.6,0.074293,,
train,13,328972,10374.4,0.073052,,
train,13,329072,10377.3,0.076064,,
train,13,329172,10380.1,0.076697,,
train,13,329272,10382.9,0.073116,,
train,13,329372,10385.8,0.072396,,
train,13,329472,10388.6,0.077940,,
train,13,329572,10391.5,0.075808,,
train,13,329672,10394.3,0.073192,,
train,13,329772,10397.2,0.071768,,
train,13,329872,10400.0,0.072868,,
train,13,329972,10402.8,0.074047,,
train,13,330072,10405.7,0.076193,,
train,13,330172,10408.5,0.070995,,
train,13,330272,10411.4,0.075768,,
train,13,330372,10414.2,0.074989,,
train,13,330472,10417.0,0.071855,,
train,13,330572,10419.9,0.076430,,
train,13,330672,10422.7,0.072655,,
train,13,330772,10425.6,0.070874,,
train,13,330872,10428.4,0.071417,,
train,13,330972,10431.3,0.078136,,
train,13,331072,10434.1,0.071177,,
train,13,331172,10436.9,0.078714,,
train,13,331272,10439.8,0.072130,,
train,13,331372,10442.6,0.071637,,
train,13,331472,10445.5,0.076328,,
train,13,331572,10448.3,0.076543,,
train,13,331672,10451.1,0.075468,,
train,13,331772,10454.0,0.075374,,
train,13,331872,10456.8,0.074159,,
train,13,331972,10459.7,0.071656,,
train,13,332072,10462.5,0.074025,,
train,13,332172,10465.3,0.078578,,
train,13,332272,10468.2,0.076030,,
train,13,332372,10471.0,0.071112,,
train,13,332472,10473.9,0.075459,,
train,13,332572,10476.7,0.074256,,
train,13,332672,10479.5,0.072672,,
train,13,332772,10482.4,0.069491,,
train,13,332872,10485.2,0.071296,,
train,13,332972,10488.1,0.075233,,
train,13,333072,10490.9,0.068809,,
train,13,333172,10493.7,0.074097,,
train,13,333272,10496.6,0.071186,,
train,13,333372,10499.4,0.073269,,
train,13,333472,10502.2,nan,,
train,13,333572,10505.1,0.073363,,
train,13,333672,10507.9,0.079495,,
train,13,333772,10510.8,0.067957,,
train,13,333872,10513.6,0.078045,,
train,13,333972,10516.4,0.074911,,
train,13,334072,10519.3,0.075538,,
train,13,334172,10522.1,0.070135,,
train,13,334272,10525.0,0.067230,,
train,13,334372,10527.8,0.075814,,
train,13,334472,10530.7,0.076813,,
train,13,334572,10533.5,0.065985,,
train,13,334672,10536.4,0.073864,,
train,13,334772,10539.2,0.074699,,
train,13,334872,10542.0,0.071032,,
train,13,334972,10544.9,0.080954,,
train,13,335072,10547.7,0.075240,,
train,13,335172,10550.6,0.073105,,
train,13,335272,10553.4,0.077042,,
train,13,335372,10556.3,0.073600,,
train,13,335472,10559.1,0.074556,,
train,13,335572,10561.9,0.073288,,
train,13,335672,10564.8,0.076338,,
train,13,335772,10567.6,0.074310,,
train,13,335872,10570.5,0.076350,,
train,13,335972,10573.3,0.073141,,
train,13,336072,10576.2,0.073453,,
train,13,336172,10579.0,0.073768,,
train,13,336272,10581.8,0.078759,,
train,13,336372,10584.7,0.075364,,
train,13,336472,10587.5,0.077061,,
train,13,336572,10590.4,0.073140,,
train,13,336672,10593.2,0.077258,,
train,13,336772,10596.1,0.074708,,
train,13,336872,10598.9,0.079079,,
train,13,336972,10601.7,0.078533,,
train,13,337072,10604.6,0.075430,,
train,13,337172,10607.4,0.070428,,
train,13,337272,10610.3,0.074248,,
train,13,337372,10613.1,0.075209,,
train,13,337472,10615.9,0.079406,,
train,13,337572,10618.8,0.076140,,
train,13,337672,10621.6,0.074896,,
train,13,337772,10624.5,0.073291,,
train,13,337872,10627.3,0.074683,,
train,13,337972,10630.2,0.077741,,
train,13,338072,10633.0,0.070448,,
train,13,338172,10635.8,0.079242,,
train,13,338272,10638.7,0.070406,,
train,13,338372,10641.5,0.077276,,
train,13,338472,10644.4,0.074460,,
train,13,338572,10647.2,0.070335,,
train,13,338672,10650.1,0.070612,,
train,13,338772,10652.9,0.077937,,
train,13,338872,10655.7,0.081003,,
train,13,338972,10658.6,0.073089,,
train,13,339072,10661.4,0.075556,,
train,13,339172,10664.3,0.067453,,
train,13,339272,10667.1,0.070676,,
train,13,339372,10669.9,0.068046,,
train,13,339472,10672.8,0.076754,,
train,13,339572,10675.6,0.074234,,
train,13,339672,10678.5,0.078323,,
train,13,339772,10681.3,0.074818,,
train,13,339872,10684.1,0.067917,,
train,13,339972,10687.0,0.074243,,
train,13,340072,10689.8,0.070523,,
train,13,340172,10692.7,0.074115,,
train,13,340272,10695.5,0.072581,,
train,13,340372,10698.3,0.076117,,
train,13,340472,10701.2,0.072867,,
train,13,340572,10704.0,0.074618,,
train,13,340672,10706.9,0.067207,,
train,13,340772,10709.7,0.076787,,
train,13,340872,10712.5,0.072989,,
train,13,340972,10715.4,0.076613,,
train,13,341072,10718.2,0.069118,,
train,13,341172,10721.1,0.079511,,
train,13,341272,10723.9,0.072149,,
train,13,341372,10726.8,0.072452,,
train,13,341472,10729.6,0.073191,,
train,13,341572,10732.4,0.072030,,
train,13,341672,10735.3,0.065314,,
train,13,341772,10738.1,0.076613,,
train,13,341872,10741.0,0.071738,,
train,13,341972,10743.8,0.071370,,
train,13,342072,10746.7,0.076197,,
train,13,342172,10749.5,0.067509,,
val,13,,10828.5,0.066157,0.004272,0.000037
train,14,342316,10832.5,0.074113,,
train,14,342416,10835.3,0.077825,,
train,14,342516,10838.1,0.069490,,
train,14,342616,10841.0,0.073721,,
train,14,342716,10843.8,0.070261,,
train,14,342816,10846.7,0.073098,,
train,14,342916,10849.5,0.076024,,
train,14,343016,10852.3,0.076578,,
train,14,343116,10855.2,0.074551,,
train,14,343216,10858.0,0.073544,,
train,14,343316,10860.9,0.072906,,
train,14,343416,10863.7,0.071196,,
train,14,343516,10866.5,0.072548,,
train,14,343616,10869.4,0.073305,,
train,14,343716,10872.2,0.070782,,
train,14,343816,10875.1,0.070457,,
train,14,343916,10877.9,0.076879,,
train,14,344016,10880.7,0.078145,,
train,14,344116,10883.6,0.071803,,
train,14,344216,10886.4,0.074870,,
train,14,344316,10889.3,0.075589,,
train,14,344416,10892.1,nan,,
train,14,344516,10894.9,0.070765,,
train,14,344616,10897.8,0.070209,,
train,14,344716,10900.6,0.069109,,
train,14,344816,10903.5,0.073723,,
train,14,344916,10906.3,0.073588,,
train,14,345016,10909.1,0.065994,,
train,14,345116,10912.0,0.072396,,
train,14,345216,10914.8,0.074538,,
train,14,345316,10917.6,0.079910,,
train,14,345416,10920.5,0.079433,,
train,14,345516,10923.3,0.070590,,
train,14,345616,10926.2,0.075560,,
train,14,345716,10929.0,0.072633,,
train,14,345816,10931.8,0.071418,,
train,14,345916,10934.7,0.074264,,
train,14,346016,10937.5,0.069401,,
train,14,346116,10940.3,0.074062,,
train,14,346216,10943.2,0.078129,,
train,14,346316,10946.0,0.071495,,
train,14,346416,10948.9,0.068535,,
train,14,346516,10951.7,0.075292,,
train,14,346616,10954.5,0.075442,,
train,14,346716,10957.4,0.071348,,
train,14,346816,10960.2,0.071197,,
train,14,346916,10963.1,0.069455,,
train,14,347016,10965.9,0.073889,,
train,14,347116,10968.7,0.069750,,
train,14,347216,10971.6,0.073385,,
train,14,347316,10974.4,0.074931,,
train,14,347416,10977.3,0.072220,,
train,14,347516,10980.1,0.074310,,
train,14,347616,10983.0,0.074502,,
train,14,347716,10985.8,0.074282,,
train,14,347816,10988.6,0.073587,,
train,14,347916,10991.5,0.068397,,
train,14,348016,10994.3,0.074149,,
train,14,348116,10997.1,0.067454,,
train,14,348216,11000.0,0.078011,,
train,14,348316,11002.8,0.075357,,
train,14,348416,11005.7,0.067450,,
train,14,348516,11008.5,0.073994,,
train,14,348616,11011.3,0.073674,,
train,14,348716,11014.2,0.070144,,
train,14,348816,11017.0,0.068022,,
train,14,348916,11019.9,0.067975,,
train,14,349016,11022.7,0.069264,,
train,14,349116,11025.5,0.072761,,
train,14,349216,11028.4,0.071792,,
train,14,349316,11031.2,0.071305,,
train,14,349416,11034.0,0.072268,,
train,14,349516,11036.9,0.076597,,
train,14,349616,11039.7,0.070385,,
train,14,349716,11042.6,0.072226,,
train,14,349816,11045.4,0.073763,,
train,14,349916,11048.3,0.076666,,
train,14,350016,11051.1,0.076737,,
train,14,350116,11053.9,0.073864,,
train,14,350216,11056.8,0.073930,,
train,14,350316,11059.6,0.072057,,
train,14,350416,11062.5,0.082830,,
train,14,350516,11065.3,0.077535,,
train,14,350616,11068.1,0.073425,,
train,14,350716,11071.0,0.079811,,
train,14,350816,11073.8,0.070679,,
train,14,350916,11076.7,0.073272,,
train,14,351016,11079.5,0.071534,,
train,14,351116,11082.3,0.074679,,
train,14,351216,11085.2,0.073471,,
train,14,351316,11088.0,0.069099,,
train,14,351416,11090.9,0.072684,,
train,14,351516,11093.7,0.078506,,
train,14,351616,11096.5,0.077306,,
train,14,351716,11099.4,0.072243,,
train,14,351816,11102.2,0.074257,,
train,14,351916,11105.1,0.071564,,
train,14,352016,11107.9,0.072591,,
train,14,352116,11110.7,0.068535,,
train,14,352216,11113.6,0.074220,,
train,14,352316,11116.4,0.076483,,
train,14,352416,11119.3,0.074772,,
train,14,352516,11122.1,0.075204,,
train,14,352616,11124.9,0.069646,,
train,14,352716,11127.8,0.077178,,
train,14,352816,11130.6,0.072032,,
train,14,352916,11133.4,0.071001,,
train,14,353016,11136.3,0.068581,,
train,14,353116,11139.1,0.074626,,
train,14,353216,11142.0,0.075603,,
train,14,353316,11144.8,0.072107,,
train,14,353416,11147.6,0.078197,,
train,14,353516,11150.5,0.068050,,
train,14,353616,11153.3,0.073998,,
train,14,353716,11156.2,0.071833,,
train,14,353816,11159.0,0.070137,,
train,14,353916,11161.8,0.071685,,
train,14,354016,11164.7,0.072572,,
train,14,354116,11167.5,0.078225,,
train,14,354216,11170.4,0.069497,,
train,14,354316,11173.2,0.074651,,
train,14,354416,11176.0,0.067688,,
train,14,354516,11178.9,0.074998,,
train,14,354616,11181.7,0.074613,,
train,14,354716,11184.6,0.075007,,
train,14,354816,11187.4,0.075924,,
train,14,354916,11190.2,0.074867,,
train,14,355016,11193.1,0.075076,,
train,14,355116,11195.9,0.068333,,
train,14,355216,11198.7,0.073006,,
train,14,355316,11201.6,0.074476,,
train,14,355416,11204.4,0.076896,,
train,14,355516,11207.3,0.069608,,
train,14,355616,11210.1,0.074538,,
train,14,355716,11212.9,0.078008,,
train,14,355816,11215.8,0.073043,,
train,14,355916,11218.6,0.073689,,
train,14,356016,11221.4,0.073678,,
train,14,356116,11224.3,0.073945,,
train,14,356216,11227.1,0.075967,,
train,14,356316,11230.0,0.076016,,
train,14,356416,11232.8,0.077433,,
train,14,356516,11235.7,0.069047,,
train,14,356616,11238.5,0.069634,,
train,14,356716,11241.3,0.070824,,
train,14,356816,11244.2,0.072354,,
train,14,356916,11247.0,0.072196,,
train,14,357016,11249.9,0.075114,,
train,14,357116,11252.7,0.076612,,
train,14,357216,11255.5,0.076973,,
train,14,357316,11258.4,0.067281,,
train,14,357416,11261.2,0.075063,,
train,14,357516,11264.1,0.076473,,
train,14,357616,11266.9,0.072089,,
train,14,357716,11269.7,0.074864,,
train,14,357816,11272.6,0.069437,,
train,14,357916,11275.4,0.076961,,
train,14,358016,11278.3,0.073993,,
train,14,358116,11281.1,0.073515,,
train,14,358216,11284.0,0.072468,,
train,14,358316,11286.8,0.073241,,
train,14,358416,11289.6,0.072216,,
train,14,358516,11292.5,0.072012,,
train,14,358616,11295.3,0.076421,,
train,14,358716,11298.2,0.074466,,
train,14,358816,11301.0,0.070358,,
train,14,358916,11303.8,0.071940,,
train,14,359016,11306.7,0.070347,,
train,14,359116,11309.5,0.068607,,
train,14,359216,11312.4,0.076065,,
train,14,359316,11315.2,0.076320,,
train,14,359416,11318.0,0.074794,,
train,14,359516,11320.9,0.074978,,
train,14,359616,11323.7,0.074547,,
train,14,359716,11326.6,0.072517,,
train,14,359816,11329.4,0.074525,,
train,14,359916,11332.3,0.073010,,
train,14,360016,11335.1,0.073753,,
train,14,360116,11337.9,0.072381,,
train,14,360216,11340.8,0.072543,,
train,14,360316,11343.6,0.071515,,
train,14,360416,11346.5,0.075945,,
train,14,360516,11349.3,0.072262,,
train,14,360616,11352.1,0.076583,,
train,14,360716,11355.0,0.072823,,
train,14,360816,11357.8,0.073870,,
train,14,360916,11360.7,0.072058,,
train,14,361016,11363.5,0.075575,,
train,14,361116,11366.4,0.076703,,
train,14,361216,11369.2,0.071460,,
train,14,361316,11372.0,0.071020,,
train,14,361416,11374.9,0.078107,,
train,14,361516,11377.7,0.074352,,
train,14,361616,11380.6,0.076366,,
train,14,361716,11383.4,0.073267,,
train,14,361816,11386.3,0.073212,,
train,14,361916,11389.1,0.078082,,
train,14,362016,11391.9,0.069317,,
train,14,362116,11394.8,0.077892,,
train,14,362216,11397.6,0.071226,,
train,14,362316,11400.4,0.074545,,
train,14,362416,11403.3,0.073757,,
train,14,362516,11406.1,0.069575,,
train,14,362616,11409.0,0.074176,,
train,14,362716,11411.8,0.074401,,
train,14,362816,11414.6,0.075327,,
train,14,362916,11417.5,0.071399,,
train,14,363016,11420.3,0.073488,,
train,14,363116,11423.2,0.073955,,
train,14,363216,11426.0,0.070729,,
train,14,363316,11428.8,0.078811,,
train,14,363416,11431.7,0.072315,,
train,14,363516,11434.5,0.074845,,
train,14,363616,11437.4,0.080066,,
train,14,363716,11440.2,0.075124,,
train,14,363816,11443.0,0.078598,,
train,14,363916,11445.9,0.076502,,
train,14,364016,11448.7,0.071841,,
train,14,364116,11451.6,0.069809,,
train,14,364216,11454.4,0.070764,,
train,14,364316,11457.2,0.070557,,
train,14,364416,11460.1,0.070900,,
train,14,364516,11462.9,0.074312,,
train,14,364616,11465.8,0.076516,,
train,14,364716,11468.6,0.068770,,
train,14,364816,11471.5,0.068483,,
train,14,364916,11474.3,0.076100,,
train,14,365016,11477.1,0.074950,,
train,14,365116,11480.0,0.071099,,
train,14,365216,11482.8,0.071172,,
train,14,365316,11485.7,0.068405,,
train,14,365416,11488.5,0.072268,,
train,14,365516,11491.3,0.076017,,
train,14,365616,11494.2,0.075181,,
train,14,365716,11497.0,0.074715,,
train,14,365816,11499.9,0.072608,,
train,14,365916,11502.7,0.076310,,
train,14,366016,11505.6,0.070735,,
train,14,366116,11508.4,0.070875,,
train,14,366216,11511.3,0.074181,,
train,14,366316,11514.1,0.068116,,
train,14,366416,11516.9,0.069400,,
train,14,366516,11519.8,0.073455,,
train,14,366616,11522.6,0.075149,,
val,14,,11601.6,0.065525,0.004259,0.000037
train,15,366760,11605.6,0.066596,,
train,15,366860,11608.5,0.075167,,
train,15,366960,11611.3,0.075115,,
train,15,367060,11614.1,0.074990,,
train,15,367160,11617.0,0.071837,,
train,15,367260,11619.8,0.075202,,
train,15,367360,11622.6,0.081250,,
train,15,367460,11625.5,0.074961,,
train,15,367560,11628.3,0.068998,,
train,15,367660,11631.2,0.070492,,
train,15,367760,11634.0,0.075429,,
train,15,367860,11636.8,0.071672,,
train,15,367960,11639.7,0.073664,,
train,15,368060,11642.5,0.078195,,
train,15,368160,11645.4,0.071729,,
train,15,368260,11648.2,0.067223,,
train,15,368360,11651.0,0.072024,,
train,15,368460,11653.9,0.077223,,
train,15,368560,11656.7,0.072146,,
train,15,368660,11659.6,0.069839,,
train,15,368760,11662.4,0.074482,,
train,15,368860,11665.3,0.079053,,
train,15,368960,11668.1,0.080104,,
train,15,369060,11670.9,0.073051,,
train,15,369160,11673.8,0.070980,,
train,15,369260,11676.6,0.070280,,
train,15,369360,11679.5,0.075693,,
train,15,369460,11682.3,0.074951,,
train,15,369560,11685.1,0.071948,,
train,15,369660,11688.0,0.071196,,
train,15,369760,11690.8,0.068798,,
train,15,369860,11693.7,0.073902,,
train,15,369960,11696.5,0.074671,,
train,15,370060,11699.4,0.069774,,
train,15,370160,11702.2,0.070334,,
train,15,370260,11705.0,0.072746,,
train,15,370360,11707.9,0.073172,,
train,15,370460,11710.7,0.074023,,
train,15,370560,11713.5,0.071228,,
train,15,370660,11716.4,0.072090,,
train,15,370760,11719.2,0.069169,,
train,15,370860,11722.1,0.073898,,
train,15,370960,11724.9,0.081203,,
train,15,371060,11727.7,0.070329,,
train,15,371160,11730.6,0.069120,,
train,15,371260,11733.4,0.071942,,
train,15,371360,11736.3,0.074422,,
train,15,371460,11739.1,0.069803,,
train,15,371560,11741.9,0.075535,,
train,15,371660,11744.8,0.071982,,
train,15,371760,11747.6,0.079299,,
train,15,371860,11750.4,0.073794,,
train,15,371960,11753.3,0.074199,,
train,15,372060,11756.1,0.078714,,
train,15,372160,11759.0,0.072758,,
train,15,372260,11761.8,0.072528,,
train,15,372360,11764.6,0.069028,,
train,15,372460,11767.5,0.069789,,
train,15,372560,11770.3,0.071426,,
train,15,372660,11773.1,0.075134,,
train,15,372760,11776.0,0.072160,,
train,15,372860,11778.8,0.071068,,
train,15,372960,11781.7,0.077156,,
train,15,373060,11784.5,0.075299,,
train,15,373160,11787.3,0.073175,,
train,15,373260,11790.2,0.080668,,
train,15,373360,11793.0,0.073101,,
train,15,373460,11795.9,0.073682,,
train,15,373560,11798.7,0.073294,,
train,15,373660,11801.5,0.070655,,
train,15,373760,11804.4,0.072682,,
train,15,373860,11807.2,0.069072,,
train,15,373960,11810.1,0.071826,,
train,15,374060,11812.9,0.073664,,
train,15,374160,11815.7,0.071009,,
train,15,374260,11818.6,0.069182,,
train,15,374360,11821.4,0.074767,,
train,15,374460,11824.2,0.072772,,
train,15,374560,11827.1,0.071951,,
train,15,374660,11829.9,0.075054,,
train,15,374760,11832.8,0.074301,,
train,15,374860,11835.6,0.072873,,
train,15,374960,11838.4,0.070402,,
train,15,375060,11841.3,0.072181,,
train,15,375160,11844.1,0.072537,,
train,15,375260,11847.0,0.072943,,
train,15,375360,11849.8,0.073570,,
train,15,375460,11852.6,0.073746,,
train,15,375560,11855.5,0.066488,,
train,15,375660,11858.3,0.072118,,
train,15,375760,11861.2,0.075144,,
train,15,375860,11864.0,0.073727,,
train,15,375960,11866.8,0.074183,,
train,15,376060,11869.7,0.075479,,
train,15,376160,11872.5,0.072745,,
train,15,376260,11875.4,0.075279,,
train,15,376360,11878.2,0.068866,,
train,15,376460,11881.0,0.073090,,
train,15,376560,11883.9,0.076433,,
train,15,376660,11886.7,0.071192,,
train,15,376760,11889.6,0.070576,,
train,15,376860,11892.4,0.073801,,
train,15,376960,11895.2,0.073198,,
train,15,377060,11898.1,0.071482,,
train,15,377160,11900.9,0.075632,,
train,15,377260,11903.8,0.072589,,
train,15,377360,11906.6,0.068106,,
train,15,377460,11909.4,0.076083,,
train,15,377560,11912.3,0.069922,,
train,15,377660,11915.1,0.074970,,
train,15,377760,11917.9,0.068533,,
train,15,377860,11920.8,0.072047,,
train,15,377960,11923.6,0.071282,,
train,15,378060,11926.5,0.072092,,
train,15,378160,11929.3,0.072012,,
train,15,378260,11932.1,0.077474,,
train,15,378360,11935.0,0.071093,,
train,15,378460,11937.8,0.073440,,
train,15,378560,11940.6,0.071538,,
train,15,378660,11943.5,0.076511,,
train,15,378760,11946.3,0.073231,,
train,15,378860,11949.2,0.070937,,
train,15,378960,11952.0,0.070772,,
train,15,379060,11954.8,0.071348,,
train,15,379160,11957.7,0.075387,,
train,15,379260,11960.5,0.073164,,
train,15,379360,11963.3,0.075570,,
train,15,379460,11966.2,0.072556,,
train,15,379560,11969.0,0.075646,,
train,15,379660,11971.9,0.077093,,
train,15,379760,11974.7,0.076280,,
train,15,379860,11977.5,0.074947,,
train,15,379960,11980.4,0.075374,,
train,15,380060,11983.2,0.078772,,
train,15,380160,11986.1,0.070148,,
train,15,380260,11988.9,0.072367,,
train,15,380360,11991.7,0.065548,,
train,15,380460,11994.6,0.073100,,
train,15,380560,11997.4,0.079175,,
train,15,380660,12000.2,0.076509,,
train,15,380760,12003.1,0.076587,,
train,15,380860,12005.9,0.065476,,
train,15,380960,12008.8,0.072409,,
train,15,381060,12011.6,0.072078,,
train,15,381160,12014.4,0.067885,,
train,15,381260,12017.3,0.076026,,
train,15,381360,12020.1,0.074118,,
train,15,381460,12023.0,0.077463,,
train,15,381560,12025.8,0.076563,,
train,15,381660,12028.6,0.071754,,
train,15,381760,12031.5,0.077264,,
train,15,381860,12034.3,0.074788,,
train,15,381960,12037.2,0.073940,,
train,15,382060,12040.0,0.070934,,
train,15,382160,12042.8,0.071964,,
train,15,382260,12045.7,0.068253,,
train,15,382360,12048.5,0.074963,,
train,15,382460,12051.4,0.069862,,
train,15,382560,12054.2,0.075868,,
train,15,382660,12057.0,0.071238,,
train,15,382760,12059.9,0.079263,,
train,15,382860,12062.7,0.070279,,
train,15,382960,12065.6,0.074199,,
train,15,383060,12068.4,0.073244,,
train,15,383160,12071.2,0.073793,,
train,15,383260,12074.1,0.068973,,
train,15,383360,12076.9,nan,,
train,15,383460,12079.8,0.075632,,
train,15,383560,12082.6,0.076140,,
train,15,383660,12085.4,0.070629,,
train,15,383760,12088.3,0.070809,,
train,15,383860,12091.1,0.073656,,
train,15,383960,12094.0,0.074901,,
train,15,384060,12096.8,0.077600,,
train,15,384160,12099.6,0.072426,,
train,15,384260,12102.5,0.073743,,
train,15,384360,12105.3,0.074754,,
train,15,384460,12108.2,0.072020,,
train,15,384560,12111.0,0.072522,,
train,15,384660,12113.8,0.071156,,
train,15,384760,12116.7,0.073019,,
train,15,384860,12119.5,0.070214,,
train,15,384960,12122.4,0.069651,,
train,15,385060,12125.2,0.071134,,
train,15,385160,12128.0,0.074201,,
train,15,385260,12130.9,0.070628,,
train,15,385360,12133.7,0.071725,,
train,15,385460,12136.6,0.072228,,
train,15,385560,12139.4,0.073679,,
train,15,385660,12142.2,0.067622,,
train,15,385760,12145.1,0.072787,,
train,15,385860,12147.9,0.077882,,
train,15,385960,12150.8,0.074115,,
train,15,386060,12153.6,0.069827,,
train,15,386160,12156.4,0.077788,,
train,15,386260,12159.3,0.072027,,
train,15,386360,12162.1,0.071701,,
train,15,386460,12165.0,0.072673,,
train,15,386560,12167.8,0.072342,,
train,15,386660,12170.6,0.071968,,
train,15,386760,12173.5,0.074482,,
train,15,386860,12176.3,0.068428,,
train,15,386960,12179.2,0.072244,,
train,15,387060,12182.0,0.068104,,
train,15,387160,12184.8,0.071707,,
train,15,387260,12187.7,0.070744,,
train,15,387360,12190.5,0.078050,,
train,15,387460,12193.4,0.072984,,
train,15,387560,12196.2,0.069087,,
train,15,387660,12199.0,0.073139,,
train,15,387760,12201.9,0.070150,,
train,15,387860,12204.7,0.072431,,
train,15,387960,12207.6,0.072765,,
train,15,388060,12210.4,0.072257,,
train,15,388160,12213.2,0.077244,,
train,15,388260,12216.1,0.073652,,
train,15,388360,12218.9,0.076019,,
train,15,388460,12221.7,0.069006,,
train,15,388560,12224.6,0.074468,,
train,15,388660,12227.4,0.071253,,
train,15,388760,12230.3,0.074416,,
train,15,388860,12233.1,0.069972,,
train,15,388960,12235.9,0.070492,,
train,15,389060,12238.8,0.076218,,
train,15,389160,12241.6,0.070930,,
train,15,389260,12244.5,0.069179,,
train,15,389360,12247.3,0.072362,,
train,15,389460,12250.1,0.069728,,
train,15,389560,12253.0,0.071901,,
train,15,389660,12255.8,0.074617,,
train,15,389760,12258.7,0.068146,,
train,15,389860,12261.5,0.073286,,
train,15,389960,12264.3,0.071803,,
train,15,390060,12267.2,0.078824,,
train,15,390160,12270.0,0.078431,,
train,15,390260,12272.9,0.074716,,
train,15,390360,12275.7,0.073041,,
train,15,390460,12278.5,0.069127,,
train,15,390560,12281.4,0.073045,,
train,15,390660,12284.2,0.068641,,
train,15,390760,12287.1,0.069432,,
train,15,390860,12289.9,0.070725,,
train,15,390960,12292.7,0.071140,,
train,15,391060,12295.6,0.073529,,
val,15,,12374.8,0.065728,0.004243,0.000037
train,16,391204,12378.3,0.069003,,
train,16,391304,12381.2,0.066034,,
train,16,391404,12384.0,0.073404,,
train,16,391504,12386.9,0.075562,,
train,16,391604,12389.7,0.067880,,
train,16,391704,12392.5,0.072907,,
train,16,391804,12395.4,0.066751,,
train,16,391904,12398.2,0.074724,,
train,16,392004,12401.1,0.072872,,
train,16,392104,12403.9,0.070450,,
train,16,392204,12406.7,0.072138,,
train,16,392304,12409.6,0.072806,,
train,16,392404,12412.4,0.068419,,
train,16,392504,12415.3,0.075529,,
train,16,392604,12418.1,0.065610,,
train,16,392704,12421.0,0.074323,,
train,16,392804,12423.8,0.075389,,
train,16,392904,12426.6,0.073043,,
train,16,393004,12429.5,0.070408,,
train,16,393104,12432.3,0.070537,,
train,16,393204,12435.2,0.071738,,
train,16,393304,12438.0,0.072625,,
train,16,393404,12440.9,0.071230,,
train,16,393504,12443.7,nan,,
train,16,393604,12446.6,0.073038,,
train,16,393704,12449.4,0.078913,,
train,16,393804,12452.3,0.072253,,
train,16,393904,12455.1,0.072123,,
train,16,394004,12457.9,0.073215,,
train,16,394104,12460.8,0.072951,,
train,16,394204,12463.6,0.071118,,
train,16,394304,12466.5,0.074717,,
train,16,394404,12469.3,0.072086,,
train,16,394504,12472.2,0.072771,,
train,16,394604,12475.0,0.072572,,
train,16,394704,12477.9,0.072545,,
train,16,394804,12480.7,0.075554,,
train,16,394904,12483.5,0.074096,,
train,16,395004,12486.4,0.072235,,
train,16,395104,12489.2,0.072327,,
train,16,395204,12492.1,0.071898,,
train,16,395304,12494.9,0.074469,,
train,16,395404,12497.8,0.073018,,
train,16,395504,12500.6,0.073783,,
train,16,395604,12503.5,0.074610,,
train,16,395704,12506.3,0.076278,,
train,16,395804,12509.1,0.070858,,
train,16,395904,12512.0,0.069679,,
train,16,396004,12514.8,0.070930,,
train,16,396104,12517.7,0.074533,,
train,16,396204,12520.5,0.068955,,
train,16,396304,12523.3,0.072937,,
train,16,396404,12526.2,0.069343,,
train,16,396504,12529.0,0.067700,,
train,16,396604,12531.9,0.070504,,
train,16,396704,12534.7,0.072651,,
train,16,396804,12537.6,0.072435,,
train,16,396904,12540.4,0.068744,,
train,16,397004,12543.3,0.076254,,
train,16,397104,12546.1,0.072300,,
train,16,397204,12548.9,0.069638,,
train,16,397304,12551.8,0.070648,,
train,16,397404,12554.6,0.074229,,
train,16,397504,12557.5,0.072651,,
train,16,397604,12560.3,0.074678,,
train,16,397704,12563.2,0.071052,,
train,16,397804,12566.0,0.073534,,
train,16,397904,12568.9,0.074973,,
train,16,398004,12571.7,0.075878,,
train,16,398104,12574.5,0.073814,,
train,16,398204,12577.4,0.070132,,
train,16,398304,12580.2,0.070444,,
train,16,398404,12583.1,0.070056,,
train,16,398504,12585.9,0.072043,,
train,16,398604,12588.7,0.072910,,
train,16,398704,12591.6,0.071154,,
train,16,398804,12594.4,0.074139,,
train,16,398904,12597.3,0.076888,,
train,16,399004,12600.1,0.070578,,
train,16,399104,12603.0,0.071970,,
train,16,399204,12605.8,0.080210,,
train,16,399304,12608.6,0.073271,,
train,16,399404,12611.5,0.066663,,
train,16,399504,12614.3,0.076635,,
train,16,399604,12617.2,0.074900,,
train,16,399704,12620.0,0.070780,,
train,16,399804,12622.9,0.071405,,
train,16,399904,12625.7,0.072127,,
train,16,400004,12628.6,0.076686,,
train,16,400104,12631.4,0.076568,,
train,16,400204,12634.2,0.075237,,
train,16,400304,12637.1,0.074805,,
train,16,400404,12639.9,0.069521,,
train,16,400504,12642.8,0.068658,,
train,16,400604,12645.6,0.074547,,
train,16,400704,12648.5,0.070614,,
train,16,400804,12651.3,0.068387,,
train,16,400904,12654.2,0.071414,,
train,16,401004,12657.0,0.072474,,
train,16,401104,12659.8,0.073482,,
train,16,401204,12662.7,0.072002,,
train,16,401304,12665.5,0.068498,,
train,16,401404,12668.4,0.071396,,
train,16,401504,12671.2,0.073992,,
train,16,401604,12674.1,0.074514,,
train,16,401704,12676.9,0.069388,,
train,16,401804,12679.7,0.071395,,
train,16,401904,12682.6,0.071928,,
train,16,402004,12685.4,0.070989,,
train,16,402104,12688.3,0.069445,,
train,16,402204,12691.1,0.074997,,
train,16,402304,12694.0,0.072482,,
train,16,402404,12696.8,0.076180,,
train,16,402504,12699.7,0.072362,,
train,16,402604,12702.5,0.069614,,
train,16,402704,12705.3,0.076216,,
train,16,402804,12708.2,0.081167,,
train,16,402904,12711.0,0.068621,,
train,16,403004,12713.9,0.075071,,
train,16,403104,12716.7,0.072177,,
train,16,403204,12719.5,0.066381,,
train,16,403304,12722.4,0.069943,,
train,16,403404,12725.2,0.070828,,
train,16,403504,12728.1,0.079778,,
train,16,403604,12730.9,0.073688,,
train,16,403704,12733.8,0.071768,,
train,16,403804,12736.6,0.074593,,
train,16,403904,12739.4,0.071533,,
train,16,404004,12742.3,0.068780,,
train,16,404104,12745.1,0.076247,,
train,16,404204,12748.0,0.071054,,
train,16,404304,12750.8,0.070623,,
train,16,404404,12753.7,0.071534,,
train,16,404504,12756.5,0.068768,,
train,16,404604,12759.4,0.076318,,
train,16,404704,12762.2,0.073532,,
train,16,404804,12765.0,0.074318,,
train,16,404904,12767.9,0.074071,,
train,16,405004,12770.7,0.070184,,
train,16,405104,12773.6,0.070023,,
train,16,405204,12776.4,0.073222,,
train,16,405304,12779.3,0.075525,,
train,16,405404,12782.1,0.071017,,
train,16,405504,12784.9,0.074218,,
train,16,405604,12787.8,0.066827,,
train,16,405704,12790.6,0.072618,,
train,16,405804,12793.5,0.076884,,
train,16,405904,12796.3,0.070989,,
train,16,406004,12799.1,0.072605,,
train,16,406104,12802.0,0.075681,,
train,16,406204,12804.8,0.075789,,
train,16,406304,12807.7,0.070302,,
train,16,406404,12810.5,0.073077,,
train,16,406504,12813.3,0.073445,,
train,16,406604,12816.2,0.075573,,
train,16,406704,12819.0,0.068087,,
train,16,406804,12821.9,0.071506,,
train,16,406904,12824.7,0.069137,,
train,16,407004,12827.6,0.074360,,
train,16,407104,12830.4,0.070371,,
train,16,407204,12833.2,0.071676,,
train,16,407304,12836.1,0.077682,,
train,16,407404,12838.9,0.070284,,
train,16,407504,12841.8,0.072501,,
train,16,407604,12844.6,0.080950,,
train,16,407704,12847.4,0.078671,,
train,16,407804,12850.3,0.072093,,
train,16,407904,12853.1,0.071257,,
train,16,408004,12856.0,0.075949,,
train,16,408104,12858.8,0.075250,,
train,16,408204,12861.7,0.075076,,
train,16,408304,12864.5,0.073707,,
train,16,408404,12867.3,0.066982,,
train,16,408504,12870.2,0.070427,,
train,16,408604,12873.0,0.074098,,
train,16,408704,12875.9,0.078754,,
train,16,408804,12878.7,0.070334,,
train,16,408904,12881.6,0.071347,,
train,16,409004,12884.4,0.074210,,
train,16,409104,12887.2,0.077090,,
train,16,409204,12890.1,0.074614,,
train,16,409304,12892.9,0.069820,,
train,16,409404,12895.8,0.073118,,
train,16,409504,12898.6,0.072461,,
train,16,409604,12901.4,0.071549,,
train,16,409704,12904.3,0.067999,,
train,16,409804,12907.1,0.066685,,
train,16,409904,12910.0,0.073271,,
train,16,410004,12912.8,0.071631,,
train,16,410104,12915.7,0.071122,,
train,16,410204,12918.5,0.072106,,
train,16,410304,12921.3,0.075810,,
train,16,410404,12924.2,0.071212,,
train,16,410504,12927.0,0.075885,,
train,16,410604,12929.9,0.073764,,
train,16,410704,12932.7,0.072875,,
train,16,410804,12935.6,0.074243,,
train,16,410904,12938.4,0.074154,,
train,16,411004,12941.2,0.073706,,
train,16,411104,12944.1,0.075153,,
train,16,411204,12946.9,0.077561,,
train,16,411304,12949.8,0.074646,,
train,16,411404,12952.6,0.067702,,
train,16,411504,12955.5,0.073252,,
train,16,411604,12958.3,0.069996,,
train,16,411704,12961.2,0.077095,,
train,16,411804,12964.0,0.070529,,
train,16,411904,12966.9,0.070094,,
train,16,412004,12969.7,0.066917,,
train,16,412104,12972.5,0.070110,,
train,16,412204,12975.4,0.072048,,
train,16,412304,12978.2,0.070415,,
train,16,412404,12981.1,0.067504,,
train,16,412504,12983.9,0.070452,,
train,16,412604,12986.8,0.070003,,
train,16,412704,12989.6,0.069553,,
train,16,412804,12992.4,0.075027,,
train,16,412904,12995.3,0.070735,,
train,16,413004,12998.1,0.072729,,
train,16,413104,13001.0,0.072819,,
train,16,413204,13003.8,0.074002,,
train,16,413304,13006.6,0.069043,,
train,16,413404,13009.5,0.070044,,
train,16,413504,13012.3,0.074169,,
train,16,413604,13015.2,0.074317,,
train,16,413704,13018.0,0.072950,,
train,16,413804,13020.9,0.071059,,
train,16,413904,13023.7,0.069300,,
train,16,414004,13026.5,0.074861,,
train,16,414104,13029.4,0.068859,,
train,16,414204,13032.2,0.069022,,
train,16,414304,13035.1,0.071338,,
train,16,414404,13037.9,0.071740,,
train,16,414504,13040.8,0.071077,,
train,16,414604,13043.6,0.066581,,
train,16,414704,13046.4,0.068276,,
train,16,414804,13049.3,0.069936,,
train,16,414904,13052.1,0.069943,,
train,16,415004,13055.0,0.070302,,
train,16,415104,13057.8,0.076355,,
train,16,415204,13060.6,0.072902,,
train,16,415304,13063.5,0.065630,,
train,16,415404,13066.3,0.070231,,
train,16,415504,13069.2,0.069065,,
val,16,,13148.0,0.064889,0.004225,0.000037
train,17,415648,13152.0,0.071900,,
train,17,415748,13154.8,0.077221,,
train,17,415848,13157.7,0.074663,,
train,17,415948,13160.5,0.071591,,
train,17,416048,13163.3,0.071448,,
train,17,416148,13166.2,0.069788,,
train,17,416248,13169.0,0.069525,,
train,17,416348,13171.8,0.075283,,
train,17,416448,13174.7,0.071896,,
train,17,416548,13177.5,0.072523,,
train,17,416648,13180.4,0.072093,,
train,17,416748,13183.2,0.070242,,
train,17,416848,13186.0,0.073075,,
train,17,416948,13188.9,0.073244,,
train,17,417048,13191.7,0.069578,,
train,17,417148,13194.5,0.076065,,
train,17,417248,13197.4,nan,,
train,17,417348,13200.2,0.067439,,
train,17,417448,13203.1,0.065806,,
train,17,417548,13205.9,0.070905,,
train,17,417648,13208.7,0.077032,,
train,17,417748,13211.6,0.075720,,
train,17,417848,13214.4,0.071221,,
train,17,417948,13217.2,0.071083,,
train,17,418048,13220.1,0.075594,,
train,17,418148,13222.9,0.067829,,
train,17,418248,13225.8,0.070203,,
train,17,418348,13228.6,0.073441,,
train,17,418448,13231.4,0.074973,,
train,17,418548,13234.3,0.069175,,
train,17,418648,13237.1,0.074487,,
train,17,418748,13240.0,0.074792,,
train,17,418848,13242.8,0.069182,,
train,17,418948,13245.6,0.068134,,
train,17,419048,13248.5,0.075648,,
train,17,419148,13251.3,0.071998,,
train,17,419248,13254.2,0.068556,,
train,17,419348,13257.0,0.073292,,
train,17,419448,13259.9,0.072690,,
train,17,419548,13262.7,0.071957,,
train,17,419648,13265.5,0.080736,,
train,17,419748,13268.4,0.071865,,
train,17,419848,13271.2,0.066653,,
train,17,419948,13274.1,0.073533,,
train,17,420048,13276.9,0.070892,,
train,17,420148,13279.7,0.073218,,
train,17,420248,13282.6,0.073427,,
train,17,420348,13285.4,0.065738,,
train,17,420448,13288.3,0.072130,,
train,17,420548,13291.1,0.068138,,
train,17,420648,13294.0,0.075993,,
train,17,420748,13296.8,0.076873,,
train,17,420848,13299.6,0.075609,,
train,17,420948,13302.5,0.076971,,
train,17,421048,13305.3,0.073794,,
train,17,421148,13308.2,0.070437,,
train,17,421248,13311.0,0.067841,,
train,17,421348,13313.8,0.071764,,
train,17,421448,13316.7,0.073357,,
train,17,421548,13319.5,0.072675,,
train,17,421648,13322.4,0.070719,,
train,17,421748,13325.2,0.075143,,
train,17,421848,13328.0,0.069975,,
train,17,421948,13330.9,0.069887,,
train,17,422048,13333.7,0.070633,,
train,17,422148,13336.5,0.071075,,
train,17,422248,13339.4,0.068337,,
train,17,422348,13342.2,0.075197,,
train,17,422448,13345.0,0.067767,,
train,17,422548,13347.9,0.072728,,
train,17,422648,13350.7,0.076909,,
train,17,422748,13353.5,0.066279,,
train,17,422848,13356.4,0.069369,,
train,17,422948,13359.2,0.074801,,
train,17,423048,13362.1,0.073860,,
train,17,423148,13364.9,0.065722,,
train,17,423248,13367.7,0.073538,,
train,17,423348,13370.6,0.076617,,
train,17,423448,13373.4,0.073116,,
train,17,423548,13376.3,0.072348,,
train,17,423648,13379.1,0.071812,,
train,17,423748,13381.9,0.070802,,
train,17,423848,13384.8,0.069690,,
train,17,423948,13387.6,0.076061,,
train,17,424048,13390.5,0.074981,,
train,17,424148,13393.3,0.074769,,
train,17,424248,13396.1,0.074289,,
train,17,424348,13399.0,0.070571,,
train,17,424448,13401.8,0.072697,,
train,17,424548,13404.6,0.070591,,
train,17,424648,13407.5,0.071382,,
train,17,424748,13410.3,0.070244,,
train,17,424848,13413.1,0.077188,,
train,17,424948,13416.0,0.072567,,
train,17,425048,13418.8,0.065485,,
train,17,425148,13421.7,0.071943,,
train,17,425248,13424.5,0.068154,,
train,17,425348,13427.3,0.070312,,
train,17,425448,13430.2,0.068432,,
train,17,425548,13433.0,0.071911,,
train,17,425648,13435.8,0.074066,,
train,17,425748,13438.7,0.074335,,
train,17,425848,13441.5,0.071881,,
train,17,425948,13444.4,0.072060,,
train,17,426048,13447.2,0.067493,,
train,17,426148,13450.0,0.073129,,
train,17,426248,13452.9,0.074944,,
train,17,426348,13455.7,0.070765,,
train,17,426448,13458.5,0.067933,,
train,17,426548,13461.4,0.067881,,
train,17,426648,13464.2,0.073280,,
train,17,426748,13467.1,0.073197,,
train,17,426848,13469.9,0.070787,,
train,17,426948,13472.7,0.074913,,
train,17,427048,13475.6,0.071260,,
train,17,427148,13478.4,0.070403,,
train,17,427248,13481.3,0.071805,,
train,17,427348,13484.1,0.072780,,
train,17,427448,13486.9,0.073097,,
train,17,427548,13489.8,0.071878,,
train,17,427648,13492.6,0.070562,,
train,17,427748,13495.4,0.075503,,
train,17,427848,13498.3,0.071788,,
train,17,427948,13501.1,0.069372,,
train,17,428048,13504.0,0.069886,,
train,17,428148,13506.8,0.080942,,
train,17,428248,13509.7,0.075549,,
train,17,428348,13512.5,0.066744,,
train,17,428448,13515.3,0.069557,,
train,17,428548,13518.2,0.077244,,
train,17,428648,13521.0,0.075116,,
train,17,428748,13523.9,0.067386,,
train,17,428848,13526.7,0.071914,,
train,17,428948,13529.5,0.072411,,
train,17,429048,13532.4,0.069901,,
train,17,429148,13535.2,0.069141,,
train,17,429248,13538.0,0.070400,,
train,17,429348,13540.9,0.065951,,
train,17,429448,13543.7,0.073259,,
train,17,429548,13546.6,0.073486,,
train,17,429648,13549.4,0.073547,,
train,17,429748,13552.2,0.074540,,
train,17,429848,13555.1,0.068453,,
train,17,429948,13557.9,0.076574,,
train,17,430048,13560.8,0.069342,,
train,17,430148,13563.6,0.070319,,
train,17,430248,13566.4,0.067909,,
train,17,430348,13569.3,0.069960,,
train,17,430448,13572.1,0.071082,,
train,17,430548,13575.0,0.071327,,
train,17,430648,13577.8,0.076396,,
train,17,430748,13580.6,0.071306,,
train,17,430848,13583.5,0.070174,,
train,17,430948,13586.3,0.076028,,
train,17,431048,13589.2,0.070753,,
train,17,431148,13592.0,0.077403,,
train,17,431248,13594.8,0.073948,,
train,17,431348,13597.7,0.069666,,
train,17,431448,13600.5,0.070334,,
train,17,431548,13603.3,0.072970,,
train,17,431648,13606.2,0.071678,,
train,17,431748,13609.0,0.072958,,
train,17,431848,13611.9,0.068377,,
train,17,431948,13614.7,0.071833,,
train,17,432048,13617.5,0.070201,,
train,17,432148,13620.4,0.070892,,
train,17,432248,13623.2,0.072426,,
train,17,432348,13626.0,0.068045,,
train,17,432448,13628.9,0.073480,,
train,17,432548,13631.7,0.081513,,
train,17,432648,13634.6,0.071061,,
train,17,432748,13637.4,0.070626,,
train,17,432848,13640.2,0.069432,,
train,17,432948,13643.1,0.066510,,
train,17,433048,13645.9,0.074346,,
train,17,433148,13648.7,0.075209,,
train,17,433248,13651.6,0.069461,,
train,17,433348,13654.4,0.068782,,
train,17,433448,13657.2,0.073084,,
train,17,433548,13660.1,0.071159,,
train,17,433648,13662.9,0.075100,,
train,17,433748,13665.8,0.077076,,
train,17,433848,13668.6,0.073991,,
train,17,433948,13671.4,0.074601,,
train,17,434048,13674.3,0.073414,,
train,17,434148,13677.1,0.071348,,
train,17,434248,13680.0,0.069991,,
train,17,434348,13682.8,0.070689,,
train,17,434448,13685.6,0.072446,,
train,17,434548,13688.5,0.072161,,
train,17,434648,13691.3,0.072260,,
train,17,434748,13694.2,0.074838,,
train,17,434848,13697.0,0.067176,,
train,17,434948,13699.8,0.074491,,
train,17,435048,13702.7,0.073300,,
train,17,435148,13705.5,0.072633,,
train,17,435248,13708.4,0.072365,,
train,17,435348,13711.2,0.074710,,
train,17,435448,13714.1,0.072548,,
train,17,435548,13716.9,0.069775,,
train,17,435648,13719.7,0.073113,,
train,17,435748,13722.6,0.073385,,
train,17,435848,13725.4,0.073129,,
train,17,435948,13728.3,0.074317,,
train,17,436048,13731.1,0.072443,,
train,17,436148,13733.9,0.069512,,
train,17,436248,13736.8,0.072482,,
train,17,436348,13739.6,0.070798,,
train,17,436448,13742.5,0.074991,,
train,17,436548,13745.3,0.067481,,
train,17,436648,13748.1,0.072509,,
train,17,436748,13751.0,0.071248,,
train,17,436848,13753.8,0.065305,,
train,17,436948,13756.7,0.075546,,
train,17,437048,13759.5,0.073392,,
train,17,437148,13762.4,0.071645,,
train,17,437248,13765.2,0.071658,,
train,17,437348,13768.0,0.073357,,
train,17,437448,13770.9,0.071430,,
train,17,437548,13773.7,0.073876,,
train,17,437648,13776.6,0.074363,,
train,17,437748,13779.4,0.075510,,
train,17,437848,13782.2,0.073714,,
train,17,437948,13785.1,0.070006,,
train,17,438048,13787.9,0.069967,,
train,17,438148,13790.8,0.070297,,
train,17,438248,13793.6,0.069053,,
train,17,438348,13796.4,0.067877,,
train,17,438448,13799.3,0.066239,,
train,17,438548,13802.1,0.072903,,
train,17,438648,13804.9,0.068569,,
train,17,438748,13807.8,0.077589,,
train,17,438848,13810.6,0.073161,,
train,17,438948,13813.5,0.077174,,
train,17,439048,13816.3,0.069682,,
train,17,439148,13819.1,0.071533,,
train,17,439248,13822.0,0.069202,,
train,17,439348,13824.8,0.078574,,
train,17,439448,13827.7,0.074487,,
train,17,439548,13830.5,0.070157,,
train,17,439648,13833.3,0.068630,,
train,17,439748,13836.2,0.067275,,
train,17,439848,13839.0,0.070439,,
train,17,439948,13841.9,0.076408,,
val,17,,13920.8,0.064929,0.004214,0.000037
train,18,440092,13924.4,0.069903,,
train,18,440192,13927.2,0.068095,,
train,18,440292,13930.1,0.071178,,
train,18,440392,13932.9,0.069830,,
train,18,440492,13935.8,0.063957,,
train,18,440592,13938.6,0.068392,,
train,18,440692,13941.5,0.072623,,
train,18,440792,13944.3,0.070803,,
train,18,440892,13947.1,0.075088,,
train,18,440992,13950.0,0.073501,,
train,18,441092,13952.8,0.071868,,
train,18,441192,13955.6,0.073538,,
train,18,441292,13958.5,0.078983,,
train,18,441392,13961.3,0.071221,,
train,18,441492,13964.2,0.063902,,
train,18,441592,13967.0,0.067778,,
train,18,441692,13969.8,0.066140,,
train,18,441792,13972.7,0.070290,,
train,18,441892,13975.5,0.070686,,
train,18,441992,13978.3,0.070203,,
train,18,442092,13981.2,0.069937,,
train,18,442192,13984.0,0.070465,,
train,18,442292,13986.9,0.071863,,
train,18,442392,13989.7,0.068985,,
train,18,442492,13992.5,0.071072,,
train,18,442592,13995.4,0.064393,,
train,18,442692,13998.2,0.067622,,
train,18,442792,14001.1,0.069776,,
train,18,442892,14003.9,0.075684,,
train,18,442992,14006.8,0.070053,,
train,18,443092,14009.6,0.071898,,
train,18,443192,14012.5,0.069469,,
train,18,443292,14015.3,0.070610,,
train,18,443392,14018.2,0.071910,,
train,18,443492,14021.0,0.070868,,
train,18,443592,14023.8,0.074427,,
train,18,443692,14026.7,0.071875,,
train,18,443792,14029.5,0.072241,,
train,18,443892,14032.4,0.069370,,
train,18,443992,14035.2,0.070192,,
train,18,444092,14038.1,0.074353,,
train,18,444192,14040.9,0.076163,,
train,18,444292,14043.8,nan,,
train,18,444392,14046.6,0.070147,,
train,18,444492,14049.5,0.065982,,
train,18,444592,14052.3,0.067959,,
train,18,444692,14055.1,0.072957,,
train,18,444792,14058.0,0.070623,,
train,18,444892,14060.8,0.073093,,
train,18,444992,14063.7,0.066397,,
train,18,445092,14066.5,0.072445,,
train,18,445192,14069.4,0.068731,,
train,18,445292,14072.2,0.073873,,
train,18,445392,14075.0,0.070335,,
train,18,445492,14077.9,0.070599,,
train,18,445592,14080.7,0.065662,,
train,18,445692,14083.6,0.071839,,
train,18,445792,14086.4,0.076656,,
train,18,445892,14089.2,0.072290,,
train,18,445992,14092.1,0.074591,,
train,18,446092,14094.9,0.070642,,
train,18,446192,14097.8,0.075043,,
train,18,446292,14100.6,0.070160,,
train,18,446392,14103.4,0.068344,,
train,18,446492,14106.3,0.072417,,
train,18,446592,14109.1,0.074738,,
train,18,446692,14112.0,0.063714,,
train,18,446792,14114.8,0.073382,,
train,18,446892,14117.6,0.070656,,
train,18,446992,14120.5,0.071990,,
train,18,447092,14123.3,0.068978,,
train,18,447192,14126.1,0.069666,,
train,18,447292,14129.0,0.077125,,
train,18,447392,14131.8,0.069451,,
train,18,447492,14134.6,0.072995,,
train,18,447592,14137.5,0.073967,,
train,18,447692,14140.3,0.073447,,
train,18,447792,14143.2,0.071349,,
train,18,447892,14146.0,0.071262,,
train,18,447992,14148.9,0.068636,,
train,18,448092,14151.7,0.069786,,
train,18,448192,14154.5,0.074044,,
train,18,448292,14157.4,0.071629,,
train,18,448392,14160.2,0.069168,,
train,18,448492,14163.1,0.072536,,
train,18,448592,14165.9,0.068809,,
train,18,448692,14168.8,0.066207,,
train,18,448792,14171.6,0.071035,,
train,18,448892,14174.4,0.074146,,
train,18,448992,14177.3,0.076532,,
train,18,449092,14180.1,0.076695,,
train,18,449192,14183.0,0.073846,,
train,18,449292,14185.8,0.070933,,
train,18,449392,14188.6,0.068444,,
train,18,449492,14191.5,0.069948,,
train,18,449592,14194.3,0.072560,,
train,18,449692,14197.2,0.072760,,
train,18,449792,14200.0,0.070396,,
train,18,449892,14202.9,0.069485,,
train,18,449992,14205.7,0.065463,,
train,18,450092,14208.5,0.068021,,
train,18,450192,14211.4,0.072283,,
train,18,450292,14214.2,0.069945,,
train,18,450392,14217.1,0.074883,,
train,18,450492,14219.9,0.068131,,
train,18,450592,14222.8,0.073074,,
train,18,450692,14225.6,0.071700,,
train,18,450792,14228.4,0.072073,,
train,18,450892,14231.3,0.070176,,
train,18,450992,14234.1,0.068446,,
train,18,451092,14237.0,0.067310,,
train,18,451192,14239.8,0.073718,,
train,18,451292,14242.7,0.070593,,
train,18,451392,14245.5,0.074875,,
train,18,451492,14248.4,0.069516,,
train,18,451592,14251.2,0.074712,,
train,18,451692,14254.0,0.066005,,
train,18,451792,14256.9,0.073955,,
train,18,451892,14259.7,0.071310,,
train,18,451992,14262.5,0.068038,,
train,18,452092,14265.4,0.071915,,
train,18,452192,14268.2,0.074221,,
train,18,452292,14271.0,0.070454,,
train,18,452392,14273.9,0.070699,,
train,18,452492,14276.7,0.067609,,
train,18,452592,14279.6,0.075240,,
train,18,452692,14282.4,0.069672,,
train,18,452792,14285.2,0.074523,,
train,18,452892,14288.1,0.064948,,
train,18,452992,14290.9,0.067944,,
train,18,453092,14293.8,0.068649,,
train,18,453192,14296.6,0.074354,,
train,18,453292,14299.4,0.071501,,
train,18,453392,14302.3,0.070855,,
train,18,453492,14305.1,0.071039,,
train,18,453592,14308.0,0.069292,,
train,18,453692,14310.8,0.075811,,
train,18,453792,14313.6,0.074383,,
train,18,453892,14316.5,0.073464,,
train,18,453992,14319.3,0.070974,,
train,18,454092,14322.2,0.070254,,
train,18,454192,14325.0,0.072486,,
train,18,454292,14327.8,0.076111,,
train,18,454392,14330.7,0.073203,,
train,18,454492,14333.5,0.072516,,
train,18,454592,14336.4,0.075012,,
train,18,454692,14339.2,0.075475,,
train,18,454792,14342.0,0.071586,,
train,18,454892,14344.9,0.077480,,
train,18,454992,14347.7,0.073155,,
train,18,455092,14350.6,0.066645,,
train,18,455192,14353.4,0.071287,,
train,18,455292,14356.3,0.075046,,
train,18,455392,14359.1,0.076068,,
train,18,455492,14361.9,0.072225,,
train,18,455592,14364.8,0.070379,,
train,18,455692,14367.6,0.071292,,
train,18,455792,14370.5,0.068529,,
train,18,455892,14373.3,0.073840,,
train,18,455992,14376.1,0.073373,,
train,18,456092,14379.0,0.068874,,
train,18,456192,14381.8,0.077834,,
train,18,456292,14384.7,0.073523,,
train,18,456392,14387.5,0.074531,,
train,18,456492,14390.3,0.073706,,
train,18,456592,14393.2,0.069865,,
train,18,456692,14396.0,0.072325,,
train,18,456792,14398.9,0.066202,,
train,18,456892,14401.7,0.068775,,
train,18,456992,14404.5,0.073302,,
train,18,457092,14407.4,0.073151,,
train,18,457192,14410.2,0.067251,,
train,18,457292,14413.1,0.069841,,
train,18,457392,14415.9,0.070000,,
train,18,457492,14418.8,0.067532,,
train,18,457592,14421.6,0.068848,,
train,18,457692,14424.5,0.071387,,
train,18,457792,14427.3,0.071788,,
train,18,457892,14430.1,0.071707,,
train,18,457992,14433.0,0.073108,,
train,18,458092,14435.8,0.070627,,
train,18,458192,14438.7,0.071106,,
train,18,458292,14441.5,0.066970,,
train,18,458392,14444.4,0.069763,,
train,18,458492,14447.2,0.074875,,
train,18,458592,14450.0,0.072365,,
train,18,458692,14452.9,0.069288,,
train,18,458792,14455.7,0.070188,,
train,18,458892,14458.5,0.068215,,
train,18,458992,14461.4,0.069031,,
train,18,459092,14464.2,0.063117,,
train,18,459192,14467.1,0.073096,,
train,18,459292,14469.9,0.066704,,
train,18,459392,14472.7,0.071847,,
train,18,459492,14475.6,0.071587,,
train,18,459592,14478.4,0.070437,,
train,18,459692,14481.3,0.069662,,
train,18,459792,14484.1,0.072193,,
train,18,459892,14486.9,0.073207,,
train,18,459992,14489.8,0.070182,,
train,18,460092,14492.6,0.079093,,
train,18,460192,14495.5,0.073590,,
train,18,460292,14498.3,0.071581,,
train,18,460392,14501.1,0.067194,,
train,18,460492,14504.0,0.069019,,
train,18,460592,14506.8,0.065251,,
train,18,460692,14509.7,0.070619,,
train,18,460792,14512.5,0.071743,,
train,18,460892,14515.3,0.071718,,
train,18,460992,14518.2,0.069615,,
train,18,461092,14521.0,0.069103,,
train,18,461192,14523.9,0.069437,,
train,18,461292,14526.7,0.073466,,
train,18,461392,14529.5,0.072680,,
train,18,461492,14532.4,0.068427,,
train,18,461592,14535.2,0.070139,,
train,18,461692,14538.0,0.071386,,
train,18,461792,14540.9,0.075005,,
train,18,461892,14543.7,0.077214,,
train,18,461992,14546.6,0.066423,,
train,18,462092,14549.4,0.069361,,
train,18,462192,14552.2,0.076157,,
train,18,462292,14555.1,0.070827,,
train,18,462392,14557.9,0.071397,,
train,18,462492,14560.8,0.073273,,
train,18,462592,14563.6,0.068628,,
train,18,462692,14566.4,0.065432,,
train,18,462792,14569.3,0.068682,,
train,18,462892,14572.1,0.069323,,
train,18,462992,14575.0,0.072776,,
train,18,463092,14577.8,0.074032,,
train,18,463192,14580.6,0.071779,,
train,18,463292,14583.5,0.079409,,
train,18,463392,14586.3,0.074703,,
train,18,463492,14589.1,0.072115,,
train,18,463592,14592.0,0.070621,,
train,18,463692,14594.8,0.072292,,
train,18,463792,14597.7,0.074292,,
train,18,463892,14600.5,0.071619,,
train,18,463992,14603.3,0.069441,,
train,18,464092,14606.2,0.066910,,
train,18,464192,14609.0,0.070455,,
train,18,464292,14611.9,0.071699,,
train,18,464392,14614.7,0.075454,,
val,18,,14693.9,0.064468,0.004202,0.000036
train,19,464536,14697.9,0.068982,,
train,19,464636,14700.7,0.069279,,
train,19,464736,14703.6,0.068291,,
train,19,464836,14706.4,0.067579,,
train,19,464936,14709.3,0.070937,,
train,19,465036,14712.1,0.074046,,
train,19,465136,14714.9,0.069530,,
train,19,465236,14717.8,0.071065,,
train,19,465336,14720.6,0.071167,,
train,19,465436,14723.5,0.072453,,
train,19,465536,14726.3,0.071415,,
train,19,465636,14729.1,0.067914,,
train,19,465736,14732.0,0.069205,,
train,19,465836,14734.8,0.074650,,
train,19,465936,14737.7,0.071175,,
train,19,466036,14740.5,0.073555,,
train,19,466136,14743.4,0.069778,,
train,19,466236,14746.2,0.066942,,
train,19,466336,14749.1,0.077634,,
train,19,466436,14751.9,0.074841,,
train,19,466536,14754.7,0.071505,,
train,19,466636,14757.6,0.065505,,
train,19,466736,14760.4,0.070140,,
train,19,466836,14763.3,0.067404,,
train,19,466936,14766.1,0.070824,,
train,19,467036,14768.9,0.067820,,
train,19,467136,14771.8,0.075475,,
train,19,467236,14774.6,0.076892,,
train,19,467336,14777.5,0.073660,,
train,19,467436,14780.3,0.070243,,
train,19,467536,14783.2,0.068262,,
train,19,467636,14786.0,0.073269,,
train,19,467736,14788.8,0.071766,,
train,19,467836,14791.7,0.069006,,
train,19,467936,14794.5,0.071860,,
train,19,468036,14797.4,0.079214,,
train,19,468136,14800.2,0.071786,,
train,19,468236,14803.1,0.072378,,
train,19,468336,14805.9,0.068942,,
train,19,468436,14808.8,0.066038,,
train,19,468536,14811.6,0.075406,,
train,19,468636,14814.4,0.074715,,
train,19,468736,14817.3,0.068017,,
train,19,468836,14820.1,0.071314,,
train,19,468936,14823.0,0.075849,,
train,19,469036,14825.8,0.070901,,
train,19,469136,14828.7,0.071560,,
train,19,469236,14831.5,0.071951,,
train,19,469336,14834.3,0.073727,,
train,19,469436,14837.2,0.073415,,
train,19,469536,14840.0,0.067115,,
train,19,469636,14842.9,0.067072,,
train,19,469736,14845.7,0.072237,,
train,19,469836,14848.6,0.072174,,
train,19,469936,14851.4,0.069422,,
train,19,470036,14854.2,0.064608,,
train,19,470136,14857.1,0.073915,,
train,19,470236,14859.9,0.066470,,
train,19,470336,14862.8,0.073739,,
train,19,470436,14865.6,0.078743,,
train,19,470536,14868.4,0.067751,,
train,19,470636,14871.3,0.074064,,
train,19,470736,14874.1,0.069951,,
train,19,470836,14877.0,0.073085,,
train,19,470936,14879.8,0.073032,,
train,19,471036,14882.6,0.072745,,
train,19,471136,14885.5,0.069212,,
train,19,471236,14888.3,0.068689,,
train,19,471336,14891.2,0.072725,,
train,19,471436,14894.0,0.067775,,
train,19,471536,14896.8,0.073178,,
train,19,471636,14899.7,0.067346,,
train,19,471736,14902.5,0.068579,,
train,19,471836,14905.4,0.073744,,
train,19,471936,14908.2,0.072627,,
train,19,472036,14911.1,0.075104,,
train,19,472136,14913.9,0.070286,,
train,19,472236,14916.7,nan,,
train,19,472336,14919.6,0.067178,,
train,19,472436,14922.4,0.071524,,
train,19,472536,14925.3,0.073224,,
train,19,472636,14928.1,0.071054,,
train,19,472736,14930.9,0.071100,,
train,19,472836,14933.8,0.070362,,
train,19,472936,14936.6,0.072866,,
train,19,473036,14939.5,0.071462,,
train,19,473136,14942.3,0.070878,,
train,19,473236,14945.2,0.071302,,
train,19,473336,14948.0,0.073357,,
train,19,473436,14950.8,0.067156,,
train,19,473536,14953.7,0.067993,,
train,19,473636,14956.5,0.071260,,
train,19,473736,14959.4,0.065294,,
train,19,473836,14962.2,0.070843,,
train,19,473936,14965.1,0.070458,,
train,19,474036,14967.9,0.069467,,
train,19,474136,14970.8,0.072732,,
train,19,474236,14973.6,0.071914,,
train,19,474336,14976.5,0.075726,,
train,19,474436,14979.3,0.068240,,
train,19,474536,14982.1,0.073905,,
train,19,474636,14985.0,0.067820,,
train,19,474736,14987.8,0.072568,,
train,19,474836,14990.7,0.069712,,
train,19,474936,14993.5,0.069087,,
train,19,475036,14996.3,0.069792,,
train,19,475136,14999.2,0.069323,,
train,19,475236,15002.0,0.070582,,
train,19,475336,15004.9,0.075215,,
train,19,475436,15007.7,0.071089,,
train,19,475536,15010.6,0.072624,,
train,19,475636,15013.4,0.074783,,
train,19,475736,15016.3,0.065479,,
train,19,475836,15019.1,0.066761,,
train,19,475936,15021.9,0.069893,,
train,19,476036,15024.8,0.072149,,
train,19,476136,15027.6,0.075222,,
train,19,476236,15030.5,0.073362,,
train,19,476336,15033.3,0.074769,,
train,19,476436,15036.2,0.073315,,
train,19,476536,15039.0,0.069165,,
train,19,476636,15041.8,0.074628,,
train,19,476736,15044.7,0.072294,,
train,19,476836,15047.5,0.074002,,
train,19,476936,15050.4,0.070206,,
train,19,477036,15053.2,0.073406,,
train,19,477136,15056.1,0.072073,,
train,19,477236,15058.9,0.070413,,
train,19,477336,15061.7,0.075596,,
train,19,477436,15064.6,0.068824,,
train,19,477536,15067.4,0.068342,,
train,19,477636,15070.3,0.073187,,
train,19,477736,15073.1,0.071820,,
train,19,477836,15075.9,0.066345,,
train,19,477936,15078.8,0.072997,,
train,19,478036,15081.6,0.073752,,
train,19,478136,15084.5,0.070797,,
train,19,478236,15087.3,0.072896,,
train,19,478336,15090.2,0.071323,,
train,19,478436,15093.0,0.069511,,
train,19,478536,15095.8,0.072846,,
train,19,478636,15098.7,0.068356,,
train,19,478736,15101.5,0.073012,,
train,19,478836,15104.4,0.071289,,
train,19,478936,15107.2,0.070725,,
train,19,479036,15110.0,0.065622,,
train,19,479136,15112.9,0.069954,,
train,19,479236,15115.7,0.075347,,
train,19,479336,15118.6,0.068700,,
train,19,479436,15121.4,0.071630,,
train,19,479536,15124.2,0.071467,,
train,19,479636,15127.1,0.069913,,
train,19,479736,15129.9,0.067327,,
train,19,479836,15132.8,0.070213,,
train,19,479936,15135.6,0.067118,,
train,19,480036,15138.4,0.067053,,
train,19,480136,15141.3,0.074384,,
train,19,480236,15144.1,0.070999,,
train,19,480336,15147.0,0.067386,,
train,19,480436,15149.8,0.071732,,
train,19,480536,15152.6,0.071264,,
train,19,480636,15155.5,0.069508,,
train,19,480736,15158.3,0.069653,,
train,19,480836,15161.2,0.074213,,
train,19,480936,15164.0,0.066235,,
train,19,481036,15166.9,0.071389,,
train,19,481136,15169.7,0.074280,,
train,19,481236,15172.5,0.073231,,
train,19,481336,15175.4,0.070283,,
train,19,481436,15178.2,0.070617,,
train,19,481536,15181.1,0.068649,,
train,19,481636,15183.9,0.067326,,
train,19,481736,15186.8,0.068882,,
train,19,481836,15189.6,0.070530,,
train,19,481936,15192.4,0.068825,,
train,19,482036,15195.3,0.065608,,
train,19,482136,15198.1,0.071743,,
train,19,482236,15201.0,0.068241,,
train,19,482336,15203.8,0.071657,,
train,19,482436,15206.6,0.065945,,
train,19,482536,15209.5,0.070277,,
train,19,482636,15212.3,0.072769,,
train,19,482736,15215.2,0.070745,,
train,19,482836,15218.0,0.067437,,
train,19,482936,15220.8,0.071838,,
train,19,483036,15223.7,0.069418,,
train,19,483136,15226.5,0.070753,,
train,19,483236,15229.4,0.072791,,
train,19,483336,15232.2,0.068574,,
train,19,483436,15235.0,0.066076,,
train,19,483536,15237.9,0.072061,,
train,19,483636,15240.7,0.069294,,
train,19,483736,15243.6,0.066820,,
train,19,483836,15246.4,0.069068,,
train,19,483936,15249.3,0.070359,,
train,19,484036,15252.1,0.072648,,
train,19,484136,15254.9,0.070413,,
train,19,484236,15257.8,0.071750,,
train,19,484336,15260.6,0.072909,,
train,19,484436,15263.5,0.074777,,
train,19,484536,15266.3,0.072973,,
train,19,484636,15269.1,0.068183,,
train,19,484736,15272.0,0.070364,,
train,19,484836,15274.8,0.075411,,
train,19,484936,15277.7,0.073555,,
train,19,485036,15280.5,0.072127,,
train,19,485136,15283.4,0.068143,,
train,19,485236,15286.2,0.072805,,
train,19,485336,15289.0,0.068908,,
train,19,485436,15291.9,0.068787,,
train,19,485536,15294.7,0.064476,,
train,19,485636,15297.6,0.070129,,
train,19,485736,15300.4,0.071109,,
train,19,485836,15303.3,0.075824,,
train,19,485936,15306.1,0.071291,,
train,19,486036,15308.9,0.071753,,
train,19,486136,15311.8,0.075532,,
train,19,486236,15314.6,0.069258,,
train,19,486336,15317.5,0.070756,,
train,19,486436,15320.3,0.072250,,
train,19,486536,15323.1,0.072259,,
train,19,486636,15326.0,0.073411,,
train,19,486736,15328.8,0.069560,,
train,19,486836,15331.7,0.070902,,
train,19,486936,15334.5,0.066416,,
train,19,487036,15337.3,0.067717,,
train,19,487136,15340.2,0.071077,,
train,19,487236,15343.0,0.066855,,
train,19,487336,15345.9,0.064041,,
train,19,487436,15348.7,0.071531,,
train,19,487536,15351.5,0.071875,,
train,19,487636,15354.4,0.066831,,
train,19,487736,15357.2,0.066322,,
train,19,487836,15360.1,0.071478,,
train,19,487936,15362.9,0.072277,,
train,19,488036,15365.8,0.072141,,
train,19,488136,15368.6,0.077170,,
train,19,488236,15371.4,0.067409,,
train,19,488336,15374.3,0.069792,,
train,19,488436,15377.1,0.073192,,
train,19,488536,15380.0,0.076191,,
train,19,488636,15382.8,0.068760,,
train,19,488736,15385.6,0.071619,,
train,19,488836,15388.5,0.068897,,
val,19,,15467.6,0.063945,0.004185,0.000036
train,20,488980,15471.6,0.067722,,
train,20,489080,15474.4,0.070685,,
train,20,489180,15477.3,0.071928,,
train,20,489280,15480.1,0.073645,,
train,20,489380,15482.9,0.074378,,
train,20,489480,15485.8,0.068877,,
train,20,489580,15488.6,0.073154,,
train,20,489680,15491.5,0.068481,,
train,20,489780,15494.3,0.074662,,
train,20,489880,15497.1,0.073050,,
train,20,489980,15500.0,0.073703,,
train,20,490080,15502.8,0.071635,,
train,20,490180,15505.7,0.069003,,
train,20,490280,15508.5,0.072466,,
train,20,490380,15511.4,0.075015,,
train,20,490480,15514.2,0.068403,,
train,20,490580,15517.1,0.072995,,
train,20,490680,15519.9,0.068859,,
train,20,490780,15522.7,0.070555,,
train,20,490880,15525.6,0.066394,,
train,20,490980,15528.4,0.071505,,
train,20,491080,15531.3,0.075419,,
train,20,491180,15534.1,0.068411,,
train,20,491280,15536.9,0.068654,,
train,20,491380,15539.8,0.071839,,
train,20,491480,15542.6,0.075910,,
train,20,491580,15545.5,0.067546,,
train,20,491680,15548.3,0.070072,,
train,20,491780,15551.2,0.072448,,
train,20,491880,15554.0,0.068217,,
train,20,491980,15556.8,0.071407,,
train,20,492080,15559.7,0.069264,,
train,20,492180,15562.5,0.071525,,
train,20,492280,15565.4,0.073909,,
train,20,492380,15568.2,0.068877,,
train,20,492480,15571.1,0.070782,,
train,20,492580,15573.9,0.076835,,
train,20,492680,15576.7,0.069539,,
train,20,492780,15579.6,0.068550,,
train,20,492880,15582.4,0.072777,,
train,20,492980,15585.3,0.069798,,
train,20,493080,15588.1,0.072414,,
train,20,493180,15591.0,0.064845,,
train,20,493280,15593.8,0.072598,,
train,20,493380,15596.6,0.072117,,
train,20,493480,15599.5,0.064640,,
train,20,493580,15602.3,0.072544,,
train,20,493680,15605.2,0.075625,,
train,20,493780,15608.0,0.070927,,
train,20,493880,15610.9,0.070916,,
train,20,493980,15613.7,0.069207,,
train,20,494080,15616.5,0.067933,,
train,20,494180,15619.4,0.071393,,
train,20,494280,15622.2,0.074108,,
train,20,494380,15625.1,0.065797,,
train,20,494480,15627.9,0.066494,,
train,20,494580,15630.8,0.071142,,
train,20,494680,15633.6,0.069492,,
train,20,494780,15636.5,0.067751,,
train,20,494880,15639.3,0.074451,,
train,20,494980,15642.1,0.067684,,
train,20,495080,15645.0,0.071486,,
train,20,495180,15647.8,0.070345,,
train,20,495280,15650.7,0.071817,,
train,20,495380,15653.5,0.066816,,
train,20,495480,15656.4,0.075527,,
train,20,495580,15659.2,0.071507,,
train,20,495680,15662.0,0.076628,,
train,20,495780,15664.9,0.068878,,
train,20,495880,15667.7,0.072263,,
train,20,495980,15670.6,0.071012,,
train,20,496080,15673.4,0.072608,,
train,20,496180,15676.2,0.072361,,
train,20,496280,15679.1,0.071101,,
train,20,496380,15681.9,0.072931,,
train,20,496480,15684.8,0.071079,,
train,20,496580,15687.6,0.070600,,
train,20,496680,15690.5,0.070326,,
train,20,496780,15693.3,0.073655,,
train,20,496880,15696.1,0.069180,,
train,20,496980,15699.0,0.069688,,
train,20,497080,15701.8,0.068233,,
train,20,497180,15704.7,0.065317,,
train,20,497280,15707.5,0.064437,,
train,20,497380,15710.4,0.074688,,
train,20,497480,15713.2,0.069094,,
train,20,497580,15716.0,0.072146,,
train,20,497680,15718.9,0.070405,,
train,20,497780,15721.7,0.072404,,
train,20,497880,15724.6,0.072086,,
train,20,497980,15727.4,0.069816,,
train,20,498080,15730.2,0.069486,,
train,20,498180,15733.1,0.077082,,
train,20,498280,15735.9,0.071516,,
train,20,498380,15738.8,0.072856,,
train,20,498480,15741.6,0.071798,,
train,20,498580,15744.4,0.067392,,
train,20,498680,15747.3,0.071071,,
train,20,498780,15750.1,0.067217,,
train,20,498880,15753.0,0.070366,,
train,20,498980,15755.8,0.069207,,
train,20,499080,15758.6,0.070209,,
train,20,499180,15761.5,0.070363,,
train,20,499280,15764.3,0.065893,,
train,20,499380,15767.2,0.066600,,
train,20,499480,15770.0,0.068156,,
train,20,499580,15772.9,0.072488,,
train,20,499680,15775.7,0.072597,,
train,20,499780,15778.5,0.071598,,
train,20,499880,15781.4,0.066114,,
train,20,499980,15784.2,0.070958,,
train,20,500080,15787.1,0.069769,,
train,20,500180,15789.9,0.071192,,
train,20,500280,15792.8,0.069702,,
train,20,500380,15795.6,0.067122,,
train,20,500480,15798.4,0.068922,,
train,20,500580,15801.3,0.064612,,
train,20,500680,15804.1,0.068932,,
train,20,500780,15807.0,0.068846,,
train,20,500880,15809.8,0.072364,,
train,20,500980,15812.7,0.068465,,
train,20,501080,15815.5,0.066821,,
train,20,501180,15818.4,0.067994,,
train,20,501280,15821.2,0.073086,,
train,20,501380,15824.0,0.069740,,
train,20,501480,15826.9,0.067704,,
train,20,501580,15829.7,0.069270,,
train,20,501680,15832.6,0.071953,,
train,20,501780,15835.4,0.068771,,
train,20,501880,15838.3,0.069160,,
train,20,501980,15841.1,0.071636,,
train,20,502080,15844.0,0.069176,,
train,20,502180,15846.8,0.073201,,
train,20,502280,15849.7,0.072098,,
train,20,502380,15852.5,0.072217,,
train,20,502480,15855.3,0.069816,,
train,20,502580,15858.2,0.066588,,
train,20,502680,15861.0,0.073425,,
train,20,502780,15863.9,0.069722,,
train,20,502880,15866.7,0.068921,,
train,20,502980,15869.6,0.070118,,
train,20,503080,15872.4,0.068442,,
train,20,503180,15875.2,0.066779,,
train,20,503280,15878.1,0.074996,,
train,20,503380,15880.9,0.071937,,
train,20,503480,15883.8,0.070110,,
train,20,503580,15886.6,0.071436,,
train,20,503680,15889.4,0.068691,,
train,20,503780,15892.3,0.068326,,
train,20,503880,15895.1,0.072873,,
train,20,503980,15898.0,0.065195,,
train,20,504080,15900.8,0.075103,,
train,20,504180,15903.7,0.070272,,
train,20,504280,15906.5,0.076824,,
train,20,504380,15909.3,0.066184,,
train,20,504480,15912.2,0.068143,,
train,20,504580,15915.0,0.069772,,
train,20,504680,15917.9,0.070436,,
train,20,504780,15920.7,0.073896,,
train,20,504880,15923.6,0.075018,,
train,20,504980,15926.4,0.072022,,
train,20,505080,15929.2,0.069586,,
train,20,505180,15932.1,0.071552,,
train,20,505280,15934.9,0.069859,,
train,20,505380,15937.8,0.071519,,
train,20,505480,15940.6,0.073948,,
train,20,505580,15943.4,0.070401,,
train,20,505680,15946.3,0.074989,,
train,20,505780,15949.1,0.071133,,
train,20,505880,15952.0,0.066170,,
train,20,505980,15954.8,0.074482,,
train,20,506080,15957.7,0.068000,,
train,20,506180,15960.5,0.073065,,
train,20,506280,15963.3,0.070170,,
train,20,506380,15966.2,0.069507,,
train,20,506480,15969.0,0.071014,,
train,20,506580,15971.9,0.073710,,
train,20,506680,15974.7,0.072100,,
train,20,506780,15977.6,0.068181,,
train,20,506880,15980.4,0.073218,,
train,20,506980,15983.2,0.070053,,
train,20,507080,15986.1,0.068171,,
train,20,507180,15988.9,0.073295,,
train,20,507280,15991.8,0.066901,,
train,20,507380,15994.6,0.068309,,
train,20,507480,15997.5,0.073908,,
train,20,507580,16000.3,0.075893,,
train,20,507680,16003.2,0.071914,,
train,20,507780,16006.0,0.070864,,
train,20,507880,16008.8,0.071604,,
train,20,507980,16011.7,0.076009,,
train,20,508080,16014.5,0.074006,,
train,20,508180,16017.4,0.067848,,
train,20,508280,16020.2,0.069534,,
train,20,508380,16023.1,0.071823,,
train,20,508480,16025.9,0.071264,,
train,20,508580,16028.8,0.073671,,
train,20,508680,16031.6,0.070690,,
train,20,508780,16034.5,0.073020,,
train,20,508880,16037.3,0.072871,,
train,20,508980,16040.2,0.072371,,
train,20,509080,16043.0,0.071018,,
train,20,509180,16045.9,0.068907,,
train,20,509280,16048.7,0.069947,,
train,20,509380,16051.5,0.071984,,
train,20,509480,16054.4,0.068395,,
train,20,509580,16057.2,0.073626,,
train,20,509680,16060.1,0.073867,,
train,20,509780,16062.9,0.070791,,
train,20,509880,16065.8,0.073046,,
train,20,509980,16068.6,0.068567,,
train,20,510080,16071.4,0.074664,,
train,20,510180,16074.3,nan,,
train,20,510280,16077.1,0.070068,,
train,20,510380,16080.0,0.072677,,
train,20,510480,16082.8,0.065864,,
train,20,510580,16085.7,0.074153,,
train,20,510680,16088.5,0.065023,,
train,20,510780,16091.3,0.071227,,
train,20,510880,16094.2,0.071393,,
train,20,510980,16097.0,0.067324,,
train,20,511080,16099.9,0.072345,,
train,20,511180,16102.7,0.068481,,
train,20,511280,16105.6,0.064740,,
train,20,511380,16108.4,0.066072,,
train,20,511480,16111.2,0.074249,,
train,20,511580,16114.1,0.067034,,
train,20,511680,16116.9,0.067172,,
train,20,511780,16119.8,0.066069,,
train,20,511880,16122.6,0.069617,,
train,20,511980,16125.4,0.074533,,
train,20,512080,16128.3,0.069265,,
train,20,512180,16131.1,0.074742,,
train,20,512280,16134.0,0.079861,,
train,20,512380,16136.8,0.071494,,
train,20,512480,16139.6,0.068263,,
train,20,512580,16142.5,0.073242,,
train,20,512680,16145.3,0.070049,,
train,20,512780,16148.2,0.067986,,
train,20,512880,16151.0,0.072411,,
train,20,512980,16153.9,0.075692,,
train,20,513080,16156.7,0.071391,,
train,20,513180,16159.5,0.072851,,
train,20,513280,16162.4,0.070912,,
val,20,,16241.5,0.063707,0.004177,0.000036
train,21,513424,16245.5,0.068922,,
train,21,513524,16248.3,0.075591,,
train,21,513624,16251.2,0.067502,,
train,21,513724,16254.0,0.072784,,
train,21,513824,16256.9,0.067834,,
train,21,513924,16259.7,0.068188,,
train,21,514024,16262.5,0.070882,,
train,21,514124,16265.4,0.066688,,
train,21,514224,16268.2,0.070502,,
train,21,514324,16271.1,0.072046,,
train,21,514424,16273.9,0.071489,,
train,21,514524,16276.8,0.078481,,
train,21,514624,16279.6,0.072671,,
train,21,514724,16282.4,0.073352,,
train,21,514824,16285.3,0.067667,,
train,21,514924,16288.1,0.069210,,
train,21,515024,16291.0,0.071929,,
train,21,515124,16293.8,0.074506,,
train,21,515224,16296.6,0.075412,,
train,21,515324,16299.5,0.072590,,
train,21,515424,16302.3,0.076969,,
train,21,515524,16305.2,0.074263,,
train,21,515624,16308.0,0.069083,,
train,21,515724,16310.9,0.068172,,
train,21,515824,16313.7,0.070414,,
train,21,515924,16316.5,0.071970,,
train,21,516024,16319.4,0.070837,,
train,21,516124,16322.2,0.069591,,
train,21,516224,16325.1,0.070617,,
train,21,516324,16327.9,0.067309,,
train,21,516424,16330.8,0.069714,,
train,21,516524,16333.6,0.073431,,
train,21,516624,16336.4,0.069887,,
train,21,516724,16339.3,0.070250,,
train,21,516824,16342.1,0.078355,,
train,21,516924,16345.0,0.072903,,
train,21,517024,16347.8,nan,,
train,21,517124,16350.6,0.066811,,
train,21,517224,16353.5,0.073277,,
train,21,517324,16356.3,0.064448,,
train,21,517424,16359.1,0.066642,,
train,21,517524,16362.0,0.071511,,
train,21,517624,16364.8,0.073294,,
train,21,517724,16367.7,0.074016,,
train,21,517824,16370.5,0.078428,,
train,21,517924,16373.4,0.068190,,
train,21,518024,16376.2,0.065325,,
train,21,518124,16379.0,0.072622,,
train,21,518224,16381.9,0.075256,,
train,21,518324,16384.7,0.073164,,
train,21,518424,16387.6,0.066406,,
train,21,518524,16390.4,0.068746,,
train,21,518624,16393.2,0.068273,,
train,21,518724,16396.1,0.068220,,
train,21,518824,16398.9,0.071425,,
train,21,518924,16401.8,0.069073,,
train,21,519024,16404.6,0.065438,,
train,21,519124,16407.4,0.071835,,
train,21,519224,16410.3,0.070732,,
train,21,519324,16413.1,0.067916,,
train,21,519424,16416.0,0.070197,,
train,21,519524,16418.8,0.067147,,
train,21,519624,16421.6,0.065986,,
train,21,519724,16424.5,0.070483,,
train,21,519824,16427.3,0.071553,,
train,21,519924,16430.2,0.071763,,
train,21,520024,16433.0,0.071464,,
train,21,520124,16435.8,0.074050,,
train,21,520224,16438.7,0.074484,,
train,21,520324,16441.5,0.071002,,
train,21,520424,16444.4,0.070366,,
train,21,520524,16447.2,0.074430,,
train,21,520624,16450.0,0.066447,,
train,21,520724,16452.9,0.068764,,
train,21,520824,16455.7,0.072107,,
train,21,520924,16458.5,0.069264,,
train,21,521024,16461.4,0.064733,,
train,21,521124,16464.2,0.070523,,
train,21,521224,16467.1,0.066954,,
train,21,521324,16469.9,0.066902,,
train,21,521424,16472.7,0.070724,,
train,21,521524,16475.6,0.064411,,
train,21,521624,16478.4,0.064935,,
train,21,521724,16481.3,0.074431,,
train,21,521824,16484.1,0.072619,,
train,21,521924,16486.9,0.072145,,
train,21,522024,16489.8,0.075625,,
train,21,522124,16492.6,0.069270,,
train,21,522224,16495.5,0.076202,,
train,21,522324,16498.3,0.071093,,
train,21,522424,16501.1,0.068926,,
train,21,522524,16504.0,0.072195,,
train,21,522624,16506.8,0.068667,,
train,21,522724,16509.7,0.069788,,
train,21,522824,16512.5,0.071597,,
train,21,522924,16515.3,0.071293,,
train,21,523024,16518.2,0.066925,,
train,21,523124,16521.0,0.067653,,
train,21,523224,16523.8,0.077763,,
train,21,523324,16526.7,0.067484,,
train,21,523424,16529.5,0.067027,,
train,21,523524,16532.4,0.069877,,
train,21,523624,16535.2,0.072216,,
train,21,523724,16538.0,0.064276,,
train,21,523824,16540.9,0.071743,,
train,21,523924,16543.7,0.071889,,
train,21,524024,16546.5,0.073279,,
train,21,524124,16549.4,0.069284,,
train,21,524224,16552.2,0.065323,,
train,21,524324,16555.1,0.066706,,
train,21,524424,16557.9,0.074235,,
train,21,524524,16560.7,0.068198,,
train,21,524624,16563.6,0.069803,,
train,21,524724,16566.4,0.071099,,
train,21,524824,16569.3,0.069452,,
train,21,524924,16572.1,0.069453,,
train,21,525024,16574.9,0.072131,,
train,21,525124,16577.8,0.068577,,
train,21,525224,16580.6,0.073485,,
train,21,525324,16583.4,0.069463,,
train,21,525424,16586.3,0.073800,,
train,21,525524,16589.1,0.068733,,
train,21,525624,16592.0,0.067843,,
train,21,525724,16594.8,0.070739,,
train,21,525824,16597.6,0.071409,,
train,21,525924,16600.5,0.072259,,
train,21,526024,16603.3,0.071771,,
train,21,526124,16606.1,0.072538,,
train,21,526224,16609.0,0.071172,,
train,21,526324,16611.8,0.067354,,
train,21,526424,16614.7,0.072108,,
train,21,526524,16617.5,0.070818,,
train,21,526624,16620.3,0.070161,,
train,21,526724,16623.2,0.069694,,
train,21,526824,16626.0,0.069639,,
train,21,526924,16628.8,0.069957,,
train,21,527024,16631.7,0.071935,,
train,21,527124,16634.5,0.067130,,
train,21,527224,16637.3,0.064320,,
train,21,527324,16640.2,0.069386,,
train,21,527424,16643.0,0.070042,,
train,21,527524,16645.8,0.072523,,
train,21,527624,16648.7,0.071301,,
train,21,527724,16651.5,0.067838,,
train,21,527824,16654.4,0.072065,,
train,21,527924,16657.2,0.069845,,
train,21,528024,16660.0,0.066520,,
train,21,528124,16662.9,0.071705,,
train,21,528224,16665.7,0.072328,,
train,21,528324,16668.5,0.070009,,
train,21,528424,16671.4,0.070372,,
train,21,528524,16674.2,0.069410,,
train,21,528624,16677.1,0.063645,,
train,21,528724,16679.9,0.071387,,
train,21,528824,16682.7,0.071774,,
train,21,528924,16685.6,0.069120,,
train,21,529024,16688.4,0.070407,,
train,21,529124,16691.2,0.067456,,
train,21,529224,16694.1,0.069782,,
train,21,529324,16696.9,0.069924,,
train,21,529424,16699.8,0.069056,,
train,21,529524,16702.6,0.072520,,
train,21,529624,16705.4,0.067919,,
train,21,529724,16708.3,0.066359,,
train,21,529824,16711.1,0.070842,,
train,21,529924,16714.0,0.073863,,
train,21,530024,16716.8,0.067483,,
train,21,530124,16719.6,0.067341,,
train,21,530224,16722.5,0.076542,,
train,21,530324,16725.3,0.068273,,
train,21,530424,16728.1,0.071937,,
train,21,530524,16731.0,0.067555,,
train,21,530624,16733.8,0.070782,,
train,21,530724,16736.7,0.071417,,
train,21,530824,16739.5,0.072863,,
train,21,530924,16742.3,0.068228,,
train,21,531024,16745.2,0.074875,,
train,21,531124,16748.0,0.066259,,
train,21,531224,16750.9,0.066878,,
train,21,531324,16753.7,0.069288,,
train,21,531424,16756.5,0.071147,,
train,21,531524,16759.4,0.067058,,
train,21,531624,16762.2,0.066474,,
train,21,531724,16765.0,0.073763,,
train,21,531824,16767.9,0.069294,,
train,21,531924,16770.7,0.067519,,
train,21,532024,16773.6,0.070225,,
train,21,532124,16776.4,0.067188,,
train,21,532224,16779.2,0.070502,,
train,21,532324,16782.1,0.074215,,
train,21,532424,16784.9,0.067550,,
train,21,532524,16787.8,0.069604,,
train,21,532624,16790.6,0.071048,,
train,21,532724,16793.4,0.069770,,
train,21,532824,16796.3,0.070515,,
train,21,532924,16799.1,0.072787,,
train,21,533024,16802.0,0.066085,,
train,21,533124,16804.8,0.074038,,
train,21,533224,16807.6,0.075792,,
train,21,533324,16810.5,0.066553,,
train,21,533424,16813.3,0.068073,,
train,21,533524,16816.1,0.066963,,
train,21,533624,16819.0,0.072753,,
train,21,533724,16821.8,0.074274,,
train,21,533824,16824.6,0.067723,,
train,21,533924,16827.5,0.074892,,
train,21,534024,16830.3,0.069683,,
train,21,534124,16833.2,0.072630,,
train,21,534224,16836.0,0.069672,,
train,21,534324,16838.8,0.065576,,
train,21,534424,16841.7,0.068507,,
train,21,534524,16844.5,0.074263,,
train,21,534624,16847.3,0.063783,,
train,21,534724,16850.2,0.069802,,
train,21,534824,16853.0,0.068869,,
train,21,534924,16855.8,0.068680,,
train,21,535024,16858.7,0.072061,,
train,21,535124,16861.5,0.068526,,
train,21,535224,16864.3,0.070330,,
train,21,535324,16867.2,0.069083,,
train,21,535424,16870.0,0.068679,,
train,21,535524,16872.8,0.064439,,
train,21,535624,16875.7,0.071864,,
train,21,535724,16878.5,0.069078,,
train,21,535824,16881.4,0.073614,,
train,21,535924,16884.2,0.068226,,
train,21,536024,16887.0,0.065419,,
train,21,536124,16889.9,0.066061,,
train,21,536224,16892.7,0.076494,,
train,21,536324,16895.5,0.069779,,
train,21,536424,16898.4,0.066585,,
train,21,536524,16901.2,0.075533,,
train,21,536624,16904.1,0.071024,,
train,21,536724,16906.9,0.066735,,
train,21,536824,16909.7,0.069501,,
train,21,536924,16912.6,0.078186,,
train,21,537024,16915.4,0.072171,,
train,21,537124,16918.2,0.065748,,
train,21,537224,16921.1,0.068525,,
train,21,537324,16923.9,0.077913,,
train,21,537424,16926.7,0.068579,,
train,21,537524,16929.6,0.063176,,
train,21,537624,16932.4,0.065515,,
train,21,537724,16935.2,0.074665,,
val,21,,17014.1,0.063580,0.004168,0.000036
train,22,537868,17018.1,0.069652,,
train,22,537968,17020.9,0.068838,,
train,22,538068,17023.7,0.073907,,
train,22,538168,17026.6,0.070723,,
train,22,538268,17029.4,0.071176,,
train,22,538368,17032.2,0.081303,,
train,22,538468,17035.1,0.074075,,
train,22,538568,17037.9,0.063633,,
train,22,538668,17040.8,0.072546,,
train,22,538768,17043.6,0.072178,,
train,22,538868,17046.4,0.069730,,
train,22,538968,17049.3,0.072664,,
train,22,539068,17052.1,0.068656,,
train,22,539168,17055.0,0.069563,,
train,22,539268,17057.8,0.067417,,
train,22,539368,17060.6,0.070655,,
train,22,539468,17063.5,0.073883,,
train,22,539568,17066.3,0.073111,,
train,22,539668,17069.1,0.070532,,
train,22,539768,17072.0,0.070286,,
train,22,539868,17074.8,0.070837,,
train,22,539968,17077.7,0.069662,,
train,22,540068,17080.5,0.068427,,
train,22,540168,17083.3,0.066100,,
train,22,540268,17086.2,0.075016,,
train,22,540368,17089.0,0.065420,,
train,22,540468,17091.9,0.067329,,
train,22,540568,17094.7,0.068186,,
train,22,540668,17097.5,0.076544,,
train,22,540768,17100.4,0.067443,,
train,22,540868,17103.2,0.069048,,
train,22,540968,17106.1,0.069353,,
train,22,541068,17108.9,0.067727,,
train,22,541168,17111.7,0.072454,,
train,22,541268,17114.6,0.070435,,
train,22,541368,17117.4,0.071654,,
train,22,541468,17120.3,0.068163,,
train,22,541568,17123.1,0.068679,,
train,22,541668,17125.9,0.069328,,
train,22,541768,17128.8,0.067984,,
train,22,541868,17131.6,0.068920,,
train,22,541968,17134.4,0.069073,,
train,22,542068,17137.3,0.067351,,
train,22,542168,17140.1,0.068354,,
train,22,542268,17143.0,0.071204,,
train,22,542368,17145.8,0.074984,,
train,22,542468,17148.6,0.068444,,
train,22,542568,17151.5,0.070094,,
train,22,542668,17154.3,0.073497,,
train,22,542768,17157.2,0.067512,,
train,22,542868,17160.0,0.069549,,
train,22,542968,17162.8,0.068282,,
train,22,543068,17165.7,0.071378,,
train,22,543168,17168.5,0.071188,,
train,22,543268,17171.4,0.071852,,
train,22,543368,17174.2,0.070656,,
train,22,543468,17177.0,0.070304,,
train,22,543568,17179.9,0.071540,,
train,22,543668,17182.7,0.068453,,
train,22,543768,17185.6,0.072835,,
train,22,543868,17188.4,0.067253,,
train,22,543968,17191.2,0.070548,,
train,22,544068,17194.1,0.064581,,
train,22,544168,17196.9,0.064066,,
train,22,544268,17199.8,0.069879,,
train,22,544368,17202.6,0.072372,,
train,22,544468,17205.4,0.070905,,
train,22,544568,17208.3,0.069669,,
train,22,544668,17211.1,0.073076,,
train,22,544768,17214.0,0.073938,,
train,22,544868,17216.8,0.073317,,
train,22,544968,17219.6,0.071201,,
train,22,545068,17222.5,0.070638,,
train,22,545168,17225.3,0.066060,,
train,22,545268,17228.2,0.069952,,
train,22,545368,17231.0,0.072783,,
train,22,545468,17233.8,0.072320,,
train,22,545568,17236.7,0.062690,,
train,22,545668,17239.5,0.069737,,
train,22,545768,17242.4,0.069832,,
train,22,545868,17245.2,0.067680,,
train,22,545968,17248.0,0.072809,,
train,22,546068,17250.9,0.074647,,
train,22,546168,17253.7,0.070543,,
train,22,546268,17256.5,0.066044,,
train,22,546368,17259.4,0.068557,,
train,22,546468,17262.2,0.069768,,
train,22,546568,17265.1,0.070564,,
train,22,546668,17267.9,0.066880,,
train,22,546768,17270.7,0.066837,,
train,22,546868,17273.6,0.071406,,
train,22,546968,17276.4,0.070350,,
train,22,547068,17279.3,0.063940,,
train,22,547168,17282.1,0.070586,,
train,22,547268,17284.9,0.071436,,
train,22,547368,17287.8,0.070376,,
train,22,547468,17290.6,0.070292,,
train,22,547568,17293.4,0.065429,,
train,22,547668,17296.3,0.069842,,
train,22,547768,17299.1,0.074931,,
train,22,547868,17302.0,0.068401,,
train,22,547968,17304.8,0.071105,,
train,22,548068,17307.6,0.071125,,
train,22,548168,17310.5,0.072103,,
train,22,548268,17313.3,0.066999,,
train,22,548368,17316.2,0.070844,,
train,22,548468,17319.0,0.068645,,
train,22,548568,17321.8,0.068835,,
train,22,548668,17324.7,0.068081,,
train,22,548768,17327.5,0.067262,,
train,22,548868,17330.3,0.068426,,
train,22,548968,17333.2,0.068826,,
train,22,549068,17336.0,0.070826,,
train,22,549168,17338.9,0.070520,,
train,22,549268,17341.7,0.073285,,
train,22,549368,17344.5,0.069760,,
train,22,549468,17347.4,0.072346,,
train,22,549568,17350.2,0.068493,,
train,22,549668,17353.1,0.065420,,
train,22,549768,17355.9,0.071370,,
train,22,549868,17358.7,0.067901,,
train,22,549968,17361.6,0.073804,,
train,22,550068,17364.4,0.069966,,
train,22,550168,17367.3,0.075371,,
train,22,550268,17370.1,0.065284,,
train,22,550368,17372.9,0.068267,,
train,22,550468,17375.8,0.067337,,
train,22,550568,17378.6,0.067207,,
train,22,550668,17381.5,0.070336,,
train,22,550768,17384.3,0.065921,,
train,22,550868,17387.1,0.064245,,
train,22,550968,17390.0,0.069246,,
train,22,551068,17392.8,0.069488,,
train,22,551168,17395.7,0.073913,,
train,22,551268,17398.5,0.067476,,
train,22,551368,17401.3,0.070478,,
train,22,551468,17404.2,0.066863,,
train,22,551568,17407.0,0.068633,,
train,22,551668,17409.9,0.069080,,
train,22,551768,17412.7,0.071454,,
train,22,551868,17415.5,0.068028,,
train,22,551968,17418.4,0.068429,,
train,22,552068,17421.2,0.071724,,
train,22,552168,17424.1,0.066878,,
train,22,552268,17426.9,0.070583,,
train,22,552368,17429.7,0.071435,,
train,22,552468,17432.6,0.066792,,
train,22,552568,17435.4,0.070808,,
train,22,552668,17438.2,0.073978,,
train,22,552768,17441.1,0.071025,,
train,22,552868,17443.9,0.067408,,
train,22,552968,17446.8,0.068158,,
train,22,553068,17449.6,0.066199,,
train,22,553168,17452.4,0.072073,,
train,22,553268,17455.3,0.073012,,
train,22,553368,17458.1,0.072000,,
train,22,553468,17460.9,0.068564,,
train,22,553568,17463.8,0.068684,,
train,22,553668,17466.6,0.075676,,
train,22,553768,17469.5,0.070362,,
train,22,553868,17472.3,0.070789,,
train,22,553968,17475.1,0.070496,,
train,22,554068,17478.0,0.069356,,
train,22,554168,17480.8,0.065941,,
train,22,554268,17483.7,0.069997,,
train,22,554368,17486.5,0.073164,,
train,22,554468,17489.3,0.066805,,
train,22,554568,17492.2,0.064939,,
train,22,554668,17495.0,0.067292,,
train,22,554768,17497.9,0.069160,,
train,22,554868,17500.7,0.067257,,
train,22,554968,17503.5,0.073289,,
train,22,555068,17506.4,0.069778,,
train,22,555168,17509.2,0.070168,,
train,22,555268,17512.1,0.068731,,
train,22,555368,17514.9,0.068752,,
train,22,555468,17517.7,0.067279,,
train,22,555568,17520.6,0.072582,,
train,22,555668,17523.4,0.066879,,
train,22,555768,17526.3,0.072415,,
train,22,555868,17529.1,0.070368,,
train,22,555968,17532.0,0.069369,,
train,22,556068,17534.8,0.069642,,
train,22,556168,17537.6,0.070309,,
train,22,556268,17540.5,0.068883,,
train,22,556368,17543.3,0.072270,,
train,22,556468,17546.2,0.066786,,
train,22,556568,17549.0,0.068913,,
train,22,556668,17551.8,0.067466,,
train,22,556768,17554.7,0.071527,,
train,22,556868,17557.5,nan,,
train,22,556968,17560.4,0.069128,,
train,22,557068,17563.2,0.071956,,
train,22,557168,17566.1,0.070109,,
train,22,557268,17568.9,0.074632,,
train,22,557368,17571.7,0.078509,,
train,22,557468,17574.6,0.073209,,
train,22,557568,17577.4,0.071590,,
train,22,557668,17580.3,0.074171,,
train,22,557768,17583.1,0.071040,,
train,22,557868,17585.9,0.068269,,
train,22,557968,17588.8,0.064022,,
train,22,558068,17591.6,0.069388,,
train,22,558168,17594.4,0.071964,,
train,22,558268,17597.3,0.065450,,
train,22,558368,17600.1,0.077714,,
train,22,558468,17603.0,0.074614,,
train,22,558568,17605.8,0.067832,,
train,22,558668,17608.7,0.071787,,
train,22,558768,17611.5,0.068153,,
train,22,558868,17614.3,0.066574,,
train,22,558968,17617.2,0.068075,,
train,22,559068,17620.0,0.067283,,
train,22,559168,17622.8,0.074591,,
train,22,559268,17625.7,0.068517,,
train,22,559368,17628.5,0.065133,,
train,22,559468,17631.4,0.064774,,
train,22,559568,17634.2,0.069501,,
train,22,559668,17637.0,0.068721,,
train,22,559768,17639.9,0.069549,,
train,22,559868,17642.7,0.070667,,
train,22,559968,17645.5,0.072787,,
train,22,560068,17648.4,0.069715,,
train,22,560168,17651.2,0.071580,,
train,22,560268,17654.1,0.067834,,
train,22,560368,17656.9,0.066164,,
train,22,560468,17659.7,0.070061,,
train,22,560568,17662.6,0.070661,,
train,22,560668,17665.4,0.068435,,
train,22,560768,17668.3,0.070304,,
train,22,560868,17671.1,0.071763,,
train,22,560968,17673.9,0.074361,,
train,22,561068,17676.8,0.073210,,
train,22,561168,17679.6,0.066420,,
train,22,561268,17682.4,0.065160,,
train,22,561368,17685.3,0.066143,,
train,22,561468,17688.1,0.069279,,
train,22,561568,17691.0,0.071581,,
train,22,561668,17693.8,0.068847,,
train,22,561768,17696.6,0.069851,,
train,22,561868,17699.5,0.072477,,
train,22,561968,17702.3,0.070964,,
train,22,562068,17705.2,0.068587,,
train,22,562168,17708.0,0.069687,,
val,22,,17787.1,0.063347,0.004156,0.000036
train,23,562312,17791.1,0.068852,,
train,23,562412,17793.9,0.068175,,
train,23,562512,17796.8,0.066696,,
train,23,562612,17799.6,0.067533,,
train,23,562712,17802.4,0.071559,,
train,23,562812,17805.3,0.071843,,
train,23,562912,17808.1,0.069462,,
train,23,563012,17811.0,0.074518,,
train,23,563112,17813.8,0.070672,,
train,23,563212,17816.6,0.068811,,
train,23,563312,17819.5,0.075210,,
train,23,563412,17822.3,0.067536,,
train,23,563512,17825.1,0.065747,,
train,23,563612,17828.0,0.066123,,
train,23,563712,17830.8,0.069545,,
train,23,563812,17833.6,0.066357,,
train,23,563912,17836.5,0.065657,,
train,23,564012,17839.3,0.069621,,
train,23,564112,17842.2,0.067108,,
train,23,564212,17845.0,0.068258,,
train,23,564312,17847.8,0.073489,,
train,23,564412,17850.7,0.068807,,
train,23,564512,17853.5,0.065325,,
train,23,564612,17856.4,0.064058,,
train,23,564712,17859.2,0.072823,,
train,23,564812,17862.0,0.072008,,
train,23,564912,17864.9,0.069572,,
train,23,565012,17867.7,0.065651,,
train,23,565112,17870.6,0.075746,,
train,23,565212,17873.4,0.069021,,
train,23,565312,17876.2,0.069830,,
train,23,565412,17879.1,0.069549,,
train,23,565512,17881.9,0.068071,,
train,23,565612,17884.7,0.069109,,
train,23,565712,17887.6,0.069832,,
train,23,565812,17890.4,0.074507,,
train,23,565912,17893.3,0.071288,,
train,23,566012,17896.1,0.073645,,
train,23,566112,17898.9,0.073793,,
train,23,566212,17901.8,0.065301,,
train,23,566312,17904.6,0.068969,,
train,23,566412,17907.4,0.069700,,
train,23,566512,17910.3,0.068969,,
train,23,566612,17913.1,0.067974,,
train,23,566712,17915.9,0.069586,,
train,23,566812,17918.8,0.064983,,
train,23,566912,17921.6,0.068280,,
train,23,567012,17924.4,0.066980,,
train,23,567112,17927.3,0.072936,,
train,23,567212,17930.1,0.065405,,
train,23,567312,17933.0,0.070437,,
train,23,567412,17935.8,0.070137,,
train,23,567512,17938.6,0.070597,,
train,23,567612,17941.5,0.071018,,
train,23,567712,17944.3,0.072093,,
train,23,567812,17947.1,0.068827,,
train,23,567912,17950.0,0.066572,,
train,23,568012,17952.8,0.069843,,
train,23,568112,17955.6,0.068503,,
train,23,568212,17958.5,0.065308,,
train,23,568312,17961.3,0.072259,,
train,23,568412,17964.1,0.073996,,
train,23,568512,17967.0,0.071945,,
train,23,568612,17969.8,0.072750,,
train,23,568712,17972.7,0.066488,,
train,23,568812,17975.5,0.068301,,
train,23,568912,17978.3,0.067126,,
train,23,569012,17981.2,0.076363,,
train,23,569112,17984.0,0.066643,,
train,23,569212,17986.8,0.069396,,
train,23,569312,17989.7,0.071824,,
train,23,569412,17992.5,0.066071,,
train,23,569512,17995.3,0.072039,,
train,23,569612,17998.2,0.065455,,
train,23,569712,18001.0,0.068520,,
train,23,569812,18003.8,0.069619,,
train,23,569912,18006.7,0.068558,,
train,23,570012,18009.5,0.067541,,
train,23,570112,18012.4,0.068145,,
train,23,570212,18015.2,0.068080,,
train,23,570312,18018.0,0.070785,,
train,23,570412,18020.9,0.077920,,
train,23,570512,18023.7,0.072475,,
train,23,570612,18026.5,0.070632,,
train,23,570712,18029.4,0.066129,,
train,23,570812,18032.2,0.075409,,
train,23,570912,18035.0,0.067713,,
train,23,571012,18037.9,0.069013,,
train,23,571112,18040.7,0.067090,,
train,23,571212,18043.6,0.068337,,
train,23,571312,18046.4,0.069395,,
train,23,571412,18049.2,0.065568,,
train,23,571512,18052.1,0.066149,,
train,23,571612,18054.9,0.071346,,
train,23,571712,18057.7,0.061202,,
train,23,571812,18060.5,0.066369,,
train,23,571912,18063.4,0.069266,,
train,23,572012,18066.2,0.068382,,
train,23,572112,18069.1,0.068844,,
train,23,572212,18071.9,0.066908,,
train,23,572312,18074.7,0.071298,,
train,23,572412,18077.6,0.069769,,
train,23,572512,18080.4,0.068447,,
train,23,572612,18083.2,0.071100,,
train,23,572712,18086.1,0.070647,,
train,23,572812,18088.9,0.069077,,
train,23,572912,18091.7,0.070647,,
train,23,573012,18094.6,0.071803,,
train,23,573112,18097.4,0.069072,,
train,23,573212,18100.2,0.072330,,
train,23,573312,18103.1,0.071189,,
train,23,573412,18105.9,0.065870,,
train,23,573512,18108.8,0.065009,,
train,23,573612,18111.6,0.072443,,
train,23,573712,18114.4,0.073716,,
train,23,573812,18117.3,0.072549,,
train,23,573912,18120.1,0.068989,,
train,23,574012,18122.9,0.068389,,
train,23,574112,18125.8,0.071274,,
train,23,574212,18128.6,0.067694,,
train,23,574312,18131.5,0.068608,,
train,23,574412,18134.3,0.067110,,
train,23,574512,18137.1,0.067870,,
train,23,574612,18140.0,0.067816,,
train,23,574712,18142.8,0.065081,,
train,23,574812,18145.6,0.066310,,
train,23,574912,18148.5,0.077752,,
train,23,575012,18151.3,nan,,
train,23,575112,18154.1,0.071474,,
train,23,575212,18157.0,0.072153,,
train,23,575312,18159.8,0.072826,,
train,23,575412,18162.7,0.067006,,
train,23,575512,18165.5,0.069094,,
train,23,575612,18168.3,0.069542,,
train,23,575712,18171.1,0.068615,,
train,23,575812,18174.0,0.071580,,
train,23,575912,18176.8,0.071573,,
train,23,576012,18179.6,0.075498,,
train,23,576112,18182.5,0.071457,,
train,23,576212,18185.3,0.070073,,
train,23,576312,18188.1,0.066595,,
train,23,576412,18191.0,0.071038,,
train,23,576512,18193.8,0.071013,,
train,23,576612,18196.6,0.072853,,
train,23,576712,18199.5,0.067524,,
train,23,576812,18202.3,0.066219,,
train,23,576912,18205.1,0.067840,,
train,23,577012,18208.0,0.072405,,
train,23,577112,18210.8,0.065411,,
train,23,577212,18213.7,0.071735,,
train,23,577312,18216.5,0.068437,,
train,23,577412,18219.3,0.068689,,
train,23,577512,18222.2,0.071655,,
train,23,577612,18225.0,0.074046,,
train,23,577712,18227.8,0.069186,,
train,23,577812,18230.7,0.070194,,
train,23,577912,18233.5,0.069765,,
train,23,578012,18236.3,0.068175,,
train,23,578112,18239.2,0.066041,,
train,23,578212,18242.0,0.067405,,
train,23,578312,18244.9,0.067900,,
train,23,578412,18247.7,0.068675,,
train,23,578512,18250.5,0.076521,,
train,23,578612,18253.4,0.066412,,
train,23,578712,18256.2,0.067690,,
train,23,578812,18259.0,0.071528,,
train,23,578912,18261.9,0.070725,,
train,23,579012,18264.7,0.070403,,
train,23,579112,18267.5,0.071960,,
train,23,579212,18270.4,0.070830,,
train,23,579312,18273.2,0.066247,,
train,23,579412,18276.1,0.069728,,
train,23,579512,18278.9,0.062384,,
train,23,579612,18281.7,0.067344,,
train,23,579712,18284.6,0.067603,,
train,23,579812,18287.4,0.069594,,
train,23,579912,18290.2,0.073354,,
train,23,580012,18293.1,0.066406,,
train,23,580112,18295.9,0.068541,,
train,23,580212,18298.7,0.074368,,
train,23,580312,18301.6,0.071408,,
train,23,580412,18304.4,0.068423,,
train,23,580512,18307.2,0.065775,,
train,23,580612,18310.1,0.072673,,
train,23,580712,18312.9,0.064870,,
train,23,580812,18315.7,0.067556,,
train,23,580912,18318.6,0.068863,,
train,23,581012,18321.4,0.070209,,
train,23,581112,18324.2,0.069712,,
train,23,581212,18327.1,0.067926,,
train,23,581312,18329.9,0.070342,,
train,23,581412,18332.7,0.072940,,
train,23,581512,18335.6,0.076170,,
train,23,581612,18338.4,0.069415,,
train,23,581712,18341.3,0.067105,,
train,23,581812,18344.1,0.071404,,
train,23,581912,18346.9,0.069425,,
train,23,582012,18349.8,0.072705,,
train,23,582112,18352.6,0.068107,,
train,23,582212,18355.5,0.075913,,
train,23,582312,18358.3,0.069211,,
train,23,582412,18361.1,0.069689,,
train,23,582512,18364.0,0.069029,,
train,23,582612,18366.8,0.075509,,
train,23,582712,18369.6,0.070492,,
train,23,582812,18372.5,0.071485,,
train,23,582912,18375.3,0.068381,,
train,23,583012,18378.1,0.067766,,
train,23,583112,18381.0,0.069017,,
train,23,583212,18383.8,0.064248,,
train,23,583312,18386.6,0.070957,,
train,23,583412,18389.5,0.070665,,
train,23,583512,18392.3,0.068094,,
train,23,583612,18395.1,0.066232,,
train,23,583712,18398.0,0.069333,,
train,23,583812,18400.8,0.068317,,
train,23,583912,18403.7,0.067534,,
train,23,584012,18406.5,0.066468,,
train,23,584112,18409.3,0.070199,,
train,23,584212,18412.2,0.067146,,
train,23,584312,18415.0,0.069903,,
train,23,584412,18417.8,0.069470,,
train,23,584512,18420.7,0.070118,,
train,23,584612,18423.5,0.063751,,
train,23,584712,18426.4,0.071915,,
train,23,584812,18429.2,0.070329,,
train,23,584912,18432.0,0.072887,,
train,23,585012,18434.9,0.071091,,
train,23,585112,18437.7,0.072438,,
train,23,585212,18440.5,0.068712,,
train,23,585312,18443.4,0.067905,,
train,23,585412,18446.2,0.067880,,
train,23,585512,18449.0,0.066273,,
train,23,585612,18451.9,0.066825,,
train,23,585712,18454.7,0.070883,,
train,23,585812,18457.5,0.073318,,
train,23,585912,18460.4,0.068203,,
train,23,586012,18463.2,0.063406,,
train,23,586112,18466.0,0.072456,,
train,23,586212,18468.9,0.066075,,
train,23,586312,18471.7,0.073599,,
train,23,586412,18474.5,0.070120,,
train,23,586512,18477.4,0.066036,,
train,23,586612,18480.2,0.068292,,
val,23,,18559.1,0.062733,0.004146,0.000036
train,24,586756,18563.2,0.068623,,
train,24,586856,18566.0,0.072119,,
train,24,586956,18568.8,0.072138,,
train,24,587056,18571.7,0.064941,,
train,24,587156,18574.5,0.070678,,
train,24,587256,18577.3,0.068754,,
train,24,587356,18580.2,0.071079,,
train,24,587456,18583.0,0.071534,,
train,24,587556,18585.9,0.065914,,
train,24,587656,18588.7,0.064323,,
train,24,587756,18591.6,0.073201,,
train,24,587856,18594.4,0.068198,,
train,24,587956,18597.2,0.073101,,
train,24,588056,18600.1,0.064963,,
train,24,588156,18602.9,0.065727,,
train,24,588256,18605.8,0.067127,,
train,24,588356,18608.6,0.074665,,
train,24,588456,18611.4,0.069836,,
train,24,588556,18614.3,0.072779,,
train,24,588656,18617.1,0.065135,,
train,24,588756,18620.0,0.065723,,
train,24,588856,18622.8,0.067045,,
train,24,588956,18625.7,0.073653,,
train,24,589056,18628.5,0.063319,,
train,24,589156,18631.3,0.070915,,
train,24,589256,18634.2,0.069843,,
train,24,589356,18637.0,0.069435,,
train,24,589456,18639.8,0.065699,,
train,24,589556,18642.7,0.066959,,
train,24,589656,18645.5,0.072133,,
train,24,589756,18648.4,0.071417,,
train,24,589856,18651.2,0.070879,,
train,24,589956,18654.1,0.067842,,
train,24,590056,18656.9,0.063033,,
train,24,590156,18659.7,0.065750,,
train,24,590256,18662.6,0.068810,,
train,24,590356,18665.4,0.067256,,
train,24,590456,18668.3,0.071555,,
train,24,590556,18671.1,0.067638,,
train,24,590656,18674.0,0.069993,,
train,24,590756,18676.8,0.067815,,
train,24,590856,18679.6,0.070460,,
train,24,590956,18682.5,0.070126,,
train,24,591056,18685.3,0.071981,,
train,24,591156,18688.2,0.072201,,
train,24,591256,18691.0,0.066812,,
train,24,591356,18693.8,0.062716,,
train,24,591456,18696.7,0.069053,,
train,24,591556,18699.5,0.070174,,
train,24,591656,18702.4,0.068940,,
train,24,591756,18705.2,0.069584,,
train,24,591856,18708.0,0.069744,,
train,24,591956,18710.9,0.062073,,
train,24,592056,18713.7,0.072137,,
train,24,592156,18716.6,0.068310,,
train,24,592256,18719.4,0.067031,,
train,24,592356,18722.2,0.070182,,
train,24,592456,18725.1,0.072345,,
train,24,592556,18727.9,0.072409,,
train,24,592656,18730.8,0.073804,,
train,24,592756,18733.6,0.073801,,
train,24,592856,18736.4,0.073569,,
train,24,592956,18739.3,0.068823,,
train,24,593056,18742.1,0.066049,,
train,24,593156,18745.0,0.068427,,
train,24,593256,18747.8,0.064702,,
train,24,593356,18750.6,0.068410,,
train,24,593456,18753.5,0.069043,,
train,24,593556,18756.3,nan,,
train,24,593656,18759.2,0.069728,,
train,24,593756,18762.0,0.069268,,
train,24,593856,18764.8,0.069554,,
train,24,593956,18767.7,0.067412,,
train,24,594056,18770.5,0.070114,,
train,24,594156,18773.4,0.070716,,
train,24,594256,18776.2,0.071776,,
train,24,594356,18779.0,0.067695,,
train,24,594456,18781.9,0.073862,,
train,24,594556,18784.7,0.068793,,
train,24,594656,18787.6,0.070102,,
train,24,594756,18790.4,0.069910,,
train,24,594856,18793.2,0.068464,,
train,24,594956,18796.1,0.067778,,
train,24,595056,18798.9,0.071505,,
train,24,595156,18801.8,0.065625,,
train,24,595256,18804.6,0.065340,,
train,24,595356,18807.5,0.070857,,
train,24,595456,18810.3,0.064291,,
train,24,595556,18813.1,0.065604,,
train,24,595656,18816.0,0.070222,,
train,24,595756,18818.8,0.069885,,
train,24,595856,18821.7,0.073047,,
train,24,595956,18824.5,0.069795,,
train,24,596056,18827.3,0.068584,,
train,24,596156,18830.2,0.063729,,
train,24,596256,18833.0,0.067513,,
train,24,596356,18835.9,0.069809,,
train,24,596456,18838.7,0.065817,,
train,24,596556,18841.6,0.067061,,
train,24,596656,18844.4,0.068322,,
train,24,596756,18847.2,0.071130,,
train,24,596856,18850.1,0.066498,,
train,24,596956,18852.9,0.068914,,
train,24,597056,18855.8,0.074886,,
train,24,597156,18858.6,0.064026,,
train,24,597256,18861.5,0.071249,,
train,24,597356,18864.3,0.069557,,
train,24,597456,18867.1,0.066601,,
train,24,597556,18870.0,0.070372,,
train,24,597656,18872.8,0.069923,,
train,24,597756,18875.7,0.068271,,
train,24,597856,18878.5,0.064595,,
train,24,597956,18881.4,0.064479,,
train,24,598056,18884.2,0.074775,,
train,24,598156,18887.0,0.067363,,
train,24,598256,18889.9,0.071291,,
train,24,598356,18892.7,0.070159,,
train,24,598456,18895.6,0.075784,,
train,24,598556,18898.4,0.070143,,
train,24,598656,18901.3,0.069884,,
train,24,598756,18904.1,0.067496,,
train,24,598856,18906.9,0.062892,,
train,24,598956,18909.8,0.065164,,
train,24,599056,18912.6,0.070908,,
train,24,599156,18915.5,0.065714,,
train,24,599256,18918.3,0.070043,,
train,24,599356,18921.1,0.066718,,
train,24,599456,18924.0,0.070755,,
train,24,599556,18926.8,0.070276,,
train,24,599656,18929.7,0.072286,,
train,24,599756,18932.5,0.064922,,
train,24,599856,18935.3,0.069948,,
train,24,599956,18938.2,0.072753,,
train,24,600056,18941.0,0.067067,,
train,24,600156,18943.9,0.071790,,
train,24,600256,18946.7,0.066217,,
train,24,600356,18949.5,0.070342,,
train,24,600456,18952.4,0.067329,,
train,24,600556,18955.2,0.076332,,
train,24,600656,18958.1,0.071922,,
train,24,600756,18960.9,0.066449,,
train,24,600856,18963.7,0.074181,,
train,24,600956,18966.6,0.070509,,
train,24,601056,18969.4,0.068845,,
train,24,601156,18972.3,0.071064,,
train,24,601256,18975.1,0.069632,,
train,24,601356,18977.9,0.063325,,
train,24,601456,18980.8,0.068736,,
train,24,601556,18983.6,0.066335,,
train,24,601656,18986.5,0.069110,,
train,24,601756,18989.3,0.076416,,
train,24,601856,18992.2,0.071672,,
train,24,601956,18995.0,0.071316,,
train,24,602056,18997.8,0.067572,,
train,24,602156,19000.7,0.065610,,
train,24,602256,19003.5,0.067591,,
train,24,602356,19006.3,0.068083,,
train,24,602456,19009.2,0.072188,,
train,24,602556,19012.0,0.066649,,
train,24,602656,19014.9,0.067343,,
train,24,602756,19017.7,0.065281,,
train,24,602856,19020.6,0.066239,,
train,24,602956,19023.4,0.069762,,
train,24,603056,19026.2,0.068836,,
train,24,603156,19029.1,0.065097,,
train,24,603256,19031.9,0.067506,,
train,24,603356,19034.8,0.066087,,
train,24,603456,19037.6,0.061752,,
train,24,603556,19040.4,0.069377,,
train,24,603656,19043.3,0.070910,,
train,24,603756,19046.1,0.071012,,
train,24,603856,19049.0,0.071467,,
train,24,603956,19051.8,0.069205,,
train,24,604056,19054.7,0.072556,,
train,24,604156,19057.5,0.066543,,
train,24,604256,19060.4,0.065164,,
train,24,604356,19063.2,0.067181,,
train,24,604456,19066.0,0.069111,,
train,24,604556,19068.9,0.070453,,
train,24,604656,19071.7,0.068689,,
train,24,604756,19074.6,0.068482,,
train,24,604856,19077.4,0.073891,,
train,24,604956,19080.3,0.069367,,
train,24,605056,19083.1,0.069186,,
train,24,605156,19085.9,0.072951,,
train,24,605256,19088.8,0.066706,,
train,24,605356,19091.6,0.070886,,
train,24,605456,19094.5,0.067971,,
train,24,605556,19097.3,0.065223,,
train,24,605656,19100.1,0.068570,,
train,24,605756,19103.0,0.070151,,
train,24,605856,19105.8,0.067819,,
train,24,605956,19108.7,0.071334,,
train,24,606056,19111.5,0.069481,,
train,24,606156,19114.4,0.070907,,
train,24,606256,19117.2,0.065707,,
train,24,606356,19120.0,0.064569,,
train,24,606456,19122.9,0.066224,,
train,24,606556,19125.7,0.069269,,
train,24,606656,19128.5,0.069738,,
train,24,606756,19131.4,0.069795,,
train,24,606856,19134.2,0.071625,,
train,24,606956,19137.1,0.067284,,
train,24,607056,19139.9,0.064542,,
train,24,607156,19142.8,0.068399,,
train,24,607256,19145.6,0.069621,,
train,24,607356,19148.4,0.074674,,
train,24,607456,19151.3,0.072747,,
train,24,607556,19154.1,0.070876,,
train,24,607656,19156.9,0.066248,,
train,24,607756,19159.8,0.068452,,
train,24,607856,19162.6,0.067671,,
train,24,607956,19165.5,0.069261,,
train,24,608056,19168.3,0.072995,,
train,24,608156,19171.1,0.064696,,
train,24,608256,19174.0,0.069391,,
train,24,608356,19176.8,0.063302,,
train,24,608456,19179.7,0.069626,,
train,24,608556,19182.5,0.070151,,
train,24,608656,19185.3,0.067100,,
train,24,608756,19188.2,0.066545,,
train,24,608856,19191.0,0.069378,,
train,24,608956,19193.9,0.071467,,
train,24,609056,19196.7,0.066816,,
train,24,609156,19199.6,0.069373,,
train,24,609256,19202.4,0.068033,,
train,24,609356,19205.2,0.070908,,
train,24,609456,19208.1,0.068652,,
train,24,609556,19210.9,0.075803,,
train,24,609656,19213.8,0.068045,,
train,24,609756,19216.6,0.069874,,
train,24,609856,19219.4,0.072723,,
train,24,609956,19222.3,0.070576,,
train,24,610056,19225.1,0.070624,,
train,24,610156,19228.0,0.073758,,
train,24,610256,19230.8,0.069910,,
train,24,610356,19233.7,0.064340,,
train,24,610456,19236.5,0.069223,,
train,24,610556,19239.4,0.071302,,
train,24,610656,19242.2,0.067990,,
train,24,610756,19245.0,0.070288,,
train,24,610856,19247.9,0.064828,,
train,24,610956,19250.7,0.068865,,
train,24,611056,19253.6,0.067422,,
val,24,,19332.5,0.062187,0.004136,0.000036
train,25,611200,19336.5,0.070972,,
train,25,611300,19339.3,0.066421,,
train,25,611400,19342.2,0.065886,,
train,25,611500,19345.0,0.067412,,
train,25,611600,19347.8,0.069535,,
train,25,611700,19350.7,0.068910,,
train,25,611800,19353.5,0.067931,,
train,25,611900,19356.4,0.068482,,
train,25,612000,19359.2,0.069423,,
train,25,612100,19362.0,0.069339,,
train,25,612200,19364.9,0.066344,,
train,25,612300,19367.7,0.076707,,
train,25,612400,19370.6,0.070084,,
train,25,612500,19373.4,0.065259,,
train,25,612600,19376.2,0.069251,,
train,25,612700,19379.1,0.071189,,
train,25,612800,19381.9,0.072362,,
train,25,612900,19384.8,0.067501,,
train,25,613000,19387.6,0.071133,,
train,25,613100,19390.5,0.067389,,
train,25,613200,19393.3,0.071098,,
train,25,613300,19396.2,0.068720,,
train,25,613400,19399.0,0.067117,,
train,25,613500,19401.9,0.069828,,
train,25,613600,19404.7,0.066140,,
train,25,613700,19407.5,0.065208,,
train,25,613800,19410.4,0.070436,,
train,25,613900,19413.2,0.071050,,
train,25,614000,19416.1,0.071141,,
train,25,614100,19418.9,0.070465,,
train,25,614200,19421.8,0.067163,,
train,25,614300,19424.6,0.070308,,
train,25,614400,19427.4,0.072752,,
train,25,614500,19430.3,0.070613,,
train,25,614600,19433.1,0.067200,,
train,25,614700,19436.0,0.063021,,
train,25,614800,19438.8,0.067968,,
train,25,614900,19441.7,0.062356,,
train,25,615000,19444.5,0.069546,,
train,25,615100,19447.4,0.070060,,
train,25,615200,19450.2,0.071401,,
train,25,615300,19453.0,0.067576,,
train,25,615400,19455.9,0.074225,,
train,25,615500,19458.7,0.068901,,
train,25,615600,19461.6,0.067241,,
train,25,615700,19464.4,0.066055,,
train,25,615800,19467.3,0.070241,,
train,25,615900,19470.1,0.072535,,
train,25,616000,19473.0,0.068148,,
train,25,616100,19475.8,0.068118,,
train,25,616200,19478.7,0.068842,,
train,25,616300,19481.5,0.068619,,
train,25,616400,19484.3,0.069581,,
train,25,616500,19487.2,0.071431,,
train,25,616600,19490.0,0.070378,,
train,25,616700,19492.9,0.067342,,
train,25,616800,19495.7,0.068708,,
train,25,616900,19498.5,0.070803,,
train,25,617000,19501.4,0.069444,,
train,25,617100,19504.2,0.066660,,
train,25,617200,19507.1,0.066867,,
train,25,617300,19509.9,0.064840,,
train,25,617400,19512.7,0.070712,,
train,25,617500,19515.6,0.067860,,
train,25,617600,19518.4,0.073671,,
train,25,617700,19521.3,0.067479,,
train,25,617800,19524.1,0.067835,,
train,25,617900,19527.0,0.070104,,
train,25,618000,19529.8,0.071746,,
train,25,618100,19532.6,0.071356,,
train,25,618200,19535.5,0.063160,,
train,25,618300,19538.3,0.070803,,
train,25,618400,19541.2,0.071837,,
train,25,618500,19544.0,0.065605,,
train,25,618600,19546.9,0.071576,,
train,25,618700,19549.7,0.068657,,
train,25,618800,19552.5,0.073042,,
train,25,618900,19555.4,0.061568,,
train,25,619000,19558.2,0.067628,,
train,25,619100,19561.1,0.071905,,
train,25,619200,19563.9,0.068069,,
train,25,619300,19566.8,0.073005,,
train,25,619400,19569.6,0.070053,,
train,25,619500,19572.4,0.070161,,
train,25,619600,19575.3,0.069001,,
train,25,619700,19578.1,0.068146,,
train,25,619800,19581.0,0.062524,,
train,25,619900,19583.8,0.067661,,
train,25,620000,19586.7,0.064419,,
train,25,620100,19589.5,0.071650,,
train,25,620200,19592.4,0.067333,,
train,25,620300,19595.2,0.070289,,
train,25,620400,19598.0,0.070436,,
train,25,620500,19600.9,0.072350,,
train,25,620600,19603.7,0.068018,,
train,25,620700,19606.6,0.066158,,
train,25,620800,19609.4,0.064056,,
train,25,620900,19612.3,0.062136,,
train,25,621000,19615.1,0.069418,,
train,25,621100,19618.0,0.075991,,
train,25,621200,19620.8,0.073826,,
train,25,621300,19623.7,0.068044,,
train,25,621400,19626.5,0.075607,,
train,25,621500,19629.4,0.072976,,
train,25,621600,19632.2,0.067025,,
train,25,621700,19635.0,0.064829,,
train,25,621800,19637.9,0.065986,,
train,25,621900,19640.7,0.068980,,
train,25,622000,19643.6,0.064838,,
train,25,622100,19646.4,0.072168,,
train,25,622200,19649.3,0.066340,,
train,25,622300,19652.1,0.073280,,
train,25,622400,19655.0,0.063670,,
train,25,622500,19657.8,0.073564,,
train,25,622600,19660.6,0.066240,,
train,25,622700,19663.5,0.068388,,
train,25,622800,19666.3,0.072489,,
train,25,622900,19669.2,0.073092,,
train,25,623000,19672.0,0.064320,,
train,25,623100,19674.9,0.066929,,
train,25,623200,19677.7,0.068274,,
train,25,623300,19680.6,0.070274,,
train,25,623400,19683.4,0.067583,,
train,25,623500,19686.3,0.066550,,
train,25,623600,19689.1,0.069638,,
train,25,623700,19691.9,0.066782,,
train,25,623800,19694.8,0.068551,,
train,25,623900,19697.6,0.066084,,
train,25,624000,19700.5,0.070063,,
train,25,624100,19703.3,0.067504,,
train,25,624200,19706.2,0.069464,,
train,25,624300,19709.0,0.067014,,
train,25,624400,19711.8,0.066490,,
train,25,624500,19714.7,0.069291,,
train,25,624600,19717.5,0.068867,,
train,25,624700,19720.4,0.068023,,
train,25,624800,19723.2,0.069708,,
train,25,624900,19726.1,0.072719,,
train,25,625000,19728.9,0.066595,,
train,25,625100,19731.7,0.064588,,
train,25,625200,19734.6,0.067207,,
train,25,625300,19737.4,0.066659,,
train,25,625400,19740.3,0.070377,,
train,25,625500,19743.1,0.071861,,
train,25,625600,19746.0,0.068361,,
train,25,625700,19748.8,0.067467,,
train,25,625800,19751.7,0.066198,,
train,25,625900,19754.5,0.062588,,
train,25,626000,19757.3,0.064642,,
train,25,626100,19760.2,0.067271,,
train,25,626200,19763.0,0.068341,,
train,25,626300,19765.9,0.067813,,
train,25,626400,19768.7,0.062056,,
train,25,626500,19771.6,0.069594,,
train,25,626600,19774.4,0.071205,,
train,25,626700,19777.2,0.067370,,
train,25,626800,19780.1,0.071989,,
train,25,626900,19782.9,0.067670,,
train,25,627000,19785.8,0.067746,,
train,25,627100,19788.6,0.070396,,
train,25,627200,19791.5,0.071493,,
train,25,627300,19794.3,0.065546,,
train,25,627400,19797.2,0.072478,,
train,25,627500,19800.0,0.069597,,
train,25,627600,19802.8,0.071296,,
train,25,627700,19805.7,0.071358,,
train,25,627800,19808.5,0.074051,,
train,25,627900,19811.4,0.067251,,
train,25,628000,19814.2,0.063582,,
train,25,628100,19817.1,0.066720,,
train,25,628200,19819.9,0.071005,,
train,25,628300,19822.7,0.068192,,
train,25,628400,19825.6,0.065173,,
train,25,628500,19828.4,0.067063,,
train,25,628600,19831.3,0.070973,,
train,25,628700,19834.1,0.068372,,
train,25,628800,19837.0,0.069557,,
train,25,628900,19839.8,0.073336,,
train,25,629000,19842.7,0.072703,,
train,25,629100,19845.5,0.067202,,
train,25,629200,19848.4,0.068161,,
train,25,629300,19851.2,0.068170,,
train,25,629400,19854.0,0.071443,,
train,25,629500,19856.9,0.065822,,
train,25,629600,19859.7,0.067501,,
train,25,629700,19862.6,0.067344,,
train,25,629800,19865.4,0.068131,,
train,25,629900,19868.3,0.072366,,
train,25,630000,19871.1,0.065295,,
train,25,630100,19874.0,0.070350,,
train,25,630200,19876.8,0.066728,,
train,25,630300,19879.6,0.068760,,
train,25,630400,19882.5,0.074573,,
train,25,630500,19885.3,0.067240,,
train,25,630600,19888.2,0.071172,,
train,25,630700,19891.0,0.064725,,
train,25,630800,19893.8,0.068877,,
train,25,630900,19896.7,0.069082,,
train,25,631000,19899.5,0.070186,,
train,25,631100,19902.4,0.068923,,
train,25,631200,19905.2,0.063500,,
train,25,631300,19908.1,0.071049,,
train,25,631400,19910.9,0.066965,,
train,25,631500,19913.7,0.067818,,
train,25,631600,19916.6,0.070443,,
train,25,631700,19919.4,0.072859,,
train,25,631800,19922.3,nan,,
train,25,631900,19925.1,0.064596,,
train,25,632000,19927.9,0.062313,,
train,25,632100,19930.8,0.070057,,
train,25,632200,19933.6,0.070998,,
train,25,632300,19936.5,0.068332,,
train,25,632400,19939.3,0.068018,,
train,25,632500,19942.2,0.067070,,
train,25,632600,19945.0,0.066914,,
train,25,632700,19947.8,0.062311,,
train,25,632800,19950.7,0.064617,,
train,25,632900,19953.5,0.068004,,
train,25,633000,19956.4,0.068254,,
train,25,633100,19959.2,0.062999,,
train,25,633200,19962.0,0.068148,,
train,25,633300,19964.9,0.066895,,
train,25,633400,19967.7,0.070580,,
train,25,633500,19970.6,0.065979,,
train,25,633600,19973.4,0.067808,,
train,25,633700,19976.3,0.072616,,
train,25,633800,19979.1,0.064796,,
train,25,633900,19982.0,0.066629,,
train,25,634000,19984.8,0.068307,,
train,25,634100,19987.7,0.069895,,
train,25,634200,19990.5,0.073975,,
train,25,634300,19993.3,0.073851,,
train,25,634400,19996.2,0.065354,,
train,25,634500,19999.0,0.066824,,
train,25,634600,20001.9,0.072525,,
train,25,634700,20004.7,0.061518,,
train,25,634800,20007.6,0.070826,,
train,25,634900,20010.4,0.062304,,
train,25,635000,20013.2,0.076144,,
train,25,635100,20016.1,0.066729,,
train,25,635200,20018.9,0.071462,,
train,25,635300,20021.8,0.066686,,
train,25,635400,20024.6,0.067957,,
train,25,635500,20027.5,0.065715,,
val,25,,20106.5,0.062123,0.004125,0.000035
train,26,635644,20110.5,0.069983,,
train,26,635744,20113.3,0.068807,,
train,26,635844,20116.2,0.069751,,
train,26,635944,20119.0,0.069603,,
train,26,636044,20121.8,0.068301,,
train,26,636144,20124.7,0.066219,,
train,26,636244,20127.5,0.072041,,
train,26,636344,20130.4,0.065639,,
train,26,636444,20133.2,0.067593,,
train,26,636544,20136.1,0.069193,,
train,26,636644,20138.9,0.065416,,
train,26,636744,20141.7,0.072379,,
train,26,636844,20144.6,0.064351,,
train,26,636944,20147.4,0.072558,,
train,26,637044,20150.3,0.068327,,
train,26,637144,20153.1,0.069814,,
train,26,637244,20156.0,0.070782,,
train,26,637344,20158.8,0.067852,,
train,26,637444,20161.6,0.067707,,
train,26,637544,20164.5,0.069642,,
train,26,637644,20167.3,0.067916,,
train,26,637744,20170.2,0.071017,,
train,26,637844,20173.0,0.071140,,
train,26,637944,20175.9,0.068751,,
train,26,638044,20178.7,0.067709,,
train,26,638144,20181.6,0.071455,,
train,26,638244,20184.4,0.069050,,
train,26,638344,20187.3,0.065119,,
train,26,638444,20190.1,0.068761,,
train,26,638544,20193.0,0.071804,,
train,26,638644,20195.8,0.074089,,
train,26,638744,20198.7,0.069867,,
train,26,638844,20201.5,0.070104,,
train,26,638944,20204.3,0.066588,,
train,26,639044,20207.2,0.066093,,
train,26,639144,20210.0,0.067653,,
train,26,639244,20212.9,0.068620,,
train,26,639344,20215.7,0.067820,,
train,26,639444,20218.6,0.069903,,
train,26,639544,20221.4,0.065920,,
train,26,639644,20224.3,0.069028,,
train,26,639744,20227.1,0.070439,,
train,26,639844,20230.0,0.066573,,
train,26,639944,20232.8,0.066644,,
train,26,640044,20235.7,0.065392,,
train,26,640144,20238.5,0.071246,,
train,26,640244,20241.4,0.065056,,
train,26,640344,20244.2,0.072554,,
train,26,640444,20247.0,0.073952,,
train,26,640544,20249.9,0.072690,,
train,26,640644,20252.7,0.071212,,
train,26,640744,20255.6,0.069411,,
train,26,640844,20258.4,0.065363,,
train,26,640944,20261.3,0.072230,,
train,26,641044,20264.1,0.066702,,
train,26,641144,20266.9,0.074484,,
train,26,641244,20269.8,0.060561,,
train,26,641344,20272.6,0.066799,,
train,26,641444,20275.5,0.068339,,
train,26,641544,20278.3,0.070733,,
train,26,641644,20281.2,0.066411,,
train,26,641744,20284.0,0.067735,,
train,26,641844,20286.8,0.069720,,
train,26,641944,20289.7,0.075201,,
train,26,642044,20292.5,0.064406,,
train,26,642144,20295.4,0.070995,,
train,26,642244,20298.2,0.065460,,
train,26,642344,20301.1,0.064667,,
train,26,642444,20303.9,0.071938,,
train,26,642544,20306.7,0.064871,,
train,26,642644,20309.6,0.069665,,
train,26,642744,20312.4,0.067531,,
train,26,642844,20315.3,0.065828,,
train,26,642944,20318.1,0.064544,,
train,26,643044,20321.0,0.065348,,
train,26,643144,20323.8,0.066814,,
train,26,643244,20326.6,0.065185,,
train,26,643344,20329.5,0.064845,,
train,26,643444,20332.3,0.066509,,
train,26,643544,20335.2,0.070501,,
train,26,643644,20338.0,0.066910,,
train,26,643744,20340.9,0.069118,,
train,26,643844,20343.7,0.069972,,
train,26,643944,20346.5,0.066986,,
train,26,644044,20349.4,nan,,
train,26,644144,20352.2,0.068910,,
train,26,644244,20355.1,0.066863,,
train,26,644344,20357.9,0.067399,,
train,26,644444,20360.8,0.065193,,
train,26,644544,20363.6,0.070567,,
train,26,644644,20366.4,0.067097,,
train,26,644744,20369.3,0.070882,,
train,26,644844,20372.1,0.070972,,
train,26,644944,20375.0,0.071772,,
train,26,645044,20377.8,0.075941,,
train,26,645144,20380.7,0.068420,,
train,26,645244,20383.5,0.066033,,
train,26,645344,20386.3,0.068743,,
train,26,645444,20389.2,0.070137,,
train,26,645544,20392.0,0.073510,,
train,26,645644,20394.9,0.066858,,
train,26,645744,20397.7,0.068261,,
train,26,645844,20400.6,0.066472,,
train,26,645944,20403.4,0.063784,,
train,26,646044,20406.3,0.068232,,
train,26,646144,20409.1,0.067848,,
train,26,646244,20411.9,0.067312,,
train,26,646344,20414.8,0.070143,,
train,26,646444,20417.6,0.066828,,
train,26,646544,20420.5,0.068372,,
train,26,646644,20423.3,0.065126,,
train,26,646744,20426.2,0.066509,,
train,26,646844,20429.0,0.067437,,
train,26,646944,20431.9,0.068539,,
train,26,647044,20434.7,0.064241,,
train,26,647144,20437.5,0.067323,,
train,26,647244,20440.4,0.071196,,
train,26,647344,20443.2,0.068047,,
train,26,647444,20446.1,0.070295,,
train,26,647544,20448.9,0.066238,,
train,26,647644,20451.8,0.064404,,
train,26,647744,20454.6,0.066119,,
train,26,647844,20457.5,0.064798,,
train,26,647944,20460.3,0.069957,,
train,26,648044,20463.1,0.067084,,
train,26,648144,20466.0,0.068899,,
train,26,648244,20468.8,0.070338,,
train,26,648344,20471.7,0.072162,,
train,26,648444,20474.5,0.069117,,
train,26,648544,20477.4,0.069765,,
train,26,648644,20480.2,0.069496,,
train,26,648744,20483.0,0.069328,,
train,26,648844,20485.9,0.072407,,
train,26,648944,20488.7,0.063970,,
train,26,649044,20491.6,0.068830,,
train,26,649144,20494.4,0.064944,,
train,26,649244,20497.3,0.066486,,
train,26,649344,20500.1,0.069381,,
train,26,649444,20502.9,0.068903,,
train,26,649544,20505.8,0.067666,,
train,26,649644,20508.6,0.072533,,
train,26,649744,20511.5,0.062735,,
train,26,649844,20514.3,0.065453,,
train,26,649944,20517.2,0.067662,,
train,26,650044,20520.0,0.065390,,
train,26,650144,20522.9,0.065067,,
train,26,650244,20525.7,0.071132,,
train,26,650344,20528.5,0.073677,,
train,26,650444,20531.4,0.068602,,
train,26,650544,20534.2,0.063361,,
train,26,650644,20537.1,0.069986,,
train,26,650744,20539.9,0.068156,,
train,26,650844,20542.8,0.066581,,
train,26,650944,20545.6,0.072578,,
train,26,651044,20548.4,0.068296,,
train,26,651144,20551.3,0.077591,,
train,26,651244,20554.1,0.064926,,
train,26,651344,20557.0,0.068912,,
train,26,651444,20559.8,0.067530,,
train,26,651544,20562.7,0.070746,,
train,26,651644,20565.5,0.067234,,
train,26,651744,20568.4,0.067359,,
train,26,651844,20571.2,0.065842,,
train,26,651944,20574.0,0.071041,,
train,26,652044,20576.9,0.066166,,
train,26,652144,20579.7,0.066129,,
train,26,652244,20582.6,0.066405,,
train,26,652344,20585.4,0.065797,,
train,26,652444,20588.3,0.065370,,
train,26,652544,20591.1,0.067507,,
train,26,652644,20594.0,0.067803,,
train,26,652744,20596.8,0.071770,,
train,26,652844,20599.7,0.074821,,
train,26,652944,20602.5,0.074347,,
train,26,653044,20605.3,0.069869,,
train,26,653144,20608.2,0.067277,,
train,26,653244,20611.0,0.062806,,
train,26,653344,20613.9,0.070763,,
train,26,653444,20616.7,0.065296,,
train,26,653544,20619.6,0.067769,,
train,26,653644,20622.4,0.069991,,
train,26,653744,20625.3,0.068036,,
train,26,653844,20628.1,0.069797,,
train,26,653944,20631.0,0.067217,,
train,26,654044,20633.8,0.067411,,
train,26,654144,20636.7,0.072103,,
train,26,654244,20639.5,0.068667,,
train,26,654344,20642.4,0.067297,,
train,26,654444,20645.2,0.068393,,
train,26,654544,20648.0,0.065157,,
train,26,654644,20650.9,0.062468,,
train,26,654744,20653.7,0.071506,,
train,26,654844,20656.6,0.070867,,
train,26,654944,20659.4,0.068027,,
train,26,655044,20662.3,0.067295,,
train,26,655144,20665.1,0.066460,,
train,26,655244,20668.0,0.070330,,
train,26,655344,20670.8,0.063069,,
train,26,655444,20673.6,0.066484,,
train,26,655544,20676.5,0.070719,,
train,26,655644,20679.3,0.068017,,
train,26,655744,20682.2,0.066868,,
train,26,655844,20685.0,0.065035,,
train,26,655944,20687.9,0.071348,,
train,26,656044,20690.7,0.066184,,
train,26,656144,20693.5,0.069737,,
train,26,656244,20696.4,0.062519,,
train,26,656344,20699.2,0.067381,,
train,26,656444,20702.1,0.066935,,
train,26,656544,20704.9,0.069226,,
train,26,656644,20707.8,0.067041,,
train,26,656744,20710.6,0.068734,,
train,26,656844,20713.5,0.068627,,
train,26,656944,20716.3,0.073901,,
train,26,657044,20719.1,0.065612,,
train,26,657144,20722.0,0.064928,,
train,26,657244,20724.8,0.067693,,
train,26,657344,20727.7,0.063542,,
train,26,657444,20730.5,0.072972,,
train,26,657544,20733.4,0.074883,,
train,26,657644,20736.2,0.076745,,
train,26,657744,20739.1,0.070434,,
train,26,657844,20741.9,0.068546,,
train,26,657944,20744.7,0.067668,,
train,26,658044,20747.6,0.063221,,
train,26,658144,20750.4,0.067476,,
train,26,658244,20753.3,0.069337,,
train,26,658344,20756.1,0.066375,,
train,26,658444,20759.0,0.065332,,
train,26,658544,20761.8,0.065011,,
train,26,658644,20764.6,0.068385,,
train,26,658744,20767.5,0.068183,,
train,26,658844,20770.3,0.069488,,
train,26,658944,20773.2,0.071895,,
train,26,659044,20776.0,0.069794,,
train,26,659144,20778.9,0.065440,,
train,26,659244,20781.7,0.065187,,
train,26,659344,20784.6,0.063087,,
train,26,659444,20787.4,0.073646,,
train,26,659544,20790.2,0.064152,,
train,26,659644,20793.1,0.069842,,
train,26,659744,20795.9,0.068241,,
train,26,659844,20798.8,0.065484,,
train,26,659944,20801.6,0.073565,,
val,26,,20880.8,0.062043,0.004118,0.000035
train,27,660088,20884.8,0.063467,,
train,27,660188,20887.6,0.072533,,
train,27,660288,20890.5,0.069764,,
train,27,660388,20893.3,0.067036,,
train,27,660488,20896.1,0.072082,,
train,27,660588,20899.0,0.072008,,
train,27,660688,20901.8,0.066367,,
train,27,660788,20904.7,0.067975,,
train,27,660888,20907.5,0.065896,,
train,27,660988,20910.4,0.068610,,
train,27,661088,20913.2,0.063398,,
train,27,661188,20916.0,0.069822,,
train,27,661288,20918.9,0.068642,,
train,27,661388,20921.7,0.063774,,
train,27,661488,20924.6,0.069571,,
train,27,661588,20927.4,0.074673,,
train,27,661688,20930.2,0.072428,,
train,27,661788,20933.1,0.067645,,
train,27,661888,20935.9,0.072948,,
train,27,661988,20938.8,0.070135,,
train,27,662088,20941.6,0.066306,,
train,27,662188,20944.4,0.069860,,
train,27,662288,20947.3,0.069353,,
train,27,662388,20950.1,0.065393,,
train,27,662488,20953.0,0.064454,,
train,27,662588,20955.8,0.068364,,
train,27,662688,20958.6,0.070500,,
train,27,662788,20961.5,0.065204,,
train,27,662888,20964.3,0.066357,,
train,27,662988,20967.2,0.063373,,
train,27,663088,20970.0,0.063576,,
train,27,663188,20972.8,0.067221,,
train,27,663288,20975.7,0.063036,,
train,27,663388,20978.5,0.072999,,
train,27,663488,20981.4,0.064250,,
train,27,663588,20984.2,0.068440,,
train,27,663688,20987.1,0.070832,,
train,27,663788,20989.9,0.071507,,
train,27,663888,20992.8,0.066172,,
train,27,663988,20995.6,0.070373,,
train,27,664088,20998.5,0.067300,,
train,27,664188,21001.3,0.066308,,
train,27,664288,21004.1,0.067178,,
train,27,664388,21007.0,0.070344,,
train,27,664488,21009.8,0.065403,,
train,27,664588,21012.7,0.067967,,
train,27,664688,21015.5,0.067270,,
train,27,664788,21018.3,0.069658,,
train,27,664888,21021.2,0.067957,,
train,27,664988,21024.0,0.066841,,
train,27,665088,21026.9,0.072907,,
train,27,665188,21029.7,0.070487,,
train,27,665288,21032.6,nan,,
train,27,665388,21035.4,0.065966,,
train,27,665488,21038.3,0.072407,,
train,27,665588,21041.1,0.069978,,
train,27,665688,21044.0,0.066671,,
train,27,665788,21046.8,0.065782,,
train,27,665888,21049.6,0.070803,,
train,27,665988,21052.5,0.065739,,
train,27,666088,21055.3,0.066752,,
train,27,666188,21058.2,0.067492,,
train,27,666288,21061.0,0.064850,,
train,27,666388,21063.8,0.066171,,
train,27,666488,21066.7,0.067968,,
train,27,666588,21069.5,0.065174,,
train,27,666688,21072.4,0.069853,,
train,27,666788,21075.2,0.071922,,
train,27,666888,21078.0,0.069228,,
train,27,666988,21080.9,0.068389,,
train,27,667088,21083.7,0.072208,,
train,27,667188,21086.6,0.072021,,
train,27,667288,21089.4,0.070303,,
train,27,667388,21092.2,0.064300,,
train,27,667488,21095.1,0.064591,,
train,27,667588,21097.9,0.070759,,
train,27,667688,21100.8,0.064364,,
train,27,667788,21103.6,0.067136,,
train,27,667888,21106.4,0.064998,,
train,27,667988,21109.3,0.068660,,
train,27,668088,21112.1,0.070621,,
train,27,668188,21115.0,0.063684,,
train,27,668288,21117.8,0.071507,,
train,27,668388,21120.6,0.067294,,
train,27,668488,21123.5,0.070638,,
train,27,668588,21126.3,0.070907,,
train,27,668688,21129.2,0.063008,,
train,27,668788,21132.0,0.070187,,
train,27,668888,21134.8,0.064074,,
train,27,668988,21137.7,0.065026,,
train,27,669088,21140.5,0.071371,,
train,27,669188,21143.4,0.066188,,
train,27,669288,21146.2,0.066481,,
train,27,669388,21149.1,0.069474,,
train,27,669488,21151.9,0.070927,,
train,27,669588,21154.7,0.063106,,
train,27,669688,21157.6,0.074372,,
train,27,669788,21160.4,0.071740,,
train,27,669888,21163.3,0.067996,,
train,27,669988,21166.1,0.069301,,
train,27,670088,21168.9,0.069688,,
train,27,670188,21171.8,0.070398,,
train,27,670288,21174.6,0.067084,,
train,27,670388,21177.5,0.071918,,
train,27,670488,21180.3,0.065273,,
train,27,670588,21183.2,0.069947,,
train,27,670688,21186.0,0.071554,,
train,27,670788,21188.8,0.068868,,
train,27,670888,21191.7,0.069398,,
train,27,670988,21194.5,0.072998,,
train,27,671088,21197.4,0.070590,,
train,27,671188,21200.2,0.064472,,
train,27,671288,21203.1,0.065245,,
train,27,671388,21205.9,0.065785,,
train,27,671488,21208.8,0.067465,,
train,27,671588,21211.6,0.072840,,
train,27,671688,21214.4,0.071480,,
train,27,671788,21217.3,0.071455,,
train,27,671888,21220.1,0.066730,,
train,27,671988,21223.0,0.066289,,
train,27,672088,21225.8,0.072806,,
train,27,672188,21228.7,0.073383,,
train,27,672288,21231.5,0.069975,,
train,27,672388,21234.4,0.066813,,
train,27,672488,21237.2,0.065175,,
train,27,672588,21240.0,0.066910,,
train,27,672688,21242.9,0.065501,,
train,27,672788,21245.7,0.065452,,
train,27,672888,21248.6,0.069842,,
train,27,672988,21251.4,0.068935,,
train,27,673088,21254.2,0.066090,,
train,27,673188,21257.1,0.066216,,
train,27,673288,21259.9,0.065855,,
train,27,673388,21262.8,0.064360,,
train,27,673488,21265.6,0.069411,,
train,27,673588,21268.4,0.070579,,
train,27,673688,21271.3,0.063774,,
train,27,673788,21274.1,0.070138,,
train,27,673888,21277.0,0.071662,,
train,27,673988,21279.8,0.075138,,
train,27,674088,21282.6,0.069325,,
train,27,674188,21285.5,0.071025,,
train,27,674288,21288.3,0.069753,,
train,27,674388,21291.1,0.074114,,
train,27,674488,21294.0,0.068925,,
train,27,674588,21296.8,0.068615,,
train,27,674688,21299.7,0.067715,,
train,27,674788,21302.5,0.067888,,
train,27,674888,21305.4,0.067269,,
train,27,674988,21308.2,0.070765,,
train,27,675088,21311.0,0.069983,,
train,27,675188,21313.9,0.065739,,
train,27,675288,21316.7,0.068858,,
train,27,675388,21319.6,0.064523,,
train,27,675488,21322.4,0.066739,,
train,27,675588,21325.3,0.064663,,
train,27,675688,21328.1,0.071693,,
train,27,675788,21330.9,0.065824,,
train,27,675888,21333.8,0.069120,,
train,27,675988,21336.6,0.067401,,
train,27,676088,21339.5,0.063705,,
train,27,676188,21342.3,0.073555,,
train,27,676288,21345.1,0.066308,,
train,27,676388,21348.0,0.069385,,
train,27,676488,21350.8,0.070523,,
train,27,676588,21353.7,0.070750,,
train,27,676688,21356.5,0.073150,,
train,27,676788,21359.3,0.069070,,
train,27,676888,21362.2,0.067448,,
train,27,676988,21365.0,0.069646,,
train,27,677088,21367.9,0.065698,,
train,27,677188,21370.7,0.069137,,
train,27,677288,21373.6,0.075134,,
train,27,677388,21376.4,0.063238,,
train,27,677488,21379.2,0.061976,,
train,27,677588,21382.1,0.070559,,
train,27,677688,21384.9,0.072885,,
train,27,677788,21387.8,0.069800,,
train,27,677888,21390.6,0.066193,,
train,27,677988,21393.5,0.067499,,
train,27,678088,21396.3,0.066513,,
train,27,678188,21399.1,0.066524,,
train,27,678288,21402.0,0.069560,,
train,27,678388,21404.8,0.064669,,
train,27,678488,21407.7,0.072775,,
train,27,678588,21410.5,0.061725,,
train,27,678688,21413.4,0.071588,,
train,27,678788,21416.2,0.069512,,
train,27,678888,21419.1,0.067318,,
train,27,678988,21421.9,0.070914,,
train,27,679088,21424.7,0.063544,,
train,27,679188,21427.6,0.065810,,
train,27,679288,21430.4,0.069651,,
train,27,679388,21433.3,0.067201,,
train,27,679488,21436.1,0.064052,,
train,27,679588,21439.0,0.069648,,
train,27,679688,21441.8,0.068877,,
train,27,679788,21444.6,0.071809,,
train,27,679888,21447.5,0.065626,,
train,27,679988,21450.3,0.068286,,
train,27,680088,21453.2,0.069769,,
train,27,680188,21456.0,0.065248,,
train,27,680288,21458.9,0.065903,,
train,27,680388,21461.7,0.063772,,
train,27,680488,21464.5,0.067578,,
train,27,680588,21467.4,0.069751,,
train,27,680688,21470.2,0.066317,,
train,27,680788,21473.1,0.068748,,
train,27,680888,21475.9,0.064541,,
train,27,680988,21478.8,0.073299,,
train,27,681088,21481.6,0.065797,,
train,27,681188,21484.4,0.062960,,
train,27,681288,21487.3,0.065582,,
train,27,681388,21490.1,0.068379,,
train,27,681488,21493.0,0.064752,,
train,27,681588,21495.8,0.067066,,
train,27,681688,21498.6,0.068182,,
train,27,681788,21501.5,0.065363,,
train,27,681888,21504.3,0.067900,,
train,27,681988,21507.2,0.069151,,
train,27,682088,21510.0,0.065987,,
train,27,682188,21512.8,0.068088,,
train,27,682288,21515.7,0.070553,,
train,27,682388,21518.5,0.075966,,
train,27,682488,21521.4,0.064515,,
train,27,682588,21524.2,0.071354,,
train,27,682688,21527.0,0.060377,,
train,27,682788,21529.9,0.069172,,
train,27,682888,21532.7,0.071586,,
train,27,682988,21535.6,0.064988,,
train,27,683088,21538.4,0.069124,,
train,27,683188,21541.2,0.064085,,
train,27,683288,21544.1,0.067016,,
train,27,683388,21546.9,0.064983,,
train,27,683488,21549.8,0.071284,,
train,27,683588,21552.6,0.065211,,
train,27,683688,21555.4,0.068229,,
train,27,683788,21558.3,0.066660,,
train,27,683888,21561.1,0.066011,,
train,27,683988,21564.0,0.065366,,
train,27,684088,21566.8,0.065687,,
train,27,684188,21569.7,0.064734,,
train,27,684288,21572.5,0.067893,,
train,27,684388,21575.3,0.071169,,
val,27,,21654.3,0.061483,0.004110,0.000035
train,28,684532,21658.3,0.071242,,
train,28,684632,21661.2,0.070351,,
train,28,684732,21664.0,0.064706,,
train,28,684832,21666.8,0.072545,,
train,28,684932,21669.7,0.063540,,
train,28,685032,21672.5,0.066918,,
train,28,685132,21675.4,0.072813,,
train,28,685232,21678.2,0.067706,,
train,28,685332,21681.1,0.064573,,
train,28,685432,21683.9,0.068840,,
train,28,685532,21686.7,0.067975,,
train,28,685632,21689.6,0.070928,,
train,28,685732,21692.4,0.066750,,
train,28,685832,21695.3,0.064501,,
train,28,685932,21698.1,0.065750,,
train,28,686032,21701.0,0.066763,,
train,28,686132,21703.8,0.068864,,
train,28,686232,21706.6,0.066121,,
train,28,686332,21709.5,0.066040,,
train,28,686432,21712.3,0.072954,,
train,28,686532,21715.2,0.064475,,
train,28,686632,21718.0,0.072499,,
train,28,686732,21720.9,0.067692,,
train,28,686832,21723.7,0.070967,,
train,28,686932,21726.6,0.069600,,
train,28,687032,21729.4,0.071437,,
train,28,687132,21732.2,0.066717,,
train,28,687232,21735.1,0.070959,,
train,28,687332,21737.9,0.066946,,
train,28,687432,21740.8,0.070987,,
train,28,687532,21743.6,0.069080,,
train,28,687632,21746.5,0.069108,,
train,28,687732,21749.3,0.070100,,
train,28,687832,21752.1,0.067873,,
train,28,687932,21755.0,0.066002,,
train,28,688032,21757.8,0.065726,,
train,28,688132,21760.7,0.069244,,
train,28,688232,21763.5,0.070420,,
train,28,688332,21766.4,0.071187,,
train,28,688432,21769.2,0.064932,,
train,28,688532,21772.1,0.066209,,
train,28,688632,21774.9,0.064154,,
train,28,688732,21777.7,0.063479,,
train,28,688832,21780.6,0.065265,,
train,28,688932,21783.4,0.070927,,
train,28,689032,21786.3,0.065951,,
train,28,689132,21789.1,0.070838,,
train,28,689232,21791.9,0.070526,,
train,28,689332,21794.8,0.064132,,
train,28,689432,21797.6,0.062959,,
train,28,689532,21800.5,0.067570,,
train,28,689632,21803.3,0.066926,,
train,28,689732,21806.2,0.071879,,
train,28,689832,21809.0,0.071205,,
train,28,689932,21811.9,0.064244,,
train,28,690032,21814.7,0.066025,,
train,28,690132,21817.6,0.067261,,
train,28,690232,21820.4,0.065759,,
train,28,690332,21823.2,0.069224,,
train,28,690432,21826.1,0.069761,,
train,28,690532,21828.9,0.073781,,
train,28,690632,21831.7,0.068795,,
train,28,690732,21834.6,0.068420,,
train,28,690832,21837.4,0.066685,,
train,28,690932,21840.3,0.068695,,
train,28,691032,21843.1,0.065283,,
train,28,691132,21845.9,0.069821,,
train,28,691232,21848.8,0.068629,,
train,28,691332,21851.6,0.064468,,
train,28,691432,21854.5,0.066596,,
train,28,691532,21857.3,0.063642,,
train,28,691632,21860.1,0.064826,,
train,28,691732,21863.0,0.068926,,
train,28,691832,21865.8,0.066094,,
train,28,691932,21868.7,0.069192,,
train,28,692032,21871.5,0.063520,,
train,28,692132,21874.3,0.067091,,
train,28,692232,21877.2,0.066808,,
train,28,692332,21880.0,0.062371,,
train,28,692432,21882.9,0.066616,,
train,28,692532,21885.7,0.067432,,
train,28,692632,21888.5,0.069005,,
train,28,692732,21891.4,0.066184,,
train,28,692832,21894.2,0.068627,,
train,28,692932,21897.1,0.070843,,
train,28,693032,21899.9,0.069496,,
train,28,693132,21902.8,0.073377,,
train,28,693232,21905.6,0.067002,,
train,28,693332,21908.4,0.068450,,
train,28,693432,21911.3,0.071711,,
train,28,693532,21914.1,0.063535,,
train,28,693632,21917.0,0.067109,,
train,28,693732,21919.8,0.068896,,
train,28,693832,21922.7,0.068267,,
train,28,693932,21925.5,0.073109,,
train,28,694032,21928.4,0.067877,,
train,28,694132,21931.2,0.070643,,
train,28,694232,21934.0,0.072976,,
train,28,694332,21936.9,0.070468,,
train,28,694432,21939.7,0.068941,,
train,28,694532,21942.6,0.059935,,
train,28,694632,21945.4,0.071815,,
train,28,694732,21948.3,0.067476,,
train,28,694832,21951.1,0.066773,,
train,28,694932,21953.9,0.067021,,
train,28,695032,21956.8,0.063513,,
train,28,695132,21959.6,0.068553,,
train,28,695232,21962.5,0.069457,,
train,28,695332,21965.3,0.069462,,
train,28,695432,21968.1,0.070949,,
train,28,695532,21971.0,0.063496,,
train,28,695632,21973.8,0.065696,,
train,28,695732,21976.7,0.069146,,
train,28,695832,21979.5,0.066661,,
train,28,695932,21982.3,0.068150,,
train,28,696032,21985.2,0.068401,,
train,28,696132,21988.0,0.067467,,
train,28,696232,21990.9,0.068014,,
train,28,696332,21993.7,nan,,
train,28,696432,21996.6,0.062931,,
train,28,696532,21999.4,0.069102,,
train,28,696632,22002.2,0.064160,,
train,28,696732,22005.1,0.065584,,
train,28,696832,22007.9,0.066927,,
train,28,696932,22010.8,0.068327,,
train,28,697032,22013.6,0.066358,,
train,28,697132,22016.4,0.064350,,
train,28,697232,22019.3,0.064759,,
train,28,697332,22022.1,0.069480,,
train,28,697432,22025.0,0.071239,,
train,28,697532,22027.8,0.067652,,
train,28,697632,22030.6,0.068376,,
train,28,697732,22033.5,0.063268,,
train,28,697832,22036.3,0.068988,,
train,28,697932,22039.1,0.074400,,
train,28,698032,22042.0,0.065145,,
train,28,698132,22044.8,0.068758,,
train,28,698232,22047.7,0.065365,,
train,28,698332,22050.5,0.071292,,
train,28,698432,22053.3,0.067605,,
train,28,698532,22056.2,0.071575,,
train,28,698632,22059.0,0.063739,,
train,28,698732,22061.9,0.067068,,
train,28,698832,22064.7,0.069398,,
train,28,698932,22067.6,0.068837,,
train,28,699032,22070.4,0.066915,,
train,28,699132,22073.2,0.072196,,
train,28,699232,22076.1,0.068406,,
train,28,699332,22078.9,0.067342,,
train,28,699432,22081.8,0.066909,,
train,28,699532,22084.6,0.067430,,
train,28,699632,22087.5,0.069677,,
train,28,699732,22090.3,0.067266,,
train,28,699832,22093.1,0.067123,,
train,28,699932,22096.0,0.068188,,
train,28,700032,22098.8,0.067539,,
train,28,700132,22101.7,0.069634,,
train,28,700232,22104.5,0.063930,,
train,28,700332,22107.4,0.068334,,
train,28,700432,22110.2,0.071988,,
train,28,700532,22113.0,0.069497,,
train,28,700632,22115.9,0.067043,,
train,28,700732,22118.7,0.069678,,
train,28,700832,22121.6,0.065839,,
train,28,700932,22124.4,0.068862,,
train,28,701032,22127.3,0.069930,,
train,28,701132,22130.1,0.072337,,
train,28,701232,22132.9,0.063456,,
train,28,701332,22135.8,0.066182,,
train,28,701432,22138.6,0.063892,,
train,28,701532,22141.5,0.065690,,
train,28,701632,22144.3,0.071476,,
train,28,701732,22147.1,0.063461,,
train,28,701832,22150.0,0.068538,,
train,28,701932,22152.8,0.063480,,
train,28,702032,22155.7,0.071689,,
train,28,702132,22158.5,0.071451,,
train,28,702232,22161.4,0.064156,,
train,28,702332,22164.2,0.067791,,
train,28,702432,22167.0,0.062465,,
train,28,702532,22169.9,0.068627,,
train,28,702632,22172.7,0.064763,,
train,28,702732,22175.6,0.068979,,
train,28,702832,22178.4,0.072797,,
train,28,702932,22181.3,0.069261,,
train,28,703032,22184.1,0.066497,,
train,28,703132,22186.9,0.075698,,
train,28,703232,22189.8,0.064987,,
train,28,703332,22192.6,0.067681,,
train,28,703432,22195.5,0.067333,,
train,28,703532,22198.3,0.064218,,
train,28,703632,22201.2,0.068436,,
train,28,703732,22204.0,0.061320,,
train,28,703832,22206.8,0.071415,,
train,28,703932,22209.7,0.068528,,
train,28,704032,22212.5,0.067680,,
train,28,704132,22215.4,0.064543,,
train,28,704232,22218.2,0.071228,,
train,28,704332,22221.1,0.063877,,
train,28,704432,22223.9,0.065438,,
train,28,704532,22226.7,0.066854,,
train,28,704632,22229.6,0.062806,,
train,28,704732,22232.4,0.065790,,
train,28,704832,22235.3,0.068047,,
train,28,704932,22238.1,0.066981,,
train,28,705032,22240.9,0.070188,,
train,28,705132,22243.8,0.063480,,
train,28,705232,22246.6,0.068202,,
train,28,705332,22249.4,0.065423,,
train,28,705432,22252.3,0.068487,,
train,28,705532,22255.1,0.061717,,
train,28,705632,22258.0,0.063770,,
train,28,705732,22260.8,0.068454,,
train,28,705832,22263.7,0.064094,,
train,28,705932,22266.5,0.062965,,
train,28,706032,22269.3,0.066506,,
train,28,706132,22272.2,0.067010,,
train,28,706232,22275.0,0.065549,,
train,28,706332,22277.9,0.062011,,
train,28,706432,22280.7,0.071071,,
train,28,706532,22283.6,0.068664,,
train,28,706632,22286.4,0.064038,,
train,28,706732,22289.2,0.068691,,
train,28,706832,22292.1,0.064052,,
train,28,706932,22294.9,0.068197,,
train,28,707032,22297.8,0.067367,,
train,28,707132,22300.6,0.068031,,
train,28,707232,22303.5,0.066264,,
train,28,707332,22306.3,0.068060,,
train,28,707432,22309.1,0.072661,,
train,28,707532,22312.0,0.065855,,
train,28,707632,22314.8,0.067210,,
train,28,707732,22317.7,0.064721,,
train,28,707832,22320.5,0.068480,,
train,28,707932,22323.4,0.067790,,
train,28,708032,22326.2,0.067564,,
train,28,708132,22329.0,0.063880,,
train,28,708232,22331.9,0.070236,,
train,28,708332,22334.7,0.062360,,
train,28,708432,22337.6,0.063612,,
train,28,708532,22340.4,0.065649,,
train,28,708632,22343.3,0.063173,,
train,28,708732,22346.1,0.075525,,
train,28,708832,22348.9,0.068757,,
val,28,,22428.0,0.061407,0.004103,0.000035
train,29,708976,22431.9,0.065391,,
train,29,709076,22434.8,0.072596,,
train,29,709176,22437.6,0.067484,,
train,29,709276,22440.5,0.065505,,
train,29,709376,22443.3,0.065636,,
train,29,709476,22446.2,0.070663,,
train,29,709576,22449.0,0.061971,,
train,29,709676,22451.9,0.069319,,
train,29,709776,22454.7,0.062930,,
train,29,709876,22457.6,0.060375,,
train,29,709976,22460.4,0.069180,,
train,29,710076,22463.3,0.071824,,
train,29,710176,22466.1,0.066427,,
train,29,710276,22468.9,0.071829,,
train,29,710376,22471.8,0.070814,,
train,29,710476,22474.6,0.066833,,
train,29,710576,22477.5,0.062577,,
train,29,710676,22480.3,0.066887,,
train,29,710776,22483.2,0.069790,,
train,29,710876,22486.0,0.072757,,
train,29,710976,22488.8,0.067095,,
train,29,711076,22491.7,0.064639,,
train,29,711176,22494.5,0.071171,,
train,29,711276,22497.4,0.066383,,
train,29,711376,22500.2,0.069062,,
train,29,711476,22503.0,0.067093,,
train,29,711576,22505.9,0.062404,,
train,29,711676,22508.7,0.064421,,
train,29,711776,22511.6,0.067351,,
train,29,711876,22514.4,0.068737,,
train,29,711976,22517.2,0.071620,,
train,29,712076,22520.1,0.065931,,
train,29,712176,22522.9,0.069671,,
train,29,712276,22525.8,0.069984,,
train,29,712376,22528.6,0.069140,,
train,29,712476,22531.4,0.066284,,
train,29,712576,22534.3,0.068331,,
train,29,712676,22537.1,0.061760,,
train,29,712776,22540.0,0.068064,,
train,29,712876,22542.8,0.070171,,
train,29,712976,22545.6,0.066071,,
train,29,713076,22548.5,0.068586,,
train,29,713176,22551.3,0.071095,,
train,29,713276,22554.2,0.066115,,
train,29,713376,22557.0,0.065980,,
train,29,713476,22559.8,0.068320,,
train,29,713576,22562.7,0.065727,,
train,29,713676,22565.5,0.064077,,
train,29,713776,22568.4,0.067608,,
train,29,713876,22571.2,0.072310,,
train,29,713976,22574.0,0.067127,,
train,29,714076,22576.9,0.069207,,
train,29,714176,22579.7,0.069260,,
train,29,714276,22582.6,0.068403,,
train,29,714376,22585.4,0.062844,,
train,29,714476,22588.2,0.065016,,
train,29,714576,22591.1,0.063154,,
train,29,714676,22593.9,0.066202,,
train,29,714776,22596.8,0.065536,,
train,29,714876,22599.6,0.070489,,
train,29,714976,22602.5,0.065351,,
train,29,715076,22605.3,0.063070,,
train,29,715176,22608.1,0.069098,,
train,29,715276,22611.0,0.068673,,
train,29,715376,22613.8,0.057034,,
train,29,715476,22616.6,0.070782,,
train,29,715576,22619.5,0.068897,,
train,29,715676,22622.3,0.066007,,
train,29,715776,22625.2,0.071622,,
train,29,715876,22628.0,0.068139,,
train,29,715976,22630.8,0.071415,,
train,29,716076,22633.7,0.064609,,
train,29,716176,22636.5,0.066056,,
train,29,716276,22639.4,0.066373,,
train,29,716376,22642.2,0.066097,,
train,29,716476,22645.0,0.068050,,
train,29,716576,22647.9,0.061467,,
train,29,716676,22650.7,0.066934,,
train,29,716776,22653.5,0.071114,,
train,29,716876,22656.4,0.068095,,
train,29,716976,22659.2,0.067869,,
train,29,717076,22662.0,0.066776,,
train,29,717176,22664.9,0.063700,,
train,29,717276,22667.7,0.068054,,
train,29,717376,22670.6,0.070759,,
train,29,717476,22673.4,0.064835,,
train,29,717576,22676.2,0.063788,,
train,29,717676,22679.1,0.064913,,
train,29,717776,22681.9,0.068080,,
train,29,717876,22684.8,0.066746,,
train,29,717976,22687.6,0.070314,,
train,29,718076,22690.4,0.063425,,
train,29,718176,22693.3,0.064132,,
train,29,718276,22696.1,0.067605,,
train,29,718376,22699.0,0.065808,,
train,29,718476,22701.8,0.067434,,
train,29,718576,22704.6,0.069037,,
train,29,718676,22707.5,0.068854,,
train,29,718776,22710.3,0.064390,,
train,29,718876,22713.2,0.067596,,
train,29,718976,22716.0,0.069537,,
train,29,719076,22718.8,0.075721,,
train,29,719176,22721.7,0.070717,,
train,29,719276,22724.5,0.071614,,
train,29,719376,22727.4,0.065880,,
train,29,719476,22730.2,0.066194,,
train,29,719576,22733.0,0.066697,,
train,29,719676,22735.9,0.067031,,
train,29,719776,22738.7,0.067738,,
train,29,719876,22741.6,0.067133,,
train,29,719976,22744.4,0.068452,,
train,29,720076,22747.2,0.064898,,
train,29,720176,22750.1,0.066549,,
train,29,720276,22752.9,0.069266,,
train,29,720376,22755.8,0.068264,,
train,29,720476,22758.6,0.066752,,
train,29,720576,22761.4,0.063163,,
train,29,720676,22764.3,0.068414,,
train,29,720776,22767.1,0.065985,,
train,29,720876,22770.0,0.067730,,
train,29,720976,22772.8,0.069016,,
train,29,721076,22775.7,0.067647,,
train,29,721176,22778.5,0.067162,,
train,29,721276,22781.3,0.070922,,
train,29,721376,22784.2,0.068521,,
train,29,721476,22787.0,0.066174,,
train,29,721576,22789.9,0.065563,,
train,29,721676,22792.7,0.068581,,
train,29,721776,22795.5,0.069882,,
train,29,721876,22798.4,0.071726,,
train,29,721976,22801.2,0.069693,,
train,29,722076,22804.1,0.070089,,
train,29,722176,22806.9,0.068055,,
train,29,722276,22809.7,0.061964,,
train,29,722376,22812.6,0.069588,,
train,29,722476,22815.4,0.066440,,
train,29,722576,22818.3,0.063948,,
train,29,722676,22821.1,0.071875,,
train,29,722776,22823.9,0.067722,,
train,29,722876,22826.8,0.067588,,
train,29,722976,22829.6,0.073221,,
train,29,723076,22832.5,0.071698,,
train,29,723176,22835.3,0.067703,,
train,29,723276,22838.1,0.068732,,
train,29,723376,22841.0,0.063786,,
train,29,723476,22843.8,0.067752,,
train,29,723576,22846.7,0.066238,,
train,29,723676,22849.5,0.069929,,
train,29,723776,22852.3,0.067172,,
train,29,723876,22855.2,0.068679,,
train,29,723976,22858.0,0.064919,,
train,29,724076,22860.9,0.066033,,
train,29,724176,22863.7,0.065274,,
train,29,724276,22866.5,0.068360,,
train,29,724376,22869.4,0.069550,,
train,29,724476,22872.2,0.073753,,
train,29,724576,22875.1,0.066560,,
train,29,724676,22877.9,0.066766,,
train,29,724776,22880.8,0.062758,,
train,29,724876,22883.6,0.065769,,
train,29,724976,22886.4,0.067811,,
train,29,725076,22889.3,0.066503,,
train,29,725176,22892.1,0.067397,,
train,29,725276,22895.0,0.070314,,
train,29,725376,22897.8,0.065346,,
train,29,725476,22900.6,0.067000,,
train,29,725576,22903.5,0.070817,,
train,29,725676,22906.3,0.068803,,
train,29,725776,22909.2,0.071587,,
train,29,725876,22912.0,0.067938,,
train,29,725976,22914.8,0.063425,,
train,29,726076,22917.7,0.067933,,
train,29,726176,22920.5,0.072588,,
train,29,726276,22923.4,0.067155,,
train,29,726376,22926.2,0.066576,,
train,29,726476,22929.0,0.070698,,
train,29,726576,22931.9,0.064757,,
train,29,726676,22934.7,0.069993,,
train,29,726776,22937.6,0.067173,,
train,29,726876,22940.4,0.067503,,
train,29,726976,22943.2,0.062810,,
train,29,727076,22946.1,0.065852,,
train,29,727176,22948.9,0.068466,,
train,29,727276,22951.8,0.066501,,
train,29,727376,22954.6,0.065283,,
train,29,727476,22957.5,0.063494,,
train,29,727576,22960.3,0.071738,,
train,29,727676,22963.1,0.065080,,
train,29,727776,22966.0,0.071344,,
train,29,727876,22968.8,0.068149,,
train,29,727976,22971.7,0.063757,,
train,29,728076,22974.5,0.070143,,
train,29,728176,22977.3,0.063107,,
train,29,728276,22980.2,0.070442,,
train,29,728376,22983.0,0.065661,,
train,29,728476,22985.9,0.071439,,
train,29,728576,22988.7,0.065885,,
train,29,728676,22991.6,0.066601,,
train,29,728776,22994.4,0.072637,,
train,29,728876,22997.2,0.068514,,
train,29,728976,23000.1,0.070450,,
train,29,729076,23002.9,0.066294,,
train,29,729176,23005.7,0.065872,,
train,29,729276,23008.6,0.067069,,
train,29,729376,23011.4,0.067606,,
train,29,729476,23014.3,0.066814,,
train,29,729576,23017.1,0.071733,,
train,29,729676,23019.9,0.068075,,
train,29,729776,23022.8,0.072088,,
train,29,729876,23025.6,0.066255,,
train,29,729976,23028.5,0.066320,,
train,29,730076,23031.3,0.066765,,
train,29,730176,23034.1,0.069115,,
train,29,730276,23037.0,0.064744,,
train,29,730376,23039.8,0.070916,,
train,29,730476,23042.7,0.070522,,
train,29,730576,23045.5,0.065542,,
train,29,730676,23048.3,0.066320,,
train,29,730776,23051.2,0.064705,,
train,29,730876,23054.0,0.067768,,
train,29,730976,23056.9,0.069798,,
train,29,731076,23059.7,0.069314,,
train,29,731176,23062.5,0.068196,,
train,29,731276,23065.4,0.069865,,
train,29,731376,23068.2,0.064904,,
train,29,731476,23071.1,0.069296,,
train,29,731576,23073.9,0.065903,,
train,29,731676,23076.7,0.067085,,
train,29,731776,23079.6,0.069776,,
train,29,731876,23082.4,nan,,
train,29,731976,23085.3,0.067749,,
train,29,732076,23088.1,0.064764,,
train,29,732176,23090.9,0.071501,,
train,29,732276,23093.8,0.067487,,
train,29,732376,23096.6,0.069841,,
train,29,732476,23099.5,0.069413,,
train,29,732576,23102.3,0.070683,,
train,29,732676,23105.1,0.072629,,
train,29,732776,23108.0,0.066757,,
train,29,732876,23110.8,0.068434,,
train,29,732976,23113.6,0.067985,,
train,29,733076,23116.5,0.068174,,
train,29,733176,23119.3,0.070691,,
train,29,733276,23122.2,0.066638,,
val,29,,23201.4,0.061133,0.004098,0.000035
train,30,733420,23205.4,0.066600,,
train,30,733520,23208.2,0.066905,,
train,30,733620,23211.1,0.067105,,
train,30,733720,23213.9,0.065724,,
train,30,733820,23216.8,0.063070,,
train,30,733920,23219.6,0.064621,,
train,30,734020,23222.4,0.069550,,
train,30,734120,23225.3,0.066196,,
train,30,734220,23228.1,0.063803,,
train,30,734320,23231.0,0.070211,,
train,30,734420,23233.8,0.062827,,
train,30,734520,23236.7,0.065751,,
train,30,734620,23239.5,0.065581,,
train,30,734720,23242.4,0.064255,,
train,30,734820,23245.2,0.068710,,
train,30,734920,23248.1,0.067581,,
train,30,735020,23250.9,0.068146,,
train,30,735120,23253.8,0.064512,,
train,30,735220,23256.6,0.069384,,
train,30,735320,23259.4,0.066906,,
train,30,735420,23262.3,0.067909,,
train,30,735520,23265.1,0.069142,,
train,30,735620,23268.0,0.067146,,
train,30,735720,23270.8,0.068160,,
train,30,735820,23273.7,0.067940,,
train,30,735920,23276.5,0.065426,,
train,30,736020,23279.3,nan,,
train,30,736120,23282.2,0.065160,,
train,30,736220,23285.0,0.064651,,
train,30,736320,23287.8,0.066155,,
train,30,736420,23290.7,0.070767,,
train,30,736520,23293.5,0.065929,,
train,30,736620,23296.4,0.064853,,
train,30,736720,23299.2,0.067854,,
train,30,736820,23302.0,0.064841,,
train,30,736920,23304.9,0.065747,,
train,30,737020,23307.7,0.069624,,
train,30,737120,23310.6,0.069035,,
train,30,737220,23313.4,0.070598,,
train,30,737320,23316.2,0.069784,,
train,30,737420,23319.1,0.066861,,
train,30,737520,23321.9,0.066695,,
train,30,737620,23324.8,0.068017,,
train,30,737720,23327.6,0.067434,,
train,30,737820,23330.4,0.063776,,
train,30,737920,23333.3,0.071650,,
train,30,738020,23336.1,0.066295,,
train,30,738120,23339.0,0.063669,,
train,30,738220,23341.8,0.064570,,
train,30,738320,23344.6,0.067566,,
train,30,738420,23347.5,0.064678,,
train,30,738520,23350.3,0.065787,,
train,30,738620,23353.2,0.070472,,
train,30,738720,23356.0,0.076405,,
train,30,738820,23358.9,0.065188,,
train,30,738920,23361.7,0.068617,,
train,30,739020,23364.5,0.065713,,
train,30,739120,23367.4,0.066817,,
train,30,739220,23370.2,0.068616,,
train,30,739320,23373.1,0.067936,,
train,30,739420,23375.9,0.067672,,
train,30,739520,23378.8,0.069249,,
train,30,739620,23381.6,0.064657,,
train,30,739720,23384.4,0.067433,,
train,30,739820,23387.3,0.067278,,
train,30,739920,23390.1,0.067477,,
train,30,740020,23393.0,0.067053,,
train,30,740120,23395.8,0.071424,,
train,30,740220,23398.7,0.065026,,
train,30,740320,23401.5,0.067987,,
train,30,740420,23404.3,0.064890,,
train,30,740520,23407.2,0.068594,,
train,30,740620,23410.0,0.067436,,
train,30,740720,23412.9,0.066965,,
train,30,740820,23415.7,0.070167,,
train,30,740920,23418.6,0.071717,,
train,30,741020,23421.4,0.065649,,
train,30,741120,23424.3,0.067208,,
train,30,741220,23427.1,0.064604,,
train,30,741320,23430.0,0.066441,,
train,30,741420,23432.8,0.065123,,
train,30,741520,23435.6,0.069925,,
train,30,741620,23438.5,0.068995,,
train,30,741720,23441.3,0.068553,,
train,30,741820,23444.2,0.069613,,
train,30,741920,23447.0,0.069290,,
train,30,742020,23449.9,0.063621,,
train,30,742120,23452.7,0.066358,,
train,30,742220,23455.5,0.064904,,
train,30,742320,23458.4,0.064885,,
train,30,742420,23461.2,0.068477,,
train,30,742520,23464.1,0.064289,,
train,30,742620,23466.9,0.068046,,
train,30,742720,23469.7,0.066633,,
train,30,742820,23472.6,0.065405,,
train,30,742920,23475.4,0.069828,,
train,30,743020,23478.3,0.065218,,
train,30,743120,23481.1,0.065831,,
train,30,743220,23483.9,0.069067,,
train,30,743320,23486.8,0.067572,,
train,30,743420,23489.6,0.071427,,
train,30,743520,23492.5,0.064733,,
train,30,743620,23495.3,0.071574,,
train,30,743720,23498.1,0.065681,,
train,30,743820,23501.0,0.072899,,
train,30,743920,23503.8,0.066993,,
train,30,744020,23506.7,0.062615,,
train,30,744120,23509.5,0.063611,,
train,30,744220,23512.4,0.065237,,
train,30,744320,23515.2,0.067733,,
train,30,744420,23518.0,0.064295,,
train,30,744520,23520.9,0.062642,,
train,30,744620,23523.7,0.071004,,
train,30,744720,23526.6,0.069453,,
train,30,744820,23529.4,0.069872,,
train,30,744920,23532.2,0.066327,,
train,30,745020,23535.1,0.066178,,
train,30,745120,23537.9,0.067397,,
train,30,745220,23540.8,0.068154,,
train,30,745320,23543.6,0.068616,,
train,30,745420,23546.5,0.066286,,
train,30,745520,23549.3,0.069352,,
train,30,745620,23552.1,0.065763,,
train,30,745720,23555.0,0.067040,,
train,30,745820,23557.8,0.071975,,
train,30,745920,23560.7,0.067688,,
train,30,746020,23563.5,0.069478,,
train,30,746120,23566.4,0.071611,,
train,30,746220,23569.2,0.063486,,
train,30,746320,23572.0,0.069749,,
train,30,746420,23574.9,0.067197,,
train,30,746520,23577.7,0.073016,,
train,30,746620,23580.6,0.066792,,
train,30,746720,23583.4,0.067714,,
train,30,746820,23586.3,0.064865,,
train,30,746920,23589.1,0.070174,,
train,30,747020,23591.9,0.065003,,
train,30,747120,23594.8,0.067045,,
train,30,747220,23597.6,0.064996,,
train,30,747320,23600.5,0.064632,,
train,30,747420,23603.3,0.063923,,
train,30,747520,23606.1,0.062787,,
train,30,747620,23609.0,0.066470,,
train,30,747720,23611.8,0.066319,,
train,30,747820,23614.7,0.068837,,
train,30,747920,23617.5,0.065701,,
train,30,748020,23620.4,0.072177,,
train,30,748120,23623.2,0.066212,,
train,30,748220,23626.1,0.069069,,
train,30,748320,23628.9,0.062464,,
train,30,748420,23631.7,0.064173,,
train,30,748520,23634.6,0.066719,,
train,30,748620,23637.4,0.064393,,
train,30,748720,23640.3,0.064857,,
train,30,748820,23643.1,0.066511,,
train,30,748920,23646.0,0.066545,,
train,30,749020,23648.8,0.067491,,
train,30,749120,23651.6,0.066798,,
train,30,749220,23654.5,0.063601,,
train,30,749320,23657.3,0.063879,,
train,30,749420,23660.2,0.072649,,
train,30,749520,23663.0,0.065762,,
train,30,749620,23665.8,0.069784,,
train,30,749720,23668.7,0.066676,,
train,30,749820,23671.5,0.070080,,
train,30,749920,23674.4,0.067014,,
train,30,750020,23677.2,0.070085,,
train,30,750120,23680.1,0.069619,,
train,30,750220,23682.9,0.063345,,
train,30,750320,23685.7,0.066971,,
train,30,750420,23688.6,0.065912,,
train,30,750520,23691.4,0.062288,,
train,30,750620,23694.3,0.070240,,
train,30,750720,23697.1,0.067072,,
train,30,750820,23700.0,0.063448,,
train,30,750920,23702.8,0.069204,,
train,30,751020,23705.6,0.068271,,
train,30,751120,23708.5,0.064499,,
train,30,751220,23711.3,0.070976,,
train,30,751320,23714.2,0.070583,,
train,30,751420,23717.0,0.066508,,
train,30,751520,23719.8,0.061667,,
train,30,751620,23722.7,0.067707,,
train,30,751720,23725.5,0.064464,,
train,30,751820,23728.4,0.068993,,
train,30,751920,23731.2,0.070091,,
train,30,752020,23734.1,0.072150,,
train,30,752120,23736.9,0.064032,,
train,30,752220,23739.7,0.068063,,
train,30,752320,23742.6,0.064860,,
train,30,752420,23745.4,0.066702,,
train,30,752520,23748.3,0.064792,,
train,30,752620,23751.1,0.065916,,
train,30,752720,23753.9,0.066345,,
train,30,752820,23756.8,0.074546,,
train,30,752920,23759.6,0.065488,,
train,30,753020,23762.5,0.070005,,
train,30,753120,23765.3,0.068858,,
train,30,753220,23768.1,0.073706,,
train,30,753320,23771.0,0.069400,,
train,30,753420,23773.8,0.070434,,
train,30,753520,23776.7,0.063940,,
train,30,753620,23779.5,0.070254,,
train,30,753720,23782.3,0.068527,,
train,30,753820,23785.2,0.064817,,
train,30,753920,23788.0,0.070672,,
train,30,754020,23790.9,0.060973,,
train,30,754120,23793.7,0.066860,,
train,30,754220,23796.5,0.067529,,
train,30,754320,23799.4,0.065366,,
train,30,754420,23802.2,0.072230,,
train,30,754520,23805.1,0.069771,,
train,30,754620,23807.9,0.067242,,
train,30,754720,23810.8,0.068116,,
train,30,754820,23813.6,0.065075,,
train,30,754920,23816.5,0.066348,,
train,30,755020,23819.3,0.071899,,
train,30,755120,23822.2,0.067381,,
train,30,755220,23825.0,0.065139,,
train,30,755320,23827.8,0.066189,,
train,30,755420,23830.7,0.068387,,
train,30,755520,23833.5,0.063222,,
train,30,755620,23836.4,0.071277,,
train,30,755720,23839.2,0.063057,,
train,30,755820,23842.1,0.068475,,
train,30,755920,23844.9,0.064173,,
train,30,756020,23847.8,0.068281,,
train,30,756120,23850.6,0.066591,,
train,30,756220,23853.5,0.070979,,
train,30,756320,23856.3,0.066697,,
train,30,756420,23859.1,0.069624,,
train,30,756520,23862.0,0.064965,,
train,30,756620,23864.8,0.065449,,
train,30,756720,23867.7,0.068601,,
train,30,756820,23870.5,0.062819,,
train,30,756920,23873.3,0.072537,,
train,30,757020,23876.2,0.067584,,
train,30,757120,23879.0,0.070173,,
train,30,757220,23881.9,0.074819,,
train,30,757320,23884.7,0.066626,,
train,30,757420,23887.6,0.064238,,
train,30,757520,23890.4,0.066280,,
train,30,757620,23893.2,0.066788,,
train,30,757720,23896.1,0.066189,,
val,30,,23975.2,0.061238,0.004090,0.000035
train,31,757864,23978.8,0.070194,,
train,31,757964,23981.7,0.066893,,
train,31,758064,23984.5,0.068744,,
train,31,758164,23987.3,0.062969,,
train,31,758264,23990.2,0.066658,,
train,31,758364,23993.0,0.068241,,
train,31,758464,23995.9,0.068343,,
train,31,758564,23998.7,0.064180,,
train,31,758664,24001.5,0.063386,,
train,31,758764,24004.4,0.067020,,
train,31,758864,24007.2,0.060058,,
train,31,758964,24010.1,0.072755,,
train,31,759064,24012.9,0.064319,,
train,31,759164,24015.8,0.066422,,
train,31,759264,24018.6,0.068466,,
train,31,759364,24021.5,0.069471,,
train,31,759464,24024.3,0.073305,,
train,31,759564,24027.1,0.066026,,
train,31,759664,24030.0,0.069274,,
train,31,759764,24032.8,0.069088,,
train,31,759864,24035.7,0.065218,,
train,31,759964,24038.5,0.068889,,
train,31,760064,24041.4,0.064957,,
train,31,760164,24044.2,0.069091,,
train,31,760264,24047.0,0.066460,,
train,31,760364,24049.9,0.062883,,
train,31,760464,24052.7,0.062768,,
train,31,760564,24055.6,0.062042,,
train,31,760664,24058.4,0.073333,,
train,31,760764,24061.2,0.065744,,
train,31,760864,24064.1,0.064871,,
train,31,760964,24066.9,0.069330,,
train,31,761064,24069.8,0.071020,,
train,31,761164,24072.6,0.067573,,
train,31,761264,24075.5,0.065296,,
train,31,761364,24078.3,0.064128,,
train,31,761464,24081.1,0.069699,,
train,31,761564,24084.0,0.070508,,
train,31,761664,24086.8,0.065706,,
train,31,761764,24089.7,0.064793,,
train,31,761864,24092.5,0.070751,,
train,31,761964,24095.3,0.069331,,
train,31,762064,24098.2,0.063245,,
train,31,762164,24101.0,0.067734,,
train,31,762264,24103.9,0.068264,,
train,31,762364,24106.7,0.065639,,
train,31,762464,24109.5,0.063746,,
train,31,762564,24112.4,0.070447,,
train,31,762664,24115.2,0.065982,,
train,31,762764,24118.1,0.062327,,
train,31,762864,24120.9,0.067315,,
train,31,762964,24123.7,0.066948,,
train,31,763064,24126.6,0.067677,,
train,31,763164,24129.4,0.067079,,
train,31,763264,24132.3,0.066947,,
train,31,763364,24135.1,0.064323,,
train,31,763464,24137.9,0.068389,,
train,31,763564,24140.8,0.065322,,
train,31,763664,24143.6,0.064060,,
train,31,763764,24146.5,0.061771,,
train,31,763864,24149.3,0.064848,,
train,31,763964,24152.2,0.063858,,
train,31,764064,24155.0,0.069109,,
train,31,764164,24157.8,0.065384,,
train,31,764264,24160.7,0.065807,,
train,31,764364,24163.5,0.067012,,
train,31,764464,24166.4,0.063126,,
train,31,764564,24169.2,0.064683,,
train,31,764664,24172.1,0.065394,,
train,31,764764,24174.9,0.074573,,
train,31,764864,24177.7,0.072732,,
train,31,764964,24180.6,0.069865,,
train,31,765064,24183.4,0.063693,,
train,31,765164,24186.3,0.062886,,
train,31,765264,24189.1,0.062020,,
train,31,765364,24191.9,0.064004,,
train,31,765464,24194.8,0.067726,,
train,31,765564,24197.6,0.070252,,
train,31,765664,24200.5,0.067023,,
train,31,765764,24203.3,0.063765,,
train,31,765864,24206.2,0.068181,,
train,31,765964,24209.0,0.067005,,
train,31,766064,24211.9,0.065542,,
train,31,766164,24214.7,0.068722,,
train,31,766264,24217.5,0.061257,,
train,31,766364,24220.4,0.065135,,
train,31,766464,24223.2,0.064077,,
train,31,766564,24226.1,0.064399,,
train,31,766664,24228.9,0.068531,,
train,31,766764,24231.8,0.063896,,
train,31,766864,24234.6,0.072906,,
train,31,766964,24237.5,0.066029,,
train,31,767064,24240.3,0.065025,,
train,31,767164,24243.1,0.067910,,
train,31,767264,24246.0,0.068021,,
train,31,767364,24248.8,0.063425,,
train,31,767464,24251.7,0.064679,,
train,31,767564,24254.5,0.064321,,
train,31,767664,24257.3,0.064554,,
train,31,767764,24260.2,0.067209,,
train,31,767864,24263.0,0.064890,,
train,31,767964,24265.9,0.067553,,
train,31,768064,24268.7,0.069386,,
train,31,768164,24271.6,0.064106,,
train,31,768264,24274.4,0.072324,,
train,31,768364,24277.3,0.068462,,
train,31,768464,24280.1,0.069147,,
train,31,768564,24282.9,0.068224,,
train,31,768664,24285.8,0.060529,,
train,31,768764,24288.6,0.067573,,
train,31,768864,24291.5,0.068036,,
train,31,768964,24294.3,0.066621,,
train,31,769064,24297.1,0.063919,,
train,31,769164,24300.0,0.067561,,
train,31,769264,24302.8,0.062846,,
train,31,769364,24305.7,0.072978,,
train,31,769464,24308.5,0.064397,,
train,31,769564,24311.3,0.071195,,
train,31,769664,24314.2,0.062877,,
train,31,769764,24317.0,0.068170,,
train,31,769864,24319.9,0.064769,,
train,31,769964,24322.7,0.066150,,
train,31,770064,24325.5,0.070033,,
train,31,770164,24328.4,0.067414,,
train,31,770264,24331.2,0.070603,,
train,31,770364,24334.1,0.066586,,
train,31,770464,24336.9,0.068351,,
train,31,770564,24339.7,0.066920,,
train,31,770664,24342.6,0.065451,,
train,31,770764,24345.4,0.066562,,
train,31,770864,24348.3,0.069149,,
train,31,770964,24351.1,0.066098,,
train,31,771064,24354.0,0.071305,,
train,31,771164,24356.8,0.065131,,
train,31,771264,24359.6,0.064786,,
train,31,771364,24362.5,0.067100,,
train,31,771464,24365.3,0.073060,,
train,31,771564,24368.2,0.060794,,
train,31,771664,24371.0,0.064531,,
train,31,771764,24373.8,0.067322,,
train,31,771864,24376.7,0.066949,,
train,31,771964,24379.5,0.070990,,
train,31,772064,24382.4,0.068714,,
train,31,772164,24385.2,0.065782,,
train,31,772264,24388.1,0.069390,,
train,31,772364,24390.9,0.070921,,
train,31,772464,24393.7,0.064130,,
train,31,772564,24396.6,0.064294,,
train,31,772664,24399.4,0.071394,,
train,31,772764,24402.3,0.067872,,
train,31,772864,24405.1,0.068824,,
train,31,772964,24408.0,0.062106,,
train,31,773064,24410.8,nan,,
train,31,773164,24413.7,0.065263,,
train,31,773264,24416.5,0.070046,,
train,31,773364,24419.3,0.070081,,
train,31,773464,24422.2,0.067231,,
train,31,773564,24425.0,0.074854,,
train,31,773664,24427.9,0.062000,,
train,31,773764,24430.7,0.069305,,
train,31,773864,24433.6,0.063773,,
train,31,773964,24436.4,0.067378,,
train,31,774064,24439.2,0.059914,,
train,31,774164,24442.1,0.065483,,
train,31,774264,24444.9,0.070809,,
train,31,774364,24447.8,0.069220,,
train,31,774464,24450.6,0.065486,,
train,31,774564,24453.4,0.066958,,
train,31,774664,24456.3,0.061782,,
train,31,774764,24459.1,0.064614,,
train,31,774864,24462.0,0.066613,,
train,31,774964,24464.8,0.073710,,
train,31,775064,24467.6,0.067531,,
train,31,775164,24470.5,0.067654,,
train,31,775264,24473.3,0.062617,,
train,31,775364,24476.2,0.064871,,
train,31,775464,24479.0,0.068171,,
train,31,775564,24481.8,0.069084,,
train,31,775664,24484.7,0.067710,,
train,31,775764,24487.5,0.069324,,
train,31,775864,24490.4,0.066036,,
train,31,775964,24493.2,0.065204,,
train,31,776064,24496.0,0.065547,,
train,31,776164,24498.9,0.070968,,
train,31,776264,24501.7,0.068725,,
train,31,776364,24504.6,0.063684,,
train,31,776464,24507.4,0.065254,,
train,31,776564,24510.2,0.065339,,
train,31,776664,24513.1,0.062431,,
train,31,776764,24515.9,0.069976,,
train,31,776864,24518.8,0.067965,,
train,31,776964,24521.6,0.067665,,
train,31,777064,24524.4,0.065816,,
train,31,777164,24527.3,0.070492,,
train,31,777264,24530.1,0.071946,,
train,31,777364,24533.0,0.067739,,
train,31,777464,24535.8,0.064563,,
train,31,777564,24538.7,0.068270,,
train,31,777664,24541.5,0.069284,,
train,31,777764,24544.3,0.068224,,
train,31,777864,24547.2,0.064032,,
train,31,777964,24550.0,0.065739,,
train,31,778064,24552.9,0.064839,,
train,31,778164,24555.7,0.067356,,
train,31,778264,24558.5,0.066379,,
train,31,778364,24561.4,0.061943,,
train,31,778464,24564.2,0.066762,,
train,31,778564,24567.1,0.069563,,
train,31,778664,24569.9,0.066343,,
train,31,778764,24572.7,0.064657,,
train,31,778864,24575.6,0.068760,,
train,31,778964,24578.4,0.059822,,
train,31,779064,24581.3,0.067002,,
train,31,779164,24584.1,0.070264,,
train,31,779264,24587.0,0.066701,,
train,31,779364,24589.8,0.061754,,
train,31,779464,24592.6,0.066276,,
train,31,779564,24595.5,0.065443,,
train,31,779664,24598.3,0.066770,,
train,31,779764,24601.2,0.064794,,
train,31,779864,24604.0,0.072814,,
train,31,779964,24606.9,0.070021,,
train,31,780064,24609.7,0.061742,,
train,31,780164,24612.5,0.065366,,
train,31,780264,24615.4,0.066273,,
train,31,780364,24618.2,0.063614,,
train,31,780464,24621.1,0.065005,,
train,31,780564,24623.9,0.066766,,
train,31,780664,24626.8,0.063824,,
train,31,780764,24629.6,0.063096,,
train,31,780864,24632.5,0.063456,,
train,31,780964,24635.3,0.067693,,
train,31,781064,24638.1,0.073257,,
train,31,781164,24641.0,0.067678,,
train,31,781264,24643.8,0.068356,,
train,31,781364,24646.7,0.072967,,
train,31,781464,24649.5,0.070253,,
train,31,781564,24652.3,0.066925,,
train,31,781664,24655.2,0.060446,,
train,31,781764,24658.0,0.067428,,
train,31,781864,24660.9,0.070367,,
train,31,781964,24663.7,0.067339,,
train,31,782064,24666.5,0.072379,,
train,31,782164,24669.4,0.064491,,
val,31,,24748.4,0.060343,0.004081,0.000035
train,32,782308,24752.4,0.072337,,
train,32,782408,24755.3,0.065645,,
train,32,782508,24758.1,0.062061,,
train,32,782608,24761.0,0.065060,,
train,32,782708,24763.8,0.068704,,
train,32,782808,24766.6,0.067906,,
train,32,782908,24769.5,0.065334,,
train,32,783008,24772.3,0.066281,,
train,32,783108,24775.2,0.068078,,
train,32,783208,24778.0,0.064362,,
train,32,783308,24780.9,0.064812,,
train,32,783408,24783.7,0.066261,,
train,32,783508,24786.6,0.072328,,
train,32,783608,24789.4,0.067894,,
train,32,783708,24792.2,0.064398,,
train,32,783808,24795.1,0.065095,,
train,32,783908,24797.9,0.064512,,
train,32,784008,24800.8,0.070528,,
train,32,784108,24803.6,0.062557,,
train,32,784208,24806.4,0.068953,,
train,32,784308,24809.3,0.063138,,
train,32,784408,24812.1,0.064174,,
train,32,784508,24815.0,0.067599,,
train,32,784608,24817.8,0.064699,,
train,32,784708,24820.6,0.067215,,
train,32,784808,24823.5,0.063263,,
train,32,784908,24826.3,0.066089,,
train,32,785008,24829.2,0.068815,,
train,32,785108,24832.0,0.064702,,
train,32,785208,24834.8,0.066602,,
train,32,785308,24837.7,0.065694,,
train,32,785408,24840.5,0.065498,,
train,32,785508,24843.4,0.068878,,
train,32,785608,24846.2,0.067023,,
train,32,785708,24849.1,0.064399,,
train,32,785808,24851.9,0.065829,,
train,32,785908,24854.7,0.070783,,
train,32,786008,24857.6,0.072916,,
train,32,786108,24860.4,0.065399,,
train,32,786208,24863.3,0.067882,,
train,32,786308,24866.1,0.065525,,
train,32,786408,24869.0,0.063332,,
train,32,786508,24871.8,0.070165,,
train,32,786608,24874.7,0.070842,,
train,32,786708,24877.5,0.069604,,
train,32,786808,24880.3,0.066268,,
train,32,786908,24883.2,0.065848,,
train,32,787008,24886.0,0.067804,,
train,32,787108,24888.9,0.064388,,
train,32,787208,24891.7,0.067770,,
train,32,787308,24894.6,0.072087,,
train,32,787408,24897.4,0.063024,,
train,32,787508,24900.2,0.068875,,
train,32,787608,24903.1,0.065923,,
train,32,787708,24905.9,0.066275,,
train,32,787808,24908.8,0.068338,,
train,32,787908,24911.6,0.064273,,
train,32,788008,24914.5,0.065883,,
train,32,788108,24917.3,0.068042,,
train,32,788208,24920.1,0.065479,,
train,32,788308,24923.0,0.066815,,
train,32,788408,24925.8,0.067630,,
train,32,788508,24928.7,0.067475,,
train,32,788608,24931.5,0.066996,,
train,32,788708,24934.4,0.064383,,
train,32,788808,24937.2,0.062051,,
train,32,788908,24940.0,0.066975,,
train,32,789008,24942.9,0.067693,,
train,32,789108,24945.7,0.069038,,
train,32,789208,24948.6,0.069107,,
train,32,789308,24951.4,0.066480,,
train,32,789408,24954.3,0.068575,,
train,32,789508,24957.1,0.066051,,
train,32,789608,24959.9,0.067681,,
train,32,789708,24962.8,0.061317,,
train,32,789808,24965.6,0.066632,,
train,32,789908,24968.5,0.059724,,
train,32,790008,24971.3,0.066604,,
train,32,790108,24974.1,0.067016,,
train,32,790208,24977.0,0.066352,,
train,32,790308,24979.8,0.067062,,
train,32,790408,24982.7,0.065362,,
train,32,790508,24985.5,0.066575,,
train,32,790608,24988.4,0.067146,,
train,32,790708,24991.2,0.069437,,
train,32,790808,24994.0,nan,,
train,32,790908,24996.9,0.067526,,
train,32,791008,24999.7,0.069004,,
train,32,791108,25002.6,0.066640,,
train,32,791208,25005.4,0.071342,,
train,32,791308,25008.3,0.066806,,
train,32,791408,25011.1,0.066661,,
train,32,791508,25013.9,0.061681,,
train,32,791608,25016.8,0.064984,,
train,32,791708,25019.6,0.065114,,
train,32,791808,25022.5,0.066341,,
train,32,791908,25025.3,0.066013,,
train,32,792008,25028.1,0.068798,,
train,32,792108,25031.0,0.063268,,
train,32,792208,25033.8,0.066934,,
train,32,792308,25036.7,0.069181,,
train,32,792408,25039.5,0.072829,,
train,32,792508,25042.3,0.063851,,
train,32,792608,25045.2,0.069323,,
train,32,792708,25048.0,0.064035,,
train,32,792808,25050.9,0.064350,,
train,32,792908,25053.7,0.062686,,
train,32,793008,25056.5,0.065530,,
train,32,793108,25059.4,0.066176,,
train,32,793208,25062.2,0.062354,,
train,32,793308,25065.1,0.067664,,
train,32,793408,25067.9,0.066393,,
train,32,793508,25070.8,0.067819,,
train,32,793608,25073.6,0.066325,,
train,32,793708,25076.4,0.063183,,
train,32,793808,25079.3,0.061309,,
train,32,793908,25082.1,0.063304,,
train,32,794008,25084.9,0.066593,,
train,32,794108,25087.8,0.068746,,
train,32,794208,25090.6,0.060700,,
train,32,794308,25093.5,0.062883,,
train,32,794408,25096.3,0.064861,,
train,32,794508,25099.2,0.066781,,
train,32,794608,25102.0,0.064423,,
train,32,794708,25104.8,0.068064,,
train,32,794808,25107.7,0.069953,,
train,32,794908,25110.5,0.068024,,
train,32,795008,25113.4,0.071903,,
train,32,795108,25116.2,0.064137,,
train,32,795208,25119.1,0.071345,,
train,32,795308,25121.9,0.068903,,
train,32,795408,25124.7,0.063263,,
train,32,795508,25127.6,0.069149,,
train,32,795608,25130.4,0.067642,,
train,32,795708,25133.3,0.065408,,
train,32,795808,25136.1,0.069096,,
train,32,795908,25139.0,0.065443,,
train,32,796008,25141.8,0.068775,,
train,32,796108,25144.6,0.067940,,
train,32,796208,25147.5,0.066083,,
train,32,796308,25150.3,0.062228,,
train,32,796408,25153.2,0.065888,,
train,32,796508,25156.0,0.066267,,
train,32,796608,25158.9,0.065361,,
train,32,796708,25161.7,0.071924,,
train,32,796808,25164.5,0.068048,,
train,32,796908,25167.4,0.066317,,
train,32,797008,25170.2,0.062604,,
train,32,797108,25173.1,0.068081,,
train,32,797208,25175.9,0.065588,,
train,32,797308,25178.7,0.063415,,
train,32,797408,25181.6,0.070223,,
train,32,797508,25184.4,0.063392,,
train,32,797608,25187.3,0.069787,,
train,32,797708,25190.1,0.063227,,
train,32,797808,25193.0,0.070050,,
train,32,797908,25195.8,0.069346,,
train,32,798008,25198.6,0.071410,,
train,32,798108,25201.5,0.063725,,
train,32,798208,25204.3,0.067704,,
train,32,798308,25207.2,0.068049,,
train,32,798408,25210.0,0.066466,,
train,32,798508,25212.8,0.067220,,
train,32,798608,25215.7,0.067250,,
train,32,798708,25218.5,0.067903,,
train,32,798808,25221.4,0.069322,,
train,32,798908,25224.2,0.066952,,
train,32,799008,25227.0,0.065985,,
train,32,799108,25229.9,0.062683,,
train,32,799208,25232.7,0.075467,,
train,32,799308,25235.6,0.065637,,
train,32,799408,25238.4,0.064347,,
train,32,799508,25241.2,0.066595,,
train,32,799608,25244.1,0.069616,,
train,32,799708,25246.9,0.070288,,
train,32,799808,25249.8,0.070568,,
train,32,799908,25252.6,0.062252,,
train,32,800008,25255.4,0.065681,,
train,32,800108,25258.3,0.067821,,
train,32,800208,25261.1,0.069035,,
train,32,800308,25264.0,0.068315,,
train,32,800408,25266.8,0.065949,,
train,32,800508,25269.7,0.065146,,
train,32,800608,25272.5,0.063901,,
train,32,800708,25275.3,0.067941,,
train,32,800808,25278.2,0.063239,,
train,32,800908,25281.0,0.070139,,
train,32,801008,25283.9,0.066582,,
train,32,801108,25286.7,0.067379,,
train,32,801208,25289.5,0.066223,,
train,32,801308,25292.4,0.069302,,
train,32,801408,25295.2,0.068298,,
train,32,801508,25298.1,0.069427,,
train,32,801608,25300.9,0.066127,,
train,32,801708,25303.7,0.064443,,
train,32,801808,25306.6,0.067197,,
train,32,801908,25309.4,0.067469,,
train,32,802008,25312.3,0.066568,,
train,32,802108,25315.1,0.067077,,
train,32,802208,25318.0,0.065700,,
train,32,802308,25320.8,0.068183,,
train,32,802408,25323.6,0.066922,,
train,32,802508,25326.5,0.062766,,
train,32,802608,25329.3,0.067711,,
train,32,802708,25332.2,0.068341,,
train,32,802808,25335.0,0.068540,,
train,32,802908,25337.8,0.066672,,
train,32,803008,25340.7,0.066112,,
train,32,803108,25343.5,0.066377,,
train,32,803208,25346.4,0.070047,,
train,32,803308,25349.2,0.066500,,
train,32,803408,25352.1,0.064872,,
train,32,803508,25354.9,0.063263,,
train,32,803608,25357.8,0.071336,,
train,32,803708,25360.6,0.066232,,
train,32,803808,25363.4,0.067913,,
train,32,803908,25366.3,0.070338,,
train,32,804008,25369.1,0.066012,,
train,32,804108,25372.0,0.072591,,
train,32,804208,25374.8,0.068650,,
train,32,804308,25377.7,0.066390,,
train,32,804408,25380.5,0.063863,,
train,32,804508,25383.3,0.066813,,
train,32,804608,25386.2,0.068184,,
train,32,804708,25389.0,0.068364,,
train,32,804808,25391.9,0.068886,,
train,32,804908,25394.7,0.066196,,
train,32,805008,25397.6,0.069376,,
train,32,805108,25400.4,0.063765,,
train,32,805208,25403.2,0.065252,,
train,32,805308,25406.1,0.067355,,
train,32,805408,25408.9,0.070092,,
train,32,805508,25411.8,0.071950,,
train,32,805608,25414.6,0.064058,,
train,32,805708,25417.4,0.062434,,
train,32,805808,25420.3,0.062830,,
train,32,805908,25423.1,0.065395,,
train,32,806008,25426.0,0.065596,,
train,32,806108,25428.8,0.069258,,
train,32,806208,25431.6,0.068941,,
train,32,806308,25434.5,0.066249,,
train,32,806408,25437.3,0.066436,,
train,32,806508,25440.2,0.062139,,
train,32,806608,25443.0,0.068304,,
val,32,,25522.0,0.060061,0.004074,0.000035
train,33,806752,25526.0,0.065616,,
train,33,806852,25528.8,0.070263,,
train,33,806952,25531.7,0.067700,,
train,33,807052,25534.5,0.066776,,
train,33,807152,25537.4,0.066830,,
train,33,807252,25540.2,0.068407,,
train,33,807352,25543.0,0.066782,,
train,33,807452,25545.9,0.069654,,
train,33,807552,25548.7,0.062783,,
train,33,807652,25551.6,0.069006,,
train,33,807752,25554.4,0.067448,,
train,33,807852,25557.2,0.064530,,
train,33,807952,25560.1,0.069633,,
train,33,808052,25562.9,0.067944,,
train,33,808152,25565.8,0.066691,,
train,33,808252,25568.6,0.066828,,
train,33,808352,25571.5,0.067869,,
train,33,808452,25574.3,0.066657,,
train,33,808552,25577.1,0.065329,,
train,33,808652,25580.0,0.065584,,
train,33,808752,25582.8,0.065109,,
train,33,808852,25585.7,0.067396,,
train,33,808952,25588.5,0.065280,,
train,33,809052,25591.4,0.067929,,
train,33,809152,25594.2,0.062741,,
train,33,809252,25597.0,0.064247,,
train,33,809352,25599.9,0.066423,,
train,33,809452,25602.7,0.065483,,
train,33,809552,25605.6,0.069903,,
train,33,809652,25608.4,0.067812,,
train,33,809752,25611.3,0.070797,,
train,33,809852,25614.1,0.061912,,
train,33,809952,25616.9,0.067190,,
train,33,810052,25619.8,0.068892,,
train,33,810152,25622.6,0.068245,,
train,33,810252,25625.5,0.064458,,
train,33,810352,25628.3,0.066729,,
train,33,810452,25631.2,0.067068,,
train,33,810552,25634.0,0.066350,,
train,33,810652,25636.8,0.072548,,
train,33,810752,25639.7,0.063758,,
train,33,810852,25642.5,0.066888,,
train,33,810952,25645.4,0.065707,,
train,33,811052,25648.2,0.065355,,
train,33,811152,25651.0,0.064985,,
train,33,811252,25653.9,0.066024,,
train,33,811352,25656.7,0.068217,,
train,33,811452,25659.6,0.065755,,
train,33,811552,25662.4,0.062758,,
train,33,811652,25665.3,0.073545,,
train,33,811752,25668.1,0.062405,,
train,33,811852,25670.9,0.063974,,
train,33,811952,25673.8,0.065278,,
train,33,812052,25676.6,0.073504,,
train,33,812152,25679.5,0.073030,,
train,33,812252,25682.3,0.063357,,
train,33,812352,25685.1,0.065345,,
train,33,812452,25688.0,0.071495,,
train,33,812552,25690.8,0.069739,,
train,33,812652,25693.7,0.064466,,
train,33,812752,25696.5,0.064273,,
train,33,812852,25699.3,0.070173,,
train,33,812952,25702.2,0.063810,,
train,33,813052,25705.0,0.062059,,
train,33,813152,25707.9,0.065795,,
train,33,813252,25710.7,0.067559,,
train,33,813352,25713.5,0.065441,,
train,33,813452,25716.4,0.070960,,
train,33,813552,25719.2,0.060836,,
train,33,813652,25722.1,0.067860,,
train,33,813752,25724.9,0.066124,,
train,33,813852,25727.8,0.067497,,
train,33,813952,25730.6,0.068324,,
train,33,814052,25733.4,0.069332,,
train,33,814152,25736.3,0.062971,,
train,33,814252,25739.1,0.068941,,
train,33,814352,25742.0,0.064780,,
train,33,814452,25744.8,0.065900,,
train,33,814552,25747.6,0.066897,,
train,33,814652,25750.5,0.073315,,
train,33,814752,25753.3,0.066554,,
train,33,814852,25756.2,0.064502,,
train,33,814952,25759.0,0.065086,,
train,33,815052,25761.9,0.072126,,
train,33,815152,25764.7,0.070965,,
train,33,815252,25767.5,0.070963,,
train,33,815352,25770.4,0.066933,,
train,33,815452,25773.2,0.066488,,
train,33,815552,25776.1,0.064635,,
train,33,815652,25778.9,0.066289,,
train,33,815752,25781.8,0.064776,,
train,33,815852,25784.6,0.067214,,
train,33,815952,25787.5,0.064648,,
train,33,816052,25790.3,0.065576,,
train,33,816152,25793.1,0.066710,,
train,33,816252,25796.0,0.066684,,
train,33,816352,25798.8,0.066462,,
train,33,816452,25801.7,0.071841,,
train,33,816552,25804.5,0.064721,,
train,33,816652,25807.4,0.065997,,
train,33,816752,25810.2,0.065610,,
train,33,816852,25813.1,0.070658,,
train,33,816952,25815.9,0.066554,,
train,33,817052,25818.7,0.065978,,
train,33,817152,25821.6,0.065188,,
train,33,817252,25824.4,0.064417,,
train,33,817352,25827.3,0.065229,,
train,33,817452,25830.1,0.063612,,
train,33,817552,25832.9,0.064490,,
train,33,817652,25835.8,0.064848,,
train,33,817752,25838.6,0.064354,,
train,33,817852,25841.5,0.070474,,
train,33,817952,25844.3,0.068550,,
train,33,818052,25847.1,0.064803,,
train,33,818152,25850.0,0.068397,,
train,33,818252,25852.8,0.067142,,
train,33,818352,25855.7,0.061280,,
train,33,818452,25858.5,0.065075,,
train,33,818552,25861.3,0.067763,,
train,33,818652,25864.2,0.061422,,
train,33,818752,25867.0,0.066824,,
train,33,818852,25869.9,0.067869,,
train,33,818952,25872.7,0.068580,,
train,33,819052,25875.5,0.070032,,
train,33,819152,25878.4,0.069768,,
train,33,819252,25881.2,0.063385,,
train,33,819352,25884.1,0.069486,,
train,33,819452,25886.9,0.064588,,
train,33,819552,25889.7,0.070208,,
train,33,819652,25892.6,0.068393,,
train,33,819752,25895.4,0.061474,,
train,33,819852,25898.3,0.068885,,
train,33,819952,25901.1,0.069303,,
train,33,820052,25903.9,0.064758,,
train,33,820152,25906.8,0.066154,,
train,33,820252,25909.6,0.070172,,
train,33,820352,25912.5,nan,,
train,33,820452,25915.3,0.067298,,
train,33,820552,25918.1,0.065180,,
train,33,820652,25921.0,0.063979,,
train,33,820752,25923.8,0.066953,,
train,33,820852,25926.7,0.066932,,
train,33,820952,25929.5,0.066194,,
train,33,821052,25932.4,0.063899,,
train,33,821152,25935.2,0.065654,,
train,33,821252,25938.1,0.068347,,
train,33,821352,25940.9,0.065328,,
train,33,821452,25943.7,0.064778,,
train,33,821552,25946.6,0.068100,,
train,33,821652,25949.4,0.068652,,
train,33,821752,25952.3,0.066189,,
train,33,821852,25955.1,0.065350,,
train,33,821952,25957.9,0.064854,,
train,33,822052,25960.8,0.067179,,
train,33,822152,25963.6,0.065154,,
train,33,822252,25966.5,0.067286,,
train,33,822352,25969.3,0.062859,,
train,33,822452,25972.1,0.065976,,
train,33,822552,25975.0,0.060812,,
train,33,822652,25977.8,0.067563,,
train,33,822752,25980.7,0.064751,,
train,33,822852,25983.5,0.064192,,
train,33,822952,25986.4,0.067105,,
train,33,823052,25989.2,0.066524,,
train,33,823152,25992.0,0.065676,,
train,33,823252,25994.9,0.071226,,
train,33,823352,25997.7,0.066124,,
train,33,823452,26000.6,0.068745,,
train,33,823552,26003.4,0.070394,,
train,33,823652,26006.3,0.068283,,
train,33,823752,26009.1,0.066281,,
train,33,823852,26012.0,0.068657,,
train,33,823952,26014.8,0.069726,,
train,33,824052,26017.7,0.063204,,
train,33,824152,26020.5,0.068178,,
train,33,824252,26023.3,0.064836,,
train,33,824352,26026.2,0.064644,,
train,33,824452,26029.0,0.066346,,
train,33,824552,26031.9,0.066574,,
train,33,824652,26034.7,0.062125,,
train,33,824752,26037.5,0.068187,,
train,33,824852,26040.4,0.064205,,
train,33,824952,26043.2,0.065252,,
train,33,825052,26046.1,0.067607,,
train,33,825152,26048.9,0.062642,,
train,33,825252,26051.7,0.061614,,
train,33,825352,26054.6,0.069144,,
train,33,825452,26057.4,0.065274,,
train,33,825552,26060.3,0.068469,,
train,33,825652,26063.1,0.069592,,
train,33,825752,26065.9,0.068088,,
train,33,825852,26068.8,0.065576,,
train,33,825952,26071.6,0.065425,,
train,33,826052,26074.5,0.063369,,
train,33,826152,26077.3,0.067433,,
train,33,826252,26080.2,0.066603,,
train,33,826352,26083.0,0.064666,,
train,33,826452,26085.8,0.069135,,
train,33,826552,26088.7,0.063338,,
train,33,826652,26091.5,0.068495,,
train,33,826752,26094.4,0.065323,,
train,33,826852,26097.2,0.069356,,
train,33,826952,26100.0,0.064149,,
train,33,827052,26102.9,0.071068,,
train,33,827152,26105.7,0.068395,,
train,33,827252,26108.6,0.066722,,
train,33,827352,26111.4,0.065072,,
train,33,827452,26114.2,0.063778,,
train,33,827552,26117.1,0.061052,,
train,33,827652,26119.9,0.065642,,
train,33,827752,26122.8,0.067968,,
train,33,827852,26125.6,0.064935,,
train,33,827952,26128.4,0.063730,,
train,33,828052,26131.3,0.062089,,
train,33,828152,26134.1,0.065813,,
train,33,828252,26137.0,0.064459,,
train,33,828352,26139.8,0.068595,,
train,33,828452,26142.7,0.064703,,
train,33,828552,26145.5,0.062606,,
train,33,828652,26148.3,0.066970,,
train,33,828752,26151.2,0.069849,,
train,33,828852,26154.0,0.068725,,
train,33,828952,26156.9,0.065984,,
train,33,829052,26159.7,0.067154,,
train,33,829152,26162.5,0.063633,,
train,33,829252,26165.4,0.066374,,
train,33,829352,26168.2,0.068453,,
train,33,829452,26171.1,0.070940,,
train,33,829552,26173.9,0.064306,,
train,33,829652,26176.8,0.069225,,
train,33,829752,26179.6,0.069331,,
train,33,829852,26182.4,0.067733,,
train,33,829952,26185.3,0.064860,,
train,33,830052,26188.1,0.063640,,
train,33,830152,26191.0,0.065456,,
train,33,830252,26193.8,0.066872,,
train,33,830352,26196.7,0.069241,,
train,33,830452,26199.5,0.067056,,
train,33,830552,26202.4,0.068105,,
train,33,830652,26205.2,0.068404,,
train,33,830752,26208.0,0.065707,,
train,33,830852,26210.9,0.067499,,
train,33,830952,26213.7,0.067252,,
train,33,831052,26216.6,0.068896,,
val,33,,26295.6,0.060361,0.004067,0.000035
train,34,831196,26299.2,0.073663,,
train,34,831296,26302.1,0.069096,,
train,34,831396,26304.9,0.065826,,
train,34,831496,26307.7,0.069485,,
train,34,831596,26310.6,0.068244,,
train,34,831696,26313.4,0.062346,,
train,34,831796,26316.3,0.065655,,
train,34,831896,26319.1,0.063381,,
train,34,831996,26321.9,0.066150,,
train,34,832096,26324.8,0.072382,,
train,34,832196,26327.6,0.068662,,
train,34,832296,26330.5,0.063516,,
train,34,832396,26333.3,0.066903,,
train,34,832496,26336.2,0.069683,,
train,34,832596,26339.0,0.064971,,
train,34,832696,26341.8,0.064346,,
train,34,832796,26344.7,0.068154,,
train,34,832896,26347.5,0.065786,,
train,34,832996,26350.4,0.064177,,
train,34,833096,26353.2,0.065033,,
train,34,833196,26356.1,0.069956,,
train,34,833296,26358.9,0.062675,,
train,34,833396,26361.7,0.063766,,
train,34,833496,26364.6,0.066588,,
train,34,833596,26367.4,0.064282,,
train,34,833696,26370.3,0.059333,,
train,34,833796,26373.1,0.069963,,
train,34,833896,26376.0,0.067893,,
train,34,833996,26378.8,0.063643,,
train,34,834096,26381.7,0.067688,,
train,34,834196,26384.5,0.072323,,
train,34,834296,26387.3,0.069098,,
train,34,834396,26390.2,0.069265,,
train,34,834496,26393.0,0.066565,,
train,34,834596,26395.9,0.063646,,
train,34,834696,26398.7,0.070689,,
train,34,834796,26401.6,0.071999,,
train,34,834896,26404.4,0.063960,,
train,34,834996,26407.3,0.070280,,
train,34,835096,26410.1,0.059805,,
train,34,835196,26413.0,0.060291,,
train,34,835296,26415.8,0.062299,,
train,34,835396,26418.7,0.068857,,
train,34,835496,26421.5,0.068166,,
train,34,835596,26424.4,0.062184,,
train,34,835696,26427.2,0.061690,,
train,34,835796,26430.0,0.064902,,
train,34,835896,26432.9,0.062001,,
train,34,835996,26435.7,0.065799,,
train,34,836096,26438.6,0.068901,,
train,34,836196,26441.4,0.069360,,
train,34,836296,26444.3,0.065718,,
train,34,836396,26447.1,0.067268,,
train,34,836496,26449.9,0.064326,,
train,34,836596,26452.8,0.067779,,
train,34,836696,26455.6,0.067583,,
train,34,836796,26458.5,0.065317,,
train,34,836896,26461.3,0.065539,,
train,34,836996,26464.1,0.065233,,
train,34,837096,26467.0,0.063316,,
train,34,837196,26469.8,0.066640,,
train,34,837296,26472.7,0.067942,,
train,34,837396,26475.5,0.069038,,
train,34,837496,26478.3,0.067584,,
train,34,837596,26481.2,0.064734,,
train,34,837696,26484.0,0.070594,,
train,34,837796,26486.9,0.067420,,
train,34,837896,26489.7,0.067107,,
train,34,837996,26492.5,0.070321,,
train,34,838096,26495.4,0.060679,,
train,34,838196,26498.2,0.070079,,
train,34,838296,26501.1,0.063688,,
train,34,838396,26503.9,0.065424,,
train,34,838496,26506.8,0.067462,,
train,34,838596,26509.6,0.066338,,
train,34,838696,26512.4,0.068489,,
train,34,838796,26515.3,0.060073,,
train,34,838896,26518.1,0.067792,,
train,34,838996,26521.0,0.065052,,
train,34,839096,26523.8,0.061427,,
train,34,839196,26526.7,0.062253,,
train,34,839296,26529.5,0.063723,,
train,34,839396,26532.3,0.063436,,
train,34,839496,26535.2,0.063403,,
train,34,839596,26538.0,0.065268,,
train,34,839696,26540.9,0.065504,,
train,34,839796,26543.7,0.069223,,
train,34,839896,26546.6,0.064521,,
train,34,839996,26549.4,0.064287,,
train,34,840096,26552.2,0.060591,,
train,34,840196,26555.1,0.062668,,
train,34,840296,26557.9,0.067337,,
train,34,840396,26560.8,0.069740,,
train,34,840496,26563.6,0.065636,,
train,34,840596,26566.5,0.063434,,
train,34,840696,26569.3,0.069395,,
train,34,840796,26572.1,0.068862,,
train,34,840896,26575.0,0.068594,,
train,34,840996,26577.8,0.070787,,
train,34,841096,26580.7,0.067430,,
train,34,841196,26583.5,0.069369,,
train,34,841296,26586.4,0.059638,,
train,34,841396,26589.2,0.065820,,
train,34,841496,26592.0,0.065782,,
train,34,841596,26594.9,0.069057,,
train,34,841696,26597.7,0.065289,,
train,34,841796,26600.6,0.065152,,
train,34,841896,26603.4,0.061671,,
train,34,841996,26606.3,0.067011,,
train,34,842096,26609.1,0.065208,,
train,34,842196,26612.0,0.064320,,
train,34,842296,26614.8,0.068585,,
train,34,842396,26617.7,0.065210,,
train,34,842496,26620.5,0.065569,,
train,34,842596,26623.4,0.067504,,
train,34,842696,26626.2,0.063569,,
train,34,842796,26629.0,0.062450,,
train,34,842896,26631.9,0.062699,,
train,34,842996,26634.7,0.066592,,
train,34,843096,26637.5,0.063878,,
train,34,843196,26640.4,0.062896,,
train,34,843296,26643.2,0.060310,,
train,34,843396,26646.1,0.068296,,
train,34,843496,26648.9,0.064310,,
train,34,843596,26651.8,0.063344,,
train,34,843696,26654.6,0.062590,,
train,34,843796,26657.4,0.064247,,
train,34,843896,26660.3,0.065846,,
train,34,843996,26663.1,0.069657,,
train,34,844096,26666.0,0.063567,,
train,34,844196,26668.8,0.069907,,
train,34,844296,26671.6,0.060297,,
train,34,844396,26674.5,0.062316,,
train,34,844496,26677.3,0.070482,,
train,34,844596,26680.2,0.066571,,
train,34,844696,26683.0,0.067198,,
train,34,844796,26685.8,0.064966,,
train,34,844896,26688.7,0.067195,,
train,34,844996,26691.5,0.062127,,
train,34,845096,26694.4,0.066134,,
train,34,845196,26697.2,0.064225,,
train,34,845296,26700.1,0.064100,,
train,34,845396,26702.9,0.062147,,
train,34,845496,26705.7,0.065699,,
train,34,845596,26708.6,0.067894,,
train,34,845696,26711.4,0.061306,,
train,34,845796,26714.3,0.069451,,
train,34,845896,26717.1,0.067125,,
train,34,845996,26719.9,0.062287,,
train,34,846096,26722.8,0.063679,,
train,34,846196,26725.6,0.064979,,
train,34,846296,26728.5,0.063251,,
train,34,846396,26731.3,0.064704,,
train,34,846496,26734.2,0.065531,,
train,34,846596,26737.0,0.063601,,
train,34,846696,26739.9,0.066278,,
train,34,846796,26742.7,0.063111,,
train,34,846896,26745.6,0.064540,,
train,34,846996,26748.4,0.063037,,
train,34,847096,26751.2,0.071769,,
train,34,847196,26754.1,0.067704,,
train,34,847296,26756.9,0.072081,,
train,34,847396,26759.8,0.066298,,
train,34,847496,26762.6,0.069932,,
train,34,847596,26765.5,0.069749,,
train,34,847696,26768.3,0.070370,,
train,34,847796,26771.1,0.065259,,
train,34,847896,26774.0,0.069424,,
train,34,847996,26776.8,0.065628,,
train,34,848096,26779.7,0.066280,,
train,34,848196,26782.5,0.060761,,
train,34,848296,26785.4,0.072490,,
train,34,848396,26788.2,0.071326,,
train,34,848496,26791.0,0.066992,,
train,34,848596,26793.9,0.066681,,
train,34,848696,26796.7,0.060438,,
train,34,848796,26799.6,0.064038,,
train,34,848896,26802.4,0.061512,,
train,34,848996,26805.3,0.065176,,
train,34,849096,26808.1,0.064734,,
train,34,849196,26811.0,0.067766,,
train,34,849296,26813.8,0.064581,,
train,34,849396,26816.6,0.067630,,
train,34,849496,26819.5,0.066046,,
train,34,849596,26822.3,0.060795,,
train,34,849696,26825.2,0.067601,,
train,34,849796,26828.0,0.064924,,
train,34,849896,26830.8,0.067829,,
train,34,849996,26833.7,0.065984,,
train,34,850096,26836.5,0.068063,,
train,34,850196,26839.4,0.067964,,
train,34,850296,26842.2,0.068245,,
train,34,850396,26845.1,0.066990,,
train,34,850496,26847.9,0.075802,,
train,34,850596,26850.7,0.064439,,
train,34,850696,26853.6,0.068531,,
train,34,850796,26856.4,0.065677,,
train,34,850896,26859.3,0.067408,,
train,34,850996,26862.1,0.063673,,
train,34,851096,26864.9,0.066612,,
train,34,851196,26867.8,0.065743,,
train,34,851296,26870.6,0.066719,,
train,34,851396,26873.5,0.068752,,
train,34,851496,26876.3,0.068548,,
train,34,851596,26879.2,0.065300,,
train,34,851696,26882.0,0.069700,,
train,34,851796,26884.8,0.066724,,
train,34,851896,26887.7,0.068119,,
train,34,851996,26890.5,0.068981,,
train,34,852096,26893.4,0.070052,,
train,34,852196,26896.2,0.066923,,
train,34,852296,26899.1,0.071812,,
train,34,852396,26901.9,0.065282,,
train,34,852496,26904.7,0.063686,,
train,34,852596,26907.6,0.066012,,
train,34,852696,26910.4,0.064221,,
train,34,852796,26913.3,nan,,
train,34,852896,26916.1,0.061546,,
train,34,852996,26918.9,0.069043,,
train,34,853096,26921.8,0.067185,,
train,34,853196,26924.6,0.063789,,
train,34,853296,26927.5,0.069146,,
train,34,853396,26930.3,0.068732,,
train,34,853496,26933.2,0.066764,,
train,34,853596,26936.0,0.065399,,
train,34,853696,26938.8,0.068838,,
train,34,853796,26941.7,0.070161,,
train,34,853896,26944.5,0.065726,,
train,34,853996,26947.3,0.062957,,
train,34,854096,26950.2,0.067078,,
train,34,854196,26953.0,0.061859,,
train,34,854296,26955.9,0.062575,,
train,34,854396,26958.7,0.067791,,
train,34,854496,26961.6,0.069607,,
train,34,854596,26964.4,0.066092,,
train,34,854696,26967.2,0.064525,,
train,34,854796,26970.1,0.069809,,
train,34,854896,26972.9,0.069221,,
train,34,854996,26975.8,0.070179,,
train,34,855096,26978.6,0.065619,,
train,34,855196,26981.5,0.064800,,
train,34,855296,26984.3,0.064989,,
train,34,855396,26987.2,0.064236,,
train,34,855496,26990.0,0.067477,,
val,34,,27068.9,0.060340,0.004064,0.000035
train,35,855640,27072.5,0.066494,,
train,35,855740,27075.4,0.068615,,
train,35,855840,27078.2,0.064572,,
train,35,855940,27081.1,0.064650,,
train,35,856040,27083.9,0.066717,,
train,35,856140,27086.7,0.060029,,
train,35,856240,27089.6,0.066878,,
train,35,856340,27092.4,0.067699,,
train,35,856440,27095.3,0.065239,,
train,35,856540,27098.1,0.065086,,
train,35,856640,27100.9,0.064676,,
train,35,856740,27103.8,0.063615,,
train,35,856840,27106.6,0.069401,,
train,35,856940,27109.5,0.064642,,
train,35,857040,27112.3,0.064796,,
train,35,857140,27115.1,0.067744,,
train,35,857240,27118.0,0.071083,,
train,35,857340,27120.8,0.067201,,
train,35,857440,27123.7,0.065363,,
train,35,857540,27126.5,0.068101,,
train,35,857640,27129.4,0.063918,,
train,35,857740,27132.2,0.068864,,
train,35,857840,27135.0,0.065012,,
train,35,857940,27137.9,0.067963,,
train,35,858040,27140.7,0.066509,,
train,35,858140,27143.6,0.065995,,
train,35,858240,27146.4,0.065759,,
train,35,858340,27149.3,0.067118,,
train,35,858440,27152.1,0.069688,,
train,35,858540,27155.0,0.067734,,
train,35,858640,27157.8,0.071206,,
train,35,858740,27160.6,0.063103,,
train,35,858840,27163.5,0.066697,,
train,35,858940,27166.3,0.062209,,
train,35,859040,27169.2,0.069721,,
train,35,859140,27172.0,0.066868,,
train,35,859240,27174.9,0.062029,,
train,35,859340,27177.7,0.065808,,
train,35,859440,27180.5,0.067556,,
train,35,859540,27183.4,0.062073,,
train,35,859640,27186.2,0.062864,,
train,35,859740,27189.1,0.061515,,
train,35,859840,27191.9,0.066129,,
train,35,859940,27194.8,0.069191,,
train,35,860040,27197.6,0.064492,,
train,35,860140,27200.5,0.061429,,
train,35,860240,27203.3,0.064940,,
train,35,860340,27206.1,0.060390,,
train,35,860440,27209.0,0.059474,,
train,35,860540,27211.8,0.069310,,
train,35,860640,27214.7,0.073340,,
train,35,860740,27217.5,0.066735,,
train,35,860840,27220.4,0.067260,,
train,35,860940,27223.2,0.061931,,
train,35,861040,27226.1,0.067628,,
train,35,861140,27228.9,0.064228,,
train,35,861240,27231.7,0.062148,,
train,35,861340,27234.6,0.069612,,
train,35,861440,27237.4,0.063128,,
train,35,861540,27240.3,0.062220,,
train,35,861640,27243.1,0.064227,,
train,35,861740,27246.0,0.069215,,
train,35,861840,27248.8,0.069879,,
train,35,861940,27251.6,0.063427,,
train,35,862040,27254.5,0.066768,,
train,35,862140,27257.3,0.064313,,
train,35,862240,27260.2,0.065781,,
train,35,862340,27263.0,0.064361,,
train,35,862440,27265.8,0.069876,,
train,35,862540,27268.7,0.064894,,
train,35,862640,27271.5,0.063219,,
train,35,862740,27274.4,0.064125,,
train,35,862840,27277.2,0.068242,,
train,35,862940,27280.1,0.066854,,
train,35,863040,27282.9,0.064952,,
train,35,863140,27285.7,0.061785,,
train,35,863240,27288.6,0.066090,,
train,35,863340,27291.4,0.071167,,
train,35,863440,27294.3,0.072329,,
train,35,863540,27297.1,0.065686,,
train,35,863640,27299.9,0.069863,,
train,35,863740,27302.8,0.063189,,
train,35,863840,27305.6,0.071860,,
train,35,863940,27308.5,0.068089,,
train,35,864040,27311.3,0.064474,,
train,35,864140,27314.1,0.062682,,
train,35,864240,27317.0,0.067996,,
train,35,864340,27319.8,0.067879,,
train,35,864440,27322.7,0.065328,,
train,35,864540,27325.5,0.064891,,
train,35,864640,27328.4,0.065683,,
train,35,864740,27331.2,0.070518,,
train,35,864840,27334.0,0.069296,,
train,35,864940,27336.9,0.066361,,
train,35,865040,27339.7,0.065028,,
train,35,865140,27342.6,0.066626,,
train,35,865240,27345.4,0.065437,,
train,35,865340,27348.3,0.066407,,
train,35,865440,27351.1,0.063165,,
train,35,865540,27353.9,0.064814,,
train,35,865640,27356.8,0.066761,,
train,35,865740,27359.6,0.062340,,
train,35,865840,27362.5,0.068341,,
train,35,865940,27365.3,0.069891,,
train,35,866040,27368.2,0.063991,,
train,35,866140,27371.0,0.061924,,
train,35,866240,27373.8,0.068091,,
train,35,866340,27376.7,0.070156,,
train,35,866440,27379.5,0.069900,,
train,35,866540,27382.4,0.066278,,
train,35,866640,27385.2,0.066513,,
train,35,866740,27388.1,0.068690,,
train,35,866840,27390.9,0.068532,,
train,35,866940,27393.8,0.065112,,
train,35,867040,27396.6,0.063620,,
train,35,867140,27399.5,0.064116,,
train,35,867240,27402.3,0.063314,,
train,35,867340,27405.1,0.066346,,
train,35,867440,27408.0,0.068349,,
train,35,867540,27410.8,0.068979,,
train,35,867640,27413.7,0.067648,,
train,35,867740,27416.5,0.068426,,
train,35,867840,27419.4,0.067266,,
train,35,867940,27422.2,0.063641,,
train,35,868040,27425.1,0.068788,,
train,35,868140,27427.9,0.061103,,
train,35,868240,27430.7,0.068392,,
train,35,868340,27433.6,0.068991,,
train,35,868440,27436.4,0.062756,,
train,35,868540,27439.2,0.061059,,
train,35,868640,27442.1,0.065758,,
train,35,868740,27444.9,0.066014,,
train,35,868840,27447.8,0.064801,,
train,35,868940,27450.6,0.066489,,
train,35,869040,27453.5,0.062630,,
train,35,869140,27456.3,0.060286,,
train,35,869240,27459.1,0.066682,,
train,35,869340,27462.0,0.066303,,
train,35,869440,27464.8,0.066516,,
train,35,869540,27467.6,0.067293,,
train,35,869640,27470.5,0.065799,,
train,35,869740,27473.3,0.064524,,
train,35,869840,27476.2,0.066294,,
train,35,869940,27479.0,0.067263,,
train,35,870040,27481.8,0.066980,,
train,35,870140,27484.7,0.069380,,
train,35,870240,27487.5,0.065686,,
train,35,870340,27490.4,0.065710,,
train,35,870440,27493.2,0.067033,,
train,35,870540,27496.0,0.069515,,
train,35,870640,27498.9,0.063060,,
train,35,870740,27501.7,0.064194,,
train,35,870840,27504.6,0.064918,,
train,35,870940,27507.4,0.061866,,
train,35,871040,27510.3,0.063461,,
train,35,871140,27513.1,0.064621,,
train,35,871240,27515.9,0.065975,,
train,35,871340,27518.8,0.063160,,
train,35,871440,27521.6,0.067109,,
train,35,871540,27524.5,0.065709,,
train,35,871640,27527.3,0.067907,,
train,35,871740,27530.2,0.067388,,
train,35,871840,27533.0,0.071190,,
train,35,871940,27535.8,0.063742,,
train,35,872040,27538.7,0.063417,,
train,35,872140,27541.5,0.064514,,
train,35,872240,27544.4,0.062247,,
train,35,872340,27547.2,0.062714,,
train,35,872440,27550.1,0.063586,,
train,35,872540,27552.9,0.068873,,
train,35,872640,27555.7,0.063749,,
train,35,872740,27558.6,0.063674,,
train,35,872840,27561.4,0.064417,,
train,35,872940,27564.3,0.067704,,
train,35,873040,27567.1,0.064031,,
train,35,873140,27569.9,0.064591,,
train,35,873240,27572.8,0.062324,,
train,35,873340,27575.6,0.070735,,
train,35,873440,27578.5,0.064624,,
train,35,873540,27581.3,0.068570,,
train,35,873640,27584.2,0.061155,,
train,35,873740,27587.0,0.066088,,
train,35,873840,27589.9,0.066077,,
train,35,873940,27592.7,0.069922,,
train,35,874040,27595.6,0.061390,,
train,35,874140,27598.4,0.067526,,
train,35,874240,27601.2,0.066060,,
train,35,874340,27604.1,0.062527,,
train,35,874440,27606.9,0.065704,,
train,35,874540,27609.8,0.062783,,
train,35,874640,27612.6,0.065799,,
train,35,874740,27615.5,0.059101,,
train,35,874840,27618.3,0.064895,,
train,35,874940,27621.2,0.066813,,
train,35,875040,27624.0,0.063279,,
train,35,875140,27626.8,0.067873,,
train,35,875240,27629.7,0.070025,,
train,35,875340,27632.5,0.070360,,
train,35,875440,27635.4,0.069425,,
train,35,875540,27638.2,0.060729,,
train,35,875640,27641.1,0.065316,,
train,35,875740,27643.9,0.063446,,
train,35,875840,27646.7,0.065134,,
train,35,875940,27649.6,0.065139,,
train,35,876040,27652.4,0.068438,,
train,35,876140,27655.3,0.064451,,
train,35,876240,27658.1,0.068839,,
train,35,876340,27661.0,0.067564,,
train,35,876440,27663.8,0.069697,,
train,35,876540,27666.6,0.073767,,
train,35,876640,27669.5,0.067673,,
train,35,876740,27672.3,0.065130,,
train,35,876840,27675.2,0.069432,,
train,35,876940,27678.0,0.064478,,
train,35,877040,27680.9,0.062252,,
train,35,877140,27683.7,0.066245,,
train,35,877240,27686.5,0.072710,,
train,35,877340,27689.4,0.068462,,
train,35,877440,27692.2,0.068120,,
train,35,877540,27695.1,0.065637,,
train,35,877640,27697.9,0.065511,,
train,35,877740,27700.8,0.065355,,
train,35,877840,27703.6,0.066854,,
train,35,877940,27706.4,0.063822,,
train,35,878040,27709.3,0.065668,,
train,35,878140,27712.1,0.066017,,
train,35,878240,27715.0,0.063897,,
train,35,878340,27717.8,0.061288,,
train,35,878440,27720.6,0.067940,,
train,35,878540,27723.5,0.063397,,
train,35,878640,27726.3,0.068488,,
train,35,878740,27729.2,0.068295,,
train,35,878840,27732.0,0.071499,,
train,35,878940,27734.9,0.062195,,
train,35,879040,27737.7,0.068088,,
train,35,879140,27740.6,0.066822,,
train,35,879240,27743.4,0.061581,,
train,35,879340,27746.2,0.065908,,
train,35,879440,27749.1,0.068668,,
train,35,879540,27751.9,0.067139,,
train,35,879640,27754.8,0.065174,,
train,35,879740,27757.6,0.066891,,
train,35,879840,27760.5,0.061665,,
train,35,879940,27763.3,nan,,
val,35,,27842.4,0.059892,0.004054,0.000034
train,36,880084,27846.4,0.071195,,
train,36,880184,27849.2,0.066363,,
train,36,880284,27852.1,0.069671,,
train,36,880384,27854.9,0.073923,,
train,36,880484,27857.7,0.071247,,
train,36,880584,27860.6,0.063714,,
train,36,880684,27863.4,0.066679,,
train,36,880784,27866.2,0.062831,,
train,36,880884,27869.1,0.063002,,
train,36,880984,27871.9,0.068096,,
train,36,881084,27874.8,0.061637,,
train,36,881184,27877.6,0.062894,,
train,36,881284,27880.5,0.068885,,
train,36,881384,27883.3,0.067594,,
train,36,881484,27886.1,0.067386,,
train,36,881584,27889.0,0.066697,,
train,36,881684,27891.8,0.063601,,
train,36,881784,27894.7,0.064301,,
train,36,881884,27897.5,0.068636,,
train,36,881984,27900.3,0.066851,,
train,36,882084,27903.2,0.065066,,
train,36,882184,27906.0,0.061034,,
train,36,882284,27908.9,0.065452,,
train,36,882384,27911.7,0.064229,,
train,36,882484,27914.5,0.067200,,
train,36,882584,27917.4,0.066512,,
train,36,882684,27920.2,0.066272,,
train,36,882784,27923.1,0.070240,,
train,36,882884,27925.9,0.063917,,
train,36,882984,27928.7,0.062585,,
train,36,883084,27931.6,0.067581,,
train,36,883184,27934.4,0.067088,,
train,36,883284,27937.3,0.068014,,
train,36,883384,27940.1,0.067799,,
train,36,883484,27943.0,0.065859,,
train,36,883584,27945.8,0.071525,,
train,36,883684,27948.6,0.062812,,
train,36,883784,27951.5,0.068413,,
train,36,883884,27954.3,0.065118,,
train,36,883984,27957.2,0.063874,,
train,36,884084,27960.0,0.066595,,
train,36,884184,27962.9,0.060458,,
train,36,884284,27965.7,0.067550,,
train,36,884384,27968.5,0.074185,,
train,36,884484,27971.4,0.065417,,
train,36,884584,27974.2,0.067676,,
train,36,884684,27977.1,0.063995,,
train,36,884784,27979.9,0.068298,,
train,36,884884,27982.8,0.068360,,
train,36,884984,27985.6,0.071382,,
train,36,885084,27988.4,0.065124,,
train,36,885184,27991.3,0.067973,,
train,36,885284,27994.1,0.063629,,
train,36,885384,27997.0,0.067346,,
train,36,885484,27999.8,0.070385,,
train,36,885584,28002.6,0.065794,,
train,36,885684,28005.5,0.061648,,
train,36,885784,28008.3,0.071205,,
train,36,885884,28011.2,0.070266,,
train,36,885984,28014.0,0.064761,,
train,36,886084,28016.9,0.060285,,
train,36,886184,28019.7,0.068081,,
train,36,886284,28022.5,0.068529,,
train,36,886384,28025.4,0.067556,,
train,36,886484,28028.2,0.064497,,
train,36,886584,28031.1,0.064008,,
train,36,886684,28033.9,0.066455,,
train,36,886784,28036.7,0.064838,,
train,36,886884,28039.6,0.065897,,
train,36,886984,28042.4,0.062678,,
train,36,887084,28045.3,0.066899,,
train,36,887184,28048.1,0.066827,,
train,36,887284,28050.9,0.070810,,
train,36,887384,28053.8,0.067491,,
train,36,887484,28056.6,0.066572,,
train,36,887584,28059.5,0.064655,,
train,36,887684,28062.3,0.068135,,
train,36,887784,28065.1,0.066170,,
train,36,887884,28068.0,0.070673,,
train,36,887984,28070.8,0.067447,,
train,36,888084,28073.7,0.068733,,
train,36,888184,28076.5,0.070251,,
train,36,888284,28079.3,0.066073,,
train,36,888384,28082.2,0.067706,,
train,36,888484,28085.0,0.060669,,
train,36,888584,28087.9,0.061569,,
train,36,888684,28090.7,0.067821,,
train,36,888784,28093.5,0.062889,,
train,36,888884,28096.4,0.060600,,
train,36,888984,28099.2,0.066823,,
train,36,889084,28102.1,0.064207,,
train,36,889184,28104.9,0.064080,,
train,36,889284,28107.7,0.065016,,
train,36,889384,28110.6,0.066710,,
train,36,889484,28113.4,0.069976,,
train,36,889584,28116.3,nan,,
train,36,889684,28119.1,0.062572,,
train,36,889784,28122.0,0.067827,,
train,36,889884,28124.8,0.064782,,
train,36,889984,28127.6,0.066234,,
train,36,890084,28130.5,0.061717,,
train,36,890184,28133.3,0.062796,,
train,36,890284,28136.2,0.066095,,
train,36,890384,28139.0,0.067536,,
train,36,890484,28141.8,0.067526,,
train,36,890584,28144.7,0.063321,,
train,36,890684,28147.5,0.065183,,
train,36,890784,28150.3,0.062580,,
train,36,890884,28153.2,0.065134,,
train,36,890984,28156.0,0.062795,,
train,36,891084,28158.9,0.059149,,
train,36,891184,28161.7,0.065925,,
train,36,891284,28164.5,0.062956,,
train,36,891384,28167.4,0.064391,,
train,36,891484,28170.2,0.061082,,
train,36,891584,28173.1,0.071632,,
train,36,891684,28175.9,0.064487,,
train,36,891784,28178.8,0.068041,,
train,36,891884,28181.6,0.064784,,
train,36,891984,28184.5,0.063659,,
train,36,892084,28187.3,0.068668,,
train,36,892184,28190.1,0.065438,,
train,36,892284,28193.0,0.061972,,
train,36,892384,28195.8,0.066891,,
train,36,892484,28198.7,0.065747,,
train,36,892584,28201.5,0.065400,,
train,36,892684,28204.4,0.066035,,
train,36,892784,28207.2,0.067485,,
train,36,892884,28210.0,0.068446,,
train,36,892984,28212.9,0.063963,,
train,36,893084,28215.7,0.070988,,
train,36,893184,28218.6,0.063307,,
train,36,893284,28221.4,0.064006,,
train,36,893384,28224.2,0.063205,,
train,36,893484,28227.1,0.063766,,
train,36,893584,28229.9,0.061510,,
train,36,893684,28232.8,0.063935,,
train,36,893784,28235.6,0.064508,,
train,36,893884,28238.5,0.067561,,
train,36,893984,28241.3,0.065237,,
train,36,894084,28244.1,0.071665,,
train,36,894184,28247.0,0.067468,,
train,36,894284,28249.8,0.066238,,
train,36,894384,28252.7,0.068448,,
train,36,894484,28255.5,0.068328,,
train,36,894584,28258.3,0.065271,,
train,36,894684,28261.2,0.062664,,
train,36,894784,28264.0,0.064843,,
train,36,894884,28266.9,0.066005,,
train,36,894984,28269.7,0.062576,,
train,36,895084,28272.6,0.069035,,
train,36,895184,28275.4,0.061511,,
train,36,895284,28278.2,0.064753,,
train,36,895384,28281.1,0.063214,,
train,36,895484,28283.9,0.059906,,
train,36,895584,28286.8,0.060627,,
train,36,895684,28289.6,0.069334,,
train,36,895784,28292.4,0.064015,,
train,36,895884,28295.3,0.062101,,
train,36,895984,28298.1,0.066302,,
train,36,896084,28301.0,0.066163,,
train,36,896184,28303.8,0.065671,,
train,36,896284,28306.6,0.067638,,
train,36,896384,28309.5,0.065116,,
train,36,896484,28312.3,0.062728,,
train,36,896584,28315.2,0.064621,,
train,36,896684,28318.0,0.066257,,
train,36,896784,28320.8,0.066484,,
train,36,896884,28323.7,0.064646,,
train,36,896984,28326.5,0.063520,,
train,36,897084,28329.4,0.061168,,
train,36,897184,28332.2,0.067171,,
train,36,897284,28335.0,0.073035,,
train,36,897384,28337.9,0.063997,,
train,36,897484,28340.7,0.064045,,
train,36,897584,28343.6,0.062965,,
train,36,897684,28346.4,0.069035,,
train,36,897784,28349.2,0.065767,,
train,36,897884,28352.1,0.068959,,
train,36,897984,28354.9,0.067606,,
train,36,898084,28357.8,0.066573,,
train,36,898184,28360.6,0.063741,,
train,36,898284,28363.5,0.063837,,
train,36,898384,28366.3,0.062308,,
train,36,898484,28369.1,0.065334,,
train,36,898584,28372.0,0.066173,,
train,36,898684,28374.8,0.066459,,
train,36,898784,28377.7,0.064485,,
train,36,898884,28380.5,0.062678,,
train,36,898984,28383.4,0.067795,,
train,36,899084,28386.2,0.069941,,
train,36,899184,28389.0,0.066390,,
train,36,899284,28391.9,0.062255,,
train,36,899384,28394.7,0.066279,,
train,36,899484,28397.6,0.066893,,
train,36,899584,28400.4,0.067083,,
train,36,899684,28403.3,0.063442,,
train,36,899784,28406.1,0.062122,,
train,36,899884,28409.0,0.066389,,
train,36,899984,28411.8,0.065639,,
train,36,900084,28414.6,0.069023,,
train,36,900184,28417.5,0.068238,,
train,36,900284,28420.3,0.066719,,
train,36,900384,28423.2,0.065811,,
train,36,900484,28426.0,0.060934,,
train,36,900584,28428.8,0.064635,,
train,36,900684,28431.7,0.063497,,
train,36,900784,28434.5,0.063967,,
train,36,900884,28437.3,0.070369,,
train,36,900984,28440.2,0.064384,,
train,36,901084,28443.0,0.066109,,
train,36,901184,28445.9,0.067631,,
train,36,901284,28448.7,0.064812,,
train,36,901384,28451.6,0.069194,,
train,36,901484,28454.4,0.064609,,
train,36,901584,28457.2,0.069720,,
train,36,901684,28460.1,0.061983,,
train,36,901784,28462.9,0.064235,,
train,36,901884,28465.7,0.065037,,
train,36,901984,28468.6,0.066894,,
train,36,902084,28471.4,0.062747,,
train,36,902184,28474.3,0.064116,,
train,36,902284,28477.1,0.063454,,
train,36,902384,28479.9,0.066399,,
train,36,902484,28482.8,0.064252,,
train,36,902584,28485.6,0.065727,,
train,36,902684,28488.5,0.061907,,
train,36,902784,28491.3,0.066979,,
train,36,902884,28494.1,0.061329,,
train,36,902984,28497.0,0.068250,,
train,36,903084,28499.8,0.067282,,
train,36,903184,28502.7,0.063616,,
train,36,903284,28505.5,0.066309,,
train,36,903384,28508.3,0.065208,,
train,36,903484,28511.2,0.065302,,
train,36,903584,28514.0,0.063138,,
train,36,903684,28516.9,0.063611,,
train,36,903784,28519.7,0.061950,,
train,36,903884,28522.5,0.067705,,
train,36,903984,28525.4,0.070139,,
train,36,904084,28528.2,0.063391,,
train,36,904184,28531.1,0.065672,,
train,36,904284,28533.9,0.061360,,
train,36,904384,28536.7,0.062896,,
val,36,,28615.7,0.060114,0.004048,0.000034
train,37,904528,28619.3,0.061602,,
train,37,904628,28622.1,0.060142,,
train,37,904728,28625.0,0.067538,,
train,37,904828,28627.8,0.062855,,
train,37,904928,28630.6,0.062905,,
train,37,905028,28633.5,0.065908,,
train,37,905128,28636.3,0.064434,,
train,37,905228,28639.2,0.065827,,
train,37,905328,28642.0,0.064061,,
train,37,905428,28644.8,0.065910,,
train,37,905528,28647.7,0.067696,,
train,37,905628,28650.5,0.064762,,
train,37,905728,28653.4,0.063812,,
train,37,905828,28656.2,0.069823,,
train,37,905928,28659.1,0.065391,,
train,37,906028,28661.9,0.067677,,
train,37,906128,28664.7,0.064860,,
train,37,906228,28667.6,0.059140,,
train,37,906328,28670.4,0.062664,,
train,37,906428,28673.3,0.065055,,
train,37,906528,28676.1,0.064195,,
train,37,906628,28679.0,0.066673,,
train,37,906728,28681.8,0.067870,,
train,37,906828,28684.6,0.065162,,
train,37,906928,28687.5,0.065169,,
train,37,907028,28690.3,0.062604,,
train,37,907128,28693.2,0.068992,,
train,37,907228,28696.0,0.073417,,
train,37,907328,28698.8,0.065572,,
train,37,907428,28701.7,0.059385,,
train,37,907528,28704.5,0.064130,,
train,37,907628,28707.4,0.064025,,
train,37,907728,28710.2,0.063937,,
train,37,907828,28713.1,0.068204,,
train,37,907928,28715.9,0.069099,,
train,37,908028,28718.7,0.063007,,
train,37,908128,28721.6,0.070251,,
train,37,908228,28724.4,0.061967,,
train,37,908328,28727.3,0.068147,,
train,37,908428,28730.1,0.063559,,
train,37,908528,28733.0,0.065816,,
train,37,908628,28735.8,0.069419,,
train,37,908728,28738.7,0.069562,,
train,37,908828,28741.5,0.065456,,
train,37,908928,28744.3,0.062189,,
train,37,909028,28747.2,0.063891,,
train,37,909128,28750.0,0.064249,,
train,37,909228,28752.9,0.067981,,
train,37,909328,28755.7,0.066436,,
train,37,909428,28758.6,0.067369,,
train,37,909528,28761.4,0.069190,,
train,37,909628,28764.2,0.066765,,
train,37,909728,28767.1,0.062161,,
train,37,909828,28769.9,0.061682,,
train,37,909928,28772.8,0.063484,,
train,37,910028,28775.6,0.068371,,
train,37,910128,28778.5,0.068735,,
train,37,910228,28781.3,0.067049,,
train,37,910328,28784.2,0.064884,,
train,37,910428,28787.0,0.067943,,
train,37,910528,28789.9,0.067127,,
train,37,910628,28792.7,0.061082,,
train,37,910728,28795.5,0.059943,,
train,37,910828,28798.4,0.068125,,
train,37,910928,28801.2,0.065206,,
train,37,911028,28804.1,0.063748,,
train,37,911128,28806.9,0.065260,,
train,37,911228,28809.8,0.063656,,
train,37,911328,28812.6,nan,,
train,37,911428,28815.4,0.067488,,
train,37,911528,28818.3,0.066531,,
train,37,911628,28821.1,0.069101,,
train,37,911728,28824.0,0.068046,,
train,37,911828,28826.8,0.068797,,
train,37,911928,28829.6,0.065211,,
train,37,912028,28832.5,0.063798,,
train,37,912128,28835.3,0.062237,,
train,37,912228,28838.2,0.062752,,
train,37,912328,28841.0,0.066973,,
train,37,912428,28843.9,0.064451,,
train,37,912528,28846.7,0.065821,,
train,37,912628,28849.5,0.061616,,
train,37,912728,28852.4,0.063678,,
train,37,912828,28855.2,0.063506,,
train,37,912928,28858.1,0.064123,,
train,37,913028,28860.9,0.068374,,
train,37,913128,28863.7,0.063942,,
train,37,913228,28866.6,0.063791,,
train,37,913328,28869.4,0.067364,,
train,37,913428,28872.3,0.066283,,
train,37,913528,28875.1,0.063322,,
train,37,913628,28878.0,0.068865,,
train,37,913728,28880.8,0.068894,,
train,37,913828,28883.6,0.065431,,
train,37,913928,28886.5,0.067548,,
train,37,914028,28889.3,0.067090,,
train,37,914128,28892.2,0.067717,,
train,37,914228,28895.0,0.067749,,
train,37,914328,28897.8,0.068792,,
train,37,914428,28900.7,0.064232,,
train,37,914528,28903.5,0.066535,,
train,37,914628,28906.4,0.068598,,
train,37,914728,28909.2,0.069035,,
train,37,914828,28912.1,0.062582,,
train,37,914928,28914.9,0.062208,,
train,37,915028,28917.7,0.065719,,
train,37,915128,28920.6,0.070226,,
train,37,915228,28923.4,0.065044,,
train,37,915328,28926.3,0.061714,,
train,37,915428,28929.1,0.063994,,
train,37,915528,28932.0,0.065189,,
train,37,915628,28934.8,0.061643,,
train,37,915728,28937.6,0.060311,,
train,37,915828,28940.5,0.065364,,
train,37,915928,28943.3,0.067994,,
train,37,916028,28946.2,0.066667,,
train,37,916128,28949.0,0.068068,,
train,37,916228,28951.9,0.067413,,
train,37,916328,28954.7,0.068624,,
train,37,916428,28957.6,0.065758,,
train,37,916528,28960.4,0.063690,,
train,37,916628,28963.2,0.064321,,
train,37,916728,28966.1,0.063621,,
train,37,916828,28968.9,0.063090,,
train,37,916928,28971.8,0.066707,,
train,37,917028,28974.6,0.062089,,
train,37,917128,28977.5,0.064400,,
train,37,917228,28980.3,0.062415,,
train,37,917328,28983.2,0.067264,,
train,37,917428,28986.0,0.064925,,
train,37,917528,28988.9,0.064569,,
train,37,917628,28991.7,0.062216,,
train,37,917728,28994.6,0.068550,,
train,37,917828,28997.4,0.070452,,
train,37,917928,29000.2,0.063606,,
train,37,918028,29003.1,0.063122,,
train,37,918128,29005.9,0.060664,,
train,37,918228,29008.8,0.066704,,
train,37,918328,29011.6,0.069946,,
train,37,918428,29014.5,0.066815,,
train,37,918528,29017.3,0.062162,,
train,37,918628,29020.1,0.066226,,
train,37,918728,29023.0,0.065845,,
train,37,918828,29025.8,0.068127,,
train,37,918928,29028.7,0.069258,,
train,37,919028,29031.5,0.063354,,
train,37,919128,29034.4,0.064374,,
train,37,919228,29037.2,0.067883,,
train,37,919328,29040.0,0.066395,,
train,37,919428,29042.9,0.068471,,
train,37,919528,29045.7,0.070904,,
train,37,919628,29048.6,0.066136,,
train,37,919728,29051.4,0.064396,,
train,37,919828,29054.3,0.064719,,
train,37,919928,29057.1,0.068585,,
train,37,920028,29060.0,0.064148,,
train,37,920128,29062.8,0.065816,,
train,37,920228,29065.6,0.063390,,
train,37,920328,29068.5,0.062735,,
train,37,920428,29071.3,0.066129,,
train,37,920528,29074.2,0.065764,,
train,37,920628,29077.0,0.066507,,
train,37,920728,29079.9,0.065781,,
train,37,920828,29082.7,0.065646,,
train,37,920928,29085.5,0.065254,,
train,37,921028,29088.4,0.068680,,
train,37,921128,29091.2,0.065122,,
train,37,921228,29094.1,0.071609,,
train,37,921328,29096.9,0.064693,,
train,37,921428,29099.7,0.065838,,
train,37,921528,29102.6,0.063011,,
train,37,921628,29105.4,0.066596,,
train,37,921728,29108.3,0.068507,,
train,37,921828,29111.1,0.067829,,
train,37,921928,29113.9,0.068688,,
train,37,922028,29116.8,0.066779,,
train,37,922128,29119.6,0.064555,,
train,37,922228,29122.5,0.065569,,
train,37,922328,29125.3,0.066347,,
train,37,922428,29128.1,0.065752,,
train,37,922528,29131.0,0.064772,,
train,37,922628,29133.8,0.065712,,
train,37,922728,29136.7,0.063724,,
train,37,922828,29139.5,0.063735,,
train,37,922928,29142.4,0.064390,,
train,37,923028,29145.2,0.063063,,
train,37,923128,29148.0,0.064352,,
train,37,923228,29150.9,0.067637,,
train,37,923328,29153.7,0.067149,,
train,37,923428,29156.6,0.064101,,
train,37,923528,29159.4,0.061787,,
train,37,923628,29162.3,0.063230,,
train,37,923728,29165.1,0.064316,,
train,37,923828,29168.0,0.064233,,
train,37,923928,29170.8,0.068344,,
train,37,924028,29173.6,0.063958,,
train,37,924128,29176.5,0.068608,,
train,37,924228,29179.3,0.067039,,
train,37,924328,29182.2,0.068601,,
train,37,924428,29185.0,0.063721,,
train,37,924528,29187.9,0.063280,,
train,37,924628,29190.7,0.066372,,
train,37,924728,29193.6,0.061325,,
train,37,924828,29196.4,0.062104,,
train,37,924928,29199.3,0.064775,,
train,37,925028,29202.1,0.071269,,
train,37,925128,29205.0,0.064931,,
train,37,925228,29207.8,0.070338,,
train,37,925328,29210.7,0.066217,,
train,37,925428,29213.5,0.062841,,
train,37,925528,29216.4,0.066183,,
train,37,925628,29219.2,0.066497,,
train,37,925728,29222.0,0.062227,,
train,37,925828,29224.9,0.064432,,
train,37,925928,29227.7,0.064131,,
train,37,926028,29230.6,0.061690,,
train,37,926128,29233.4,0.065995,,
train,37,926228,29236.3,0.065207,,
train,37,926328,29239.1,0.064930,,
train,37,926428,29241.9,0.066154,,
train,37,926528,29244.8,0.068456,,
train,37,926628,29247.6,0.065959,,
train,37,926728,29250.5,0.072371,,
train,37,926828,29253.3,0.073369,,
train,37,926928,29256.2,0.065029,,
train,37,927028,29259.0,0.067423,,
train,37,927128,29261.8,0.066741,,
train,37,927228,29264.7,0.068853,,
train,37,927328,29267.5,0.062447,,
train,37,927428,29270.4,0.064880,,
train,37,927528,29273.2,0.068770,,
train,37,927628,29276.0,0.068308,,
train,37,927728,29278.9,0.064372,,
train,37,927828,29281.7,0.064593,,
train,37,927928,29284.6,0.062988,,
train,37,928028,29287.4,0.066142,,
train,37,928128,29290.2,0.062965,,
train,37,928228,29293.1,0.064562,,
train,37,928328,29295.9,0.064907,,
train,37,928428,29298.8,0.066872,,
train,37,928528,29301.6,0.065897,,
train,37,928628,29304.5,0.063770,,
train,37,928728,29307.3,0.066999,,
train,37,928828,29310.1,0.066215,,
val,37,,29389.2,0.059250,0.004044,0.000034
train,38,928972,29393.3,0.064760,,
train,38,929072,29396.1,0.066089,,
train,38,929172,29398.9,0.065636,,
train,38,929272,29401.8,0.066673,,
train,38,929372,29404.6,0.066531,,
train,38,929472,29407.4,0.067925,,
train,38,929572,29410.3,0.065248,,
train,38,929672,29413.1,0.063046,,
train,38,929772,29415.9,0.063648,,
train,38,929872,29418.8,0.060428,,
train,38,929972,29421.6,0.061468,,
train,38,930072,29424.4,0.070002,,
train,38,930172,29427.3,0.065914,,
train,38,930272,29430.1,0.063452,,
train,38,930372,29433.0,0.065643,,
train,38,930472,29435.8,0.067040,,
train,38,930572,29438.6,0.067981,,
train,38,930672,29441.5,0.062867,,
train,38,930772,29444.3,0.065726,,
train,38,930872,29447.1,0.063993,,
train,38,930972,29450.0,0.062038,,
train,38,931072,29452.8,0.065703,,
train,38,931172,29455.7,0.065990,,
train,38,931272,29458.5,0.060824,,
train,38,931372,29461.3,0.064323,,
train,38,931472,29464.2,0.064851,,
train,38,931572,29467.0,0.066419,,
train,38,931672,29469.8,0.063696,,
train,38,931772,29472.7,0.064731,,
train,38,931872,29475.5,0.064279,,
train,38,931972,29478.3,0.066379,,
train,38,932072,29481.2,0.064796,,
train,38,932172,29484.0,0.063114,,
train,38,932272,29486.8,0.065850,,
train,38,932372,29489.7,0.069677,,
train,38,932472,29492.5,0.067221,,
train,38,932572,29495.3,0.059210,,
train,38,932672,29498.2,0.062272,,
train,38,932772,29501.0,0.068268,,
train,38,932872,29503.8,0.065790,,
train,38,932972,29506.7,0.063576,,
train,38,933072,29509.5,0.068453,,
train,38,933172,29512.3,0.066189,,
train,38,933272,29515.2,0.063745,,
train,38,933372,29518.0,0.067249,,
train,38,933472,29520.9,0.065049,,
train,38,933572,29523.7,0.064524,,
train,38,933672,29526.5,0.060806,,
train,38,933772,29529.4,0.065280,,
train,38,933872,29532.2,0.068337,,
train,38,933972,29535.0,0.067575,,
train,38,934072,29537.9,nan,,
train,38,934172,29540.7,0.064999,,
train,38,934272,29543.5,0.062269,,
train,38,934372,29546.4,0.068597,,
train,38,934472,29549.2,0.064623,,
train,38,934572,29552.0,0.066135,,
train,38,934672,29554.9,0.066841,,
train,38,934772,29557.7,0.066347,,
train,38,934872,29560.5,0.066058,,
train,38,934972,29563.4,0.070791,,
train,38,935072,29566.2,0.064103,,
train,38,935172,29569.1,0.066163,,
train,38,935272,29571.9,0.065369,,
train,38,935372,29574.7,0.066317,,
train,38,935472,29577.6,0.067417,,
train,38,935572,29580.4,0.067504,,
train,38,935672,29583.2,0.067464,,
train,38,935772,29586.1,0.061684,,
train,38,935872,29588.9,0.069119,,
train,38,935972,29591.7,0.068235,,
train,38,936072,29594.6,0.064943,,
train,38,936172,29597.4,0.066564,,
train,38,936272,29600.2,0.067328,,
train,38,936372,29603.1,0.065926,,
train,38,936472,29605.9,0.063742,,
train,38,936572,29608.8,0.059628,,
train,38,936672,29611.6,0.062685,,
train,38,936772,29614.4,0.066429,,
train,38,936872,29617.3,0.066223,,
train,38,936972,29620.1,0.069808,,
train,38,937072,29622.9,0.064750,,
train,38,937172,29625.8,0.066442,,
train,38,937272,29628.6,0.062095,,
train,38,937372,29631.4,0.061353,,
train,38,937472,29634.3,0.064555,,
train,38,937572,29637.1,0.066175,,
train,38,937672,29640.0,0.063219,,
train,38,937772,29642.8,0.065011,,
train,38,937872,29645.6,0.063776,,
train,38,937972,29648.5,0.063751,,
train,38,938072,29651.3,0.062964,,
train,38,938172,29654.1,0.070238,,
train,38,938272,29657.0,0.063823,,
train,38,938372,29659.8,0.065162,,
train,38,938472,29662.6,0.062067,,
train,38,938572,29665.5,0.066663,,
train,38,938672,29668.3,0.064292,,
train,38,938772,29671.1,0.066611,,
train,38,938872,29674.0,0.062260,,
train,38,938972,29676.8,0.070392,,
train,38,939072,29679.6,0.060995,,
train,38,939172,29682.5,0.066705,,
train,38,939272,29685.3,0.067851,,
train,38,939372,29688.1,0.065041,,
train,38,939472,29691.0,0.069356,,
train,38,939572,29693.8,0.069315,,
train,38,939672,29696.6,0.066551,,
train,38,939772,29699.5,0.062112,,
train,38,939872,29702.3,0.064751,,
train,38,939972,29705.1,0.066365,,
train,38,940072,29708.0,0.061075,,
train,38,940172,29710.8,0.064309,,
train,38,940272,29713.6,0.060508,,
train,38,940372,29716.5,0.069630,,
train,38,940472,29719.3,0.065608,,
train,38,940572,29722.2,0.063805,,
train,38,940672,29725.0,0.065586,,
train,38,940772,29727.8,0.063516,,
train,38,940872,29730.7,0.061501,,
train,38,940972,29733.5,0.066827,,
train,38,941072,29736.3,0.064379,,
train,38,941172,29739.2,0.065474,,
train,38,941272,29742.0,0.063471,,
train,38,941372,29744.8,0.067346,,
train,38,941472,29747.7,0.065228,,
train,38,941572,29750.5,0.063043,,
train,38,941672,29753.4,0.064650,,
train,38,941772,29756.2,0.067960,,
train,38,941872,29759.0,0.064193,,
train,38,941972,29761.9,0.067270,,
train,38,942072,29764.7,0.064497,,
train,38,942172,29767.5,0.060714,,
train,38,942272,29770.4,0.067638,,
train,38,942372,29773.2,0.064240,,
train,38,942472,29776.1,0.064312,,
train,38,942572,29778.9,0.063180,,
train,38,942672,29781.7,0.067669,,
train,38,942772,29784.6,0.066096,,
train,38,942872,29787.4,0.061367,,
train,38,942972,29790.2,0.067075,,
train,38,943072,29793.1,0.063747,,
train,38,943172,29795.9,0.065797,,
train,38,943272,29798.7,0.062024,,
train,38,943372,29801.6,0.066607,,
train,38,943472,29804.4,0.064937,,
train,38,943572,29807.2,0.063099,,
train,38,943672,29810.1,0.070298,,
train,38,943772,29812.9,0.065117,,
train,38,943872,29815.8,0.065707,,
train,38,943972,29818.6,0.068061,,
train,38,944072,29821.4,0.066749,,
train,38,944172,29824.3,0.062052,,
train,38,944272,29827.1,0.070347,,
train,38,944372,29829.9,0.067386,,
train,38,944472,29832.8,0.066934,,
train,38,944572,29835.6,0.067224,,
train,38,944672,29838.4,0.064478,,
train,38,944772,29841.3,0.065306,,
train,38,944872,29844.1,0.062336,,
train,38,944972,29846.9,0.067840,,
train,38,945072,29849.8,0.065891,,
train,38,945172,29852.6,0.061487,,
train,38,945272,29855.4,0.068236,,
train,38,945372,29858.3,0.062559,,
train,38,945472,29861.1,0.062279,,
train,38,945572,29863.9,0.065221,,
train,38,945672,29866.8,0.068546,,
train,38,945772,29869.6,0.064679,,
train,38,945872,29872.4,0.061772,,
train,38,945972,29875.3,0.064373,,
train,38,946072,29878.1,0.070677,,
train,38,946172,29880.9,0.072190,,
train,38,946272,29883.8,0.062436,,
train,38,946372,29886.6,0.061929,,
train,38,946472,29889.4,0.064404,,
train,38,946572,29892.3,0.065164,,
train,38,946672,29895.1,0.064970,,
train,38,946772,29897.9,0.065914,,
train,38,946872,29900.8,0.064365,,
train,38,946972,29903.6,0.066479,,
train,38,947072,29906.5,0.065883,,
train,38,947172,29909.3,0.064470,,
train,38,947272,29912.1,0.066580,,
train,38,947372,29915.0,0.065349,,
train,38,947472,29917.8,0.060930,,
train,38,947572,29920.7,0.071364,,
train,38,947672,29923.5,0.064371,,
train,38,947772,29926.3,0.064896,,
train,38,947872,29929.2,0.062745,,
train,38,947972,29932.0,0.074517,,
train,38,948072,29934.8,0.064905,,
train,38,948172,29937.7,0.063293,,
train,38,948272,29940.5,0.061527,,
train,38,948372,29943.4,0.064691,,
train,38,948472,29946.2,0.062454,,
train,38,948572,29949.0,0.067011,,
train,38,948672,29951.9,0.064005,,
train,38,948772,29954.7,0.063664,,
train,38,948872,29957.5,0.065876,,
train,38,948972,29960.4,0.068057,,
train,38,949072,29963.2,0.070284,,
train,38,949172,29966.1,0.061512,,
train,38,949272,29968.9,0.064576,,
train,38,949372,29971.7,0.067621,,
train,38,949472,29974.6,0.064839,,
train,38,949572,29977.4,0.065003,,
train,38,949672,29980.2,0.064173,,
train,38,949772,29983.1,0.070576,,
train,38,949872,29985.9,0.067685,,
train,38,949972,29988.7,0.066900,,
train,38,950072,29991.6,0.067258,,
train,38,950172,29994.4,0.064978,,
train,38,950272,29997.2,0.061774,,
train,38,950372,30000.1,0.063628,,
train,38,950472,30002.9,0.063489,,
train,38,950572,30005.7,0.065489,,
train,38,950672,30008.6,0.065840,,
train,38,950772,30011.4,0.064566,,
train,38,950872,30014.2,0.064657,,
train,38,950972,30017.1,0.071919,,
train,38,951072,30019.9,0.067053,,
train,38,951172,30022.7,0.067594,,
train,38,951272,30025.6,0.067517,,
train,38,951372,30028.4,0.059279,,
train,38,951472,30031.2,0.061911,,
train,38,951572,30034.0,0.061729,,
train,38,951672,30036.9,0.065962,,
train,38,951772,30039.7,0.069079,,
train,38,951872,30042.6,0.064643,,
train,38,951972,30045.4,0.067825,,
train,38,952072,30048.2,0.062745,,
train,38,952172,30051.1,0.067118,,
train,38,952272,30053.9,0.067584,,
train,38,952372,30056.7,0.063582,,
train,38,952472,30059.6,0.065624,,
train,38,952572,30062.4,0.063761,,
train,38,952672,30065.2,0.062737,,
train,38,952772,30068.1,0.066885,,
train,38,952872,30070.9,0.064921,,
train,38,952972,30073.7,0.064780,,
train,38,953072,30076.6,0.067234,,
train,38,953172,30079.4,0.069826,,
train,38,953272,30082.3,0.070331,,
val,38,,30161.2,0.059540,0.004040,0.000034
train,39,953416,30164.8,0.062572,,
train,39,953516,30167.7,0.065206,,
train,39,953616,30170.5,0.064798,,
train,39,953716,30173.4,0.065828,,
train,39,953816,30176.2,0.064956,,
train,39,953916,30179.1,0.069821,,
train,39,954016,30181.9,0.065432,,
train,39,954116,30184.7,0.063017,,
train,39,954216,30187.6,0.069280,,
train,39,954316,30190.4,0.065475,,
train,39,954416,30193.3,0.069103,,
train,39,954516,30196.1,0.065665,,
train,39,954616,30198.9,0.061676,,
train,39,954716,30201.8,0.066306,,
train,39,954816,30204.6,0.064251,,
train,39,954916,30207.5,0.068716,,
train,39,955016,30210.3,0.067557,,
train,39,955116,30213.1,0.064418,,
train,39,955216,30216.0,0.064062,,
train,39,955316,30218.8,0.063025,,
train,39,955416,30221.7,0.063974,,
train,39,955516,30224.5,0.060992,,
train,39,955616,30227.3,0.064021,,
train,39,955716,30230.2,0.064491,,
train,39,955816,30233.0,0.065640,,
train,39,955916,30235.9,0.068025,,
train,39,956016,30238.7,0.072014,,
train,39,956116,30241.6,0.064998,,
train,39,956216,30244.4,0.065753,,
train,39,956316,30247.2,0.064070,,
train,39,956416,30250.1,0.065068,,
train,39,956516,30252.9,0.069769,,
train,39,956616,30255.8,0.067069,,
train,39,956716,30258.6,0.065014,,
train,39,956816,30261.4,0.063992,,
train,39,956916,30264.3,0.065068,,
train,39,957016,30267.1,0.067757,,
train,39,957116,30270.0,0.064108,,
train,39,957216,30272.8,0.067231,,
train,39,957316,30275.6,0.066901,,
train,39,957416,30278.5,0.063943,,
train,39,957516,30281.3,0.064135,,
train,39,957616,30284.2,0.063634,,
train,39,957716,30287.0,0.064078,,
train,39,957816,30289.8,0.062792,,
train,39,957916,30292.7,0.061885,,
train,39,958016,30295.5,0.061368,,
train,39,958116,30298.4,0.062555,,
train,39,958216,30301.2,0.064990,,
train,39,958316,30304.1,0.063598,,
train,39,958416,30306.9,0.066798,,
train,39,958516,30309.8,0.064621,,
train,39,958616,30312.6,0.063198,,
train,39,958716,30315.4,0.063870,,
train,39,958816,30318.3,0.063998,,
train,39,958916,30321.1,0.066528,,
train,39,959016,30324.0,0.063508,,
train,39,959116,30326.8,0.064907,,
train,39,959216,30329.7,0.065969,,
train,39,959316,30332.5,0.061439,,
train,39,959416,30335.3,0.059084,,
train,39,959516,30338.2,0.066460,,
train,39,959616,30341.0,0.064734,,
train,39,959716,30343.9,0.069139,,
train,39,959816,30346.7,0.066400,,
train,39,959916,30349.5,0.066500,,
train,39,960016,30352.4,0.065524,,
train,39,960116,30355.2,0.067197,,
train,39,960216,30358.1,0.066344,,
train,39,960316,30360.9,0.063353,,
train,39,960416,30363.8,0.067775,,
train,39,960516,30366.6,0.064186,,
train,39,960616,30369.5,0.064331,,
train,39,960716,30372.3,0.060680,,
train,39,960816,30375.1,0.068538,,
train,39,960916,30378.0,0.065192,,
train,39,961016,30380.8,0.063497,,
train,39,961116,30383.7,0.067866,,
train,39,961216,30386.5,0.060784,,
train,39,961316,30389.3,0.064213,,
train,39,961416,30392.2,0.065235,,
train,39,961516,30395.0,0.061975,,
train,39,961616,30397.9,0.066627,,
train,39,961716,30400.7,0.069555,,
train,39,961816,30403.6,0.070045,,
train,39,961916,30406.4,0.065547,,
train,39,962016,30409.2,0.067049,,
train,39,962116,30412.1,0.068472,,
train,39,962216,30414.9,0.064584,,
train,39,962316,30417.8,0.065262,,
train,39,962416,30420.6,0.069573,,
train,39,962516,30423.4,0.066689,,
train,39,962616,30426.3,0.066400,,
train,39,962716,30429.1,0.063110,,
train,39,962816,30432.0,0.066815,,
train,39,962916,30434.8,0.067735,,
train,39,963016,30437.6,0.068953,,
train,39,963116,30440.5,0.064425,,
train,39,963216,30443.3,0.060795,,
train,39,963316,30446.2,0.066675,,
train,39,963416,30449.0,0.065450,,
train,39,963516,30451.8,0.069665,,
train,39,963616,30454.7,0.064711,,
train,39,963716,30457.5,0.060764,,
train,39,963816,30460.4,0.063739,,
train,39,963916,30463.2,0.068005,,
train,39,964016,30466.1,0.060655,,
train,39,964116,30468.9,0.064610,,
train,39,964216,30471.7,0.064572,,
train,39,964316,30474.6,0.065982,,
train,39,964416,30477.4,0.066601,,
train,39,964516,30480.3,0.065223,,
train,39,964616,30483.1,0.067795,,
train,39,964716,30486.0,0.066122,,
train,39,964816,30488.8,0.062555,,
train,39,964916,30491.6,0.064076,,
train,39,965016,30494.5,0.070982,,
train,39,965116,30497.3,0.067993,,
train,39,965216,30500.2,0.062682,,
train,39,965316,30503.0,0.066731,,
train,39,965416,30505.9,0.063556,,
train,39,965516,30508.7,0.069085,,
train,39,965616,30511.6,0.065421,,
train,39,965716,30514.4,0.066831,,
train,39,965816,30517.2,0.066716,,
train,39,965916,30520.1,0.064229,,
train,39,966016,30522.9,0.060874,,
train,39,966116,30525.8,0.065278,,
train,39,966216,30528.6,0.064938,,
train,39,966316,30531.5,0.066931,,
train,39,966416,30534.3,0.069394,,
train,39,966516,30537.2,0.066600,,
train,39,966616,30540.0,0.065431,,
train,39,966716,30542.8,0.065505,,
train,39,966816,30545.7,0.067598,,
train,39,966916,30548.5,0.064656,,
train,39,967016,30551.4,0.065826,,
train,39,967116,30554.2,0.065489,,
train,39,967216,30557.1,0.064890,,
train,39,967316,30559.9,0.062649,,
train,39,967416,30562.7,0.060843,,
train,39,967516,30565.6,0.064649,,
train,39,967616,30568.4,0.064139,,
train,39,967716,30571.3,0.066256,,
train,39,967816,30574.1,0.067712,,
train,39,967916,30577.0,0.068927,,
train,39,968016,30579.8,0.062141,,
train,39,968116,30582.6,0.068636,,
train,39,968216,30585.5,0.064223,,
train,39,968316,30588.3,0.063726,,
train,39,968416,30591.2,0.064222,,
train,39,968516,30594.0,0.063331,,
train,39,968616,30596.8,0.064713,,
train,39,968716,30599.7,0.064799,,
train,39,968816,30602.5,0.066688,,
train,39,968916,30605.4,0.066340,,
train,39,969016,30608.2,0.069883,,
train,39,969116,30611.0,0.061791,,
train,39,969216,30613.9,0.066379,,
train,39,969316,30616.7,0.063827,,
train,39,969416,30619.6,0.061957,,
train,39,969516,30622.4,0.068124,,
train,39,969616,30625.2,0.064505,,
train,39,969716,30628.1,0.065958,,
train,39,969816,30630.9,0.066147,,
train,39,969916,30633.8,0.065917,,
train,39,970016,30636.6,0.062129,,
train,39,970116,30639.4,0.067524,,
train,39,970216,30642.3,0.064311,,
train,39,970316,30645.1,0.061564,,
train,39,970416,30648.0,0.067853,,
train,39,970516,30650.8,0.066623,,
train,39,970616,30653.6,0.065490,,
train,39,970716,30656.5,0.065355,,
train,39,970816,30659.3,0.067848,,
train,39,970916,30662.2,0.066337,,
train,39,971016,30665.0,0.065607,,
train,39,971116,30667.9,0.068479,,
train,39,971216,30670.7,0.067466,,
train,39,971316,30673.5,0.062138,,
train,39,971416,30676.4,0.064967,,
train,39,971516,30679.2,0.070523,,
train,39,971616,30682.1,0.070346,,
train,39,971716,30684.9,0.065795,,
train,39,971816,30687.7,0.061236,,
train,39,971916,30690.6,0.064521,,
train,39,972016,30693.4,0.061501,,
train,39,972116,30696.3,0.064334,,
train,39,972216,30699.1,0.067656,,
train,39,972316,30701.9,0.064023,,
train,39,972416,30704.8,0.064839,,
train,39,972516,30707.6,0.066866,,
train,39,972616,30710.5,0.064144,,
train,39,972716,30713.3,0.069169,,
train,39,972816,30716.2,0.063627,,
train,39,972916,30719.0,0.064204,,
train,39,973016,30721.8,0.067040,,
train,39,973116,30724.7,0.064777,,
train,39,973216,30727.5,0.061787,,
train,39,973316,30730.4,0.067258,,
train,39,973416,30733.2,0.062448,,
train,39,973516,30736.1,0.069179,,
train,39,973616,30738.9,0.064826,,
train,39,973716,30741.8,0.068686,,
train,39,973816,30744.6,0.064509,,
train,39,973916,30747.4,0.066776,,
train,39,974016,30750.3,0.066166,,
train,39,974116,30753.1,0.064316,,
train,39,974216,30756.0,0.067875,,
train,39,974316,30758.8,0.067716,,
train,39,974416,30761.7,0.060434,,
train,39,974516,30764.5,0.065237,,
train,39,974616,30767.3,0.066455,,
train,39,974716,30770.2,0.067269,,
train,39,974816,30773.0,0.062796,,
train,39,974916,30775.9,0.062418,,
train,39,975016,30778.7,0.062940,,
train,39,975116,30781.6,0.063060,,
train,39,975216,30784.4,0.064064,,
train,39,975316,30787.2,0.067226,,
train,39,975416,30790.1,0.065636,,
train,39,975516,30792.9,0.065014,,
train,39,975616,30795.8,0.067471,,
train,39,975716,30798.6,0.065405,,
train,39,975816,30801.5,0.066953,,
train,39,975916,30804.3,0.063649,,
train,39,976016,30807.1,0.064402,,
train,39,976116,30810.0,0.064729,,
train,39,976216,30812.8,0.060294,,
train,39,976316,30815.7,0.064945,,
train,39,976416,30818.5,0.067219,,
train,39,976516,30821.3,0.070273,,
train,39,976616,30824.2,0.065475,,
train,39,976716,30827.0,nan,,
train,39,976816,30829.9,0.062836,,
train,39,976916,30832.7,0.068672,,
train,39,977016,30835.5,0.067806,,
train,39,977116,30838.4,0.064470,,
train,39,977216,30841.2,0.064283,,
train,39,977316,30844.1,0.068749,,
train,39,977416,30846.9,0.059766,,
train,39,977516,30849.8,0.065536,,
train,39,977616,30852.6,0.063467,,
train,39,977716,30855.5,0.063059,,
val,39,,30934.6,0.059188,0.004035,0.000034
train,40,977860,30938.6,0.067267,,
train,40,977960,30941.4,0.063420,,
train,40,978060,30944.3,0.062779,,
train,40,978160,30947.1,0.067102,,
train,40,978260,30949.9,0.064102,,
train,40,978360,30952.8,0.065528,,
train,40,978460,30955.6,0.065822,,
train,40,978560,30958.5,0.065119,,
train,40,978660,30961.3,0.062650,,
train,40,978760,30964.2,0.059385,,
train,40,978860,30967.0,0.062789,,
train,40,978960,30969.8,0.067996,,
train,40,979060,30972.7,0.066379,,
train,40,979160,30975.5,0.065614,,
train,40,979260,30978.4,0.068175,,
train,40,979360,30981.2,0.063994,,
train,40,979460,30984.1,0.063960,,
train,40,979560,30986.9,0.063635,,
train,40,979660,30989.7,0.066882,,
train,40,979760,30992.6,0.064482,,
train,40,979860,30995.4,0.065906,,
train,40,979960,30998.3,0.069211,,
train,40,980060,31001.1,0.070447,,
train,40,980160,31004.0,0.062888,,
train,40,980260,31006.8,0.063062,,
train,40,980360,31009.6,0.066582,,
train,40,980460,31012.5,0.063000,,
train,40,980560,31015.3,0.062674,,
train,40,980660,31018.2,0.068373,,
train,40,980760,31021.0,0.068693,,
train,40,980860,31023.8,0.062631,,
train,40,980960,31026.7,0.063533,,
train,40,981060,31029.5,0.067780,,
train,40,981160,31032.4,0.064752,,
train,40,981260,31035.2,0.064678,,
train,40,981360,31038.1,0.064351,,
train,40,981460,31040.9,0.069351,,
train,40,981560,31043.8,0.067473,,
train,40,981660,31046.6,0.066043,,
train,40,981760,31049.5,0.060907,,
train,40,981860,31052.3,0.062732,,
train,40,981960,31055.1,0.063300,,
train,40,982060,31058.0,0.063519,,
train,40,982160,31060.8,0.061180,,
train,40,982260,31063.7,0.066384,,
train,40,982360,31066.5,0.062100,,
train,40,982460,31069.4,0.067731,,
train,40,982560,31072.2,0.065667,,
train,40,982660,31075.0,0.072299,,
train,40,982760,31077.9,0.067103,,
train,40,982860,31080.7,0.064896,,
train,40,982960,31083.6,0.065323,,
train,40,983060,31086.4,0.067284,,
train,40,983160,31089.3,0.068431,,
train,40,983260,31092.1,0.069604,,
train,40,983360,31095.0,0.066165,,
train,40,983460,31097.8,0.062869,,
train,40,983560,31100.6,0.064507,,
train,40,983660,31103.5,0.066410,,
train,40,983760,31106.3,0.066885,,
train,40,983860,31109.2,0.065507,,
train,40,983960,31112.0,0.070553,,
train,40,984060,31114.9,0.063179,,
train,40,984160,31117.7,0.065231,,
train,40,984260,31120.6,0.061838,,
train,40,984360,31123.4,0.065659,,
train,40,984460,31126.2,0.061080,,
train,40,984560,31129.1,0.062317,,
train,40,984660,31131.9,0.067873,,
train,40,984760,31134.8,0.064458,,
train,40,984860,31137.6,0.072961,,
train,40,984960,31140.5,0.063577,,
train,40,985060,31143.3,0.065127,,
train,40,985160,31146.2,0.065654,,
train,40,985260,31149.0,0.066297,,
train,40,985360,31151.9,0.061608,,
train,40,985460,31154.7,0.065655,,
train,40,985560,31157.5,0.068844,,
train,40,985660,31160.4,0.068135,,
train,40,985760,31163.2,0.068983,,
train,40,985860,31166.1,0.066598,,
train,40,985960,31168.9,0.065727,,
train,40,986060,31171.8,0.063346,,
train,40,986160,31174.6,0.067220,,
train,40,986260,31177.4,0.072755,,
train,40,986360,31180.3,0.062250,,
train,40,986460,31183.1,0.065374,,
train,40,986560,31186.0,0.067341,,
train,40,986660,31188.8,0.063518,,
train,40,986760,31191.7,0.066758,,
train,40,986860,31194.5,0.063932,,
train,40,986960,31197.3,0.069675,,
train,40,987060,31200.2,0.064982,,
train,40,987160,31203.0,0.063099,,
train,40,987260,31205.9,0.069692,,
train,40,987360,31208.7,0.059969,,
train,40,987460,31211.6,0.063303,,
train,40,987560,31214.4,0.061245,,
train,40,987660,31217.2,0.065834,,
train,40,987760,31220.1,0.067697,,
train,40,987860,31222.9,0.063062,,
train,40,987960,31225.8,0.065036,,
train,40,988060,31228.6,0.062599,,
train,40,988160,31231.5,0.067041,,
train,40,988260,31234.3,0.067517,,
train,40,988360,31237.1,0.062823,,
train,40,988460,31240.0,0.062225,,
train,40,988560,31242.8,0.062023,,
train,40,988660,31245.7,0.065064,,
train,40,988760,31248.5,0.065199,,
train,40,988860,31251.4,0.066865,,
train,40,988960,31254.2,0.063135,,
train,40,989060,31257.1,0.064884,,
train,40,989160,31259.9,0.061243,,
train,40,989260,31262.7,0.063309,,
train,40,989360,31265.6,0.063604,,
train,40,989460,31268.4,0.064283,,
train,40,989560,31271.3,0.061206,,
train,40,989660,31274.1,0.063391,,
train,40,989760,31277.0,0.064635,,
train,40,989860,31279.8,0.065801,,
train,40,989960,31282.6,0.066518,,
train,40,990060,31285.5,0.066208,,
train,40,990160,31288.3,0.066184,,
train,40,990260,31291.2,0.059571,,
train,40,990360,31294.0,0.061184,,
train,40,990460,31296.9,0.066622,,
train,40,990560,31299.7,0.065428,,
train,40,990660,31302.5,0.059380,,
train,40,990760,31305.4,0.061029,,
train,40,990860,31308.2,0.062657,,
train,40,990960,31311.1,0.067676,,
train,40,991060,31313.9,0.066240,,
train,40,991160,31316.8,0.061203,,
train,40,991260,31319.6,0.071485,,
train,40,991360,31322.5,0.065914,,
train,40,991460,31325.3,0.066139,,
train,40,991560,31328.1,0.065737,,
train,40,991660,31331.0,0.066785,,
train,40,991760,31333.8,0.064167,,
train,40,991860,31336.7,0.063087,,
train,40,991960,31339.5,0.062714,,
train,40,992060,31342.4,0.064621,,
train,40,992160,31345.2,0.063434,,
train,40,992260,31348.1,0.064540,,
train,40,992360,31350.9,0.065302,,
train,40,992460,31353.8,0.065639,,
train,40,992560,31356.6,0.066029,,
train,40,992660,31359.4,0.064573,,
train,40,992760,31362.3,0.063515,,
train,40,992860,31365.1,0.065011,,
train,40,992960,31368.0,0.062078,,
train,40,993060,31370.8,0.065092,,
train,40,993160,31373.7,0.064321,,
train,40,993260,31376.5,0.067860,,
train,40,993360,31379.3,0.063813,,
train,40,993460,31382.2,0.063717,,
train,40,993560,31385.0,0.070529,,
train,40,993660,31387.9,0.062275,,
train,40,993760,31390.7,0.064932,,
train,40,993860,31393.6,0.072215,,
train,40,993960,31396.4,0.063606,,
train,40,994060,31399.2,0.061869,,
train,40,994160,31402.1,0.061469,,
train,40,994260,31404.9,0.067712,,
train,40,994360,31407.8,0.064592,,
train,40,994460,31410.6,0.065319,,
train,40,994560,31413.5,0.062512,,
train,40,994660,31416.3,0.065035,,
train,40,994760,31419.2,0.063519,,
train,40,994860,31422.0,0.066534,,
train,40,994960,31424.8,0.068980,,
train,40,995060,31427.7,0.063360,,
train,40,995160,31430.5,0.064775,,
train,40,995260,31433.4,0.061208,,
train,40,995360,31436.2,0.064227,,
train,40,995460,31439.1,0.060915,,
train,40,995560,31441.9,0.065829,,
train,40,995660,31444.7,0.066484,,
train,40,995760,31447.6,0.066609,,
train,40,995860,31450.4,0.062725,,
train,40,995960,31453.3,0.066854,,
train,40,996060,31456.1,0.065659,,
train,40,996160,31459.0,0.067532,,
train,40,996260,31461.8,0.065230,,
train,40,996360,31464.7,0.067593,,
train,40,996460,31467.5,0.065307,,
train,40,996560,31470.4,0.070436,,
train,40,996660,31473.2,0.065031,,
train,40,996760,31476.0,0.060662,,
train,40,996860,31478.9,0.064315,,
train,40,996960,31481.7,0.065071,,
train,40,997060,31484.6,0.062838,,
train,40,997160,31487.4,0.065990,,
train,40,997260,31490.3,0.065702,,
train,40,997360,31493.1,0.065641,,
train,40,997460,31496.0,0.064842,,
train,40,997560,31498.8,0.063206,,
train,40,997660,31501.7,0.068181,,
train,40,997760,31504.5,0.064795,,
train,40,997860,31507.3,0.064626,,
train,40,997960,31510.2,0.060856,,
train,40,998060,31513.0,0.066832,,
train,40,998160,31515.9,0.061795,,
train,40,998260,31518.7,0.069670,,
train,40,998360,31521.6,0.064452,,
train,40,998460,31524.4,0.065474,,
train,40,998560,31527.3,0.063057,,
train,40,998660,31530.1,nan,,
train,40,998760,31533.0,0.060258,,
train,40,998860,31535.8,0.061061,,
train,40,998960,31538.7,0.064294,,
train,40,999060,31541.5,0.065319,,
train,40,999160,31544.3,0.067114,,
train,40,999260,31547.2,0.067805,,
train,40,999360,31550.0,0.067304,,
train,40,999460,31552.9,0.061718,,
train,40,999560,31555.7,0.063698,,
train,40,999660,31558.6,0.069703,,
train,40,999760,31561.4,0.066145,,
train,40,999860,31564.2,0.067869,,
train,40,999960,31567.1,0.066672,,
train,40,1000060,31569.9,0.066040,,
train,40,1000160,31572.8,0.061908,,
train,40,1000260,31575.6,0.068931,,
train,40,1000360,31578.5,0.064723,,
train,40,1000460,31581.3,0.063551,,
train,40,1000560,31584.2,0.065475,,
train,40,1000660,31587.0,0.058969,,
train,40,1000760,31589.8,0.065151,,
train,40,1000860,31592.7,0.067985,,
train,40,1000960,31595.5,0.064370,,
train,40,1001060,31598.4,0.067552,,
train,40,1001160,31601.2,0.067498,,
train,40,1001260,31604.1,0.062955,,
train,40,1001360,31606.9,0.063204,,
train,40,1001460,31609.8,0.063424,,
train,40,1001560,31612.6,0.060810,,
train,40,1001660,31615.4,0.062036,,
train,40,1001760,31618.3,0.066337,,
train,40,1001860,31621.1,0.065320,,
train,40,1001960,31624.0,0.066692,,
train,40,1002060,31626.8,0.063883,,
train,40,1002160,31629.7,0.063808,,
val,40,,31708.7,0.059060,0.004029,0.000034
train,41,1002304,31712.6,0.064902,,
train,41,1002404,31715.5,0.062576,,
train,41,1002504,31718.3,0.065584,,
train,41,1002604,31721.2,0.065745,,
train,41,1002704,31724.0,0.063907,,
train,41,1002804,31726.8,0.064919,,
train,41,1002904,31729.7,0.064636,,
train,41,1003004,31732.5,0.060633,,
train,41,1003104,31735.4,0.066468,,
train,41,1003204,31738.2,0.062460,,
train,41,1003304,31741.1,0.062603,,
train,41,1003404,31743.9,0.074768,,
train,41,1003504,31746.8,0.068320,,
train,41,1003604,31749.6,0.064123,,
train,41,1003704,31752.4,0.063460,,
train,41,1003804,31755.3,0.059576,,
train,41,1003904,31758.1,0.065580,,
train,41,1004004,31761.0,0.065938,,
train,41,1004104,31763.8,0.062960,,
train,41,1004204,31766.7,0.062707,,
train,41,1004304,31769.5,0.061418,,
train,41,1004404,31772.3,0.059920,,
train,41,1004504,31775.2,0.063800,,
train,41,1004604,31778.0,0.063305,,
train,41,1004704,31780.9,0.060824,,
train,41,1004804,31783.7,0.064721,,
train,41,1004904,31786.6,0.065676,,
train,41,1005004,31789.4,0.066110,,
train,41,1005104,31792.3,0.060434,,
train,41,1005204,31795.1,0.065062,,
train,41,1005304,31798.0,0.062534,,
train,41,1005404,31800.8,0.065786,,
train,41,1005504,31803.7,0.067069,,
train,41,1005604,31806.5,0.065578,,
train,41,1005704,31809.3,0.064821,,
train,41,1005804,31812.2,0.064953,,
train,41,1005904,31815.0,0.065587,,
train,41,1006004,31817.9,0.063655,,
train,41,1006104,31820.7,0.070332,,
train,41,1006204,31823.6,0.064779,,
train,41,1006304,31826.4,0.065293,,
train,41,1006404,31829.2,0.063807,,
train,41,1006504,31832.1,0.066563,,
train,41,1006604,31834.9,0.062795,,
train,41,1006704,31837.8,0.066482,,
train,41,1006804,31840.6,0.065279,,
train,41,1006904,31843.4,0.061282,,
train,41,1007004,31846.3,0.065980,,
train,41,1007104,31849.1,0.059742,,
train,41,1007204,31852.0,0.060273,,
train,41,1007304,31854.8,0.066666,,
train,41,1007404,31857.6,0.062210,,
train,41,1007504,31860.5,0.063129,,
train,41,1007604,31863.3,0.065083,,
train,41,1007704,31866.2,0.062851,,
train,41,1007804,31869.0,0.065117,,
train,41,1007904,31871.8,0.061547,,
train,41,1008004,31874.7,0.067488,,
train,41,1008104,31877.5,0.069876,,
train,41,1008204,31880.4,0.062406,,
train,41,1008304,31883.2,0.063890,,
train,41,1008404,31886.0,0.063813,,
train,41,1008504,31888.9,0.066788,,
train,41,1008604,31891.7,0.065129,,
train,41,1008704,31894.6,0.063634,,
train,41,1008804,31897.4,0.065208,,
train,41,1008904,31900.2,0.066956,,
train,41,1009004,31903.1,0.061623,,
train,41,1009104,31905.9,0.069468,,
train,41,1009204,31908.8,0.060691,,
train,41,1009304,31911.6,0.063663,,
train,41,1009404,31914.5,0.066148,,
train,41,1009504,31917.3,0.062282,,
train,41,1009604,31920.1,0.063730,,
train,41,1009704,31923.0,0.063713,,
train,41,1009804,31925.8,0.057734,,
train,41,1009904,31928.7,0.061281,,
train,41,1010004,31931.5,0.062944,,
train,41,1010104,31934.4,0.066054,,
train,41,1010204,31937.2,0.065429,,
train,41,1010304,31940.1,0.063348,,
train,41,1010404,31942.9,0.069419,,
train,41,1010504,31945.7,0.063358,,
train,41,1010604,31948.6,0.059982,,
train,41,1010704,31951.4,0.062856,,
train,41,1010804,31954.3,0.068861,,
train,41,1010904,31957.1,0.066358,,
train,41,1011004,31959.9,0.067362,,
train,41,1011104,31962.8,0.066165,,
train,41,1011204,31965.6,0.062207,,
train,41,1011304,31968.5,0.061893,,
train,41,1011404,31971.3,0.069349,,
train,41,1011504,31974.2,0.066755,,
train,41,1011604,31977.0,0.066158,,
train,41,1011704,31979.9,0.061425,,
train,41,1011804,31982.7,0.064751,,
train,41,1011904,31985.6,0.062682,,
train,41,1012004,31988.4,0.061996,,
train,41,1012104,31991.3,0.067755,,
train,41,1012204,31994.1,0.066937,,
train,41,1012304,31997.0,0.066862,,
train,41,1012404,31999.8,0.063337,,
train,41,1012504,32002.6,0.064748,,
train,41,1012604,32005.5,0.067372,,
train,41,1012704,32008.3,0.066484,,
train,41,1012804,32011.2,0.066101,,
train,41,1012904,32014.0,0.069221,,
train,41,1013004,32016.9,0.062323,,
train,41,1013104,32019.7,0.069307,,
train,41,1013204,32022.5,0.062459,,
train,41,1013304,32025.4,0.064998,,
train,41,1013404,32028.2,0.065343,,
train,41,1013504,32031.1,0.064397,,
train,41,1013604,32033.9,0.059125,,
train,41,1013704,32036.8,0.061087,,
train,41,1013804,32039.6,0.066440,,
train,41,1013904,32042.5,0.064461,,
train,41,1014004,32045.3,0.063894,,
train,41,1014104,32048.1,0.064101,,
train,41,1014204,32051.0,0.065219,,
train,41,1014304,32053.8,0.063710,,
train,41,1014404,32056.7,0.068625,,
train,41,1014504,32059.5,0.065312,,
train,41,1014604,32062.4,0.064776,,
train,41,1014704,32065.2,0.058779,,
train,41,1014804,32068.1,0.064995,,
train,41,1014904,32070.9,0.060720,,
train,41,1015004,32073.7,0.066091,,
train,41,1015104,32076.6,0.064911,,
train,41,1015204,32079.4,0.067036,,
train,41,1015304,32082.3,0.063110,,
train,41,1015404,32085.1,0.066106,,
train,41,1015504,32087.9,0.064183,,
train,41,1015604,32090.8,0.062389,,
train,41,1015704,32093.6,0.062616,,
train,41,1015804,32096.5,0.061817,,
train,41,1015904,32099.3,0.066597,,
train,41,1016004,32102.1,0.063096,,
train,41,1016104,32105.0,0.066763,,
train,41,1016204,32107.8,0.060772,,
train,41,1016304,32110.7,0.066699,,
train,41,1016404,32113.5,0.064127,,
train,41,1016504,32116.3,0.063986,,
train,41,1016604,32119.2,0.061481,,
train,41,1016704,32122.0,0.066127,,
train,41,1016804,32124.9,0.064355,,
train,41,1016904,32127.7,0.063235,,
train,41,1017004,32130.6,0.063675,,
train,41,1017104,32133.4,0.068016,,
train,41,1017204,32136.3,0.062265,,
train,41,1017304,32139.1,0.064443,,
train,41,1017404,32141.9,0.064009,,
train,41,1017504,32144.8,0.065989,,
train,41,1017604,32147.6,0.067014,,
train,41,1017704,32150.5,0.060254,,
train,41,1017804,32153.3,0.067466,,
train,41,1017904,32156.2,0.064552,,
train,41,1018004,32159.0,0.064304,,
train,41,1018104,32161.8,0.062604,,
train,41,1018204,32164.7,0.066139,,
train,41,1018304,32167.5,0.065484,,
train,41,1018404,32170.4,0.062216,,
train,41,1018504,32173.2,0.064028,,
train,41,1018604,32176.1,0.061686,,
train,41,1018704,32178.9,0.065655,,
train,41,1018804,32181.8,0.066116,,
train,41,1018904,32184.6,0.065989,,
train,41,1019004,32187.5,0.065866,,
train,41,1019104,32190.3,0.064810,,
train,41,1019204,32193.1,0.063758,,
train,41,1019304,32196.0,0.067905,,
train,41,1019404,32198.8,0.063734,,
train,41,1019504,32201.7,0.067034,,
train,41,1019604,32204.5,0.066554,,
train,41,1019704,32207.4,0.062347,,
train,41,1019804,32210.2,0.061255,,
train,41,1019904,32213.0,0.066360,,
train,41,1020004,32215.9,0.066793,,
train,41,1020104,32218.7,0.063128,,
train,41,1020204,32221.6,0.070053,,
train,41,1020304,32224.4,0.059776,,
train,41,1020404,32227.2,0.065587,,
train,41,1020504,32230.1,0.060470,,
train,41,1020604,32232.9,0.065666,,
train,41,1020704,32235.8,0.062570,,
train,41,1020804,32238.6,0.066943,,
train,41,1020904,32241.5,0.066969,,
train,41,1021004,32244.3,0.063915,,
train,41,1021104,32247.1,0.067035,,
train,41,1021204,32250.0,0.062057,,
train,41,1021304,32252.8,0.061172,,
train,41,1021404,32255.7,0.064634,,
train,41,1021504,32258.5,0.061069,,
train,41,1021604,32261.3,0.066081,,
train,41,1021704,32264.2,0.062726,,
train,41,1021804,32267.0,0.065532,,
train,41,1021904,32269.9,0.062327,,
train,41,1022004,32272.7,0.069933,,
train,41,1022104,32275.6,0.068576,,
train,41,1022204,32278.4,0.066472,,
train,41,1022304,32281.2,0.059563,,
train,41,1022404,32284.1,nan,,
train,41,1022504,32286.9,0.064122,,
train,41,1022604,32289.8,0.065749,,
train,41,1022704,32292.6,0.064563,,
train,41,1022804,32295.4,0.060697,,
train,41,1022904,32298.3,0.067311,,
train,41,1023004,32301.1,0.068914,,
train,41,1023104,32304.0,0.065015,,
train,41,1023204,32306.8,0.062623,,
train,41,1023304,32309.7,0.063039,,
train,41,1023404,32312.5,0.067802,,
train,41,1023504,32315.4,0.064451,,
train,41,1023604,32318.2,0.070154,,
train,41,1023704,32321.0,0.064982,,
train,41,1023804,32323.9,0.065135,,
train,41,1023904,32326.7,0.058242,,
train,41,1024004,32329.6,0.062011,,
train,41,1024104,32332.4,0.063735,,
train,41,1024204,32335.3,0.061987,,
train,41,1024304,32338.1,0.067100,,
train,41,1024404,32340.9,0.061174,,
train,41,1024504,32343.8,0.066691,,
train,41,1024604,32346.6,0.065820,,
train,41,1024704,32349.5,0.062586,,
train,41,1024804,32352.3,0.065333,,
train,41,1024904,32355.2,0.067253,,
train,41,1025004,32358.0,0.070825,,
train,41,1025104,32360.8,0.065744,,
train,41,1025204,32363.7,0.062472,,
train,41,1025304,32366.5,0.064863,,
train,41,1025404,32369.4,0.065487,,
train,41,1025504,32372.2,0.065890,,
train,41,1025604,32375.1,0.064708,,
train,41,1025704,32377.9,0.060358,,
train,41,1025804,32380.8,0.058394,,
train,41,1025904,32383.6,0.063296,,
train,41,1026004,32386.4,0.064579,,
train,41,1026104,32389.3,0.062047,,
train,41,1026204,32392.1,0.068948,,
train,41,1026304,32395.0,0.066909,,
train,41,1026404,32397.8,0.066137,,
train,41,1026504,32400.7,0.066340,,
train,41,1026604,32403.5,0.063267,,
val,41,,32482.6,0.059013,0.004024,0.000034
train,42,1026748,32486.7,0.069179,,
train,42,1026848,32489.5,0.065076,,
train,42,1026948,32492.4,0.071033,,
train,42,1027048,32495.2,0.062007,,
train,42,1027148,32498.0,0.064380,,
train,42,1027248,32500.9,0.061042,,
train,42,1027348,32503.7,0.065255,,
train,42,1027448,32506.6,0.064941,,
train,42,1027548,32509.4,0.068415,,
train,42,1027648,32512.3,0.067370,,
train,42,1027748,32515.1,0.061055,,
train,42,1027848,32517.9,0.062705,,
train,42,1027948,32520.8,0.058569,,
train,42,1028048,32523.6,0.063105,,
train,42,1028148,32526.5,0.060269,,
train,42,1028248,32529.3,0.065599,,
train,42,1028348,32532.2,0.062040,,
train,42,1028448,32535.0,0.064118,,
train,42,1028548,32537.9,0.064102,,
train,42,1028648,32540.7,0.062468,,
train,42,1028748,32543.5,0.059746,,
train,42,1028848,32546.4,0.061786,,
train,42,1028948,32549.2,0.063442,,
train,42,1029048,32552.1,0.068826,,
train,42,1029148,32554.9,0.067656,,
train,42,1029248,32557.7,0.064440,,
train,42,1029348,32560.6,0.065969,,
train,42,1029448,32563.4,0.064471,,
train,42,1029548,32566.3,0.062519,,
train,42,1029648,32569.1,0.065162,,
train,42,1029748,32572.0,0.063937,,
train,42,1029848,32574.8,0.065992,,
train,42,1029948,32577.7,0.063767,,
train,42,1030048,32580.5,0.066598,,
train,42,1030148,32583.4,0.067006,,
train,42,1030248,32586.2,0.069199,,
train,42,1030348,32589.1,0.061646,,
train,42,1030448,32591.9,0.062464,,
train,42,1030548,32594.8,0.064757,,
train,42,1030648,32597.6,0.060640,,
train,42,1030748,32600.5,0.067482,,
train,42,1030848,32603.3,0.066053,,
train,42,1030948,32606.1,0.062701,,
train,42,1031048,32609.0,0.063135,,
train,42,1031148,32611.8,0.064376,,
train,42,1031248,32614.7,0.062373,,
train,42,1031348,32617.5,0.067834,,
train,42,1031448,32620.4,0.068432,,
train,42,1031548,32623.2,0.069338,,
train,42,1031648,32626.1,0.071174,,
train,42,1031748,32628.9,0.061461,,
train,42,1031848,32631.7,0.064883,,
train,42,1031948,32634.6,0.064736,,
train,42,1032048,32637.4,0.062431,,
train,42,1032148,32640.3,0.066128,,
train,42,1032248,32643.1,0.063235,,
train,42,1032348,32646.0,0.060855,,
train,42,1032448,32648.8,0.062180,,
train,42,1032548,32651.6,0.065993,,
train,42,1032648,32654.5,0.062587,,
train,42,1032748,32657.3,0.065143,,
train,42,1032848,32660.2,0.060044,,
train,42,1032948,32663.0,0.060715,,
train,42,1033048,32665.8,0.064231,,
train,42,1033148,32668.7,0.062721,,
train,42,1033248,32671.5,0.064741,,
train,42,1033348,32674.4,0.065145,,
train,42,1033448,32677.2,0.065299,,
train,42,1033548,32680.0,0.062139,,
train,42,1033648,32682.9,0.071864,,
train,42,1033748,32685.7,0.067099,,
train,42,1033848,32688.6,0.066465,,
train,42,1033948,32691.4,0.066617,,
train,42,1034048,32694.3,0.064282,,
train,42,1034148,32697.1,0.065480,,
train,42,1034248,32699.9,0.062986,,
train,42,1034348,32702.8,0.066906,,
train,42,1034448,32705.6,0.065421,,
train,42,1034548,32708.5,0.065198,,
train,42,1034648,32711.3,0.068731,,
train,42,1034748,32714.1,0.067634,,
train,42,1034848,32717.0,0.066683,,
train,42,1034948,32719.8,0.059153,,
train,42,1035048,32722.7,0.064574,,
train,42,1035148,32725.5,0.060496,,
train,42,1035248,32728.4,0.063522,,
train,42,1035348,32731.2,0.063504,,
train,42,1035448,32734.0,0.064334,,
train,42,1035548,32736.9,0.066364,,
train,42,1035648,32739.7,0.071473,,
train,42,1035748,32742.6,0.062878,,
train,42,1035848,32745.4,0.062978,,
train,42,1035948,32748.3,0.061209,,
train,42,1036048,32751.1,0.060635,,
train,42,1036148,32753.9,0.063137,,
train,42,1036248,32756.8,0.060799,,
train,42,1036348,32759.6,0.067133,,
train,42,1036448,32762.5,0.067203,,
train,42,1036548,32765.3,0.062948,,
train,42,1036648,32768.2,0.062078,,
train,42,1036748,32771.0,0.064392,,
train,42,1036848,32773.9,0.067976,,
train,42,1036948,32776.7,0.064761,,
train,42,1037048,32779.6,0.060439,,
train,42,1037148,32782.4,0.062562,,
train,42,1037248,32785.2,0.063977,,
train,42,1037348,32788.1,0.065574,,
train,42,1037448,32790.9,0.067514,,
train,42,1037548,32793.8,0.063343,,
train,42,1037648,32796.6,0.062748,,
train,42,1037748,32799.5,0.063985,,
train,42,1037848,32802.3,0.061912,,
train,42,1037948,32805.2,0.068525,,
train,42,1038048,32808.0,0.064032,,
train,42,1038148,32810.8,0.064780,,
train,42,1038248,32813.7,0.063276,,
train,42,1038348,32816.5,0.062787,,
train,42,1038448,32819.4,0.067956,,
train,42,1038548,32822.2,0.064118,,
train,42,1038648,32825.1,0.063987,,
train,42,1038748,32827.9,0.064062,,
train,42,1038848,32830.7,0.066441,,
train,42,1038948,32833.6,0.065251,,
train,42,1039048,32836.4,0.065740,,
train,42,1039148,32839.3,0.065092,,
train,42,1039248,32842.1,0.060244,,
train,42,1039348,32844.9,0.068113,,
train,42,1039448,32847.8,0.067186,,
train,42,1039548,32850.6,0.059198,,
train,42,1039648,32853.5,0.068001,,
train,42,1039748,32856.3,0.068833,,
train,42,1039848,32859.2,0.066628,,
train,42,1039948,32862.0,0.063529,,
train,42,1040048,32864.8,0.061727,,
train,42,1040148,32867.7,0.062343,,
train,42,1040248,32870.5,0.065490,,
train,42,1040348,32873.4,0.058552,,
train,42,1040448,32876.2,0.068009,,
train,42,1040548,32879.1,0.063994,,
train,42,1040648,32881.9,0.063473,,
train,42,1040748,32884.7,0.067828,,
train,42,1040848,32887.6,0.062943,,
train,42,1040948,32890.4,nan,,
train,42,1041048,32893.3,0.060773,,
train,42,1041148,32896.1,0.069768,,
train,42,1041248,32898.9,0.060420,,
train,42,1041348,32901.8,0.065456,,
train,42,1041448,32904.6,0.061603,,
train,42,1041548,32907.5,0.065765,,
train,42,1041648,32910.3,0.064276,,
train,42,1041748,32913.2,0.063575,,
train,42,1041848,32916.0,0.060816,,
train,42,1041948,32918.8,0.064182,,
train,42,1042048,32921.7,0.064996,,
train,42,1042148,32924.5,0.064674,,
train,42,1042248,32927.4,0.062811,,
train,42,1042348,32930.2,0.062160,,
train,42,1042448,32933.0,0.064829,,
train,42,1042548,32935.9,0.063043,,
train,42,1042648,32938.7,0.062424,,
train,42,1042748,32941.6,0.061331,,
train,42,1042848,32944.4,0.066747,,
train,42,1042948,32947.3,0.066738,,
train,42,1043048,32950.1,0.065276,,
train,42,1043148,32952.9,0.064181,,
train,42,1043248,32955.8,0.061925,,
train,42,1043348,32958.6,0.066243,,
train,42,1043448,32961.5,0.069751,,
train,42,1043548,32964.3,0.062658,,
train,42,1043648,32967.2,0.068526,,
train,42,1043748,32970.0,0.067148,,
train,42,1043848,32972.9,0.066206,,
train,42,1043948,32975.7,0.062271,,
train,42,1044048,32978.5,0.062798,,
train,42,1044148,32981.4,0.064199,,
train,42,1044248,32984.2,0.063184,,
train,42,1044348,32987.1,0.064875,,
train,42,1044448,32989.9,0.068752,,
train,42,1044548,32992.8,0.064399,,
train,42,1044648,32995.6,0.062769,,
train,42,1044748,32998.4,0.062617,,
train,42,1044848,33001.3,0.065612,,
train,42,1044948,33004.1,0.066883,,
train,42,1045048,33007.0,0.063002,,
train,42,1045148,33009.8,0.063309,,
train,42,1045248,33012.7,0.069027,,
train,42,1045348,33015.5,0.062932,,
train,42,1045448,33018.3,0.065618,,
train,42,1045548,33021.2,0.061442,,
train,42,1045648,33024.0,0.058142,,
train,42,1045748,33026.9,0.058498,,
train,42,1045848,33029.7,0.061772,,
train,42,1045948,33032.5,0.065731,,
train,42,1046048,33035.4,0.061804,,
train,42,1046148,33038.2,0.068284,,
train,42,1046248,33041.1,0.066911,,
train,42,1046348,33043.9,0.062419,,
train,42,1046448,33046.8,0.067006,,
train,42,1046548,33049.6,0.064898,,
train,42,1046648,33052.4,0.061559,,
train,42,1046748,33055.3,0.064618,,
train,42,1046848,33058.1,0.068600,,
train,42,1046948,33061.0,0.062693,,
train,42,1047048,33063.8,0.065877,,
train,42,1047148,33066.6,0.063606,,
train,42,1047248,33069.5,0.068394,,
train,42,1047348,33072.3,0.062589,,
train,42,1047448,33075.2,0.061565,,
train,42,1047548,33078.0,0.062990,,
train,42,1047648,33080.8,0.064746,,
train,42,1047748,33083.7,0.064070,,
train,42,1047848,33086.5,0.063316,,
train,42,1047948,33089.4,0.066360,,
train,42,1048048,33092.2,0.068640,,
train,42,1048148,33095.0,0.061316,,
train,42,1048248,33097.9,0.065025,,
train,42,1048348,33100.7,0.068687,,
train,42,1048448,33103.6,0.058175,,
train,42,1048548,33106.4,0.064454,,
train,42,1048648,33109.3,0.064042,,
train,42,1048748,33112.1,0.064641,,
train,42,1048848,33114.9,0.069015,,
train,42,1048948,33117.8,0.062166,,
train,42,1049048,33120.6,0.062201,,
train,42,1049148,33123.5,0.064269,,
train,42,1049248,33126.3,0.065801,,
train,42,1049348,33129.2,0.065003,,
train,42,1049448,33132.0,0.061903,,
train,42,1049548,33134.9,0.070480,,
train,42,1049648,33137.7,0.064649,,
train,42,1049748,33140.5,0.064709,,
train,42,1049848,33143.4,0.067844,,
train,42,1049948,33146.2,0.064458,,
train,42,1050048,33149.1,0.064613,,
train,42,1050148,33151.9,0.059598,,
train,42,1050248,33154.8,0.062550,,
train,42,1050348,33157.6,0.065580,,
train,42,1050448,33160.4,0.061386,,
train,42,1050548,33163.3,0.065761,,
train,42,1050648,33166.1,0.063901,,
train,42,1050748,33169.0,0.063602,,
train,42,1050848,33171.8,0.067894,,
train,42,1050948,33174.7,0.062596,,
train,42,1051048,33177.5,0.063961,,
val,42,,33256.5,0.058698,0.004018,0.000034
train,43,1051192,33260.5,0.066477,,
train,43,1051292,33263.4,0.060263,,
train,43,1051392,33266.2,0.065641,,
train,43,1051492,33269.1,0.064723,,
train,43,1051592,33271.9,0.061503,,
train,43,1051692,33274.7,0.062232,,
train,43,1051792,33277.6,0.065988,,
train,43,1051892,33280.4,0.065871,,
train,43,1051992,33283.2,0.062404,,
train,43,1052092,33286.1,0.064841,,
train,43,1052192,33288.9,0.063579,,
train,43,1052292,33291.8,0.070991,,
train,43,1052392,33294.6,0.064254,,
train,43,1052492,33297.4,0.068047,,
train,43,1052592,33300.3,0.068750,,
train,43,1052692,33303.1,0.063977,,
train,43,1052792,33305.9,0.063031,,
train,43,1052892,33308.8,0.063574,,
train,43,1052992,33311.6,0.061077,,
train,43,1053092,33314.5,0.063613,,
train,43,1053192,33317.3,0.062308,,
train,43,1053292,33320.1,0.061602,,
train,43,1053392,33323.0,0.061521,,
train,43,1053492,33325.8,0.062696,,
train,43,1053592,33328.7,0.059562,,
train,43,1053692,33331.5,0.061755,,
train,43,1053792,33334.3,0.068622,,
train,43,1053892,33337.2,0.063616,,
train,43,1053992,33340.0,0.066370,,
train,43,1054092,33342.9,0.066564,,
train,43,1054192,33345.7,0.066816,,
train,43,1054292,33348.5,0.063304,,
train,43,1054392,33351.4,0.065736,,
train,43,1054492,33354.2,0.068093,,
train,43,1054592,33357.1,0.064534,,
train,43,1054692,33359.9,0.065861,,
train,43,1054792,33362.7,0.062555,,
train,43,1054892,33365.6,0.064093,,
train,43,1054992,33368.4,0.066480,,
train,43,1055092,33371.3,0.066412,,
train,43,1055192,33374.1,0.063196,,
train,43,1055292,33377.0,0.061695,,
train,43,1055392,33379.8,0.064539,,
train,43,1055492,33382.6,0.063807,,
train,43,1055592,33385.5,0.063338,,
train,43,1055692,33388.3,0.061971,,
train,43,1055792,33391.2,0.060294,,
train,43,1055892,33394.0,0.063179,,
train,43,1055992,33396.9,0.062545,,
train,43,1056092,33399.7,0.063417,,
train,43,1056192,33402.5,0.065286,,
train,43,1056292,33405.4,0.070625,,
train,43,1056392,33408.2,0.067830,,
train,43,1056492,33411.1,0.063962,,
train,43,1056592,33413.9,0.061240,,
train,43,1056692,33416.7,0.065598,,
train,43,1056792,33419.6,0.063164,,
train,43,1056892,33422.4,0.062937,,
train,43,1056992,33425.2,0.060602,,
train,43,1057092,33428.1,0.063707,,
train,43,1057192,33430.9,0.067817,,
train,43,1057292,33433.8,0.062820,,
train,43,1057392,33436.6,0.066727,,
train,43,1057492,33439.4,0.066471,,
train,43,1057592,33442.3,0.068965,,
train,43,1057692,33445.1,0.057592,,
train,43,1057792,33447.9,0.064485,,
train,43,1057892,33450.8,0.061566,,
train,43,1057992,33453.6,0.068984,,
train,43,1058092,33456.5,0.063955,,
train,43,1058192,33459.3,0.067126,,
train,43,1058292,33462.1,0.061933,,
train,43,1058392,33465.0,0.062850,,
train,43,1058492,33467.8,0.064849,,
train,43,1058592,33470.7,0.064395,,
train,43,1058692,33473.5,0.062518,,
train,43,1058792,33476.3,0.064692,,
train,43,1058892,33479.2,0.063305,,
train,43,1058992,33482.0,0.064288,,
train,43,1059092,33484.8,0.066149,,
train,43,1059192,33487.7,0.061651,,
train,43,1059292,33490.5,0.061665,,
train,43,1059392,33493.3,0.061585,,
train,43,1059492,33496.2,0.065191,,
train,43,1059592,33499.0,0.063428,,
train,43,1059692,33501.9,0.064461,,
train,43,1059792,33504.7,0.064141,,
train,43,1059892,33507.5,0.067456,,
train,43,1059992,33510.4,0.065747,,
train,43,1060092,33513.2,0.063039,,
train,43,1060192,33516.0,0.063502,,
train,43,1060292,33518.9,0.069012,,
train,43,1060392,33521.7,0.068030,,
train,43,1060492,33524.6,0.062503,,
train,43,1060592,33527.4,0.062112,,
train,43,1060692,33530.2,0.066699,,
train,43,1060792,33533.1,0.066211,,
train,43,1060892,33535.9,0.060664,,
train,43,1060992,33538.8,0.065083,,
train,43,1061092,33541.6,0.066403,,
train,43,1061192,33544.4,0.062152,,
train,43,1061292,33547.3,0.064385,,
train,43,1061392,33550.1,0.070867,,
train,43,1061492,33553.0,0.068028,,
train,43,1061592,33555.8,0.061669,,
train,43,1061692,33558.6,0.062063,,
train,43,1061792,33561.5,0.068399,,
train,43,1061892,33564.3,0.067335,,
train,43,1061992,33567.2,0.062894,,
train,43,1062092,33570.0,0.067712,,
train,43,1062192,33572.8,0.066358,,
train,43,1062292,33575.7,0.064772,,
train,43,1062392,33578.5,0.066759,,
train,43,1062492,33581.4,0.064823,,
train,43,1062592,33584.2,0.067430,,
train,43,1062692,33587.1,0.063850,,
train,43,1062792,33589.9,0.064171,,
train,43,1062892,33592.7,0.065248,,
train,43,1062992,33595.6,0.061592,,
train,43,1063092,33598.4,0.062485,,
train,43,1063192,33601.3,nan,,
train,43,1063292,33604.1,0.066073,,
train,43,1063392,33607.0,0.064426,,
train,43,1063492,33609.8,0.061251,,
train,43,1063592,33612.6,0.062350,,
train,43,1063692,33615.5,0.063287,,
train,43,1063792,33618.3,0.067217,,
train,43,1063892,33621.2,0.067801,,
train,43,1063992,33624.0,0.062865,,
train,43,1064092,33626.8,0.059785,,
train,43,1064192,33629.7,0.064002,,
train,43,1064292,33632.5,0.064768,,
train,43,1064392,33635.3,0.062624,,
train,43,1064492,33638.2,0.062787,,
train,43,1064592,33641.0,0.067327,,
train,43,1064692,33643.9,0.063864,,
train,43,1064792,33646.7,0.066370,,
train,43,1064892,33649.5,0.064660,,
train,43,1064992,33652.4,0.059733,,
train,43,1065092,33655.2,0.067904,,
train,43,1065192,33658.1,0.069136,,
train,43,1065292,33660.9,0.063788,,
train,43,1065392,33663.7,0.063103,,
train,43,1065492,33666.6,0.063346,,
train,43,1065592,33669.4,0.064439,,
train,43,1065692,33672.2,0.064633,,
train,43,1065792,33675.1,0.065823,,
train,43,1065892,33677.9,0.072189,,
train,43,1065992,33680.8,0.064307,,
train,43,1066092,33683.6,0.062559,,
train,43,1066192,33686.4,0.065549,,
train,43,1066292,33689.3,0.061686,,
train,43,1066392,33692.1,0.065386,,
train,43,1066492,33694.9,0.065438,,
train,43,1066592,33697.8,0.068203,,
train,43,1066692,33700.6,0.062065,,
train,43,1066792,33703.5,0.061961,,
train,43,1066892,33706.3,0.068264,,
train,43,1066992,33709.1,0.064719,,
train,43,1067092,33712.0,0.063624,,
train,43,1067192,33714.8,0.066370,,
train,43,1067292,33717.7,0.065581,,
train,43,1067392,33720.5,0.058097,,
train,43,1067492,33723.3,0.069545,,
train,43,1067592,33726.2,0.066824,,
train,43,1067692,33729.0,0.067216,,
train,43,1067792,33731.9,0.066928,,
train,43,1067892,33734.7,0.064142,,
train,43,1067992,33737.5,0.063293,,
train,43,1068092,33740.4,0.059393,,
train,43,1068192,33743.2,0.066052,,
train,43,1068292,33746.1,0.066718,,
train,43,1068392,33748.9,0.061994,,
train,43,1068492,33751.7,0.067592,,
train,43,1068592,33754.6,0.070409,,
train,43,1068692,33757.4,0.064069,,
train,43,1068792,33760.3,0.060393,,
train,43,1068892,33763.1,0.065445,,
train,43,1068992,33765.9,0.062219,,
train,43,1069092,33768.8,0.065352,,
train,43,1069192,33771.6,0.063890,,
train,43,1069292,33774.5,0.066920,,
train,43,1069392,33777.3,0.063180,,
train,43,1069492,33780.1,0.068774,,
train,43,1069592,33783.0,0.062286,,
train,43,1069692,33785.8,0.058030,,
train,43,1069792,33788.7,0.067289,,
train,43,1069892,33791.5,0.067114,,
train,43,1069992,33794.3,0.065060,,
train,43,1070092,33797.2,0.067518,,
train,43,1070192,33800.0,0.061165,,
train,43,1070292,33802.9,0.060579,,
train,43,1070392,33805.7,0.062484,,
train,43,1070492,33808.5,0.064889,,
train,43,1070592,33811.4,0.068234,,
train,43,1070692,33814.2,0.070375,,
train,43,1070792,33817.1,0.067746,,
train,43,1070892,33819.9,0.068436,,
train,43,1070992,33822.7,0.069732,,
train,43,1071092,33825.6,0.061624,,
train,43,1071192,33828.4,0.060089,,
train,43,1071292,33831.2,0.064748,,
train,43,1071392,33834.1,0.063614,,
train,43,1071492,33836.9,0.065834,,
train,43,1071592,33839.8,0.063059,,
train,43,1071692,33842.6,0.063662,,
train,43,1071792,33845.4,0.064249,,
train,43,1071892,33848.3,0.062511,,
train,43,1071992,33851.1,0.061549,,
train,43,1072092,33853.9,0.063990,,
train,43,1072192,33856.8,0.061340,,
train,43,1072292,33859.6,0.065185,,
train,43,1072392,33862.4,0.062806,,
train,43,1072492,33865.3,0.066715,,
train,43,1072592,33868.1,0.067103,,
train,43,1072692,33871.0,0.064798,,
train,43,1072792,33873.8,0.058535,,
train,43,1072892,33876.6,0.061694,,
train,43,1072992,33879.5,0.065483,,
train,43,1073092,33882.3,0.061929,,
train,43,1073192,33885.1,0.063736,,
train,43,1073292,33888.0,0.064958,,
train,43,1073392,33890.8,0.063564,,
train,43,1073492,33893.7,0.059518,,
train,43,1073592,33896.5,0.063654,,
train,43,1073692,33899.3,0.062574,,
train,43,1073792,33902.2,0.061852,,
train,43,1073892,33905.0,0.061974,,
train,43,1073992,33907.9,0.068567,,
train,43,1074092,33910.7,0.068766,,
train,43,1074192,33913.5,0.063740,,
train,43,1074292,33916.4,0.059467,,
train,43,1074392,33919.2,0.069587,,
train,43,1074492,33922.1,0.066636,,
train,43,1074592,33924.9,0.061582,,
train,43,1074692,33927.7,0.063118,,
train,43,1074792,33930.6,0.062365,,
train,43,1074892,33933.4,0.066536,,
train,43,1074992,33936.3,0.062701,,
train,43,1075092,33939.1,0.063617,,
train,43,1075192,33941.9,0.063836,,
train,43,1075292,33944.8,0.063827,,
train,43,1075392,33947.6,0.063301,,
train,43,1075492,33950.5,0.067806,,
val,43,,34029.3,0.058828,0.004014,0.000034
train,44,1075636,34032.9,0.059691,,
train,44,1075736,34035.8,0.062015,,
train,44,1075836,34038.6,0.061347,,
train,44,1075936,34041.4,0.063015,,
train,44,1076036,34044.3,0.060011,,
train,44,1076136,34047.1,0.066064,,
train,44,1076236,34050.0,0.064918,,
train,44,1076336,34052.8,0.064534,,
train,44,1076436,34055.7,0.064937,,
train,44,1076536,34058.5,0.065128,,
train,44,1076636,34061.3,0.064341,,
train,44,1076736,34064.2,0.065877,,
train,44,1076836,34067.0,0.066115,,
train,44,1076936,34069.9,0.066111,,
train,44,1077036,34072.7,0.066144,,
train,44,1077136,34075.5,0.067906,,
train,44,1077236,34078.4,0.065391,,
train,44,1077336,34081.2,0.065047,,
train,44,1077436,34084.0,0.064702,,
train,44,1077536,34086.9,0.062374,,
train,44,1077636,34089.7,0.063336,,
train,44,1077736,34092.5,0.062924,,
train,44,1077836,34095.4,0.062380,,
train,44,1077936,34098.2,0.058955,,
train,44,1078036,34101.1,0.064752,,
train,44,1078136,34103.9,0.060480,,
train,44,1078236,34106.8,0.063166,,
train,44,1078336,34109.6,0.062500,,
train,44,1078436,34112.4,0.059551,,
train,44,1078536,34115.3,0.065627,,
train,44,1078636,34118.1,0.063138,,
train,44,1078736,34121.0,0.067548,,
train,44,1078836,34123.8,0.063264,,
train,44,1078936,34126.6,0.061262,,
train,44,1079036,34129.5,0.061592,,
train,44,1079136,34132.3,0.061366,,
train,44,1079236,34135.2,0.060314,,
train,44,1079336,34138.0,0.063156,,
train,44,1079436,34140.9,0.063922,,
train,44,1079536,34143.7,0.063476,,
train,44,1079636,34146.5,0.060640,,
train,44,1079736,34149.4,0.062680,,
train,44,1079836,34152.2,0.063319,,
train,44,1079936,34155.1,0.066124,,
train,44,1080036,34157.9,0.065554,,
train,44,1080136,34160.8,0.067582,,
train,44,1080236,34163.6,0.061212,,
train,44,1080336,34166.4,0.064337,,
train,44,1080436,34169.3,0.067377,,
train,44,1080536,34172.1,0.067878,,
train,44,1080636,34175.0,0.059930,,
train,44,1080736,34177.8,0.064974,,
train,44,1080836,34180.7,0.060277,,
train,44,1080936,34183.5,0.069714,,
train,44,1081036,34186.4,0.064807,,
train,44,1081136,34189.2,0.063387,,
train,44,1081236,34192.1,0.065440,,
train,44,1081336,34194.9,0.068249,,
train,44,1081436,34197.7,0.065707,,
train,44,1081536,34200.6,0.063440,,
train,44,1081636,34203.4,0.061582,,
train,44,1081736,34206.3,0.065450,,
train,44,1081836,34209.1,0.062146,,
train,44,1081936,34212.0,0.063437,,
train,44,1082036,34214.8,0.062696,,
train,44,1082136,34217.7,0.067265,,
train,44,1082236,34220.5,0.063421,,
train,44,1082336,34223.3,0.066050,,
train,44,1082436,34226.2,0.065846,,
train,44,1082536,34229.0,0.060731,,
train,44,1082636,34231.9,0.064819,,
train,44,1082736,34234.7,0.066199,,
train,44,1082836,34237.5,0.059394,,
train,44,1082936,34240.4,0.061774,,
train,44,1083036,34243.2,0.062419,,
train,44,1083136,34246.1,0.062147,,
train,44,1083236,34248.9,0.062450,,
train,44,1083336,34251.7,0.067192,,
train,44,1083436,34254.6,0.069268,,
train,44,1083536,34257.4,0.065823,,
train,44,1083636,34260.3,0.060237,,
train,44,1083736,34263.1,0.066258,,
train,44,1083836,34265.9,0.068508,,
train,44,1083936,34268.8,0.066483,,
train,44,1084036,34271.6,0.062522,,
train,44,1084136,34274.5,0.068690,,
train,44,1084236,34277.3,0.064290,,
train,44,1084336,34280.1,0.064389,,
train,44,1084436,34283.0,0.064012,,
train,44,1084536,34285.8,0.067888,,
train,44,1084636,34288.7,0.070569,,
train,44,1084736,34291.5,0.063293,,
train,44,1084836,34294.3,0.067870,,
train,44,1084936,34297.2,0.067455,,
train,44,1085036,34300.0,0.060971,,
train,44,1085136,34302.9,0.068479,,
train,44,1085236,34305.7,0.063575,,
train,44,1085336,34308.5,0.056444,,
train,44,1085436,34311.4,0.063661,,
train,44,1085536,34314.2,0.063780,,
train,44,1085636,34317.1,0.066535,,
train,44,1085736,34319.9,0.065262,,
train,44,1085836,34322.7,0.058792,,
train,44,1085936,34325.6,0.061721,,
train,44,1086036,34328.4,0.066415,,
train,44,1086136,34331.3,0.064978,,
train,44,1086236,34334.1,0.072000,,
train,44,1086336,34337.0,0.063175,,
train,44,1086436,34339.8,0.064579,,
train,44,1086536,34342.6,0.063478,,
train,44,1086636,34345.5,0.066112,,
train,44,1086736,34348.3,0.064705,,
train,44,1086836,34351.2,0.063410,,
train,44,1086936,34354.0,0.063401,,
train,44,1087036,34356.8,0.065615,,
train,44,1087136,34359.7,0.061896,,
train,44,1087236,34362.5,0.066092,,
train,44,1087336,34365.4,0.065732,,
train,44,1087436,34368.2,0.066485,,
train,44,1087536,34371.1,0.067911,,
train,44,1087636,34373.9,0.060553,,
train,44,1087736,34376.7,0.067769,,
train,44,1087836,34379.6,0.066217,,
train,44,1087936,34382.4,0.065427,,
train,44,1088036,34385.3,0.063432,,
train,44,1088136,34388.1,0.064516,,
train,44,1088236,34391.0,0.061074,,
train,44,1088336,34393.8,0.064058,,
train,44,1088436,34396.7,0.061486,,
train,44,1088536,34399.5,0.064188,,
train,44,1088636,34402.3,0.064139,,
train,44,1088736,34405.2,0.065511,,
train,44,1088836,34408.0,0.066059,,
train,44,1088936,34410.9,0.064588,,
train,44,1089036,34413.7,0.066810,,
train,44,1089136,34416.5,0.066186,,
train,44,1089236,34419.4,0.062813,,
train,44,1089336,34422.2,0.062720,,
train,44,1089436,34425.1,0.060855,,
train,44,1089536,34427.9,0.065209,,
train,44,1089636,34430.7,0.063528,,
train,44,1089736,34433.6,0.067175,,
train,44,1089836,34436.4,0.064567,,
train,44,1089936,34439.3,0.063450,,
train,44,1090036,34442.1,0.065876,,
train,44,1090136,34444.9,0.066975,,
train,44,1090236,34447.8,0.063646,,
train,44,1090336,34450.6,0.061702,,
train,44,1090436,34453.5,0.062225,,
train,44,1090536,34456.3,0.066993,,
train,44,1090636,34459.1,0.062119,,
train,44,1090736,34462.0,0.064053,,
train,44,1090836,34464.8,0.060544,,
train,44,1090936,34467.7,0.067342,,
train,44,1091036,34470.5,0.061425,,
train,44,1091136,34473.3,0.060135,,
train,44,1091236,34476.2,0.059614,,
train,44,1091336,34479.0,0.059113,,
train,44,1091436,34481.9,0.062998,,
train,44,1091536,34484.7,0.062591,,
train,44,1091636,34487.5,0.061911,,
train,44,1091736,34490.4,0.065162,,
train,44,1091836,34493.2,0.063410,,
train,44,1091936,34496.1,0.061029,,
train,44,1092036,34498.9,0.063637,,
train,44,1092136,34501.7,0.068275,,
train,44,1092236,34504.6,0.060248,,
train,44,1092336,34507.4,0.066941,,
train,44,1092436,34510.3,0.069158,,
train,44,1092536,34513.1,0.067436,,
train,44,1092636,34516.0,0.064105,,
train,44,1092736,34518.8,0.064223,,
train,44,1092836,34521.6,0.060495,,
train,44,1092936,34524.5,0.060589,,
train,44,1093036,34527.3,0.062924,,
train,44,1093136,34530.2,0.062852,,
train,44,1093236,34533.0,0.061959,,
train,44,1093336,34535.8,0.062233,,
train,44,1093436,34538.7,0.063401,,
train,44,1093536,34541.5,0.060782,,
train,44,1093636,34544.4,0.064720,,
train,44,1093736,34547.2,0.062793,,
train,44,1093836,34550.0,0.061804,,
train,44,1093936,34552.9,0.064325,,
train,44,1094036,34555.7,0.065648,,
train,44,1094136,34558.6,0.066012,,
train,44,1094236,34561.4,0.066292,,
train,44,1094336,34564.2,0.063368,,
train,44,1094436,34567.1,0.062236,,
train,44,1094536,34569.9,0.064615,,
train,44,1094636,34572.8,0.066894,,
train,44,1094736,34575.6,0.064978,,
train,44,1094836,34578.4,0.061829,,
train,44,1094936,34581.3,0.060553,,
train,44,1095036,34584.1,0.067721,,
train,44,1095136,34587.0,0.061093,,
train,44,1095236,34589.8,0.063652,,
train,44,1095336,34592.7,nan,,
train,44,1095436,34595.5,0.063982,,
train,44,1095536,34598.3,0.068613,,
train,44,1095636,34601.2,0.066553,,
train,44,1095736,34604.0,0.058981,,
train,44,1095836,34606.9,0.062302,,
train,44,1095936,34609.7,0.062427,,
train,44,1096036,34612.5,0.064524,,
train,44,1096136,34615.4,0.064728,,
train,44,1096236,34618.2,0.064870,,
train,44,1096336,34621.1,0.064547,,
train,44,1096436,34623.9,0.061914,,
train,44,1096536,34626.7,0.062318,,
train,44,1096636,34629.6,0.063665,,
train,44,1096736,34632.4,0.062107,,
train,44,1096836,34635.3,0.067038,,
train,44,1096936,34638.1,0.064591,,
train,44,1097036,34640.9,0.062901,,
train,44,1097136,34643.8,0.068985,,
train,44,1097236,34646.6,0.066010,,
train,44,1097336,34649.5,0.064701,,
train,44,1097436,34652.3,0.068882,,
train,44,1097536,34655.1,0.061273,,
train,44,1097636,34658.0,0.062891,,
train,44,1097736,34660.8,0.067476,,
train,44,1097836,34663.7,0.060783,,
train,44,1097936,34666.5,0.063458,,
train,44,1098036,34669.3,0.063700,,
train,44,1098136,34672.2,0.064055,,
train,44,1098236,34675.0,0.065616,,
train,44,1098336,34677.9,0.062441,,
train,44,1098436,34680.7,0.062642,,
train,44,1098536,34683.5,0.069741,,
train,44,1098636,34686.4,0.064988,,
train,44,1098736,34689.2,0.063255,,
train,44,1098836,34692.1,0.060778,,
train,44,1098936,34694.9,0.064989,,
train,44,1099036,34697.7,0.063268,,
train,44,1099136,34700.6,0.064013,,
train,44,1099236,34703.4,0.062251,,
train,44,1099336,34706.3,0.062374,,
train,44,1099436,34709.1,0.070504,,
train,44,1099536,34712.0,0.058595,,
train,44,1099636,34714.8,0.062418,,
train,44,1099736,34717.6,0.064156,,
train,44,1099836,34720.5,0.062226,,
train,44,1099936,34723.3,0.063362,,
val,44,,34802.2,0.058707,0.004008,0.000034
train,45,1100080,34805.8,0.062073,,
train,45,1100180,34808.7,0.056845,,
train,45,1100280,34811.5,0.065856,,
train,45,1100380,34814.4,0.058680,,
train,45,1100480,34817.2,0.064207,,
train,45,1100580,34820.0,0.062156,,
train,45,1100680,34822.9,0.065301,,
train,45,1100780,34825.7,0.064110,,
train,45,1100880,34828.6,0.065812,,
train,45,1100980,34831.4,0.069065,,
train,45,1101080,34834.2,0.066498,,
train,45,1101180,34837.1,0.064645,,
train,45,1101280,34839.9,0.063073,,
train,45,1101380,34842.8,0.064575,,
train,45,1101480,34845.6,0.060041,,
train,45,1101580,34848.4,0.066637,,
train,45,1101680,34851.3,0.061736,,
train,45,1101780,34854.1,0.063467,,
train,45,1101880,34857.0,0.060651,,
train,45,1101980,34859.8,0.064764,,
train,45,1102080,34862.6,0.056560,,
train,45,1102180,34865.5,0.062751,,
train,45,1102280,34868.3,0.065217,,
train,45,1102380,34871.1,0.063276,,
train,45,1102480,34874.0,0.062007,,
train,45,1102580,34876.8,0.063891,,
train,45,1102680,34879.7,0.062446,,
train,45,1102780,34882.5,0.067117,,
train,45,1102880,34885.3,0.066242,,
train,45,1102980,34888.2,0.064527,,
train,45,1103080,34891.0,0.064425,,
train,45,1103180,34893.8,0.067622,,
train,45,1103280,34896.7,0.066395,,
train,45,1103380,34899.5,0.061810,,
train,45,1103480,34902.3,0.066459,,
train,45,1103580,34905.2,0.066044,,
train,45,1103680,34908.0,0.066954,,
train,45,1103780,34910.9,0.062186,,
train,45,1103880,34913.7,0.060456,,
train,45,1103980,34916.5,0.065288,,
train,45,1104080,34919.4,0.067543,,
train,45,1104180,34922.2,0.063616,,
train,45,1104280,34925.1,0.064908,,
train,45,1104380,34927.9,0.065221,,
train,45,1104480,34930.8,0.060319,,
train,45,1104580,34933.6,0.066409,,
train,45,1104680,34936.4,0.063169,,
train,45,1104780,34939.3,0.063935,,
train,45,1104880,34942.1,0.060157,,
train,45,1104980,34945.0,0.059667,,
train,45,1105080,34947.8,0.067627,,
train,45,1105180,34950.6,0.062282,,
train,45,1105280,34953.5,0.061990,,
train,45,1105380,34956.3,0.062455,,
train,45,1105480,34959.2,0.066745,,
train,45,1105580,34962.0,0.064974,,
train,45,1105680,34964.8,0.062170,,
train,45,1105780,34967.7,0.064893,,
train,45,1105880,34970.5,0.073412,,
train,45,1105980,34973.3,0.059794,,
train,45,1106080,34976.2,0.063293,,
train,45,1106180,34979.0,0.064132,,
train,45,1106280,34981.9,0.061568,,
train,45,1106380,34984.7,0.062581,,
train,45,1106480,34987.6,0.065170,,
train,45,1106580,34990.4,nan,,
train,45,1106680,34993.3,0.068181,,
train,45,1106780,34996.1,0.065203,,
train,45,1106880,34998.9,0.060322,,
train,45,1106980,35001.8,0.062839,,
train,45,1107080,35004.6,0.063160,,
train,45,1107180,35007.5,0.066758,,
train,45,1107280,35010.3,0.066721,,
train,45,1107380,35013.1,0.060952,,
train,45,1107480,35016.0,0.064917,,
train,45,1107580,35018.8,0.065074,,
train,45,1107680,35021.7,0.060608,,
train,45,1107780,35024.5,0.059270,,
train,45,1107880,35027.3,0.059982,,
train,45,1107980,35030.2,0.062015,,
train,45,1108080,35033.0,0.057703,,
train,45,1108180,35035.9,0.059844,,
train,45,1108280,35038.7,0.064339,,
train,45,1108380,35041.5,0.062598,,
train,45,1108480,35044.4,0.059743,,
train,45,1108580,35047.2,0.066434,,
train,45,1108680,35050.1,0.063766,,
train,45,1108780,35052.9,0.059397,,
train,45,1108880,35055.7,0.064447,,
train,45,1108980,35058.6,0.065909,,
train,45,1109080,35061.4,0.059917,,
train,45,1109180,35064.3,0.062358,,
train,45,1109280,35067.1,0.062625,,
train,45,1109380,35069.9,0.064731,,
train,45,1109480,35072.8,0.064555,,
train,45,1109580,35075.6,0.065540,,
train,45,1109680,35078.5,0.067623,,
train,45,1109780,35081.3,0.064656,,
train,45,1109880,35084.2,0.064021,,
train,45,1109980,35087.0,0.065474,,
train,45,1110080,35089.8,0.063244,,
train,45,1110180,35092.7,0.061809,,
train,45,1110280,35095.5,0.063444,,
train,45,1110380,35098.4,0.060700,,
train,45,1110480,35101.2,0.060971,,
train,45,1110580,35104.0,0.066127,,
train,45,1110680,35106.9,0.064113,,
train,45,1110780,35109.7,0.067993,,
train,45,1110880,35112.5,0.060441,,
train,45,1110980,35115.4,0.062321,,
train,45,1111080,35118.2,0.066853,,
train,45,1111180,35121.1,0.063971,,
train,45,1111280,35123.9,0.068174,,
train,45,1111380,35126.7,0.063349,,
train,45,1111480,35129.6,0.060726,,
train,45,1111580,35132.4,0.061407,,
train,45,1111680,35135.3,0.065339,,
train,45,1111780,35138.1,0.064646,,
train,45,1111880,35140.9,0.063465,,
train,45,1111980,35143.8,0.065935,,
train,45,1112080,35146.6,0.066087,,
train,45,1112180,35149.5,0.062486,,
train,45,1112280,35152.3,0.062031,,
train,45,1112380,35155.1,0.064067,,
train,45,1112480,35158.0,0.068342,,
train,45,1112580,35160.8,0.061309,,
train,45,1112680,35163.7,0.066715,,
train,45,1112780,35166.5,0.061016,,
train,45,1112880,35169.3,0.062001,,
train,45,1112980,35172.2,0.061759,,
train,45,1113080,35175.0,0.061186,,
train,45,1113180,35177.9,0.064391,,
train,45,1113280,35180.7,0.061668,,
train,45,1113380,35183.6,0.062781,,
train,45,1113480,35186.4,0.064135,,
train,45,1113580,35189.2,0.066820,,
train,45,1113680,35192.1,0.061806,,
train,45,1113780,35194.9,0.061106,,
train,45,1113880,35197.8,0.065799,,
train,45,1113980,35200.6,0.066030,,
train,45,1114080,35203.4,0.061907,,
train,45,1114180,35206.3,0.060639,,
train,45,1114280,35209.1,0.065753,,
train,45,1114380,35212.0,0.061193,,
train,45,1114480,35214.8,0.063346,,
train,45,1114580,35217.6,0.066950,,
train,45,1114680,35220.5,0.061929,,
train,45,1114780,35223.3,0.063041,,
train,45,1114880,35226.2,0.059653,,
train,45,1114980,35229.0,0.064118,,
train,45,1115080,35231.8,0.066957,,
train,45,1115180,35234.7,0.064153,,
train,45,1115280,35237.5,0.066388,,
train,45,1115380,35240.3,0.066358,,
train,45,1115480,35243.2,0.066767,,
train,45,1115580,35246.0,0.061274,,
train,45,1115680,35248.9,0.058107,,
train,45,1115780,35251.7,0.066727,,
train,45,1115880,35254.5,0.067478,,
train,45,1115980,35257.4,0.063597,,
train,45,1116080,35260.2,0.067815,,
train,45,1116180,35263.0,0.064384,,
train,45,1116280,35265.9,0.063679,,
train,45,1116380,35268.7,0.062040,,
train,45,1116480,35271.6,0.067012,,
train,45,1116580,35274.4,0.073531,,
train,45,1116680,35277.2,0.062333,,
train,45,1116780,35280.1,0.065560,,
train,45,1116880,35282.9,0.067083,,
train,45,1116980,35285.8,0.065112,,
train,45,1117080,35288.6,0.063577,,
train,45,1117180,35291.4,0.057682,,
train,45,1117280,35294.3,0.065138,,
train,45,1117380,35297.1,0.063455,,
train,45,1117480,35300.0,0.063965,,
train,45,1117580,35302.8,0.063215,,
train,45,1117680,35305.7,0.066028,,
train,45,1117780,35308.5,0.065473,,
train,45,1117880,35311.3,0.069080,,
train,45,1117980,35314.2,0.062569,,
train,45,1118080,35317.0,0.060807,,
train,45,1118180,35319.9,0.064468,,
train,45,1118280,35322.7,0.065099,,
train,45,1118380,35325.5,0.060255,,
train,45,1118480,35328.4,0.065578,,
train,45,1118580,35331.2,0.061000,,
train,45,1118680,35334.1,0.063676,,
train,45,1118780,35336.9,0.061001,,
train,45,1118880,35339.7,0.065914,,
train,45,1118980,35342.6,0.064682,,
train,45,1119080,35345.4,0.062058,,
train,45,1119180,35348.2,0.060230,,
train,45,1119280,35351.1,0.066560,,
train,45,1119380,35353.9,0.063384,,
train,45,1119480,35356.8,0.062100,,
train,45,1119580,35359.6,0.063758,,
train,45,1119680,35362.4,0.064975,,
train,45,1119780,35365.3,0.065234,,
train,45,1119880,35368.1,0.060667,,
train,45,1119980,35371.0,0.059099,,
train,45,1120080,35373.8,0.064919,,
train,45,1120180,35376.7,0.069959,,
train,45,1120280,35379.5,0.063909,,
train,45,1120380,35382.4,0.069138,,
train,45,1120480,35385.2,0.065442,,
train,45,1120580,35388.0,0.071772,,
train,45,1120680,35390.9,0.068108,,
train,45,1120780,35393.7,0.064304,,
train,45,1120880,35396.6,0.065597,,
train,45,1120980,35399.4,0.064908,,
train,45,1121080,35402.3,0.065596,,
train,45,1121180,35405.1,0.065285,,
train,45,1121280,35407.9,0.063382,,
train,45,1121380,35410.8,0.061735,,
train,45,1121480,35413.6,0.063370,,
train,45,1121580,35416.5,0.064785,,
train,45,1121680,35419.3,0.060633,,
train,45,1121780,35422.1,0.065729,,
train,45,1121880,35425.0,0.073195,,
train,45,1121980,35427.8,0.063857,,
train,45,1122080,35430.6,0.064700,,
train,45,1122180,35433.5,0.064593,,
train,45,1122280,35436.3,0.061035,,
train,45,1122380,35439.2,0.067864,,
train,45,1122480,35442.0,0.061473,,
train,45,1122580,35444.8,0.065179,,
train,45,1122680,35447.7,0.064222,,
train,45,1122780,35450.5,0.066321,,
train,45,1122880,35453.4,0.066701,,
train,45,1122980,35456.2,0.066532,,
train,45,1123080,35459.0,0.061427,,
train,45,1123180,35461.9,0.065826,,
train,45,1123280,35464.7,0.067818,,
train,45,1123380,35467.6,0.064744,,
train,45,1123480,35470.4,0.061775,,
train,45,1123580,35473.2,0.061981,,
train,45,1123680,35476.1,0.066732,,
train,45,1123780,35478.9,0.062557,,
train,45,1123880,35481.8,0.060544,,
train,45,1123980,35484.6,0.066162,,
train,45,1124080,35487.4,0.064275,,
train,45,1124180,35490.3,0.062753,,
train,45,1124280,35493.1,0.065540,,
train,45,1124380,35495.9,0.060832,,
val,45,,35575.0,0.058474,0.004007,0.000034
train,46,1124524,35579.1,0.067661,,
train,46,1124624,35581.9,0.062095,,
train,46,1124724,35584.7,0.060784,,
train,46,1124824,35587.6,0.061506,,
train,46,1124924,35590.4,0.062550,,
train,46,1125024,35593.2,0.060212,,
train,46,1125124,35596.1,0.063600,,
train,46,1125224,35598.9,0.063150,,
train,46,1125324,35601.8,0.064157,,
train,46,1125424,35604.6,0.068919,,
train,46,1125524,35607.5,0.063573,,
train,46,1125624,35610.3,0.061832,,
train,46,1125724,35613.1,0.063889,,
train,46,1125824,35616.0,0.063946,,
train,46,1125924,35618.8,0.064747,,
train,46,1126024,35621.7,0.063486,,
train,46,1126124,35624.5,0.065574,,
train,46,1126224,35627.4,0.065148,,
train,46,1126324,35630.2,0.061238,,
train,46,1126424,35633.0,0.066589,,
train,46,1126524,35635.9,0.065195,,
train,46,1126624,35638.7,0.059905,,
train,46,1126724,35641.6,0.065065,,
train,46,1126824,35644.4,0.064388,,
train,46,1126924,35647.3,0.065926,,
train,46,1127024,35650.1,0.066212,,
train,46,1127124,35652.9,0.063598,,
train,46,1127224,35655.8,0.062208,,
train,46,1127324,35658.6,0.062695,,
train,46,1127424,35661.5,0.064867,,
train,46,1127524,35664.3,0.066253,,
train,46,1127624,35667.1,0.066091,,
train,46,1127724,35670.0,0.062655,,
train,46,1127824,35672.8,0.061419,,
train,46,1127924,35675.7,0.063580,,
train,46,1128024,35678.5,0.066143,,
train,46,1128124,35681.4,0.063996,,
train,46,1128224,35684.2,0.062157,,
train,46,1128324,35687.0,0.065592,,
train,46,1128424,35689.9,0.064350,,
train,46,1128524,35692.7,0.059587,,
train,46,1128624,35695.6,0.065497,,
train,46,1128724,35698.4,0.062337,,
train,46,1128824,35701.2,0.073786,,
train,46,1128924,35704.1,0.063957,,
train,46,1129024,35706.9,0.065810,,
train,46,1129124,35709.8,0.068940,,
train,46,1129224,35712.6,0.063022,,
train,46,1129324,35715.5,0.063739,,
train,46,1129424,35718.3,0.062253,,
train,46,1129524,35721.1,0.062004,,
train,46,1129624,35724.0,0.068819,,
train,46,1129724,35726.8,0.062616,,
train,46,1129824,35729.7,0.063935,,
train,46,1129924,35732.5,0.064298,,
train,46,1130024,35735.4,0.056820,,
train,46,1130124,35738.2,0.061624,,
train,46,1130224,35741.0,0.064930,,
train,46,1130324,35743.9,0.063177,,
train,46,1130424,35746.7,0.065368,,
train,46,1130524,35749.6,0.064145,,
train,46,1130624,35752.4,0.067285,,
train,46,1130724,35755.3,0.060877,,
train,46,1130824,35758.1,0.064786,,
train,46,1130924,35760.9,0.063192,,
train,46,1131024,35763.8,0.061021,,
train,46,1131124,35766.6,0.063125,,
train,46,1131224,35769.5,0.060379,,
train,46,1131324,35772.3,0.068021,,
train,46,1131424,35775.2,0.063504,,
train,46,1131524,35778.0,0.063351,,
train,46,1131624,35780.8,0.062798,,
train,46,1131724,35783.7,0.062122,,
train,46,1131824,35786.5,0.059592,,
train,46,1131924,35789.4,0.062354,,
train,46,1132024,35792.2,0.061027,,
train,46,1132124,35795.0,0.067189,,
train,46,1132224,35797.9,0.065165,,
train,46,1132324,35800.7,0.063630,,
train,46,1132424,35803.6,0.060041,,
train,46,1132524,35806.4,0.066747,,
train,46,1132624,35809.2,0.063817,,
train,46,1132724,35812.1,0.062209,,
train,46,1132824,35814.9,0.064077,,
train,46,1132924,35817.8,0.066013,,
train,46,1133024,35820.6,0.061003,,
train,46,1133124,35823.5,0.065282,,
train,46,1133224,35826.3,0.065469,,
train,46,1133324,35829.1,0.068864,,
train,46,1133424,35832.0,0.069707,,
train,46,1133524,35834.8,0.064298,,
train,46,1133624,35837.7,0.063541,,
train,46,1133724,35840.5,0.064373,,
train,46,1133824,35843.3,0.059174,,
train,46,1133924,35846.2,0.063626,,
train,46,1134024,35849.0,0.061598,,
train,46,1134124,35851.9,0.062516,,
train,46,1134224,35854.7,0.063695,,
train,46,1134324,35857.6,0.060962,,
train,46,1134424,35860.4,0.063521,,
train,46,1134524,35863.2,0.062094,,
train,46,1134624,35866.1,0.059683,,
train,46,1134724,35868.9,0.060866,,
train,46,1134824,35871.8,0.061875,,
train,46,1134924,35874.6,0.063352,,
train,46,1135024,35877.5,0.064310,,
train,46,1135124,35880.3,0.064959,,
train,46,1135224,35883.1,0.064055,,
train,46,1135324,35886.0,0.063048,,
train,46,1135424,35888.8,0.063216,,
train,46,1135524,35891.7,0.064610,,
train,46,1135624,35894.5,0.062245,,
train,46,1135724,35897.4,0.063051,,
train,46,1135824,35900.2,0.064097,,
train,46,1135924,35903.0,0.065195,,
train,46,1136024,35905.9,0.064048,,
train,46,1136124,35908.7,0.065432,,
train,46,1136224,35911.6,0.059889,,
train,46,1136324,35914.4,0.066298,,
train,46,1136424,35917.3,0.061089,,
train,46,1136524,35920.1,0.059161,,
train,46,1136624,35922.9,0.063236,,
train,46,1136724,35925.8,0.071754,,
train,46,1136824,35928.6,0.061093,,
train,46,1136924,35931.5,0.059685,,
train,46,1137024,35934.3,0.064508,,
train,46,1137124,35937.2,0.066483,,
train,46,1137224,35940.0,0.063492,,
train,46,1137324,35942.8,0.062491,,
train,46,1137424,35945.7,0.063274,,
train,46,1137524,35948.5,0.068579,,
train,46,1137624,35951.4,0.060281,,
train,46,1137724,35954.2,0.061900,,
train,46,1137824,35957.1,0.061983,,
train,46,1137924,35959.9,0.067799,,
train,46,1138024,35962.7,0.059419,,
train,46,1138124,35965.6,0.065523,,
train,46,1138224,35968.4,0.060311,,
train,46,1138324,35971.3,0.064101,,
train,46,1138424,35974.1,0.062297,,
train,46,1138524,35976.9,0.066349,,
train,46,1138624,35979.8,0.065204,,
train,46,1138724,35982.6,0.063615,,
train,46,1138824,35985.5,0.064827,,
train,46,1138924,35988.3,0.060440,,
train,46,1139024,35991.1,0.060446,,
train,46,1139124,35994.0,0.060669,,
train,46,1139224,35996.8,0.065262,,
train,46,1139324,35999.7,0.060714,,
train,46,1139424,36002.5,0.061600,,
train,46,1139524,36005.3,0.068397,,
train,46,1139624,36008.2,0.065643,,
train,46,1139724,36011.0,0.065646,,
train,46,1139824,36013.9,0.062491,,
train,46,1139924,36016.7,0.060915,,
train,46,1140024,36019.5,0.063930,,
train,46,1140124,36022.4,0.064815,,
train,46,1140224,36025.2,0.064240,,
train,46,1140324,36028.1,0.063679,,
train,46,1140424,36030.9,0.064987,,
train,46,1140524,36033.7,0.064274,,
train,46,1140624,36036.6,0.066240,,
train,46,1140724,36039.4,0.063861,,
train,46,1140824,36042.3,0.066472,,
train,46,1140924,36045.1,0.059758,,
train,46,1141024,36047.9,0.061824,,
train,46,1141124,36050.8,0.064723,,
train,46,1141224,36053.6,0.061955,,
train,46,1141324,36056.5,0.059469,,
train,46,1141424,36059.3,0.058587,,
train,46,1141524,36062.2,0.060007,,
train,46,1141624,36065.0,0.064071,,
train,46,1141724,36067.8,0.061775,,
train,46,1141824,36070.7,0.068294,,
train,46,1141924,36073.5,0.062455,,
train,46,1142024,36076.4,0.062417,,
train,46,1142124,36079.2,0.066447,,
train,46,1142224,36082.1,0.065873,,
train,46,1142324,36084.9,0.064610,,
train,46,1142424,36087.7,0.060115,,
train,46,1142524,36090.6,0.062367,,
train,46,1142624,36093.4,0.065727,,
train,46,1142724,36096.3,0.062661,,
train,46,1142824,36099.1,0.061888,,
train,46,1142924,36101.9,0.056175,,
train,46,1143024,36104.8,0.057957,,
train,46,1143124,36107.6,0.067560,,
train,46,1143224,36110.5,0.059694,,
train,46,1143324,36113.3,0.064724,,
train,46,1143424,36116.2,0.065954,,
train,46,1143524,36119.0,0.061285,,
train,46,1143624,36121.8,0.064284,,
train,46,1143724,36124.7,0.064353,,
train,46,1143824,36127.5,0.066681,,
train,46,1143924,36130.4,0.062283,,
train,46,1144024,36133.2,0.065583,,
train,46,1144124,36136.1,0.061624,,
train,46,1144224,36138.9,0.064725,,
train,46,1144324,36141.7,0.064469,,
train,46,1144424,36144.6,0.065120,,
train,46,1144524,36147.4,0.071216,,
train,46,1144624,36150.3,0.063735,,
train,46,1144724,36153.1,0.066020,,
train,46,1144824,36156.0,0.062333,,
train,46,1144924,36158.8,0.067708,,
train,46,1145024,36161.6,0.062486,,
train,46,1145124,36164.5,0.064467,,
train,46,1145224,36167.3,0.060215,,
train,46,1145324,36170.2,0.066234,,
train,46,1145424,36173.0,0.065494,,
train,46,1145524,36175.8,0.066215,,
train,46,1145624,36178.7,0.064574,,
train,46,1145724,36181.5,0.068511,,
train,46,1145824,36184.4,0.062210,,
train,46,1145924,36187.2,0.068266,,
train,46,1146024,36190.0,0.063099,,
train,46,1146124,36192.9,0.065814,,
train,46,1146224,36195.7,nan,,
train,46,1146324,36198.6,0.063861,,
train,46,1146424,36201.4,0.062829,,
train,46,1146524,36204.2,0.062366,,
train,46,1146624,36207.1,0.062680,,
train,46,1146724,36209.9,0.063719,,
train,46,1146824,36212.8,0.067776,,
train,46,1146924,36215.6,0.064709,,
train,46,1147024,36218.4,0.066362,,
train,46,1147124,36221.3,0.062587,,
train,46,1147224,36224.1,0.060767,,
train,46,1147324,36227.0,0.060982,,
train,46,1147424,36229.8,0.065756,,
train,46,1147524,36232.7,0.064744,,
train,46,1147624,36235.5,0.066545,,
train,46,1147724,36238.3,0.062075,,
train,46,1147824,36241.2,0.061551,,
train,46,1147924,36244.0,0.064183,,
train,46,1148024,36246.9,0.064914,,
train,46,1148124,36249.7,0.062581,,
train,46,1148224,36252.5,0.060057,,
train,46,1148324,36255.4,0.068752,,
train,46,1148424,36258.2,0.061383,,
train,46,1148524,36261.1,0.067520,,
train,46,1148624,36263.9,0.063951,,
train,46,1148724,36266.8,0.071686,,
train,46,1148824,36269.6,0.061016,,
val,46,,36348.7,0.058234,0.004001,0.000034
train,47,1148968,36352.7,0.065271,,
train,47,1149068,36355.5,0.058892,,
train,47,1149168,36358.4,0.064607,,
train,47,1149268,36361.2,0.061240,,
train,47,1149368,36364.1,0.064519,,
train,47,1149468,36366.9,0.066334,,
train,47,1149568,36369.7,0.062615,,
train,47,1149668,36372.6,0.061344,,
train,47,1149768,36375.4,0.064831,,
train,47,1149868,36378.2,0.058084,,
train,47,1149968,36381.1,0.062849,,
train,47,1150068,36383.9,0.061276,,
train,47,1150168,36386.8,0.062853,,
train,47,1150268,36389.6,0.063894,,
train,47,1150368,36392.4,0.062788,,
train,47,1150468,36395.3,0.066899,,
train,47,1150568,36398.1,0.062551,,
train,47,1150668,36401.0,0.062096,,
train,47,1150768,36403.8,0.061051,,
train,47,1150868,36406.6,0.063738,,
train,47,1150968,36409.5,0.059141,,
train,47,1151068,36412.3,0.066451,,
train,47,1151168,36415.2,0.063203,,
train,47,1151268,36418.0,0.069145,,
train,47,1151368,36420.8,0.065342,,
train,47,1151468,36423.7,0.064880,,
train,47,1151568,36426.5,0.064344,,
train,47,1151668,36429.4,0.065900,,
train,47,1151768,36432.2,0.070122,,
train,47,1151868,36435.0,0.063474,,
train,47,1151968,36437.9,0.064700,,
train,47,1152068,36440.7,0.058782,,
train,47,1152168,36443.6,0.056750,,
train,47,1152268,36446.4,0.063763,,
train,47,1152368,36449.3,0.060751,,
train,47,1152468,36452.1,0.062619,,
train,47,1152568,36454.9,0.067664,,
train,47,1152668,36457.8,0.059636,,
train,47,1152768,36460.6,0.062629,,
train,47,1152868,36463.5,0.069461,,
train,47,1152968,36466.3,0.065600,,
train,47,1153068,36469.1,0.067180,,
train,47,1153168,36472.0,0.066784,,
train,47,1153268,36474.8,0.062944,,
train,47,1153368,36477.7,0.063066,,
train,47,1153468,36480.5,0.062039,,
train,47,1153568,36483.3,0.063098,,
train,47,1153668,36486.2,0.066180,,
train,47,1153768,36489.0,0.062108,,
train,47,1153868,36491.9,0.062824,,
train,47,1153968,36494.7,0.066968,,
train,47,1154068,36497.6,0.060043,,
train,47,1154168,36500.4,0.057434,,
train,47,1154268,36503.2,0.061400,,
train,47,1154368,36506.1,0.063766,,
train,47,1154468,36508.9,0.064745,,
train,47,1154568,36511.8,0.063734,,
train,47,1154668,36514.6,0.058646,,
train,47,1154768,36517.5,0.062767,,
train,47,1154868,36520.3,0.062377,,
train,47,1154968,36523.1,0.065000,,
train,47,1155068,36526.0,0.062613,,
train,47,1155168,36528.8,0.066663,,
train,47,1155268,36531.7,0.061710,,
train,47,1155368,36534.5,0.064015,,
train,47,1155468,36537.4,0.064103,,
train,47,1155568,36540.2,0.062814,,
train,47,1155668,36543.0,0.067637,,
train,47,1155768,36545.9,0.059813,,
train,47,1155868,36548.7,0.065336,,
train,47,1155968,36551.6,0.061626,,
train,47,1156068,36554.4,0.068994,,
train,47,1156168,36557.3,0.061285,,
train,47,1156268,36560.1,0.061111,,
train,47,1156368,36562.9,0.060386,,
train,47,1156468,36565.8,0.065454,,
train,47,1156568,36568.6,0.061438,,
train,47,1156668,36571.5,0.061832,,
train,47,1156768,36574.3,0.064034,,
train,47,1156868,36577.1,0.062241,,
train,47,1156968,36580.0,0.064403,,
train,47,1157068,36582.8,0.057833,,
train,47,1157168,36585.7,0.061843,,
train,47,1157268,36588.5,0.064882,,
train,47,1157368,36591.3,0.067822,,
train,47,1157468,36594.2,0.062093,,
train,47,1157568,36597.0,0.064741,,
train,47,1157668,36599.9,0.066506,,
train,47,1157768,36602.7,0.062023,,
train,47,1157868,36605.5,0.063064,,
train,47,1157968,36608.4,0.064416,,
train,47,1158068,36611.2,0.063115,,
train,47,1158168,36614.1,0.064660,,
train,47,1158268,36616.9,0.061188,,
train,47,1158368,36619.7,0.057488,,
train,47,1158468,36622.6,0.063242,,
train,47,1158568,36625.4,0.065594,,
train,47,1158668,36628.2,0.059238,,
train,47,1158768,36631.1,0.065826,,
train,47,1158868,36633.9,0.065218,,
train,47,1158968,36636.8,0.062602,,
train,47,1159068,36639.6,0.065711,,
train,47,1159168,36642.4,0.065011,,
train,47,1159268,36645.3,0.061378,,
train,47,1159368,36648.1,0.064444,,
train,47,1159468,36651.0,0.066839,,
train,47,1159568,36653.8,0.062030,,
train,47,1159668,36656.6,0.061442,,
train,47,1159768,36659.5,0.062631,,
train,47,1159868,36662.3,0.062388,,
train,47,1159968,36665.2,0.066251,,
train,47,1160068,36668.0,0.061927,,
train,47,1160168,36670.8,0.064079,,
train,47,1160268,36673.7,0.062165,,
train,47,1160368,36676.5,0.064416,,
train,47,1160468,36679.4,0.064167,,
train,47,1160568,36682.2,0.063454,,
train,47,1160668,36685.0,0.063587,,
train,47,1160768,36687.9,0.065398,,
train,47,1160868,36690.7,0.061952,,
train,47,1160968,36693.5,0.061797,,
train,47,1161068,36696.4,0.067872,,
train,47,1161168,36699.2,0.064202,,
train,47,1161268,36702.1,0.062843,,
train,47,1161368,36704.9,0.063073,,
train,47,1161468,36707.7,0.064450,,
train,47,1161568,36710.6,0.066153,,
train,47,1161668,36713.4,0.062024,,
train,47,1161768,36716.3,0.063607,,
train,47,1161868,36719.1,0.064496,,
train,47,1161968,36721.9,0.061440,,
train,47,1162068,36724.8,0.061088,,
train,47,1162168,36727.6,0.065653,,
train,47,1162268,36730.5,0.065336,,
train,47,1162368,36733.3,0.063084,,
train,47,1162468,36736.1,0.065858,,
train,47,1162568,36739.0,0.064343,,
train,47,1162668,36741.8,0.060556,,
train,47,1162768,36744.7,0.058441,,
train,47,1162868,36747.5,0.060386,,
train,47,1162968,36750.3,0.066425,,
train,47,1163068,36753.2,0.061839,,
train,47,1163168,36756.0,0.063694,,
train,47,1163268,36758.9,0.064594,,
train,47,1163368,36761.7,0.065292,,
train,47,1163468,36764.5,0.062612,,
train,47,1163568,36767.4,0.061345,,
train,47,1163668,36770.2,0.061385,,
train,47,1163768,36773.1,0.064374,,
train,47,1163868,36775.9,0.063116,,
train,47,1163968,36778.7,0.064037,,
train,47,1164068,36781.6,0.065846,,
train,47,1164168,36784.4,0.064400,,
train,47,1164268,36787.3,0.066381,,
train,47,1164368,36790.1,0.063960,,
train,47,1164468,36792.9,0.059371,,
train,47,1164568,36795.8,0.066554,,
train,47,1164668,36798.6,0.063561,,
train,47,1164768,36801.5,0.062167,,
train,47,1164868,36804.3,0.061553,,
train,47,1164968,36807.1,0.068875,,
train,47,1165068,36810.0,0.064256,,
train,47,1165168,36812.8,0.063847,,
train,47,1165268,36815.6,0.063967,,
train,47,1165368,36818.5,0.067369,,
train,47,1165468,36821.3,0.063361,,
train,47,1165568,36824.2,0.065093,,
train,47,1165668,36827.0,0.068238,,
train,47,1165768,36829.8,0.060454,,
train,47,1165868,36832.7,0.065528,,
train,47,1165968,36835.5,0.060468,,
train,47,1166068,36838.4,0.062761,,
train,47,1166168,36841.2,0.067688,,
train,47,1166268,36844.0,0.068396,,
train,47,1166368,36846.9,0.062393,,
train,47,1166468,36849.7,0.062566,,
train,47,1166568,36852.6,0.063220,,
train,47,1166668,36855.4,0.063377,,
train,47,1166768,36858.2,0.064357,,
train,47,1166868,36861.1,0.059551,,
train,47,1166968,36863.9,0.059927,,
train,47,1167068,36866.8,0.061604,,
train,47,1167168,36869.6,0.064889,,
train,47,1167268,36872.4,0.066859,,
train,47,1167368,36875.3,0.063953,,
train,47,1167468,36878.1,0.062800,,
train,47,1167568,36881.0,0.063970,,
train,47,1167668,36883.8,0.059896,,
train,47,1167768,36886.6,0.062943,,
train,47,1167868,36889.5,0.069676,,
train,47,1167968,36892.3,0.064929,,
train,47,1168068,36895.2,0.061086,,
train,47,1168168,36898.0,0.065362,,
train,47,1168268,36900.8,0.064357,,
train,47,1168368,36903.7,0.061314,,
train,47,1168468,36906.5,0.061790,,
train,47,1168568,36909.4,0.063051,,
train,47,1168668,36912.2,0.065609,,
train,47,1168768,36915.0,0.063584,,
train,47,1168868,36917.9,0.065083,,
train,47,1168968,36920.7,nan,,
train,47,1169068,36923.6,0.065020,,
train,47,1169168,36926.4,0.062422,,
train,47,1169268,36929.3,0.059480,,
train,47,1169368,36932.1,0.067887,,
train,47,1169468,36934.9,0.065011,,
train,47,1169568,36937.8,0.063727,,
train,47,1169668,36940.6,0.064974,,
train,47,1169768,36943.4,0.060214,,
train,47,1169868,36946.3,0.069285,,
train,47,1169968,36949.1,0.062559,,
train,47,1170068,36952.0,0.064907,,
train,47,1170168,36954.8,0.062047,,
train,47,1170268,36957.6,0.059740,,
train,47,1170368,36960.5,0.062942,,
train,47,1170468,36963.3,0.065237,,
train,47,1170568,36966.2,0.064177,,
train,47,1170668,36969.0,0.060442,,
train,47,1170768,36971.8,0.062075,,
train,47,1170868,36974.7,0.064258,,
train,47,1170968,36977.5,0.061017,,
train,47,1171068,36980.4,0.062147,,
train,47,1171168,36983.2,0.061157,,
train,47,1171268,36986.0,0.061987,,
train,47,1171368,36988.9,0.058158,,
train,47,1171468,36991.7,0.068950,,
train,47,1171568,36994.6,0.062930,,
train,47,1171668,36997.4,0.064561,,
train,47,1171768,37000.2,0.063581,,
train,47,1171868,37003.1,0.060743,,
train,47,1171968,37005.9,0.065514,,
train,47,1172068,37008.8,0.067514,,
train,47,1172168,37011.6,0.066683,,
train,47,1172268,37014.4,0.063296,,
train,47,1172368,37017.3,0.059846,,
train,47,1172468,37020.1,0.062083,,
train,47,1172568,37022.9,0.065718,,
train,47,1172668,37025.8,0.063544,,
train,47,1172768,37028.6,0.063635,,
train,47,1172868,37031.5,0.060579,,
train,47,1172968,37034.3,0.061086,,
train,47,1173068,37037.1,0.064023,,
train,47,1173168,37040.0,0.059577,,
train,47,1173268,37042.8,0.059473,,
val,47,,37121.9,0.058248,0.003997,0.000034
train,48,1173412,37125.5,0.060477,,
train,48,1173512,37128.4,0.058459,,
train,48,1173612,37131.2,0.060954,,
train,48,1173712,37134.1,0.060708,,
train,48,1173812,37136.9,0.063783,,
train,48,1173912,37139.8,0.061855,,
train,48,1174012,37142.6,0.064668,,
train,48,1174112,37145.5,0.058901,,
train,48,1174212,37148.3,0.063269,,
train,48,1174312,37151.1,0.061536,,
train,48,1174412,37154.0,0.067751,,
train,48,1174512,37156.8,0.062944,,
train,48,1174612,37159.7,0.067667,,
train,48,1174712,37162.5,0.059984,,
train,48,1174812,37165.4,0.063564,,
train,48,1174912,37168.2,0.067370,,
train,48,1175012,37171.1,0.058527,,
train,48,1175112,37173.9,0.065000,,
train,48,1175212,37176.7,0.058351,,
train,48,1175312,37179.6,0.065922,,
train,48,1175412,37182.4,0.064404,,
train,48,1175512,37185.3,0.061891,,
train,48,1175612,37188.1,0.056899,,
train,48,1175712,37191.0,0.061599,,
train,48,1175812,37193.8,0.065823,,
train,48,1175912,37196.6,0.065071,,
train,48,1176012,37199.5,0.060331,,
train,48,1176112,37202.3,0.063905,,
train,48,1176212,37205.2,0.068269,,
train,48,1176312,37208.0,0.059788,,
train,48,1176412,37210.9,0.061773,,
train,48,1176512,37213.7,0.067029,,
train,48,1176612,37216.5,0.062829,,
train,48,1176712,37219.4,0.063066,,
train,48,1176812,37222.2,0.066151,,
train,48,1176912,37225.1,0.061547,,
train,48,1177012,37227.9,0.066428,,
train,48,1177112,37230.8,0.062283,,
train,48,1177212,37233.6,0.062917,,
train,48,1177312,37236.4,0.066275,,
train,48,1177412,37239.3,0.064974,,
train,48,1177512,37242.1,0.063641,,
train,48,1177612,37245.0,0.064034,,
train,48,1177712,37247.8,0.058732,,
train,48,1177812,37250.7,0.061325,,
train,48,1177912,37253.5,0.069267,,
train,48,1178012,37256.3,0.065017,,
train,48,1178112,37259.2,0.063822,,
train,48,1178212,37262.0,0.065773,,
train,48,1178312,37264.9,0.060241,,
train,48,1178412,37267.7,0.062357,,
train,48,1178512,37270.6,0.063417,,
train,48,1178612,37273.4,0.062807,,
train,48,1178712,37276.3,0.061754,,
train,48,1178812,37279.1,0.061715,,
train,48,1178912,37282.0,0.066538,,
train,48,1179012,37284.8,0.064742,,
train,48,1179112,37287.6,0.059611,,
train,48,1179212,37290.5,0.065472,,
train,48,1179312,37293.3,0.063596,,
train,48,1179412,37296.2,0.063974,,
train,48,1179512,37299.0,0.066234,,
train,48,1179612,37301.9,0.064259,,
train,48,1179712,37304.7,0.060725,,
train,48,1179812,37307.6,0.066049,,
train,48,1179912,37310.4,0.061726,,
train,48,1180012,37313.2,0.066996,,
train,48,1180112,37316.1,0.062583,,
train,48,1180212,37318.9,0.067017,,
train,48,1180312,37321.8,0.061508,,
train,48,1180412,37324.6,0.067261,,
train,48,1180512,37327.5,0.062167,,
train,48,1180612,37330.3,0.065746,,
train,48,1180712,37333.2,0.063689,,
train,48,1180812,37336.0,0.065958,,
train,48,1180912,37338.8,0.064384,,
train,48,1181012,37341.7,0.066913,,
train,48,1181112,37344.5,0.065110,,
train,48,1181212,37347.4,0.062364,,
train,48,1181312,37350.2,0.068195,,
train,48,1181412,37353.1,0.064140,,
train,48,1181512,37355.9,0.063629,,
train,48,1181612,37358.8,0.062126,,
train,48,1181712,37361.6,0.059711,,
train,48,1181812,37364.5,0.064337,,
train,48,1181912,37367.3,0.063190,,
train,48,1182012,37370.1,0.062895,,
train,48,1182112,37373.0,0.063910,,
train,48,1182212,37375.8,0.063885,,
train,48,1182312,37378.7,0.063017,,
train,48,1182412,37381.5,0.063668,,
train,48,1182512,37384.4,0.062587,,
train,48,1182612,37387.2,0.065148,,
train,48,1182712,37390.0,0.062760,,
train,48,1182812,37392.9,0.067357,,
train,48,1182912,37395.7,nan,,
train,48,1183012,37398.6,0.061040,,
train,48,1183112,37401.4,0.065449,,
train,48,1183212,37404.3,0.063026,,
train,48,1183312,37407.1,0.063523,,
train,48,1183412,37410.0,0.066080,,
train,48,1183512,37412.8,0.061110,,
train,48,1183612,37415.6,0.060531,,
train,48,1183712,37418.5,0.064399,,
train,48,1183812,37421.3,0.064600,,
train,48,1183912,37424.2,0.064160,,
train,48,1184012,37427.0,0.063335,,
train,48,1184112,37429.9,0.063648,,
train,48,1184212,37432.7,0.061158,,
train,48,1184312,37435.5,0.069482,,
train,48,1184412,37438.4,0.064544,,
train,48,1184512,37441.2,0.062126,,
train,48,1184612,37444.1,0.060325,,
train,48,1184712,37446.9,0.068278,,
train,48,1184812,37449.8,0.060884,,
train,48,1184912,37452.6,0.064042,,
train,48,1185012,37455.4,0.065142,,
train,48,1185112,37458.3,0.061763,,
train,48,1185212,37461.1,0.062018,,
train,48,1185312,37464.0,0.060686,,
train,48,1185412,37466.8,0.059878,,
train,48,1185512,37469.7,0.064570,,
train,48,1185612,37472.5,0.060128,,
train,48,1185712,37475.4,0.062732,,
train,48,1185812,37478.2,0.065838,,
train,48,1185912,37481.0,0.063796,,
train,48,1186012,37483.9,0.060649,,
train,48,1186112,37486.7,0.062578,,
train,48,1186212,37489.6,0.064997,,
train,48,1186312,37492.4,0.069831,,
train,48,1186412,37495.3,0.064018,,
train,48,1186512,37498.1,0.065029,,
train,48,1186612,37501.0,0.064301,,
train,48,1186712,37503.8,0.062217,,
train,48,1186812,37506.6,0.065676,,
train,48,1186912,37509.5,0.061956,,
train,48,1187012,37512.3,0.064605,,
train,48,1187112,37515.2,0.062009,,
train,48,1187212,37518.0,0.068139,,
train,48,1187312,37520.9,0.065278,,
train,48,1187412,37523.7,0.066637,,
train,48,1187512,37526.5,0.064696,,
train,48,1187612,37529.4,0.059949,,
train,48,1187712,37532.2,0.062426,,
train,48,1187812,37535.1,0.062822,,
train,48,1187912,37537.9,0.061992,,
train,48,1188012,37540.8,0.060208,,
train,48,1188112,37543.6,0.065437,,
train,48,1188212,37546.5,0.064521,,
train,48,1188312,37549.3,0.064959,,
train,48,1188412,37552.1,0.061959,,
train,48,1188512,37555.0,0.065438,,
train,48,1188612,37557.8,0.058515,,
train,48,1188712,37560.7,0.065006,,
train,48,1188812,37563.5,0.059460,,
train,48,1188912,37566.4,0.062652,,
train,48,1189012,37569.2,0.062497,,
train,48,1189112,37572.0,0.063299,,
train,48,1189212,37574.9,0.064628,,
train,48,1189312,37577.7,0.065344,,
train,48,1189412,37580.6,0.066051,,
train,48,1189512,37583.4,0.063787,,
train,48,1189612,37586.3,0.068464,,
train,48,1189712,37589.1,0.063092,,
train,48,1189812,37591.9,0.066374,,
train,48,1189912,37594.8,0.065926,,
train,48,1190012,37597.6,0.065593,,
train,48,1190112,37600.5,0.065803,,
train,48,1190212,37603.3,0.062423,,
train,48,1190312,37606.2,0.064691,,
train,48,1190412,37609.0,0.063110,,
train,48,1190512,37611.8,0.065505,,
train,48,1190612,37614.7,0.064818,,
train,48,1190712,37617.5,0.060992,,
train,48,1190812,37620.4,0.059648,,
train,48,1190912,37623.2,0.059761,,
train,48,1191012,37626.1,0.068602,,
train,48,1191112,37628.9,0.061995,,
train,48,1191212,37631.7,0.062408,,
train,48,1191312,37634.6,0.064324,,
train,48,1191412,37637.4,0.065788,,
train,48,1191512,37640.3,0.063214,,
train,48,1191612,37643.1,0.061266,,
train,48,1191712,37646.0,0.064854,,
train,48,1191812,37648.8,0.061858,,
train,48,1191912,37651.6,0.063123,,
train,48,1192012,37654.5,0.066340,,
train,48,1192112,37657.3,0.061617,,
train,48,1192212,37660.2,0.062482,,
train,48,1192312,37663.0,0.064903,,
train,48,1192412,37665.9,0.058243,,
train,48,1192512,37668.7,0.061636,,
train,48,1192612,37671.6,0.065964,,
train,48,1192712,37674.4,0.062622,,
train,48,1192812,37677.3,0.058594,,
train,48,1192912,37680.1,0.062152,,
train,48,1193012,37682.9,0.065781,,
train,48,1193112,37685.8,0.063244,,
train,48,1193212,37688.6,0.065291,,
train,48,1193312,37691.5,0.064171,,
train,48,1193412,37694.3,0.066605,,
train,48,1193512,37697.2,0.061612,,
train,48,1193612,37700.0,0.064270,,
train,48,1193712,37702.9,0.064435,,
train,48,1193812,37705.7,0.063527,,
train,48,1193912,37708.5,0.065324,,
train,48,1194012,37711.4,0.061518,,
train,48,1194112,37714.2,0.066326,,
train,48,1194212,37717.1,0.068098,,
train,48,1194312,37719.9,0.064696,,
train,48,1194412,37722.8,0.062280,,
train,48,1194512,37725.6,0.063348,,
train,48,1194612,37728.4,0.062337,,
train,48,1194712,37731.3,0.063939,,
train,48,1194812,37734.1,0.064401,,
train,48,1194912,37737.0,0.064496,,
train,48,1195012,37739.8,0.062384,,
train,48,1195112,37742.7,0.066160,,
train,48,1195212,37745.5,0.058977,,
train,48,1195312,37748.3,0.062857,,
train,48,1195412,37751.2,0.061830,,
train,48,1195512,37754.0,0.062191,,
train,48,1195612,37756.9,0.062645,,
train,48,1195712,37759.7,0.064692,,
train,48,1195812,37762.6,0.063742,,
train,48,1195912,37765.4,0.061925,,
train,48,1196012,37768.2,0.066156,,
train,48,1196112,37771.1,0.064577,,
train,48,1196212,37773.9,0.062846,,
train,48,1196312,37776.8,0.060902,,
train,48,1196412,37779.6,0.057069,,
train,48,1196512,37782.4,0.059498,,
train,48,1196612,37785.3,0.059933,,
train,48,1196712,37788.1,0.061773,,
train,48,1196812,37791.0,0.063043,,
train,48,1196912,37793.8,0.067714,,
train,48,1197012,37796.7,0.063906,,
train,48,1197112,37799.5,0.065019,,
train,48,1197212,37802.3,0.060818,,
train,48,1197312,37805.2,0.059107,,
train,48,1197412,37808.0,0.060224,,
train,48,1197512,37810.9,0.062448,,
train,48,1197612,37813.7,0.065432,,
train,48,1197712,37816.6,0.062492,,
val,48,,37895.6,0.058289,0.003994,0.000034
train,49,1197856,37899.2,0.063467,,
train,49,1197956,37902.0,0.061117,,
train,49,1198056,37904.9,0.062018,,
train,49,1198156,37907.7,0.062008,,
train,49,1198256,37910.6,0.063808,,
train,49,1198356,37913.4,0.064728,,
train,49,1198456,37916.3,0.066240,,
train,49,1198556,37919.1,0.059044,,
train,49,1198656,37921.9,0.065601,,
train,49,1198756,37924.8,0.061269,,
train,49,1198856,37927.6,0.064993,,
train,49,1198956,37930.5,0.057708,,
train,49,1199056,37933.3,0.065174,,
train,49,1199156,37936.2,0.065445,,
train,49,1199256,37939.0,0.060053,,
train,49,1199356,37941.8,0.063095,,
train,49,1199456,37944.7,0.067656,,
train,49,1199556,37947.5,0.060709,,
train,49,1199656,37950.4,0.065815,,
train,49,1199756,37953.2,0.064128,,
train,49,1199856,37956.1,0.060225,,
train,49,1199956,37958.9,0.062881,,
train,49,1200056,37961.7,0.064635,,
train,49,1200156,37964.6,0.061270,,
train,49,1200256,37967.4,0.062651,,
train,49,1200356,37970.3,0.065746,,
train,49,1200456,37973.1,0.067389,,
train,49,1200556,37976.0,0.060765,,
train,49,1200656,37978.9,0.061099,,
train,49,1200756,37981.7,0.058626,,
train,49,1200856,37984.5,0.061723,,
train,49,1200956,37987.4,0.060803,,
train,49,1201056,37990.2,0.061626,,
train,49,1201156,37993.1,0.063018,,
train,49,1201256,37995.9,0.061995,,
train,49,1201356,37998.7,0.056997,,
train,49,1201456,38001.6,0.064482,,
train,49,1201556,38004.4,0.070140,,
train,49,1201656,38007.3,0.062427,,
train,49,1201756,38010.1,0.064694,,
train,49,1201856,38012.9,0.059727,,
train,49,1201956,38015.8,0.059037,,
train,49,1202056,38018.6,0.063310,,
train,49,1202156,38021.5,0.065589,,
train,49,1202256,38024.3,0.060203,,
train,49,1202356,38027.1,0.064755,,
train,49,1202456,38030.0,0.063224,,
train,49,1202556,38032.8,0.062735,,
train,49,1202656,38035.7,0.060276,,
train,49,1202756,38038.5,0.064320,,
train,49,1202856,38041.3,0.066745,,
train,49,1202956,38044.2,0.059019,,
train,49,1203056,38047.0,0.060895,,
train,49,1203156,38049.9,0.065978,,
train,49,1203256,38052.7,0.061893,,
train,49,1203356,38055.5,0.061184,,
train,49,1203456,38058.4,0.064196,,
train,49,1203556,38061.2,0.062189,,
train,49,1203656,38064.1,0.065112,,
train,49,1203756,38066.9,0.062001,,
train,49,1203856,38069.7,0.062700,,
train,49,1203956,38072.6,0.065010,,
train,49,1204056,38075.4,0.060366,,
train,49,1204156,38078.3,0.067469,,
train,49,1204256,38081.1,0.061266,,
train,49,1204356,38084.0,0.062328,,
train,49,1204456,38086.8,0.064966,,
train,49,1204556,38089.6,0.061811,,
train,49,1204656,38092.5,0.062233,,
train,49,1204756,38095.3,0.065526,,
train,49,1204856,38098.2,0.064401,,
train,49,1204956,38101.0,0.064411,,
train,49,1205056,38103.9,0.064403,,
train,49,1205156,38106.7,0.060396,,
train,49,1205256,38109.5,0.061115,,
train,49,1205356,38112.4,0.064725,,
train,49,1205456,38115.2,0.063382,,
train,49,1205556,38118.1,0.063142,,
train,49,1205656,38120.9,0.059472,,
train,49,1205756,38123.8,0.061233,,
train,49,1205856,38126.6,0.061691,,
train,49,1205956,38129.5,0.060407,,
train,49,1206056,38132.3,0.067727,,
train,49,1206156,38135.1,0.055220,,
train,49,1206256,38138.0,0.063284,,
train,49,1206356,38140.8,0.062030,,
train,49,1206456,38143.7,0.063100,,
train,49,1206556,38146.5,0.064262,,
train,49,1206656,38149.3,0.069917,,
train,49,1206756,38152.2,0.064368,,
train,49,1206856,38155.0,0.057097,,
train,49,1206956,38157.9,0.065680,,
train,49,1207056,38160.7,0.061864,,
train,49,1207156,38163.6,0.059147,,
train,49,1207256,38166.4,0.062814,,
train,49,1207356,38169.2,0.058626,,
train,49,1207456,38172.1,0.064949,,
train,49,1207556,38175.0,0.062282,,
train,49,1207656,38177.8,0.061738,,
train,49,1207756,38180.6,0.067608,,
train,49,1207856,38183.5,0.066489,,
train,49,1207956,38186.3,0.065913,,
train,49,1208056,38189.2,0.061649,,
train,49,1208156,38192.0,0.059617,,
train,49,1208256,38194.8,0.063088,,
train,49,1208356,38197.7,0.063194,,
train,49,1208456,38200.5,0.059995,,
train,49,1208556,38203.4,0.062967,,
train,49,1208656,38206.2,0.060073,,
train,49,1208756,38209.1,0.061431,,
train,49,1208856,38211.9,nan,,
train,49,1208956,38214.7,0.060676,,
train,49,1209056,38217.6,0.064195,,
train,49,1209156,38220.4,0.058554,,
train,49,1209256,38223.3,0.066673,,
train,49,1209356,38226.1,0.064069,,
train,49,1209456,38229.0,0.064901,,
train,49,1209556,38231.8,0.062095,,
train,49,1209656,38234.6,0.056766,,
train,49,1209756,38237.5,0.063138,,
train,49,1209856,38240.3,0.060839,,
train,49,1209956,38243.2,0.064312,,
train,49,1210056,38246.0,0.063665,,
train,49,1210156,38248.9,0.063267,,
train,49,1210256,38251.7,0.064235,,
train,49,1210356,38254.6,0.061402,,
train,49,1210456,38257.4,0.060962,,
train,49,1210556,38260.2,0.062164,,
train,49,1210656,38263.1,0.065958,,
train,49,1210756,38265.9,0.058344,,
train,49,1210856,38268.8,0.061085,,
train,49,1210956,38271.6,0.061522,,
train,49,1211056,38274.4,0.066907,,
train,49,1211156,38277.3,0.062416,,
train,49,1211256,38280.1,0.059125,,
train,49,1211356,38283.0,0.065741,,
train,49,1211456,38285.8,0.062813,,
train,49,1211556,38288.7,0.062991,,
train,49,1211656,38291.5,0.063880,,
train,49,1211756,38294.4,0.068404,,
train,49,1211856,38297.2,0.065034,,
train,49,1211956,38300.0,0.064408,,
train,49,1212056,38302.9,0.060060,,
train,49,1212156,38305.7,0.065843,,
train,49,1212256,38308.6,0.062057,,
train,49,1212356,38311.4,0.058691,,
train,49,1212456,38314.3,0.066026,,
train,49,1212556,38317.1,0.064011,,
train,49,1212656,38319.9,0.062156,,
train,49,1212756,38322.8,0.063118,,
train,49,1212856,38325.6,0.062023,,
train,49,1212956,38328.5,0.059769,,
train,49,1213056,38331.3,0.064956,,
train,49,1213156,38334.2,0.066525,,
train,49,1213256,38337.0,0.064495,,
train,49,1213356,38339.8,0.062022,,
train,49,1213456,38342.7,0.064046,,
train,49,1213556,38345.5,0.059438,,
train,49,1213656,38348.4,0.059871,,
train,49,1213756,38351.2,0.063951,,
train,49,1213856,38354.1,0.065113,,
train,49,1213956,38356.9,0.060607,,
train,49,1214056,38359.7,0.060528,,
train,49,1214156,38362.6,0.059258,,
train,49,1214256,38365.4,0.065402,,
train,49,1214356,38368.3,0.062495,,
train,49,1214456,38371.1,0.066504,,
train,49,1214556,38374.0,0.062762,,
train,49,1214656,38376.8,0.063671,,
train,49,1214756,38379.6,0.060192,,
train,49,1214856,38382.5,0.067075,,
train,49,1214956,38385.3,0.060618,,
train,49,1215056,38388.2,0.063027,,
train,49,1215156,38391.0,0.064037,,
train,49,1215256,38393.8,0.068795,,
train,49,1215356,38396.7,0.063859,,
train,49,1215456,38399.5,0.064478,,
train,49,1215556,38402.4,0.064456,,
train,49,1215656,38405.2,0.057790,,
train,49,1215756,38408.0,0.057033,,
train,49,1215856,38410.9,0.061836,,
train,49,1215956,38413.7,0.063362,,
train,49,1216056,38416.6,0.062916,,
train,49,1216156,38419.4,0.061828,,
train,49,1216256,38422.2,0.060285,,
train,49,1216356,38425.1,0.058302,,
train,49,1216456,38427.9,0.063817,,
train,49,1216556,38430.8,0.066860,,
train,49,1216656,38433.6,0.064235,,
train,49,1216756,38436.4,0.067190,,
train,49,1216856,38439.3,0.064552,,
train,49,1216956,38442.1,0.065843,,
train,49,1217056,38445.0,0.059970,,
train,49,1217156,38447.8,0.062538,,
train,49,1217256,38450.6,0.061078,,
train,49,1217356,38453.5,0.064561,,
train,49,1217456,38456.3,0.063186,,
train,49,1217556,38459.2,0.065050,,
train,49,1217656,38462.0,0.064403,,
train,49,1217756,38464.9,0.063559,,
train,49,1217856,38467.7,0.062335,,
train,49,1217956,38470.6,0.060602,,
train,49,1218056,38473.4,0.061099,,
train,49,1218156,38476.2,0.062830,,
train,49,1218256,38479.1,0.064148,,
train,49,1218356,38481.9,0.061684,,
train,49,1218456,38484.8,0.066414,,
train,49,1218556,38487.6,0.063076,,
train,49,1218656,38490.5,0.065675,,
train,49,1218756,38493.3,0.061103,,
train,49,1218856,38496.1,0.064415,,
train,49,1218956,38499.0,0.059015,,
train,49,1219056,38501.8,0.061955,,
train,49,1219156,38504.7,0.064496,,
train,49,1219256,38507.5,0.063576,,
train,49,1219356,38510.4,0.068159,,
train,49,1219456,38513.2,0.063928,,
train,49,1219556,38516.0,0.062270,,
train,49,1219656,38518.9,0.064203,,
train,49,1219756,38521.7,0.061381,,
train,49,1219856,38524.6,0.066806,,
train,49,1219956,38527.4,0.059407,,
train,49,1220056,38530.3,0.068024,,
train,49,1220156,38533.1,0.063376,,
train,49,1220256,38535.9,0.069954,,
train,49,1220356,38538.8,0.066075,,
train,49,1220456,38541.6,0.062314,,
train,49,1220556,38544.5,0.063708,,
train,49,1220656,38547.3,0.065139,,
train,49,1220756,38550.2,0.065902,,
train,49,1220856,38553.0,0.060349,,
train,49,1220956,38555.8,0.063492,,
train,49,1221056,38558.7,0.062353,,
train,49,1221156,38561.5,0.064419,,
train,49,1221256,38564.4,0.065239,,
train,49,1221356,38567.2,0.057717,,
train,49,1221456,38570.1,0.064756,,
train,49,1221556,38572.9,0.063215,,
train,49,1221656,38575.7,0.064392,,
train,49,1221756,38578.6,0.064310,,
train,49,1221856,38581.4,0.064603,,
train,49,1221956,38584.3,0.060353,,
train,49,1222056,38587.1,0.063531,,
train,49,1222156,38589.9,0.064706,,
val,49,,38669.0,0.057775,0.003990,0.000034
train,50,1222300,38673.0,0.063262,,
train,50,1222400,38675.8,0.063276,,
train,50,1222500,38678.7,0.064096,,
train,50,1222600,38681.5,0.064001,,
train,50,1222700,38684.4,0.063703,,
train,50,1222800,38687.2,0.066484,,
train,50,1222900,38690.0,0.062114,,
train,50,1223000,38692.9,0.063273,,
train,50,1223100,38695.7,0.059818,,
train,50,1223200,38698.6,0.061147,,
train,50,1223300,38701.4,0.067436,,
train,50,1223400,38704.3,0.061559,,
train,50,1223500,38707.1,0.061561,,
train,50,1223600,38709.9,0.064737,,
train,50,1223700,38712.8,0.062563,,
train,50,1223800,38715.6,0.062416,,
train,50,1223900,38718.5,0.067758,,
train,50,1224000,38721.3,0.067861,,
train,50,1224100,38724.1,0.065230,,
train,50,1224200,38727.0,0.065094,,
train,50,1224300,38729.8,0.062396,,
train,50,1224400,38732.7,0.063934,,
train,50,1224500,38735.5,0.064322,,
train,50,1224600,38738.3,0.065800,,
train,50,1224700,38741.2,0.062502,,
train,50,1224800,38744.0,0.059607,,
train,50,1224900,38746.9,0.065810,,
train,50,1225000,38749.7,0.065424,,
train,50,1225100,38752.6,0.061457,,
train,50,1225200,38755.4,0.071100,,
train,50,1225300,38758.3,0.056655,,
train,50,1225400,38761.1,0.067369,,
train,50,1225500,38763.9,0.059359,,
train,50,1225600,38766.8,0.060996,,
train,50,1225700,38769.6,0.067698,,
train,50,1225800,38772.5,0.058836,,
train,50,1225900,38775.3,0.061839,,
train,50,1226000,38778.1,0.064241,,
train,50,1226100,38781.0,0.066285,,
train,50,1226200,38783.8,0.061786,,
train,50,1226300,38786.7,0.063882,,
train,50,1226400,38789.5,0.062589,,
train,50,1226500,38792.3,0.065277,,
train,50,1226600,38795.2,0.059970,,
train,50,1226700,38798.0,0.062760,,
train,50,1226800,38800.9,0.061716,,
train,50,1226900,38803.7,0.063321,,
train,50,1227000,38806.5,0.061554,,
train,50,1227100,38809.4,0.059579,,
train,50,1227200,38812.2,0.065269,,
train,50,1227300,38815.1,0.065426,,
train,50,1227400,38817.9,0.061151,,
train,50,1227500,38820.7,0.063972,,
train,50,1227600,38823.6,0.062707,,
train,50,1227700,38826.4,0.064986,,
train,50,1227800,38829.3,0.061287,,
train,50,1227900,38832.1,0.067370,,
train,50,1228000,38834.9,0.067377,,
train,50,1228100,38837.8,0.064274,,
train,50,1228200,38840.6,0.060832,,
train,50,1228300,38843.5,0.065309,,
train,50,1228400,38846.3,0.060431,,
train,50,1228500,38849.1,0.064592,,
train,50,1228600,38852.0,0.061896,,
train,50,1228700,38854.8,0.065388,,
train,50,1228800,38857.7,0.067154,,
train,50,1228900,38860.5,0.061581,,
train,50,1229000,38863.4,0.063884,,
train,50,1229100,38866.2,0.066824,,
train,50,1229200,38869.0,0.062734,,
train,50,1229300,38871.9,0.058888,,
train,50,1229400,38874.7,0.060183,,
train,50,1229500,38877.6,0.061164,,
train,50,1229600,38880.4,0.065454,,
train,50,1229700,38883.2,0.059042,,
train,50,1229800,38886.1,0.064655,,
train,50,1229900,38888.9,0.062055,,
train,50,1230000,38891.8,0.063553,,
train,50,1230100,38894.6,0.065772,,
train,50,1230200,38897.4,0.060351,,
train,50,1230300,38900.3,0.067104,,
train,50,1230400,38903.1,0.061314,,
train,50,1230500,38906.0,0.062313,,
train,50,1230600,38908.8,0.063976,,
train,50,1230700,38911.6,0.061011,,
train,50,1230800,38914.5,0.064971,,
train,50,1230900,38917.3,0.060692,,
train,50,1231000,38920.2,0.066314,,
train,50,1231100,38923.0,0.065891,,
train,50,1231200,38925.8,0.070731,,
train,50,1231300,38928.7,0.064618,,
train,50,1231400,38931.5,0.064590,,
train,50,1231500,38934.4,0.057828,,
train,50,1231600,38937.2,0.062300,,
train,50,1231700,38940.0,0.062650,,
train,50,1231800,38942.9,0.066013,,
train,50,1231900,38945.7,0.061682,,
train,50,1232000,38948.6,0.066473,,
train,50,1232100,38951.4,0.061582,,
train,50,1232200,38954.3,0.061608,,
train,50,1232300,38957.1,0.059883,,
train,50,1232400,38959.9,0.062751,,
train,50,1232500,38962.8,0.060792,,
train,50,1232600,38965.6,0.066609,,
train,50,1232700,38968.5,0.061008,,
train,50,1232800,38971.3,0.064900,,
train,50,1232900,38974.1,0.062754,,
train,50,1233000,38977.0,0.068119,,
train,50,1233100,38979.8,0.062194,,
train,50,1233200,38982.7,0.065085,,
train,50,1233300,38985.5,0.063353,,
train,50,1233400,38988.3,0.061359,,
train,50,1233500,38991.2,0.061128,,
train,50,1233600,38994.0,0.059114,,
train,50,1233700,38996.9,0.061247,,
train,50,1233800,38999.7,0.059614,,
train,50,1233900,39002.6,0.064561,,
train,50,1234000,39005.4,0.065570,,
train,50,1234100,39008.2,0.062584,,
train,50,1234200,39011.1,0.063919,,
train,50,1234300,39013.9,0.066402,,
train,50,1234400,39016.8,0.062856,,
train,50,1234500,39019.6,0.064153,,
train,50,1234600,39022.4,0.063343,,
train,50,1234700,39025.3,0.062766,,
train,50,1234800,39028.1,0.062815,,
train,50,1234900,39031.0,0.057719,,
train,50,1235000,39033.8,0.061024,,
train,50,1235100,39036.6,nan,,
train,50,1235200,39039.5,0.065950,,
train,50,1235300,39042.3,0.064746,,
train,50,1235400,39045.2,0.066111,,
train,50,1235500,39048.0,0.060324,,
train,50,1235600,39050.8,0.065270,,
train,50,1235700,39053.7,0.060763,,
train,50,1235800,39056.5,0.067336,,
train,50,1235900,39059.4,0.062249,,
train,50,1236000,39062.2,0.063973,,
train,50,1236100,39065.0,0.062188,,
train,50,1236200,39067.9,0.063875,,
train,50,1236300,39070.7,0.062023,,
train,50,1236400,39073.6,0.064494,,
train,50,1236500,39076.4,0.060261,,
train,50,1236600,39079.2,0.062580,,
train,50,1236700,39082.1,0.062579,,
train,50,1236800,39084.9,0.065363,,
train,50,1236900,39087.8,0.059686,,
train,50,1237000,39090.6,0.064013,,
train,50,1237100,39093.5,0.067875,,
train,50,1237200,39096.3,0.057822,,
train,50,1237300,39099.1,0.063667,,
train,50,1237400,39102.0,0.062514,,
train,50,1237500,39104.8,0.062334,,
train,50,1237600,39107.7,0.063485,,
train,50,1237700,39110.5,0.060898,,
train,50,1237800,39113.3,0.064218,,
train,50,1237900,39116.2,0.065394,,
train,50,1238000,39119.0,0.061910,,
train,50,1238100,39121.9,0.061463,,
train,50,1238200,39124.7,0.060333,,
train,50,1238300,39127.5,0.060305,,
train,50,1238400,39130.4,0.061649,,
train,50,1238500,39133.2,0.062907,,
train,50,1238600,39136.1,0.064725,,
train,50,1238700,39138.9,0.060224,,
train,50,1238800,39141.7,0.059948,,
train,50,1238900,39144.6,0.062238,,
train,50,1239000,39147.4,0.061128,,
train,50,1239100,39150.3,0.065281,,
train,50,1239200,39153.1,0.059936,,
train,50,1239300,39155.9,0.063142,,
train,50,1239400,39158.8,0.065188,,
train,50,1239500,39161.6,0.061288,,
train,50,1239600,39164.5,0.063051,,
train,50,1239700,39167.3,0.059530,,
train,50,1239800,39170.1,0.061396,,
train,50,1239900,39173.0,0.063460,,
train,50,1240000,39175.8,0.064274,,
train,50,1240100,39178.7,0.068657,,
train,50,1240200,39181.5,0.062120,,
train,50,1240300,39184.3,0.066125,,
train,50,1240400,39187.2,0.065994,,
train,50,1240500,39190.0,0.066756,,
train,50,1240600,39192.8,0.056631,,
train,50,1240700,39195.7,0.059819,,
train,50,1240800,39198.5,0.058294,,
train,50,1240900,39201.4,0.062526,,
train,50,1241000,39204.2,0.063341,,
train,50,1241100,39207.0,0.061379,,
train,50,1241200,39209.9,0.065629,,
train,50,1241300,39212.7,0.063316,,
train,50,1241400,39215.5,0.064219,,
train,50,1241500,39218.4,0.063336,,
train,50,1241600,39221.2,0.062160,,
train,50,1241700,39224.1,0.061693,,
train,50,1241800,39226.9,0.059931,,
train,50,1241900,39229.7,0.062673,,
train,50,1242000,39232.6,0.065457,,
train,50,1242100,39235.4,0.061606,,
train,50,1242200,39238.2,0.060457,,
train,50,1242300,39241.1,0.066088,,
train,50,1242400,39243.9,0.063947,,
train,50,1242500,39246.8,0.063040,,
train,50,1242600,39249.6,0.067941,,
train,50,1242700,39252.4,0.060413,,
train,50,1242800,39255.3,0.069294,,
train,50,1242900,39258.1,0.058690,,
train,50,1243000,39261.0,0.065894,,
train,50,1243100,39263.8,0.066293,,
train,50,1243200,39266.6,0.059637,,
train,50,1243300,39269.5,0.065157,,
train,50,1243400,39272.3,0.063137,,
train,50,1243500,39275.2,0.060144,,
train,50,1243600,39278.0,0.064810,,
train,50,1243700,39280.8,0.061103,,
train,50,1243800,39283.7,0.062945,,
train,50,1243900,39286.5,0.062595,,
train,50,1244000,39289.4,0.059038,,
train,50,1244100,39292.2,0.067204,,
train,50,1244200,39295.1,0.066772,,
train,50,1244300,39297.9,0.063481,,
train,50,1244400,39300.7,0.063478,,
train,50,1244500,39303.6,0.062786,,
train,50,1244600,39306.4,0.059295,,
train,50,1244700,39309.3,0.063926,,
train,50,1244800,39312.1,0.062838,,
train,50,1244900,39315.0,0.063163,,
train,50,1245000,39317.8,0.055109,,
train,50,1245100,39320.6,0.064762,,
train,50,1245200,39323.5,0.063734,,
train,50,1245300,39326.3,0.061296,,
train,50,1245400,39329.2,0.063536,,
train,50,1245500,39332.0,0.062822,,
train,50,1245600,39334.8,0.059807,,
train,50,1245700,39337.7,0.065081,,
train,50,1245800,39340.5,0.063591,,
train,50,1245900,39343.4,0.061245,,
train,50,1246000,39346.2,0.066091,,
train,50,1246100,39349.0,0.059174,,
train,50,1246200,39351.9,0.061304,,
train,50,1246300,39354.7,0.061583,,
train,50,1246400,39357.6,0.064618,,
train,50,1246500,39360.4,0.062482,,
train,50,1246600,39363.2,0.063248,,
val,50,,39442.2,0.057912,0.003987,0.000034
train,51,1246744,39445.8,0.063546,,
train,51,1246844,39448.7,0.060649,,
train,51,1246944,39451.5,0.062459,,
train,51,1247044,39454.3,0.063012,,
train,51,1247144,39457.2,0.061165,,
train,51,1247244,39460.0,0.062041,,
train,51,1247344,39462.9,0.065382,,
train,51,1247444,39465.7,0.063523,,
train,51,1247544,39468.6,0.062729,,
train,51,1247644,39471.4,0.060539,,
train,51,1247744,39474.2,0.059508,,
train,51,1247844,39477.1,0.063317,,
train,51,1247944,39479.9,0.066006,,
train,51,1248044,39482.8,0.063436,,
train,51,1248144,39485.6,0.065702,,
train,51,1248244,39488.5,0.060134,,
train,51,1248344,39491.3,0.060506,,
train,51,1248444,39494.2,0.066026,,
train,51,1248544,39497.0,0.066918,,
train,51,1248644,39499.9,0.063268,,
train,51,1248744,39502.7,0.067395,,
train,51,1248844,39505.5,0.065235,,
train,51,1248944,39508.4,0.061326,,
train,51,1249044,39511.2,0.063306,,
train,51,1249144,39514.1,0.061687,,
train,51,1249244,39516.9,0.058349,,
train,51,1249344,39519.8,0.062876,,
train,51,1249444,39522.6,0.063423,,
train,51,1249544,39525.5,0.063846,,
train,51,1249644,39528.3,0.062093,,
train,51,1249744,39531.2,0.064017,,
train,51,1249844,39534.0,0.066551,,
train,51,1249944,39536.9,0.061157,,
train,51,1250044,39539.7,0.062331,,
train,51,1250144,39542.6,0.067009,,
train,51,1250244,39545.4,0.063157,,
train,51,1250344,39548.3,0.063503,,
train,51,1250444,39551.1,0.064225,,
train,51,1250544,39553.9,0.061402,,
train,51,1250644,39556.8,0.065007,,
train,51,1250744,39559.6,0.062270,,
train,51,1250844,39562.5,0.064062,,
train,51,1250944,39565.3,0.067537,,
train,51,1251044,39568.2,0.059842,,
train,51,1251144,39571.0,0.058672,,
train,51,1251244,39573.9,0.055645,,
train,51,1251344,39576.7,0.062368,,
train,51,1251444,39579.5,0.065517,,
train,51,1251544,39582.4,0.060247,,
train,51,1251644,39585.2,0.059905,,
train,51,1251744,39588.1,0.064582,,
train,51,1251844,39590.9,0.067068,,
train,51,1251944,39593.8,0.062279,,
train,51,1252044,39596.6,0.065917,,
train,51,1252144,39599.4,0.066441,,
train,51,1252244,39602.3,0.061234,,
train,51,1252344,39605.1,0.063116,,
train,51,1252444,39608.0,0.066464,,
train,51,1252544,39610.8,0.059829,,
train,51,1252644,39613.7,0.058321,,
train,51,1252744,39616.6,0.064614,,
train,51,1252844,39619.4,0.067562,,
train,51,1252944,39622.3,0.059988,,
train,51,1253044,39625.1,0.064052,,
train,51,1253144,39628.0,0.062198,,
train,51,1253244,39630.8,0.063229,,
train,51,1253344,39633.6,0.065433,,
train,51,1253444,39636.5,0.069632,,
train,51,1253544,39639.3,0.057309,,
train,51,1253644,39642.2,0.063714,,
train,51,1253744,39645.0,0.063782,,
train,51,1253844,39647.9,0.064584,,
train,51,1253944,39650.7,0.056742,,
train,51,1254044,39653.6,0.060669,,
train,51,1254144,39656.4,0.064300,,
train,51,1254244,39659.3,0.066815,,
train,51,1254344,39662.1,0.062414,,
train,51,1254444,39665.0,0.064919,,
train,51,1254544,39667.8,0.061240,,
train,51,1254644,39670.7,0.059837,,
train,51,1254744,39673.5,0.058147,,
train,51,1254844,39676.4,0.063960,,
train,51,1254944,39679.2,0.063082,,
train,51,1255044,39682.0,0.067325,,
train,51,1255144,39684.9,0.062031,,
train,51,1255244,39687.7,0.064496,,
train,51,1255344,39690.6,0.063527,,
train,51,1255444,39693.4,nan,,
train,51,1255544,39696.3,0.061148,,
train,51,1255644,39699.1,0.060702,,
train,51,1255744,39701.9,0.061365,,
train,51,1255844,39704.8,0.061273,,
train,51,1255944,39707.6,0.063965,,
train,51,1256044,39710.5,0.067611,,
train,51,1256144,39713.3,0.063852,,
train,51,1256244,39716.2,0.068173,,
train,51,1256344,39719.0,0.066716,,
train,51,1256444,39721.9,0.062301,,
train,51,1256544,39724.7,0.065606,,
train,51,1256644,39727.6,0.061997,,
train,51,1256744,39730.4,0.063735,,
train,51,1256844,39733.3,0.064199,,
train,51,1256944,39736.1,0.065470,,
train,51,1257044,39739.0,0.062521,,
train,51,1257144,39741.8,0.063428,,
train,51,1257244,39744.6,0.062062,,
train,51,1257344,39747.5,0.064042,,
train,51,1257444,39750.3,0.064477,,
train,51,1257544,39753.2,0.065002,,
train,51,1257644,39756.0,0.062410,,
train,51,1257744,39758.9,0.065941,,
train,51,1257844,39761.7,0.065147,,
train,51,1257944,39764.6,0.062083,,
train,51,1258044,39767.4,0.060895,,
train,51,1258144,39770.2,0.062645,,
train,51,1258244,39773.1,0.058664,,
train,51,1258344,39775.9,0.060436,,
train,51,1258444,39778.8,0.065566,,
train,51,1258544,39781.6,0.065586,,
train,51,1258644,39784.5,0.065960,,
train,51,1258744,39787.3,0.060748,,
train,51,1258844,39790.1,0.061752,,
train,51,1258944,39793.0,0.064046,,
train,51,1259044,39795.8,0.059783,,
train,51,1259144,39798.7,0.066557,,
train,51,1259244,39801.5,0.061628,,
train,51,1259344,39804.4,0.065467,,
train,51,1259444,39807.2,0.063328,,
train,51,1259544,39810.1,0.067788,,
train,51,1259644,39812.9,0.065625,,
train,51,1259744,39815.7,0.061232,,
train,51,1259844,39818.6,0.064024,,
train,51,1259944,39821.4,0.057069,,
train,51,1260044,39824.3,0.064006,,
train,51,1260144,39827.1,0.061909,,
train,51,1260244,39830.0,0.063738,,
train,51,1260344,39832.8,0.065717,,
train,51,1260444,39835.6,0.060811,,
train,51,1260544,39838.5,0.059788,,
train,51,1260644,39841.3,0.065131,,
train,51,1260744,39844.2,0.063828,,
train,51,1260844,39847.0,0.064839,,
train,51,1260944,39849.9,0.065479,,
train,51,1261044,39852.7,0.060191,,
train,51,1261144,39855.5,0.060345,,
train,51,1261244,39858.4,0.063423,,
train,51,1261344,39861.2,0.060940,,
train,51,1261444,39864.1,0.064146,,
train,51,1261544,39866.9,0.060420,,
train,51,1261644,39869.8,0.061127,,
train,51,1261744,39872.6,0.066389,,
train,51,1261844,39875.4,0.064290,,
train,51,1261944,39878.3,0.060017,,
train,51,1262044,39881.1,0.060255,,
train,51,1262144,39884.0,0.060627,,
train,51,1262244,39886.8,0.058974,,
train,51,1262344,39889.7,0.062038,,
train,51,1262444,39892.5,0.061288,,
train,51,1262544,39895.4,0.061178,,
train,51,1262644,39898.2,0.064419,,
train,51,1262744,39901.1,0.066908,,
train,51,1262844,39903.9,0.061851,,
train,51,1262944,39906.7,0.065775,,
train,51,1263044,39909.6,0.064460,,
train,51,1263144,39912.4,0.062185,,
train,51,1263244,39915.3,0.062964,,
train,51,1263344,39918.1,0.067375,,
train,51,1263444,39921.0,0.063604,,
train,51,1263544,39923.8,0.058108,,
train,51,1263644,39926.7,0.061855,,
train,51,1263744,39929.5,0.064111,,
train,51,1263844,39932.4,0.062131,,
train,51,1263944,39935.2,0.059984,,
train,51,1264044,39938.1,0.063178,,
train,51,1264144,39940.9,0.058053,,
train,51,1264244,39943.7,0.063465,,
train,51,1264344,39946.6,0.067897,,
train,51,1264444,39949.4,0.062281,,
train,51,1264544,39952.3,0.062982,,
train,51,1264644,39955.1,0.062322,,
train,51,1264744,39958.0,0.061273,,
train,51,1264844,39960.8,0.059782,,
train,51,1264944,39963.7,0.061159,,
train,51,1265044,39966.5,0.061891,,
train,51,1265144,39969.3,0.065386,,
train,51,1265244,39972.2,0.061720,,
train,51,1265344,39975.0,0.065441,,
train,51,1265444,39977.9,0.063204,,
train,51,1265544,39980.7,0.066235,,
train,51,1265644,39983.6,0.059825,,
train,51,1265744,39986.4,0.066560,,
train,51,1265844,39989.2,0.065292,,
train,51,1265944,39992.1,0.064318,,
train,51,1266044,39994.9,0.067424,,
train,51,1266144,39997.8,0.063043,,
train,51,1266244,40000.6,0.063445,,
train,51,1266344,40003.5,0.063081,,
train,51,1266444,40006.3,0.062824,,
train,51,1266544,40009.2,0.063950,,
train,51,1266644,40012.0,0.061617,,
train,51,1266744,40014.8,0.067101,,
train,51,1266844,40017.7,0.059147,,
train,51,1266944,40020.5,0.067286,,
train,51,1267044,40023.4,0.066984,,
train,51,1267144,40026.2,0.064764,,
train,51,1267244,40029.1,0.060126,,
train,51,1267344,40031.9,0.063885,,
train,51,1267444,40034.8,0.064703,,
train,51,1267544,40037.6,0.061057,,
train,51,1267644,40040.5,0.061956,,
train,51,1267744,40043.3,0.061103,,
train,51,1267844,40046.2,0.060707,,
train,51,1267944,40049.0,0.060753,,
train,51,1268044,40051.8,0.065175,,
train,51,1268144,40054.7,0.062768,,
train,51,1268244,40057.5,0.064296,,
train,51,1268344,40060.4,0.060713,,
train,51,1268444,40063.2,0.062715,,
train,51,1268544,40066.1,0.063091,,
train,51,1268644,40068.9,0.059792,,
train,51,1268744,40071.8,0.060260,,
train,51,1268844,40074.6,0.061468,,
train,51,1268944,40077.4,0.061757,,
train,51,1269044,40080.3,0.062910,,
train,51,1269144,40083.1,0.056855,,
train,51,1269244,40086.0,0.063329,,
train,51,1269344,40088.8,0.064459,,
train,51,1269444,40091.7,0.059654,,
train,51,1269544,40094.5,0.063073,,
train,51,1269644,40097.4,0.060989,,
train,51,1269744,40100.2,0.061019,,
train,51,1269844,40103.0,0.061731,,
train,51,1269944,40105.9,0.059873,,
train,51,1270044,40108.7,0.063892,,
train,51,1270144,40111.6,0.059763,,
train,51,1270244,40114.4,0.059616,,
train,51,1270344,40117.3,0.063435,,
train,51,1270444,40120.1,0.062506,,
train,51,1270544,40123.0,0.062660,,
train,51,1270644,40125.8,0.057614,,
train,51,1270744,40128.7,0.065070,,
train,51,1270844,40131.5,0.060720,,
train,51,1270944,40134.4,0.062480,,
train,51,1271044,40137.2,0.064319,,
val,51,,40216.4,0.057952,0.003982,0.000033
train,52,1271188,40220.0,0.061171,,
train,52,1271288,40222.9,0.063628,,
train,52,1271388,40225.7,0.061370,,
train,52,1271488,40228.5,0.066569,,
train,52,1271588,40231.4,0.062092,,
train,52,1271688,40234.2,0.063224,,
train,52,1271788,40237.1,0.060950,,
train,52,1271888,40239.9,0.062154,,
train,52,1271988,40242.8,0.066448,,
train,52,1272088,40245.6,0.065546,,
train,52,1272188,40248.4,0.062590,,
train,52,1272288,40251.3,0.064310,,
train,52,1272388,40254.1,0.062689,,
train,52,1272488,40257.0,0.064243,,
train,52,1272588,40259.8,0.062517,,
train,52,1272688,40262.6,0.062803,,
train,52,1272788,40265.5,0.064676,,
train,52,1272888,40268.3,0.061917,,
train,52,1272988,40271.2,0.058433,,
train,52,1273088,40274.0,nan,,
train,52,1273188,40276.9,0.063007,,
train,52,1273288,40279.7,0.063117,,
train,52,1273388,40282.5,0.061197,,
train,52,1273488,40285.4,0.058206,,
train,52,1273588,40288.2,0.059485,,
train,52,1273688,40291.1,0.062893,,
train,52,1273788,40293.9,0.061934,,
train,52,1273888,40296.7,0.064395,,
train,52,1273988,40299.6,0.062904,,
train,52,1274088,40302.4,0.062303,,
train,52,1274188,40305.3,0.063252,,
train,52,1274288,40308.1,0.061257,,
train,52,1274388,40311.0,0.061072,,
train,52,1274488,40313.8,0.064107,,
train,52,1274588,40316.6,0.060759,,
train,52,1274688,40319.5,0.063470,,
train,52,1274788,40322.3,0.065335,,
train,52,1274888,40325.2,0.061167,,
train,52,1274988,40328.0,0.057666,,
train,52,1275088,40330.9,0.062638,,
train,52,1275188,40333.7,0.061191,,
train,52,1275288,40336.5,0.058440,,
train,52,1275388,40339.4,0.065964,,
train,52,1275488,40342.2,0.063937,,
train,52,1275588,40345.1,0.062141,,
train,52,1275688,40347.9,0.064419,,
train,52,1275788,40350.8,0.065621,,
train,52,1275888,40353.6,0.060858,,
train,52,1275988,40356.4,0.067615,,
train,52,1276088,40359.3,0.067746,,
train,52,1276188,40362.1,0.059951,,
train,52,1276288,40365.0,0.063748,,
train,52,1276388,40367.8,0.061151,,
train,52,1276488,40370.7,0.064410,,
train,52,1276588,40373.5,0.061926,,
train,52,1276688,40376.3,0.057657,,
train,52,1276788,40379.2,0.062266,,
train,52,1276888,40382.0,0.063365,,
train,52,1276988,40384.9,0.059963,,
train,52,1277088,40387.7,0.061725,,
train,52,1277188,40390.6,0.061269,,
train,52,1277288,40393.4,0.065129,,
train,52,1277388,40396.3,0.063289,,
train,52,1277488,40399.1,0.064703,,
train,52,1277588,40401.9,0.059457,,
train,52,1277688,40404.8,0.060093,,
train,52,1277788,40407.6,0.063834,,
train,52,1277888,40410.5,0.061575,,
train,52,1277988,40413.3,0.065680,,
train,52,1278088,40416.2,0.063264,,
train,52,1278188,40419.0,0.063367,,
train,52,1278288,40421.9,0.061680,,
train,52,1278388,40424.7,0.061714,,
train,52,1278488,40427.5,0.066243,,
train,52,1278588,40430.4,0.061906,,
train,52,1278688,40433.2,0.063971,,
train,52,1278788,40436.1,0.063384,,
train,52,1278888,40438.9,0.062992,,
train,52,1278988,40441.7,0.059553,,
train,52,1279088,40444.6,0.064780,,
train,52,1279188,40447.4,0.064439,,
train,52,1279288,40450.3,0.059872,,
train,52,1279388,40453.1,0.067304,,
train,52,1279488,40456.0,0.064228,,
train,52,1279588,40458.8,0.062846,,
train,52,1279688,40461.6,0.064374,,
train,52,1279788,40464.5,0.060803,,
train,52,1279888,40467.3,0.062396,,
train,52,1279988,40470.2,0.063576,,
train,52,1280088,40473.0,0.063312,,
train,52,1280188,40475.9,0.058668,,
train,52,1280288,40478.7,0.062031,,
train,52,1280388,40481.5,0.070014,,
train,52,1280488,40484.4,0.059835,,
train,52,1280588,40487.2,0.061286,,
train,52,1280688,40490.1,0.062416,,
train,52,1280788,40492.9,0.058629,,
train,52,1280888,40495.7,0.058138,,
train,52,1280988,40498.6,0.066652,,
train,52,1281088,40501.4,0.063061,,
train,52,1281188,40504.3,0.067412,,
train,52,1281288,40507.1,0.063110,,
train,52,1281388,40510.0,0.066014,,
train,52,1281488,40512.8,0.064025,,
train,52,1281588,40515.6,0.064363,,
train,52,1281688,40518.5,0.062203,,
train,52,1281788,40521.3,0.063762,,
train,52,1281888,40524.2,0.064779,,
train,52,1281988,40527.0,0.061457,,
train,52,1282088,40529.9,0.060556,,
train,52,1282188,40532.7,0.063227,,
train,52,1282288,40535.5,0.061953,,
train,52,1282388,40538.4,0.060417,,
train,52,1282488,40541.2,0.063820,,
train,52,1282588,40544.1,0.062185,,
train,52,1282688,40546.9,0.068220,,
train,52,1282788,40549.8,0.062452,,
train,52,1282888,40552.6,0.060736,,
train,52,1282988,40555.4,0.059472,,
train,52,1283088,40558.3,0.066812,,
train,52,1283188,40561.1,0.060748,,
train,52,1283288,40564.0,0.061609,,
train,52,1283388,40566.8,0.060819,,
train,52,1283488,40569.7,0.060476,,
train,52,1283588,40572.5,0.065092,,
train,52,1283688,40575.3,0.061254,,
train,52,1283788,40578.2,0.060885,,
train,52,1283888,40581.0,0.059815,,
train,52,1283988,40583.9,0.064128,,
train,52,1284088,40586.7,0.064072,,
train,52,1284188,40589.6,0.060804,,
train,52,1284288,40592.4,0.059903,,
train,52,1284388,40595.3,0.062543,,
train,52,1284488,40598.1,0.062289,,
train,52,1284588,40600.9,0.059310,,
train,52,1284688,40603.8,0.066392,,
train,52,1284788,40606.6,0.062583,,
train,52,1284888,40609.5,0.063132,,
train,52,1284988,40612.3,0.062844,,
train,52,1285088,40615.2,0.064320,,
train,52,1285188,40618.0,0.061120,,
train,52,1285288,40620.9,0.064245,,
train,52,1285388,40623.7,0.063314,,
train,52,1285488,40626.5,0.055839,,
train,52,1285588,40629.4,0.065323,,
train,52,1285688,40632.2,0.061427,,
train,52,1285788,40635.1,0.068596,,
train,52,1285888,40637.9,0.062863,,
train,52,1285988,40640.8,0.065039,,
train,52,1286088,40643.6,0.061371,,
train,52,1286188,40646.4,0.057702,,
train,52,1286288,40649.3,0.060723,,
train,52,1286388,40652.1,0.060040,,
train,52,1286488,40655.0,0.059312,,
train,52,1286588,40657.8,0.064770,,
train,52,1286688,40660.6,0.060857,,
train,52,1286788,40663.5,0.060432,,
train,52,1286888,40666.3,0.059366,,
train,52,1286988,40669.2,0.065520,,
train,52,1287088,40672.0,0.062345,,
train,52,1287188,40674.9,0.064749,,
train,52,1287288,40677.7,0.062205,,
train,52,1287388,40680.6,0.064566,,
train,52,1287488,40683.4,0.065729,,
train,52,1287588,40686.2,0.062443,,
train,52,1287688,40689.1,0.063800,,
train,52,1287788,40691.9,0.060771,,
train,52,1287888,40694.8,0.060268,,
train,52,1287988,40697.6,0.062729,,
train,52,1288088,40700.5,0.061954,,
train,52,1288188,40703.3,0.061845,,
train,52,1288288,40706.1,0.063752,,
train,52,1288388,40709.0,0.061853,,
train,52,1288488,40711.8,0.061787,,
train,52,1288588,40714.7,0.060014,,
train,52,1288688,40717.5,0.062637,,
train,52,1288788,40720.3,0.065146,,
train,52,1288888,40723.2,0.058721,,
train,52,1288988,40726.0,0.066041,,
train,52,1289088,40728.9,0.059950,,
train,52,1289188,40731.7,0.063072,,
train,52,1289288,40734.6,0.058839,,
train,52,1289388,40737.4,0.067385,,
train,52,1289488,40740.2,0.064863,,
train,52,1289588,40743.1,0.061379,,
train,52,1289688,40745.9,0.060249,,
train,52,1289788,40748.8,0.056967,,
train,52,1289888,40751.6,0.064439,,
train,52,1289988,40754.5,0.060340,,
train,52,1290088,40757.3,0.060581,,
train,52,1290188,40760.1,0.061846,,
train,52,1290288,40763.0,0.063837,,
train,52,1290388,40765.8,0.062817,,
train,52,1290488,40768.7,0.061684,,
train,52,1290588,40771.5,0.060594,,
train,52,1290688,40774.4,0.058102,,
train,52,1290788,40777.2,0.065633,,
train,52,1290888,40780.0,0.061776,,
train,52,1290988,40782.9,0.065565,,
train,52,1291088,40785.7,0.067442,,
train,52,1291188,40788.6,0.059920,,
train,52,1291288,40791.4,0.059424,,
train,52,1291388,40794.3,0.058994,,
train,52,1291488,40797.1,0.064056,,
train,52,1291588,40799.9,0.066475,,
train,52,1291688,40802.8,0.062692,,
train,52,1291788,40805.6,0.064376,,
train,52,1291888,40808.5,0.060296,,
train,52,1291988,40811.3,0.060415,,
train,52,1292088,40814.2,0.061665,,
train,52,1292188,40817.0,0.058809,,
train,52,1292288,40819.9,0.062722,,
train,52,1292388,40822.7,0.065928,,
train,52,1292488,40825.6,0.058731,,
train,52,1292588,40828.4,0.061971,,
train,52,1292688,40831.2,0.063332,,
train,52,1292788,40834.1,0.062672,,
train,52,1292888,40836.9,0.066061,,
train,52,1292988,40839.8,0.062675,,
train,52,1293088,40842.6,0.069468,,
train,52,1293188,40845.5,0.064892,,
train,52,1293288,40848.3,0.060012,,
train,52,1293388,40851.1,0.061445,,
train,52,1293488,40854.0,0.065279,,
train,52,1293588,40856.8,0.061738,,
train,52,1293688,40859.7,0.062482,,
train,52,1293788,40862.5,0.063034,,
train,52,1293888,40865.4,0.062818,,
train,52,1293988,40868.2,0.062270,,
train,52,1294088,40871.0,0.061530,,
train,52,1294188,40873.9,0.064095,,
train,52,1294288,40876.7,0.063847,,
train,52,1294388,40879.6,0.058546,,
train,52,1294488,40882.4,0.065549,,
train,52,1294588,40885.3,0.062248,,
train,52,1294688,40888.1,0.063329,,
train,52,1294788,40890.9,0.059475,,
train,52,1294888,40893.8,0.062411,,
train,52,1294988,40896.6,0.063469,,
train,52,1295088,40899.5,0.065537,,
train,52,1295188,40902.3,0.061309,,
train,52,1295288,40905.1,0.066667,,
train,52,1295388,40908.0,0.063012,,
train,52,1295488,40910.8,0.061757,,
val,52,,40989.8,0.057627,0.003980,0.000033
train,53,1295632,40993.8,0.066250,,
train,53,1295732,40996.6,0.065360,,
train,53,1295832,40999.5,0.062816,,
train,53,1295932,41002.3,0.064834,,
train,53,1296032,41005.2,0.060615,,
train,53,1296132,41008.0,0.061716,,
train,53,1296232,41010.9,0.061405,,
train,53,1296332,41013.7,0.064374,,
train,53,1296432,41016.5,0.064017,,
train,53,1296532,41019.4,0.065163,,
train,53,1296632,41022.2,0.057819,,
train,53,1296732,41025.1,0.066347,,
train,53,1296832,41027.9,0.058232,,
train,53,1296932,41030.8,0.064271,,
train,53,1297032,41033.6,0.060995,,
train,53,1297132,41036.4,0.064604,,
train,53,1297232,41039.3,0.062691,,
train,53,1297332,41042.1,0.062796,,
train,53,1297432,41045.0,0.062770,,
train,53,1297532,41047.8,0.062725,,
train,53,1297632,41050.7,0.058794,,
train,53,1297732,41053.5,0.061842,,
train,53,1297832,41056.3,0.063745,,
train,53,1297932,41059.2,0.062045,,
train,53,1298032,41062.0,0.060304,,
train,53,1298132,41064.9,0.061644,,
train,53,1298232,41067.7,nan,,
train,53,1298332,41070.6,0.065180,,
train,53,1298432,41073.4,0.065881,,
train,53,1298532,41076.2,0.060184,,
train,53,1298632,41079.1,0.059256,,
train,53,1298732,41081.9,0.063126,,
train,53,1298832,41084.8,0.063691,,
train,53,1298932,41087.6,0.062397,,
train,53,1299032,41090.4,0.064242,,
train,53,1299132,41093.3,0.065564,,
train,53,1299232,41096.1,0.061254,,
train,53,1299332,41099.0,0.066846,,
train,53,1299432,41101.8,0.063006,,
train,53,1299532,41104.6,0.063021,,
train,53,1299632,41107.5,0.066258,,
train,53,1299732,41110.3,0.059516,,
train,53,1299832,41113.2,0.057784,,
train,53,1299932,41116.0,0.064790,,
train,53,1300032,41118.8,0.060653,,
train,53,1300132,41121.7,0.065461,,
train,53,1300232,41124.5,0.063969,,
train,53,1300332,41127.4,0.066895,,
train,53,1300432,41130.2,0.060538,,
train,53,1300532,41133.1,0.060065,,
train,53,1300632,41135.9,0.063914,,
train,53,1300732,41138.8,0.062630,,
train,53,1300832,41141.6,0.063660,,
train,53,1300932,41144.4,0.064215,,
train,53,1301032,41147.3,0.063600,,
train,53,1301132,41150.1,0.067099,,
train,53,1301232,41153.0,0.063201,,
train,53,1301332,41155.8,0.065611,,
train,53,1301432,41158.7,0.059105,,
train,53,1301532,41161.5,0.062160,,
train,53,1301632,41164.4,0.064427,,
train,53,1301732,41167.2,0.063746,,
train,53,1301832,41170.0,0.058977,,
train,53,1301932,41172.9,0.059587,,
train,53,1302032,41175.7,0.059092,,
train,53,1302132,41178.6,0.059647,,
train,53,1302232,41181.4,0.061859,,
train,53,1302332,41184.2,0.062968,,
train,53,1302432,41187.1,0.061057,,
train,53,1302532,41189.9,0.060209,,
train,53,1302632,41192.8,0.060908,,
train,53,1302732,41195.6,0.057592,,
train,53,1302832,41198.5,0.062209,,
train,53,1302932,41201.3,0.064686,,
train,53,1303032,41204.1,0.064332,,
train,53,1303132,41207.0,0.059737,,
train,53,1303232,41209.8,0.063392,,
train,53,1303332,41212.7,0.062809,,
train,53,1303432,41215.5,0.066309,,
train,53,1303532,41218.4,0.063905,,
train,53,1303632,41221.2,0.062453,,
train,53,1303732,41224.1,0.064918,,
train,53,1303832,41226.9,0.061833,,
train,53,1303932,41229.7,0.065646,,
train,53,1304032,41232.6,0.058178,,
train,53,1304132,41235.4,0.058363,,
train,53,1304232,41238.3,0.062927,,
train,53,1304332,41241.1,0.064607,,
train,53,1304432,41243.9,0.061825,,
train,53,1304532,41246.8,0.062118,,
train,53,1304632,41249.6,0.063963,,
train,53,1304732,41252.5,0.063291,,
train,53,1304832,41255.3,0.063135,,
train,53,1304932,41258.1,0.060593,,
train,53,1305032,41261.0,0.064250,,
train,53,1305132,41263.8,0.065390,,
train,53,1305232,41266.7,0.064573,,
train,53,1305332,41269.5,0.061808,,
train,53,1305432,41272.4,0.061887,,
train,53,1305532,41275.2,0.066110,,
train,53,1305632,41278.0,0.061559,,
train,53,1305732,41280.9,0.063426,,
train,53,1305832,41283.7,0.068144,,
train,53,1305932,41286.6,0.063302,,
train,53,1306032,41289.4,0.063850,,
train,53,1306132,41292.2,0.062968,,
train,53,1306232,41295.1,0.061525,,
train,53,1306332,41297.9,0.063031,,
train,53,1306432,41300.8,0.062775,,
train,53,1306532,41303.6,0.058297,,
train,53,1306632,41306.5,0.060012,,
train,53,1306732,41309.3,0.059611,,
train,53,1306832,41312.1,0.063625,,
train,53,1306932,41315.0,0.063019,,
train,53,1307032,41317.8,0.062539,,
train,53,1307132,41320.7,0.062054,,
train,53,1307232,41323.5,0.065797,,
train,53,1307332,41326.3,0.063755,,
train,53,1307432,41329.2,0.057798,,
train,53,1307532,41332.0,0.061717,,
train,53,1307632,41334.9,0.067088,,
train,53,1307732,41337.7,0.059730,,
train,53,1307832,41340.6,0.060294,,
train,53,1307932,41343.4,0.060535,,
train,53,1308032,41346.2,0.063953,,
train,53,1308132,41349.1,0.057937,,
train,53,1308232,41351.9,0.062428,,
train,53,1308332,41354.8,0.069706,,
train,53,1308432,41357.6,0.059134,,
train,53,1308532,41360.4,0.061501,,
train,53,1308632,41363.3,0.063265,,
train,53,1308732,41366.1,0.067452,,
train,53,1308832,41369.0,0.060247,,
train,53,1308932,41371.8,0.060783,,
train,53,1309032,41374.7,0.062695,,
train,53,1309132,41377.5,0.064777,,
train,53,1309232,41380.3,0.063044,,
train,53,1309332,41383.2,0.064821,,
train,53,1309432,41386.0,0.059483,,
train,53,1309532,41388.9,0.058376,,
train,53,1309632,41391.7,0.059456,,
train,53,1309732,41394.6,0.063189,,
train,53,1309832,41397.4,0.060987,,
train,53,1309932,41400.2,0.065879,,
train,53,1310032,41403.1,0.062051,,
train,53,1310132,41405.9,0.061806,,
train,53,1310232,41408.8,0.064008,,
train,53,1310332,41411.6,0.065977,,
train,53,1310432,41414.5,0.066056,,
train,53,1310532,41417.3,0.059265,,
train,53,1310632,41420.2,0.061735,,
train,53,1310732,41423.0,0.056990,,
train,53,1310832,41425.9,0.062943,,
train,53,1310932,41428.7,0.058040,,
train,53,1311032,41431.5,0.059665,,
train,53,1311132,41434.4,0.059192,,
train,53,1311232,41437.2,0.058968,,
train,53,1311332,41440.1,0.063798,,
train,53,1311432,41442.9,0.064599,,
train,53,1311532,41445.8,0.061552,,
train,53,1311632,41448.6,0.065292,,
train,53,1311732,41451.4,0.063077,,
train,53,1311832,41454.3,0.061368,,
train,53,1311932,41457.1,0.059774,,
train,53,1312032,41460.0,0.058565,,
train,53,1312132,41462.8,0.064526,,
train,53,1312232,41465.7,0.062273,,
train,53,1312332,41468.5,0.062315,,
train,53,1312432,41471.3,0.064390,,
train,53,1312532,41474.2,0.063800,,
train,53,1312632,41477.0,0.066257,,
train,53,1312732,41479.9,0.063654,,
train,53,1312832,41482.7,0.060937,,
train,53,1312932,41485.6,0.060054,,
train,53,1313032,41488.4,0.062777,,
train,53,1313132,41491.2,0.061219,,
train,53,1313232,41494.1,0.062104,,
train,53,1313332,41496.9,0.062566,,
train,53,1313432,41499.8,0.062234,,
train,53,1313532,41502.6,0.063065,,
train,53,1313632,41505.4,0.063485,,
train,53,1313732,41508.3,0.062475,,
train,53,1313832,41511.1,0.058752,,
train,53,1313932,41513.9,0.061077,,
train,53,1314032,41516.8,0.065518,,
train,53,1314132,41519.6,0.065184,,
train,53,1314232,41522.5,0.062536,,
train,53,1314332,41525.3,0.061466,,
train,53,1314432,41528.2,0.064936,,
train,53,1314532,41531.0,0.060435,,
train,53,1314632,41533.9,0.061374,,
train,53,1314732,41536.7,0.063583,,
train,53,1314832,41539.5,0.063165,,
train,53,1314932,41542.4,0.066362,,
train,53,1315032,41545.2,0.059881,,
train,53,1315132,41548.1,0.063288,,
train,53,1315232,41550.9,0.060544,,
train,53,1315332,41553.8,0.062447,,
train,53,1315432,41556.6,0.060649,,
train,53,1315532,41559.4,0.068203,,
train,53,1315632,41562.3,0.064107,,
train,53,1315732,41565.1,0.064855,,
train,53,1315832,41568.0,0.060512,,
train,53,1315932,41570.8,0.060310,,
train,53,1316032,41573.7,0.059290,,
train,53,1316132,41576.5,0.062484,,
train,53,1316232,41579.3,0.064561,,
train,53,1316332,41582.2,0.059119,,
train,53,1316432,41585.0,0.062228,,
train,53,1316532,41587.9,0.060302,,
train,53,1316632,41590.7,0.060295,,
train,53,1316732,41593.6,0.061117,,
train,53,1316832,41596.4,0.064565,,
train,53,1316932,41599.3,0.063004,,
train,53,1317032,41602.1,0.062270,,
train,53,1317132,41605.0,0.064116,,
train,53,1317232,41607.8,0.060892,,
train,53,1317332,41610.7,0.066439,,
train,53,1317432,41613.5,0.058290,,
train,53,1317532,41616.3,0.065628,,
train,53,1317632,41619.2,0.062767,,
train,53,1317732,41622.0,0.062290,,
train,53,1317832,41624.9,0.068228,,
train,53,1317932,41627.7,0.063114,,
train,53,1318032,41630.6,0.062607,,
train,53,1318132,41633.4,0.060530,,
train,53,1318232,41636.3,0.061003,,
train,53,1318332,41639.1,0.063813,,
train,53,1318432,41641.9,0.063077,,
train,53,1318532,41644.8,0.062441,,
train,53,1318632,41647.6,0.062513,,
train,53,1318732,41650.5,0.060377,,
train,53,1318832,41653.3,0.060676,,
train,53,1318932,41656.2,0.061583,,
train,53,1319032,41659.0,0.059991,,
train,53,1319132,41661.8,0.065285,,
train,53,1319232,41664.7,0.064617,,
train,53,1319332,41667.5,0.065346,,
train,53,1319432,41670.4,0.068908,,
train,53,1319532,41673.2,0.060000,,
train,53,1319632,41676.1,0.064695,,
train,53,1319732,41678.9,0.063088,,
train,53,1319832,41681.7,0.064046,,
train,53,1319932,41684.6,0.060878,,
val,53,,41763.7,0.057680,0.003976,0.000033
train,54,1320076,41767.2,0.061667,,
train,54,1320176,41770.1,0.065525,,
train,54,1320276,41772.9,0.061180,,
train,54,1320376,41775.8,0.069218,,
train,54,1320476,41778.6,0.060673,,
train,54,1320576,41781.5,0.063756,,
train,54,1320676,41784.3,0.061308,,
train,54,1320776,41787.2,0.058863,,
train,54,1320876,41790.0,0.064690,,
train,54,1320976,41792.9,0.064033,,
train,54,1321076,41795.7,0.060172,,
train,54,1321176,41798.6,0.060779,,
train,54,1321276,41801.4,0.060108,,
train,54,1321376,41804.2,0.060135,,
train,54,1321476,41807.1,0.060330,,
train,54,1321576,41809.9,0.059503,,
train,54,1321676,41812.8,0.059264,,
train,54,1321776,41815.6,0.063096,,
train,54,1321876,41818.5,0.058906,,
train,54,1321976,41821.3,0.064478,,
train,54,1322076,41824.2,0.062483,,
train,54,1322176,41827.0,0.063622,,
train,54,1322276,41829.9,0.061797,,
train,54,1322376,41832.7,0.060731,,
train,54,1322476,41835.6,0.063492,,
train,54,1322576,41838.4,0.056809,,
train,54,1322676,41841.2,0.065220,,
train,54,1322776,41844.1,0.063063,,
train,54,1322876,41846.9,0.059851,,
train,54,1322976,41849.8,0.064963,,
train,54,1323076,41852.6,0.062844,,
train,54,1323176,41855.4,0.060889,,
train,54,1323276,41858.3,0.067318,,
train,54,1323376,41861.1,0.065565,,
train,54,1323476,41864.0,0.062732,,
train,54,1323576,41866.8,0.062859,,
train,54,1323676,41869.7,0.060567,,
train,54,1323776,41872.5,0.064922,,
train,54,1323876,41875.3,0.066023,,
train,54,1323976,41878.2,0.064447,,
train,54,1324076,41881.0,0.064657,,
train,54,1324176,41883.9,0.060974,,
train,54,1324276,41886.7,0.059368,,
train,54,1324376,41889.6,0.060481,,
train,54,1324476,41892.4,0.062389,,
train,54,1324576,41895.3,0.062703,,
train,54,1324676,41898.1,0.064038,,
train,54,1324776,41900.9,0.061920,,
train,54,1324876,41903.8,0.058354,,
train,54,1324976,41906.6,0.067514,,
train,54,1325076,41909.5,0.064198,,
train,54,1325176,41912.3,0.061891,,
train,54,1325276,41915.2,0.064597,,
train,54,1325376,41918.0,0.060665,,
train,54,1325476,41920.8,0.059019,,
train,54,1325576,41923.7,0.061053,,
train,54,1325676,41926.5,0.060884,,
train,54,1325776,41929.4,0.059454,,
train,54,1325876,41932.2,0.064810,,
train,54,1325976,41935.1,0.056909,,
train,54,1326076,41937.9,0.066850,,
train,54,1326176,41940.8,0.063726,,
train,54,1326276,41943.6,0.064011,,
train,54,1326376,41946.4,0.064490,,
train,54,1326476,41949.3,0.065875,,
train,54,1326576,41952.1,0.060261,,
train,54,1326676,41955.0,0.063687,,
train,54,1326776,41957.8,0.062235,,
train,54,1326876,41960.7,0.059354,,
train,54,1326976,41963.5,0.066062,,
train,54,1327076,41966.4,0.060567,,
train,54,1327176,41969.2,0.059509,,
train,54,1327276,41972.0,0.060756,,
train,54,1327376,41974.9,0.060646,,
train,54,1327476,41977.7,0.062616,,
train,54,1327576,41980.6,0.063400,,
train,54,1327676,41983.4,0.065698,,
train,54,1327776,41986.3,0.059801,,
train,54,1327876,41989.1,0.060005,,
train,54,1327976,41992.0,0.065419,,
train,54,1328076,41994.8,0.063917,,
train,54,1328176,41997.7,0.065573,,
train,54,1328276,42000.5,0.060272,,
train,54,1328376,42003.4,0.061876,,
train,54,1328476,42006.2,0.067761,,
train,54,1328576,42009.1,0.061512,,
train,54,1328676,42011.9,0.060205,,
train,54,1328776,42014.7,0.065001,,
train,54,1328876,42017.6,0.063901,,
train,54,1328976,42020.4,0.064006,,
train,54,1329076,42023.3,0.061109,,
train,54,1329176,42026.1,0.061895,,
train,54,1329276,42029.0,0.067326,,
train,54,1329376,42031.8,0.061582,,
train,54,1329476,42034.7,0.062315,,
train,54,1329576,42037.5,0.061998,,
train,54,1329676,42040.4,0.061099,,
train,54,1329776,42043.2,0.064460,,
train,54,1329876,42046.1,0.065147,,
train,54,1329976,42048.9,0.065910,,
train,54,1330076,42051.7,0.066509,,
train,54,1330176,42054.6,0.064687,,
train,54,1330276,42057.4,0.061062,,
train,54,1330376,42060.3,0.061424,,
train,54,1330476,42063.1,0.062775,,
train,54,1330576,42066.0,0.064414,,
train,54,1330676,42068.8,0.061976,,
train,54,1330776,42071.7,0.061363,,
train,54,1330876,42074.5,0.062849,,
train,54,1330976,42077.3,0.062746,,
train,54,1331076,42080.2,0.061783,,
train,54,1331176,42083.0,0.060552,,
train,54,1331276,42085.9,0.058599,,
train,54,1331376,42088.7,0.059955,,
train,54,1331476,42091.6,0.059329,,
train,54,1331576,42094.4,0.063959,,
train,54,1331676,42097.2,0.062800,,
train,54,1331776,42100.1,0.067181,,
train,54,1331876,42102.9,0.060877,,
train,54,1331976,42105.8,0.060279,,
train,54,1332076,42108.6,0.063900,,
train,54,1332176,42111.5,0.063152,,
train,54,1332276,42114.3,0.059045,,
train,54,1332376,42117.1,0.062498,,
train,54,1332476,42120.0,0.068014,,
train,54,1332576,42122.8,0.063280,,
train,54,1332676,42125.7,0.058778,,
train,54,1332776,42128.5,0.064755,,
train,54,1332876,42131.4,0.060999,,
train,54,1332976,42134.2,0.064976,,
train,54,1333076,42137.1,0.064438,,
train,54,1333176,42139.9,0.061731,,
train,54,1333276,42142.7,0.062339,,
train,54,1333376,42145.6,0.066014,,
train,54,1333476,42148.4,0.061028,,
train,54,1333576,42151.3,0.064862,,
train,54,1333676,42154.1,0.063099,,
train,54,1333776,42157.0,0.063443,,
train,54,1333876,42159.8,0.061974,,
train,54,1333976,42162.7,0.057909,,
train,54,1334076,42165.5,0.061681,,
train,54,1334176,42168.3,0.067825,,
train,54,1334276,42171.2,0.065335,,
train,54,1334376,42174.0,0.061937,,
train,54,1334476,42176.9,0.065024,,
train,54,1334576,42179.7,0.064671,,
train,54,1334676,42182.6,0.061484,,
train,54,1334776,42185.4,0.062740,,
train,54,1334876,42188.3,0.066651,,
train,54,1334976,42191.1,0.064067,,
train,54,1335076,42193.9,0.061466,,
train,54,1335176,42196.8,0.061796,,
train,54,1335276,42199.6,0.062907,,
train,54,1335376,42202.5,0.061045,,
train,54,1335476,42205.3,0.062021,,
train,54,1335576,42208.2,0.063668,,
train,54,1335676,42211.0,0.062740,,
train,54,1335776,42213.9,0.060082,,
train,54,1335876,42216.7,0.060054,,
train,54,1335976,42219.6,0.061859,,
train,54,1336076,42222.4,0.061897,,
train,54,1336176,42225.3,0.065956,,
train,54,1336276,42228.1,0.060536,,
train,54,1336376,42231.0,0.060690,,
train,54,1336476,42233.8,0.062563,,
train,54,1336576,42236.7,0.059415,,
train,54,1336676,42239.5,0.062970,,
train,54,1336776,42242.4,0.061193,,
train,54,1336876,42245.2,0.060930,,
train,54,1336976,42248.1,0.064173,,
train,54,1337076,42250.9,0.060243,,
train,54,1337176,42253.7,0.063818,,
train,54,1337276,42256.6,0.062481,,
train,54,1337376,42259.4,0.057943,,
train,54,1337476,42262.3,0.063818,,
train,54,1337576,42265.1,0.060219,,
train,54,1337676,42268.0,0.060979,,
train,54,1337776,42270.8,0.060178,,
train,54,1337876,42273.6,0.059014,,
train,54,1337976,42276.5,0.062437,,
train,54,1338076,42279.3,0.060684,,
train,54,1338176,42282.2,0.062123,,
train,54,1338276,42285.0,0.063451,,
train,54,1338376,42287.9,0.064601,,
train,54,1338476,42290.7,0.062919,,
train,54,1338576,42293.5,0.062504,,
train,54,1338676,42296.4,0.063528,,
train,54,1338776,42299.2,0.061415,,
train,54,1338876,42302.1,0.066944,,
train,54,1338976,42304.9,0.058467,,
train,54,1339076,42307.8,0.068795,,
train,54,1339176,42310.6,0.063205,,
train,54,1339276,42313.5,0.060613,,
train,54,1339376,42316.3,0.057947,,
train,54,1339476,42319.1,0.063182,,
train,54,1339576,42322.0,0.062627,,
train,54,1339676,42324.8,0.059904,,
train,54,1339776,42327.7,0.060508,,
train,54,1339876,42330.5,0.061709,,
train,54,1339976,42333.4,0.062042,,
train,54,1340076,42336.2,0.064681,,
train,54,1340176,42339.1,0.062158,,
train,54,1340276,42341.9,0.068323,,
train,54,1340376,42344.7,0.061494,,
train,54,1340476,42347.6,0.063107,,
train,54,1340576,42350.4,0.060840,,
train,54,1340676,42353.3,0.058437,,
train,54,1340776,42356.1,0.058385,,
train,54,1340876,42359.0,0.072222,,
train,54,1340976,42361.8,0.066725,,
train,54,1341076,42364.7,0.062136,,
train,54,1341176,42367.5,0.061793,,
train,54,1341276,42370.4,0.062006,,
train,54,1341376,42373.2,0.062249,,
train,54,1341476,42376.0,0.066463,,
train,54,1341576,42378.9,0.062990,,
train,54,1341676,42381.7,0.060005,,
train,54,1341776,42384.6,0.059366,,
train,54,1341876,42387.4,0.064189,,
train,54,1341976,42390.3,0.064895,,
train,54,1342076,42393.1,0.063283,,
train,54,1342176,42396.0,0.063707,,
train,54,1342276,42398.8,0.056870,,
train,54,1342376,42401.7,0.064232,,
train,54,1342476,42404.5,0.063592,,
train,54,1342576,42407.4,0.057468,,
train,54,1342676,42410.2,0.057333,,
train,54,1342776,42413.1,0.058389,,
train,54,1342876,42415.9,0.066477,,
train,54,1342976,42418.8,0.057265,,
train,54,1343076,42421.6,0.063339,,
train,54,1343176,42424.5,0.059459,,
train,54,1343276,42427.3,0.060588,,
train,54,1343376,42430.2,0.063555,,
train,54,1343476,42433.0,0.062194,,
train,54,1343576,42435.8,nan,,
train,54,1343676,42438.7,0.063322,,
train,54,1343776,42441.5,0.056852,,
train,54,1343876,42444.4,0.061099,,
train,54,1343976,42447.2,0.065951,,
train,54,1344076,42450.1,0.059907,,
train,54,1344176,42452.9,0.062171,,
train,54,1344276,42455.8,0.062459,,
train,54,1344376,42458.6,0.058120,,
val,54,,42537.6,0.057675,0.003973,0.000033
train,55,1344520,42541.2,0.061516,,
train,55,1344620,42544.0,0.063334,,
train,55,1344720,42546.9,0.061160,,
train,55,1344820,42549.7,0.059400,,
train,55,1344920,42552.6,0.065491,,
train,55,1345020,42555.4,0.061026,,
train,55,1345120,42558.2,0.061967,,
train,55,1345220,42561.1,0.066104,,
train,55,1345320,42563.9,0.064879,,
train,55,1345420,42566.8,nan,,
train,55,1345520,42569.6,0.062779,,
train,55,1345620,42572.5,0.060223,,
train,55,1345720,42575.3,0.062412,,
train,55,1345820,42578.1,0.063043,,
train,55,1345920,42581.0,0.063725,,
train,55,1346020,42583.8,0.058085,,
train,55,1346120,42586.7,0.066198,,
train,55,1346220,42589.5,0.061126,,
train,55,1346320,42592.4,0.064608,,
train,55,1346420,42595.2,0.067744,,
train,55,1346520,42598.0,0.061743,,
train,55,1346620,42600.9,0.061946,,
train,55,1346720,42603.7,0.059203,,
train,55,1346820,42606.6,0.062209,,
train,55,1346920,42609.4,0.064955,,
train,55,1347020,42612.2,0.063266,,
train,55,1347120,42615.1,0.063345,,
train,55,1347220,42617.9,0.061481,,
train,55,1347320,42620.8,0.064727,,
train,55,1347420,42623.6,0.063227,,
train,55,1347520,42626.4,0.059670,,
train,55,1347620,42629.3,0.064588,,
train,55,1347720,42632.1,0.064822,,
train,55,1347820,42635.0,0.059880,,
train,55,1347920,42637.8,0.062933,,
train,55,1348020,42640.7,0.057013,,
train,55,1348120,42643.5,0.059946,,
train,55,1348220,42646.3,0.064482,,
train,55,1348320,42649.2,0.063825,,
train,55,1348420,42652.0,0.060411,,
train,55,1348520,42654.9,0.059643,,
train,55,1348620,42657.7,0.061762,,
train,55,1348720,42660.5,0.062698,,
train,55,1348820,42663.4,0.065162,,
train,55,1348920,42666.2,0.062210,,
train,55,1349020,42669.1,0.063499,,
train,55,1349120,42671.9,0.061966,,
train,55,1349220,42674.7,0.060104,,
train,55,1349320,42677.6,0.064344,,
train,55,1349420,42680.4,0.064458,,
train,55,1349520,42683.3,0.061380,,
train,55,1349620,42686.1,0.060321,,
train,55,1349720,42688.9,0.061812,,
train,55,1349820,42691.8,0.060148,,
train,55,1349920,42694.6,0.063048,,
train,55,1350020,42697.5,0.060680,,
train,55,1350120,42700.3,0.061891,,
train,55,1350220,42703.2,0.062765,,
train,55,1350320,42706.0,0.058332,,
train,55,1350420,42708.8,0.060328,,
train,55,1350520,42711.7,0.065277,,
train,55,1350620,42714.5,0.057227,,
train,55,1350720,42717.4,0.059934,,
train,55,1350820,42720.2,0.060939,,
train,55,1350920,42723.0,0.061598,,
train,55,1351020,42725.9,0.060610,,
train,55,1351120,42728.7,0.061622,,
train,55,1351220,42731.6,0.062547,,
train,55,1351320,42734.4,0.057119,,
train,55,1351420,42737.3,0.058826,,
train,55,1351520,42740.1,0.059688,,
train,55,1351620,42742.9,0.059421,,
train,55,1351720,42745.8,0.060323,,
train,55,1351820,42748.6,0.058006,,
train,55,1351920,42751.5,0.059735,,
train,55,1352020,42754.3,0.058013,,
train,55,1352120,42757.1,0.062421,,
train,55,1352220,42760.0,0.064453,,
train,55,1352320,42762.8,0.062290,,
train,55,1352420,42765.7,0.062838,,
train,55,1352520,42768.5,0.059967,,
train,55,1352620,42771.4,0.060967,,
train,55,1352720,42774.2,0.057300,,
train,55,1352820,42777.0,0.063469,,
train,55,1352920,42779.9,0.061702,,
train,55,1353020,42782.7,0.059004,,
train,55,1353120,42785.6,0.061631,,
train,55,1353220,42788.4,0.068827,,
train,55,1353320,42791.3,0.061828,,
train,55,1353420,42794.1,0.061726,,
train,55,1353520,42797.0,0.061924,,
train,55,1353620,42799.8,0.058530,,
train,55,1353720,42802.6,0.060844,,
train,55,1353820,42805.5,0.060338,,
train,55,1353920,42808.3,0.062363,,
train,55,1354020,42811.2,0.064761,,
train,55,1354120,42814.0,0.063398,,
train,55,1354220,42816.9,0.064617,,
train,55,1354320,42819.7,0.061100,,
train,55,1354420,42822.5,0.065116,,
train,55,1354520,42825.4,0.058247,,
train,55,1354620,42828.2,0.064950,,
train,55,1354720,42831.1,0.060733,,
train,55,1354820,42833.9,0.061378,,
train,55,1354920,42836.8,0.064002,,
train,55,1355020,42839.6,0.059449,,
train,55,1355120,42842.4,0.062550,,
train,55,1355220,42845.3,0.061274,,
train,55,1355320,42848.1,0.068752,,
train,55,1355420,42851.0,0.060285,,
train,55,1355520,42853.8,0.064297,,
train,55,1355620,42856.7,0.057289,,
train,55,1355720,42859.5,0.059923,,
train,55,1355820,42862.3,0.060781,,
train,55,1355920,42865.2,0.062538,,
train,55,1356020,42868.0,0.061996,,
train,55,1356120,42870.9,0.065921,,
train,55,1356220,42873.7,0.058273,,
train,55,1356320,42876.6,0.062458,,
train,55,1356420,42879.4,0.061376,,
train,55,1356520,42882.2,0.058955,,
train,55,1356620,42885.1,0.063777,,
train,55,1356720,42887.9,0.060557,,
train,55,1356820,42890.8,0.063799,,
train,55,1356920,42893.6,0.063371,,
train,55,1357020,42896.5,0.060082,,
train,55,1357120,42899.3,0.062475,,
train,55,1357220,42902.1,0.064919,,
train,55,1357320,42905.0,0.061133,,
train,55,1357420,42907.8,0.065767,,
train,55,1357520,42910.7,0.063126,,
train,55,1357620,42913.5,0.060182,,
train,55,1357720,42916.3,0.066748,,
train,55,1357820,42919.2,0.062289,,
train,55,1357920,42922.0,0.059100,,
train,55,1358020,42924.9,0.063767,,
train,55,1358120,42927.7,0.067536,,
train,55,1358220,42930.6,0.065062,,
train,55,1358320,42933.4,0.062833,,
train,55,1358420,42936.2,0.063107,,
train,55,1358520,42939.1,0.060790,,
train,55,1358620,42941.9,0.060819,,
train,55,1358720,42944.8,0.060549,,
train,55,1358820,42947.6,0.064005,,
train,55,1358920,42950.5,0.056496,,
train,55,1359020,42953.3,0.070689,,
train,55,1359120,42956.2,0.065319,,
train,55,1359220,42959.0,0.060854,,
train,55,1359320,42961.8,0.063409,,
train,55,1359420,42964.7,0.062361,,
train,55,1359520,42967.5,0.060647,,
train,55,1359620,42970.4,0.059234,,
train,55,1359720,42973.2,0.063502,,
train,55,1359820,42976.1,0.063449,,
train,55,1359920,42978.9,0.061661,,
train,55,1360020,42981.7,0.058188,,
train,55,1360120,42984.6,0.062551,,
train,55,1360220,42987.4,0.062200,,
train,55,1360320,42990.3,0.063858,,
train,55,1360420,42993.1,0.059817,,
train,55,1360520,42996.0,0.066467,,
train,55,1360620,42998.8,0.063818,,
train,55,1360720,43001.7,0.063280,,
train,55,1360820,43004.5,0.061786,,
train,55,1360920,43007.3,0.057795,,
train,55,1361020,43010.2,0.058794,,
train,55,1361120,43013.0,0.063262,,
train,55,1361220,43015.9,0.062178,,
train,55,1361320,43018.7,0.060834,,
train,55,1361420,43021.5,0.065266,,
train,55,1361520,43024.4,0.061479,,
train,55,1361620,43027.2,0.069700,,
train,55,1361720,43030.1,0.061273,,
train,55,1361820,43032.9,0.057775,,
train,55,1361920,43035.8,0.061607,,
train,55,1362020,43038.6,0.063340,,
train,55,1362120,43041.4,0.061465,,
train,55,1362220,43044.3,0.059390,,
train,55,1362320,43047.1,0.060640,,
train,55,1362420,43050.0,0.060830,,
train,55,1362520,43052.8,0.061771,,
train,55,1362620,43055.7,0.060016,,
train,55,1362720,43058.5,0.059454,,
train,55,1362820,43061.3,0.062759,,
train,55,1362920,43064.2,0.063254,,
train,55,1363020,43067.0,0.061108,,
train,55,1363120,43069.9,0.062023,,
train,55,1363220,43072.7,0.063172,,
train,55,1363320,43075.5,0.060256,,
train,55,1363420,43078.4,0.061218,,
train,55,1363520,43081.2,0.062465,,
train,55,1363620,43084.1,0.064482,,
train,55,1363720,43086.9,0.063191,,
train,55,1363820,43089.8,0.063146,,
train,55,1363920,43092.6,0.063164,,
train,55,1364020,43095.4,0.060259,,
train,55,1364120,43098.3,0.059900,,
train,55,1364220,43101.1,0.060510,,
train,55,1364320,43104.0,0.062290,,
train,55,1364420,43106.8,0.062630,,
train,55,1364520,43109.7,0.064994,,
train,55,1364620,43112.5,0.058133,,
train,55,1364720,43115.4,0.062454,,
train,55,1364820,43118.2,0.061201,,
train,55,1364920,43121.0,0.060638,,
train,55,1365020,43123.9,0.064525,,
train,55,1365120,43126.7,0.066610,,
train,55,1365220,43129.6,0.060695,,
train,55,1365320,43132.4,0.064358,,
train,55,1365420,43135.3,0.061025,,
train,55,1365520,43138.1,0.064580,,
train,55,1365620,43140.9,0.068837,,
train,55,1365720,43143.8,0.064778,,
train,55,1365820,43146.6,0.061409,,
train,55,1365920,43149.5,0.062212,,
train,55,1366020,43152.3,0.062548,,
train,55,1366120,43155.2,0.061152,,
train,55,1366220,43158.0,0.063464,,
train,55,1366320,43160.9,0.065626,,
train,55,1366420,43163.7,0.061282,,
train,55,1366520,43166.5,0.056814,,
train,55,1366620,43169.4,0.061690,,
train,55,1366720,43172.2,0.060186,,
train,55,1366820,43175.1,0.057798,,
train,55,1366920,43177.9,0.064464,,
train,55,1367020,43180.8,0.065197,,
train,55,1367120,43183.6,0.060348,,
train,55,1367220,43186.4,0.061413,,
train,55,1367320,43189.3,0.064631,,
train,55,1367420,43192.1,0.064709,,
train,55,1367520,43195.0,0.061406,,
train,55,1367620,43197.8,0.061627,,
train,55,1367720,43200.7,0.059150,,
train,55,1367820,43203.5,0.063797,,
train,55,1367920,43206.3,0.063436,,
train,55,1368020,43209.2,0.063810,,
train,55,1368120,43212.0,0.059754,,
train,55,1368220,43215.0,0.064496,,
train,55,1368320,43218.9,0.062636,,
train,55,1368420,43221.9,0.060869,,
train,55,1368520,43224.8,0.061685,,
train,55,1368620,43227.6,0.061460,,
train,55,1368720,43230.4,0.062475,,
train,55,1368820,43233.3,0.058643,,
val,55,,43312.3,0.057505,0.003970,0.000033
train,56,1368964,43316.3,0.060705,,
train,56,1369064,43319.2,0.061764,,
train,56,1369164,43322.0,0.055540,,
train,56,1369264,43324.9,0.061283,,
train,56,1369364,43327.7,0.063523,,
train,56,1369464,43330.6,0.063438,,
train,56,1369564,43333.4,0.061659,,
train,56,1369664,43336.3,0.060697,,
train,56,1369764,43339.1,0.062048,,
train,56,1369864,43341.9,nan,,
train,56,1369964,43344.8,0.065016,,
train,56,1370064,43347.6,0.059760,,
train,56,1370164,43350.5,0.061395,,
train,56,1370264,43353.3,0.059281,,
train,56,1370364,43356.1,0.059624,,
train,56,1370464,43359.0,0.066768,,
train,56,1370564,43361.8,0.064247,,
train,56,1370664,43364.7,0.064687,,
train,56,1370764,43367.5,0.058487,,
train,56,1370864,43370.4,0.061771,,
train,56,1370964,43373.2,0.060986,,
train,56,1371064,43376.0,0.063492,,
train,56,1371164,43378.9,0.060521,,
train,56,1371264,43381.7,0.064030,,
train,56,1371364,43384.6,0.061623,,
train,56,1371464,43387.4,0.067550,,
train,56,1371564,43390.3,0.062245,,
train,56,1371664,43393.1,0.064737,,
train,56,1371764,43395.9,0.064063,,
train,56,1371864,43398.8,0.063959,,
train,56,1371964,43401.6,0.057561,,
train,56,1372064,43404.5,0.062658,,
train,56,1372164,43407.3,0.062677,,
train,56,1372264,43410.2,0.063584,,
train,56,1372364,43413.0,0.058427,,
train,56,1372464,43415.8,0.063668,,
train,56,1372564,43418.7,0.060730,,
train,56,1372664,43421.5,0.062766,,
train,56,1372764,43424.4,0.064802,,
train,56,1372864,43427.2,0.059529,,
train,56,1372964,43430.1,0.058697,,
train,56,1373064,43432.9,0.059663,,
train,56,1373164,43435.7,0.065940,,
train,56,1373264,43438.6,0.068997,,
train,56,1373364,43441.4,0.064539,,
train,56,1373464,43444.3,0.060724,,
train,56,1373564,43447.1,0.066574,,
train,56,1373664,43450.0,0.062818,,
train,56,1373764,43452.8,0.060045,,
train,56,1373864,43455.6,0.065018,,
train,56,1373964,43458.5,0.063009,,
train,56,1374064,43461.3,0.060951,,
train,56,1374164,43464.2,0.060325,,
train,56,1374264,43467.0,0.058799,,
train,56,1374364,43469.8,0.059148,,
train,56,1374464,43472.7,0.059433,,
train,56,1374564,43475.5,0.059703,,
train,56,1374664,43478.4,0.059698,,
train,56,1374764,43481.2,0.059260,,
train,56,1374864,43484.1,0.060630,,
train,56,1374964,43486.9,0.061783,,
train,56,1375064,43489.7,0.061115,,
train,56,1375164,43492.6,0.063022,,
train,56,1375264,43495.4,0.061601,,
train,56,1375364,43498.3,0.061045,,
train,56,1375464,43501.1,0.060258,,
train,56,1375564,43504.0,0.063471,,
train,56,1375664,43506.8,0.066668,,
train,56,1375764,43509.6,0.060260,,
train,56,1375864,43512.5,0.063252,,
train,56,1375964,43515.3,0.059505,,
train,56,1376064,43518.2,0.062498,,
train,56,1376164,43521.0,0.061291,,
train,56,1376264,43523.9,0.063796,,
train,56,1376364,43526.7,0.059404,,
train,56,1376464,43529.6,0.063267,,
train,56,1376564,43532.4,0.064269,,
train,56,1376664,43535.2,0.062246,,
train,56,1376764,43538.1,0.063028,,
train,56,1376864,43540.9,0.063897,,
train,56,1376964,43543.7,0.062803,,
train,56,1377064,43546.6,0.062515,,
train,56,1377164,43549.4,0.063908,,
train,56,1377264,43552.3,0.060515,,
train,56,1377364,43555.1,0.063299,,
train,56,1377464,43558.0,0.060797,,
train,56,1377564,43560.8,0.063086,,
train,56,1377664,43563.6,0.062169,,
train,56,1377764,43566.5,0.065972,,
train,56,1377864,43569.3,0.057949,,
train,56,1377964,43572.2,0.060007,,
train,56,1378064,43575.0,0.065160,,
train,56,1378164,43577.9,0.061736,,
train,56,1378264,43580.7,0.055562,,
train,56,1378364,43583.5,0.063535,,
train,56,1378464,43586.4,0.063204,,
train,56,1378564,43589.2,0.063068,,
train,56,1378664,43592.1,0.063215,,
train,56,1378764,43594.9,0.062928,,
train,56,1378864,43597.8,0.055343,,
train,56,1378964,43600.6,0.060559,,
train,56,1379064,43603.4,0.061410,,
train,56,1379164,43606.3,0.060818,,
train,56,1379264,43609.1,0.062202,,
train,56,1379364,43612.0,0.064397,,
train,56,1379464,43614.8,0.060384,,
train,56,1379564,43617.6,0.062920,,
train,56,1379664,43620.5,0.061513,,
train,56,1379764,43623.3,0.060350,,
train,56,1379864,43626.2,0.063518,,
train,56,1379964,43629.0,0.058986,,
train,56,1380064,43631.9,0.056777,,
train,56,1380164,43634.7,0.066726,,
train,56,1380264,43637.5,0.065099,,
train,56,1380364,43640.4,0.058405,,
train,56,1380464,43643.2,0.058229,,
train,56,1380564,43646.0,0.061341,,
train,56,1380664,43648.9,0.064769,,
train,56,1380764,43651.7,0.057574,,
train,56,1380864,43654.6,0.059095,,
train,56,1380964,43657.4,0.058860,,
train,56,1381064,43660.2,0.062487,,
train,56,1381164,43663.1,0.062364,,
train,56,1381264,43665.9,0.059711,,
train,56,1381364,43668.8,0.063337,,
train,56,1381464,43671.6,0.059903,,
train,56,1381564,43674.4,0.060397,,
train,56,1381664,43677.3,0.061386,,
train,56,1381764,43680.1,0.057581,,
train,56,1381864,43683.0,0.059878,,
train,56,1381964,43685.8,0.062521,,
train,56,1382064,43688.7,0.060746,,
train,56,1382164,43691.5,0.062741,,
train,56,1382264,43694.3,0.065392,,
train,56,1382364,43697.2,0.063444,,
train,56,1382464,43700.0,0.063206,,
train,56,1382564,43702.9,0.063164,,
train,56,1382664,43705.7,0.058532,,
train,56,1382764,43708.5,0.061190,,
train,56,1382864,43711.4,0.063325,,
train,56,1382964,43714.2,0.063194,,
train,56,1383064,43717.1,0.063716,,
train,56,1383164,43719.9,0.066277,,
train,56,1383264,43722.8,0.060316,,
train,56,1383364,43725.6,0.060317,,
train,56,1383464,43728.4,0.065224,,
train,56,1383564,43731.3,0.064754,,
train,56,1383664,43734.1,0.062512,,
train,56,1383764,43737.0,0.063001,,
train,56,1383864,43739.8,0.062656,,
train,56,1383964,43742.7,0.063865,,
train,56,1384064,43745.5,0.063594,,
train,56,1384164,43748.3,0.057786,,
train,56,1384264,43751.2,0.062743,,
train,56,1384364,43754.0,0.060914,,
train,56,1384464,43756.9,0.059960,,
train,56,1384564,43759.7,0.061306,,
train,56,1384664,43762.6,0.059939,,
train,56,1384764,43765.4,0.058153,,
train,56,1384864,43768.2,0.059615,,
train,56,1384964,43771.1,0.063085,,
train,56,1385064,43773.9,0.063498,,
train,56,1385164,43776.8,0.060986,,
train,56,1385264,43779.6,0.066522,,
train,56,1385364,43782.5,0.059849,,
train,56,1385464,43785.3,0.062264,,
train,56,1385564,43788.1,0.061945,,
train,56,1385664,43791.0,0.062185,,
train,56,1385764,43793.8,0.066237,,
train,56,1385864,43796.7,0.063988,,
train,56,1385964,43799.5,0.062361,,
train,56,1386064,43802.3,0.060943,,
train,56,1386164,43805.2,0.064139,,
train,56,1386264,43808.0,0.059490,,
train,56,1386364,43810.9,0.063294,,
train,56,1386464,43813.7,0.056113,,
train,56,1386564,43816.6,0.065852,,
train,56,1386664,43819.4,0.065109,,
train,56,1386764,43822.2,0.062188,,
train,56,1386864,43825.1,0.058837,,
train,56,1386964,43827.9,0.064986,,
train,56,1387064,43830.8,0.063381,,
train,56,1387164,43833.6,0.061445,,
train,56,1387264,43836.4,0.057681,,
train,56,1387364,43839.3,0.063321,,
train,56,1387464,43842.1,0.065238,,
train,56,1387564,43845.0,0.062116,,
train,56,1387664,43847.8,0.063541,,
train,56,1387764,43850.7,0.063963,,
train,56,1387864,43853.5,0.059539,,
train,56,1387964,43856.3,0.063170,,
train,56,1388064,43859.2,0.058619,,
train,56,1388164,43862.0,0.060703,,
train,56,1388264,43864.9,0.060860,,
train,56,1388364,43867.7,0.061288,,
train,56,1388464,43870.6,0.059650,,
train,56,1388564,43873.4,0.065590,,
train,56,1388664,43876.2,0.062393,,
train,56,1388764,43879.1,0.060099,,
train,56,1388864,43881.9,0.063038,,
train,56,1388964,43884.8,0.062594,,
train,56,1389064,43887.6,0.059558,,
train,56,1389164,43890.5,0.064685,,
train,56,1389264,43893.3,0.061268,,
train,56,1389364,43896.1,0.061584,,
train,56,1389464,43899.0,0.061654,,
train,56,1389564,43901.8,0.064609,,
train,56,1389664,43904.7,0.062385,,
train,56,1389764,43907.5,0.061733,,
train,56,1389864,43910.3,0.064285,,
train,56,1389964,43913.2,0.058895,,
train,56,1390064,43916.0,0.060925,,
train,56,1390164,43918.9,0.060424,,
train,56,1390264,43921.7,0.063153,,
train,56,1390364,43924.6,0.058407,,
train,56,1390464,43927.4,0.061640,,
train,56,1390564,43930.2,0.061454,,
train,56,1390664,43933.1,0.066123,,
train,56,1390764,43935.9,0.062378,,
train,56,1390864,43938.8,0.058717,,
train,56,1390964,43941.6,0.063474,,
train,56,1391064,43944.5,0.060446,,
train,56,1391164,43947.3,0.061873,,
train,56,1391264,43950.1,0.062538,,
train,56,1391364,43953.0,0.059767,,
train,56,1391464,43955.8,0.060391,,
train,56,1391564,43958.7,0.064999,,
train,56,1391664,43961.5,0.063545,,
train,56,1391764,43964.4,0.063034,,
train,56,1391864,43967.2,0.060416,,
train,56,1391964,43970.0,0.062526,,
train,56,1392064,43972.9,0.061733,,
train,56,1392164,43975.7,0.060501,,
train,56,1392264,43978.6,0.061058,,
train,56,1392364,43981.4,0.061466,,
train,56,1392464,43984.2,0.065452,,
train,56,1392564,43987.1,0.061248,,
train,56,1392664,43989.9,0.062178,,
train,56,1392764,43992.8,0.061754,,
train,56,1392864,43995.6,0.062979,,
train,56,1392964,43998.5,0.061610,,
train,56,1393064,44001.3,0.064803,,
train,56,1393164,44004.2,0.066110,,
train,56,1393264,44007.0,0.060758,,
val,56,,44086.0,0.057276,0.003967,0.000033
train,57,1393408,44090.0,0.065303,,
train,57,1393508,44092.8,0.062522,,
train,57,1393608,44095.7,0.063242,,
train,57,1393708,44098.5,0.066058,,
train,57,1393808,44101.4,0.066196,,
train,57,1393908,44104.2,0.064321,,
train,57,1394008,44107.1,0.059734,,
train,57,1394108,44109.9,0.059702,,
train,57,1394208,44112.7,0.064518,,
train,57,1394308,44115.6,0.061174,,
train,57,1394408,44118.4,0.064281,,
train,57,1394508,44121.3,0.062207,,
train,57,1394608,44124.1,0.062247,,
train,57,1394708,44127.0,0.061407,,
train,57,1394808,44129.8,0.062841,,
train,57,1394908,44132.6,0.065352,,
train,57,1395008,44135.5,0.063660,,
train,57,1395108,44138.3,0.060711,,
train,57,1395208,44141.2,0.068580,,
train,57,1395308,44144.0,0.064550,,
train,57,1395408,44146.9,0.058416,,
train,57,1395508,44149.7,0.063729,,
train,57,1395608,44152.5,0.060128,,
train,57,1395708,44155.4,0.063329,,
train,57,1395808,44158.2,0.058961,,
train,57,1395908,44161.1,0.060729,,
train,57,1396008,44163.9,0.061780,,
train,57,1396108,44166.7,0.062767,,
train,57,1396208,44169.6,0.060850,,
train,57,1396308,44172.4,0.062453,,
train,57,1396408,44175.3,0.059202,,
train,57,1396508,44178.1,0.062465,,
train,57,1396608,44181.0,0.059925,,
train,57,1396708,44183.8,0.062638,,
train,57,1396808,44186.6,0.055205,,
train,57,1396908,44189.5,0.065045,,
train,57,1397008,44192.3,0.060207,,
train,57,1397108,44195.2,0.059785,,
train,57,1397208,44198.0,0.066604,,
train,57,1397308,44200.9,0.057648,,
train,57,1397408,44203.7,0.060895,,
train,57,1397508,44206.5,0.059669,,
train,57,1397608,44209.4,0.058749,,
train,57,1397708,44212.2,0.062099,,
train,57,1397808,44215.1,0.059174,,
train,57,1397908,44217.9,0.060686,,
train,57,1398008,44220.8,0.063857,,
train,57,1398108,44223.6,0.062155,,
train,57,1398208,44226.4,0.062090,,
train,57,1398308,44229.3,0.062812,,
train,57,1398408,44232.1,0.062638,,
train,57,1398508,44235.0,0.066963,,
train,57,1398608,44237.8,0.058897,,
train,57,1398708,44240.6,0.062142,,
train,57,1398808,44243.5,0.061296,,
train,57,1398908,44246.3,0.059295,,
train,57,1399008,44249.2,0.065589,,
train,57,1399108,44252.0,0.060873,,
train,57,1399208,44254.8,0.062023,,
train,57,1399308,44257.7,0.061639,,
train,57,1399408,44260.5,0.061042,,
train,57,1399508,44263.4,0.061492,,
train,57,1399608,44266.2,0.056348,,
train,57,1399708,44269.0,0.064966,,
train,57,1399808,44271.9,0.064655,,
train,57,1399908,44274.7,0.061074,,
train,57,1400008,44277.6,0.062326,,
train,57,1400108,44280.4,0.059759,,
train,57,1400208,44283.3,0.060454,,
train,57,1400308,44286.1,0.059652,,
train,57,1400408,44288.9,0.063851,,
train,57,1400508,44291.8,0.063926,,
train,57,1400608,44294.6,0.057802,,
train,57,1400708,44297.5,0.062963,,
train,57,1400808,44300.3,0.062165,,
train,57,1400908,44303.2,0.058848,,
train,57,1401008,44306.0,0.061417,,
train,57,1401108,44308.9,0.060182,,
train,57,1401208,44311.7,0.063240,,
train,57,1401308,44314.5,0.064162,,
train,57,1401408,44317.4,0.063029,,
train,57,1401508,44320.2,0.057773,,
train,57,1401608,44323.1,0.064536,,
train,57,1401708,44325.9,0.062928,,
train,57,1401808,44328.7,0.067575,,
train,57,1401908,44331.6,0.060793,,
train,57,1402008,44334.4,0.060591,,
train,57,1402108,44337.3,0.063194,,
train,57,1402208,44340.1,0.059588,,
train,57,1402308,44343.0,0.060784,,
train,57,1402408,44345.8,0.062999,,
train,57,1402508,44348.7,0.066434,,
train,57,1402608,44351.5,0.063647,,
train,57,1402708,44354.3,0.064572,,
train,57,1402808,44357.2,nan,,
train,57,1402908,44360.0,0.064341,,
train,57,1403008,44362.9,0.060826,,
train,57,1403108,44365.7,0.066044,,
train,57,1403208,44368.6,0.063194,,
train,57,1403308,44371.4,0.055638,,
train,57,1403408,44374.2,0.060455,,
train,57,1403508,44377.1,0.061679,,
train,57,1403608,44379.9,0.061241,,
train,57,1403708,44382.8,0.063296,,
train,57,1403808,44385.6,0.060005,,
train,57,1403908,44388.5,0.063546,,
train,57,1404008,44391.3,0.060066,,
train,57,1404108,44394.1,0.056783,,
train,57,1404208,44397.0,0.064931,,
train,57,1404308,44399.8,0.063611,,
train,57,1404408,44402.7,0.059991,,
train,57,1404508,44405.5,0.063413,,
train,57,1404608,44408.4,0.060701,,
train,57,1404708,44411.2,0.058559,,
train,57,1404808,44414.0,0.060795,,
train,57,1404908,44416.9,0.057771,,
train,57,1405008,44419.7,0.064376,,
train,57,1405108,44422.6,0.062012,,
train,57,1405208,44425.4,0.063397,,
train,57,1405308,44428.2,0.063797,,
train,57,1405408,44431.1,0.062728,,
train,57,1405508,44433.9,0.061909,,
train,57,1405608,44436.8,0.063183,,
train,57,1405708,44439.6,0.057105,,
train,57,1405808,44442.4,0.059518,,
train,57,1405908,44445.3,0.061741,,
train,57,1406008,44448.1,0.064967,,
train,57,1406108,44451.0,0.060737,,
train,57,1406208,44453.8,0.063846,,
train,57,1406308,44456.6,0.061919,,
train,57,1406408,44459.5,0.061742,,
train,57,1406508,44462.3,0.059261,,
train,57,1406608,44465.2,0.063912,,
train,57,1406708,44468.0,0.059815,,
train,57,1406808,44470.8,0.069558,,
train,57,1406908,44473.7,0.061342,,
train,57,1407008,44476.5,0.060119,,
train,57,1407108,44479.4,0.061467,,
train,57,1407208,44482.2,0.058831,,
train,57,1407308,44485.0,0.068019,,
train,57,1407408,44487.9,0.060172,,
train,57,1407508,44490.7,0.059976,,
train,57,1407608,44493.6,0.064070,,
train,57,1407708,44496.4,0.061545,,
train,57,1407808,44499.3,0.067337,,
train,57,1407908,44502.1,0.065063,,
train,57,1408008,44504.9,0.059817,,
train,57,1408108,44507.8,0.059655,,
train,57,1408208,44510.6,0.064286,,
train,57,1408308,44513.5,0.062447,,
train,57,1408408,44516.3,0.057061,,
train,57,1408508,44519.1,0.063045,,
train,57,1408608,44522.0,0.066134,,
train,57,1408708,44524.8,0.064859,,
train,57,1408808,44527.7,0.060835,,
train,57,1408908,44530.5,0.063401,,
train,57,1409008,44533.3,0.065096,,
train,57,1409108,44536.2,0.063112,,
train,57,1409208,44539.0,0.059204,,
train,57,1409308,44541.9,0.059393,,
train,57,1409408,44544.7,0.062606,,
train,57,1409508,44547.6,0.062507,,
train,57,1409608,44550.4,0.061095,,
train,57,1409708,44553.2,0.064902,,
train,57,1409808,44556.1,0.060383,,
train,57,1409908,44558.9,0.064961,,
train,57,1410008,44561.8,0.062482,,
train,57,1410108,44564.6,0.065384,,
train,57,1410208,44567.5,0.059415,,
train,57,1410308,44570.3,0.058375,,
train,57,1410408,44573.1,0.059356,,
train,57,1410508,44576.0,0.062063,,
train,57,1410608,44578.8,0.061296,,
train,57,1410708,44581.7,0.060515,,
train,57,1410808,44584.5,0.058264,,
train,57,1410908,44587.4,0.064848,,
train,57,1411008,44590.2,0.062725,,
train,57,1411108,44593.0,0.061865,,
train,57,1411208,44595.9,0.058784,,
train,57,1411308,44598.7,0.058807,,
train,57,1411408,44601.6,0.062666,,
train,57,1411508,44604.4,0.060966,,
train,57,1411608,44607.3,0.062221,,
train,57,1411708,44610.1,0.058091,,
train,57,1411808,44612.9,0.057782,,
train,57,1411908,44615.8,0.062477,,
train,57,1412008,44618.6,0.060662,,
train,57,1412108,44621.5,0.063515,,
train,57,1412208,44624.3,0.058582,,
train,57,1412308,44627.1,0.062179,,
train,57,1412408,44630.0,0.061281,,
train,57,1412508,44632.8,0.065386,,
train,57,1412608,44635.7,0.062557,,
train,57,1412708,44638.5,0.061465,,
train,57,1412808,44641.3,0.061259,,
train,57,1412908,44644.2,0.063012,,
train,57,1413008,44647.0,0.061479,,
train,57,1413108,44649.9,0.063204,,
train,57,1413208,44652.7,0.064285,,
train,57,1413308,44655.5,0.062246,,
train,57,1413408,44658.4,0.062318,,
train,57,1413508,44661.2,0.063699,,
train,57,1413608,44664.1,0.061935,,
train,57,1413708,44666.9,0.065132,,
train,57,1413808,44669.7,0.061478,,
train,57,1413908,44672.6,0.064860,,
train,57,1414008,44675.4,0.064046,,
train,57,1414108,44678.3,0.063706,,
train,57,1414208,44681.1,0.060420,,
train,57,1414308,44683.9,0.058951,,
train,57,1414408,44686.8,0.059212,,
train,57,1414508,44689.6,0.060690,,
train,57,1414608,44692.5,0.061471,,
train,57,1414708,44695.3,0.064009,,
train,57,1414808,44698.1,0.063933,,
train,57,1414908,44701.0,0.056871,,
train,57,1415008,44703.8,0.056748,,
train,57,1415108,44706.7,0.061123,,
train,57,1415208,44709.5,0.060660,,
train,57,1415308,44712.3,0.060501,,
train,57,1415408,44715.2,0.065857,,
train,57,1415508,44718.0,0.065201,,
train,57,1415608,44720.9,0.058078,,
train,57,1415708,44723.7,0.062006,,
train,57,1415808,44726.6,0.061919,,
train,57,1415908,44729.4,0.062996,,
train,57,1416008,44732.3,0.058655,,
train,57,1416108,44735.1,0.058566,,
train,57,1416208,44737.9,0.066793,,
train,57,1416308,44740.8,0.066349,,
train,57,1416408,44743.6,0.061198,,
train,57,1416508,44746.5,0.060620,,
train,57,1416608,44749.3,0.058371,,
train,57,1416708,44752.1,0.063089,,
train,57,1416808,44755.0,0.061349,,
train,57,1416908,44757.8,0.061194,,
train,57,1417008,44760.7,0.065549,,
train,57,1417108,44763.5,0.062751,,
train,57,1417208,44766.4,0.061044,,
train,57,1417308,44769.2,0.062745,,
train,57,1417408,44772.1,0.061234,,
train,57,1417508,44774.9,0.061657,,
train,57,1417608,44777.7,0.062296,,
train,57,1417708,44780.6,0.064481,,
val,57,,44859.6,0.057119,0.003964,0.000033
train,58,1417852,44863.6,0.059263,,
train,58,1417952,44866.5,0.057935,,
train,58,1418052,44869.3,0.057848,,
train,58,1418152,44872.1,0.065023,,
train,58,1418252,44875.0,0.064949,,
train,58,1418352,44877.8,0.064256,,
train,58,1418452,44880.7,0.060420,,
train,58,1418552,44883.5,0.061342,,
train,58,1418652,44886.4,0.062465,,
train,58,1418752,44889.2,0.059259,,
train,58,1418852,44892.0,0.062561,,
train,58,1418952,44894.9,0.062256,,
train,58,1419052,44897.7,0.064242,,
train,58,1419152,44900.6,0.063247,,
train,58,1419252,44903.4,0.065744,,
train,58,1419352,44906.3,0.060117,,
train,58,1419452,44909.1,0.060446,,
train,58,1419552,44911.9,nan,,
train,58,1419652,44914.8,0.064902,,
train,58,1419752,44917.6,0.059179,,
train,58,1419852,44920.5,0.062236,,
train,58,1419952,44923.3,0.059089,,
train,58,1420052,44926.2,0.063584,,
train,58,1420152,44929.0,0.062243,,
train,58,1420252,44931.8,0.065118,,
train,58,1420352,44934.7,0.061014,,
train,58,1420452,44937.5,0.066078,,
train,58,1420552,44940.4,0.065712,,
train,58,1420652,44943.2,0.063939,,
train,58,1420752,44946.0,0.057779,,
train,58,1420852,44948.9,0.057449,,
train,58,1420952,44951.7,0.061200,,
train,58,1421052,44954.6,0.063585,,
train,58,1421152,44957.4,0.064122,,
train,58,1421252,44960.3,0.057954,,
train,58,1421352,44963.1,0.062659,,
train,58,1421452,44965.9,0.061692,,
train,58,1421552,44968.8,0.063968,,
train,58,1421652,44971.6,0.059763,,
train,58,1421752,44974.5,0.062830,,
train,58,1421852,44977.3,0.060202,,
train,58,1421952,44980.1,0.058658,,
train,58,1422052,44983.0,0.058932,,
train,58,1422152,44985.8,0.060486,,
train,58,1422252,44988.7,0.062234,,
train,58,1422352,44991.5,0.063830,,
train,58,1422452,44994.3,0.058709,,
train,58,1422552,44997.2,0.061031,,
train,58,1422652,45000.0,0.059899,,
train,58,1422752,45002.9,0.058681,,
train,58,1422852,45005.7,0.065519,,
train,58,1422952,45008.6,0.063045,,
train,58,1423052,45011.4,0.060678,,
train,58,1423152,45014.2,0.063464,,
train,58,1423252,45017.6,0.061064,,
train,58,1423352,45020.4,0.065818,,
train,58,1423452,45023.3,0.060695,,
train,58,1423552,45026.1,0.059440,,
train,58,1423652,45029.0,0.064595,,
train,58,1423752,45031.8,0.065444,,
train,58,1423852,45034.6,0.065129,,
train,58,1423952,45037.5,0.061795,,
train,58,1424052,45040.3,0.059879,,
train,58,1424152,45043.2,0.063058,,
train,58,1424252,45046.0,0.065605,,
train,58,1424352,45048.8,0.057700,,
train,58,1424452,45051.7,0.060779,,
train,58,1424552,45054.5,0.063923,,
train,58,1424652,45057.4,0.062385,,
train,58,1424752,45060.2,0.060190,,
train,58,1424852,45063.0,0.063804,,
train,58,1424952,45065.9,0.060374,,
train,58,1425052,45068.7,0.060282,,
train,58,1425152,45071.6,0.068750,,
train,58,1425252,45074.4,0.059680,,
train,58,1425352,45077.2,0.059758,,
train,58,1425452,45080.1,0.059064,,
train,58,1425552,45082.9,0.059847,,
train,58,1425652,45085.8,0.063936,,
train,58,1425752,45088.6,0.058404,,
train,58,1425852,45091.5,0.063679,,
train,58,1425952,45094.3,0.061777,,
train,58,1426052,45097.1,0.062574,,
train,58,1426152,45100.0,0.061337,,
train,58,1426252,45102.8,0.060486,,
train,58,1426352,45105.7,0.061151,,
train,58,1426452,45108.5,0.063731,,
train,58,1426552,45111.3,0.061854,,
train,58,1426652,45114.2,0.063413,,
train,58,1426752,45117.0,0.060172,,
train,58,1426852,45119.9,0.065482,,
train,58,1426952,45122.7,0.058695,,
train,58,1427052,45125.5,0.059476,,
train,58,1427152,45128.4,0.063375,,
train,58,1427252,45131.2,0.062017,,
train,58,1427352,45134.1,0.067349,,
train,58,1427452,45136.9,0.062162,,
train,58,1427552,45139.7,0.061652,,
train,58,1427652,45142.6,0.058011,,
train,58,1427752,45145.4,0.062144,,
train,58,1427852,45148.3,0.062341,,
train,58,1427952,45151.1,0.062911,,
train,58,1428052,45153.9,0.061720,,
train,58,1428152,45156.8,0.059005,,
train,58,1428252,45159.6,0.060333,,
train,58,1428352,45162.5,0.061472,,
train,58,1428452,45165.3,0.062088,,
train,58,1428552,45168.1,0.059232,,
train,58,1428652,45171.0,0.062474,,
train,58,1428752,45173.8,0.059459,,
train,58,1428852,45176.7,0.060881,,
train,58,1428952,45179.5,0.063621,,
train,58,1429052,45182.4,0.060501,,
train,58,1429152,45185.2,0.062325,,
train,58,1429252,45188.0,0.061847,,
train,58,1429352,45190.9,0.060259,,
train,58,1429452,45193.7,0.068028,,
train,58,1429552,45196.6,0.061308,,
train,58,1429652,45199.4,0.060934,,
train,58,1429752,45202.2,0.057859,,
train,58,1429852,45205.1,0.061598,,
train,58,1429952,45207.9,0.059925,,
train,58,1430052,45210.8,0.060751,,
train,58,1430152,45213.6,0.063162,,
train,58,1430252,45216.5,0.058498,,
train,58,1430352,45219.3,0.060279,,
train,58,1430452,45222.2,0.064834,,
train,58,1430552,45225.0,0.059720,,
train,58,1430652,45227.9,0.055940,,
train,58,1430752,45230.7,0.062698,,
train,58,1430852,45233.5,0.061479,,
train,58,1430952,45236.4,0.064166,,
train,58,1431052,45239.2,0.063519,,
train,58,1431152,45242.1,0.065978,,
train,58,1431252,45244.9,0.057558,,
train,58,1431352,45247.8,0.060831,,
train,58,1431452,45250.6,0.061623,,
train,58,1431552,45253.4,0.059652,,
train,58,1431652,45256.3,0.059320,,
train,58,1431752,45259.1,0.066337,,
train,58,1431852,45262.0,0.063121,,
train,58,1431952,45264.8,0.061299,,
train,58,1432052,45267.7,0.059218,,
train,58,1432152,45270.5,0.061261,,
train,58,1432252,45273.3,0.063616,,
train,58,1432352,45276.2,0.064114,,
train,58,1432452,45279.0,0.059307,,
train,58,1432552,45281.9,0.059465,,
train,58,1432652,45284.7,0.064149,,
train,58,1432752,45287.5,0.064001,,
train,58,1432852,45290.4,0.060651,,
train,58,1432952,45293.2,0.062363,,
train,58,1433052,45296.1,0.062491,,
train,58,1433152,45298.9,0.062312,,
train,58,1433252,45301.8,0.059541,,
train,58,1433352,45304.6,0.065096,,
train,58,1433452,45307.5,0.061403,,
train,58,1433552,45310.3,0.059755,,
train,58,1433652,45313.1,0.057470,,
train,58,1433752,45316.0,0.060220,,
train,58,1433852,45318.8,0.062823,,
train,58,1433952,45321.7,0.059950,,
train,58,1434052,45324.5,0.058929,,
train,58,1434152,45327.4,0.061377,,
train,58,1434252,45330.2,0.059076,,
train,58,1434352,45333.0,0.060379,,
train,58,1434452,45335.9,0.058801,,
train,58,1434552,45338.7,0.059879,,
train,58,1434652,45341.6,0.063111,,
train,58,1434752,45344.4,0.058918,,
train,58,1434852,45347.2,0.062298,,
train,58,1434952,45350.1,0.059125,,
train,58,1435052,45352.9,0.061850,,
train,58,1435152,45355.8,0.067518,,
train,58,1435252,45358.6,0.059228,,
train,58,1435352,45361.5,0.064906,,
train,58,1435452,45364.3,0.064067,,
train,58,1435552,45367.1,0.063289,,
train,58,1435652,45370.0,0.060823,,
train,58,1435752,45372.8,0.059672,,
train,58,1435852,45375.7,0.061146,,
train,58,1435952,45378.5,0.064399,,
train,58,1436052,45381.4,0.062322,,
train,58,1436152,45384.2,0.063537,,
train,58,1436252,45387.0,0.063161,,
train,58,1436352,45389.9,0.056575,,
train,58,1436452,45392.7,0.057317,,
train,58,1436552,45395.6,0.062420,,
train,58,1436652,45398.4,0.060401,,
train,58,1436752,45401.2,0.063000,,
train,58,1436852,45404.1,0.062068,,
train,58,1436952,45406.9,0.063811,,
train,58,1437052,45409.8,0.060582,,
train,58,1437152,45412.6,0.059830,,
train,58,1437252,45415.5,0.062625,,
train,58,1437352,45418.3,0.064338,,
train,58,1437452,45421.1,0.060362,,
train,58,1437552,45424.0,0.062035,,
train,58,1437652,45426.8,0.058170,,
train,58,1437752,45429.7,0.062922,,
train,58,1437852,45432.5,0.060595,,
train,58,1437952,45435.3,0.061195,,
train,58,1438052,45438.2,0.061805,,
train,58,1438152,45441.0,0.063336,,
train,58,1438252,45443.9,0.063844,,
train,58,1438352,45446.7,0.062303,,
train,58,1438452,45449.5,0.064003,,
train,58,1438552,45452.4,0.064321,,
train,58,1438652,45455.2,0.062413,,
train,58,1438752,45458.1,0.064105,,
train,58,1438852,45460.9,0.062334,,
train,58,1438952,45463.7,0.064674,,
train,58,1439052,45466.6,0.059588,,
train,58,1439152,45469.4,0.061011,,
train,58,1439252,45472.3,0.056448,,
train,58,1439352,45475.1,0.062584,,
train,58,1439452,45477.9,0.063009,,
train,58,1439552,45480.8,0.064196,,
train,58,1439652,45483.6,0.060527,,
train,58,1439752,45486.5,0.063181,,
train,58,1439852,45489.3,0.065045,,
train,58,1439952,45492.2,0.061471,,
train,58,1440052,45495.0,0.057907,,
train,58,1440152,45497.8,0.056772,,
train,58,1440252,45500.7,0.061950,,
train,58,1440352,45503.5,0.067983,,
train,58,1440452,45506.4,0.062746,,
train,58,1440552,45509.2,0.064591,,
train,58,1440652,45512.0,0.057320,,
train,58,1440752,45514.9,0.064522,,
train,58,1440852,45517.7,0.059566,,
train,58,1440952,45520.6,0.060458,,
train,58,1441052,45523.4,0.062060,,
train,58,1441152,45526.3,0.065580,,
train,58,1441252,45529.1,0.064325,,
train,58,1441352,45532.0,0.061231,,
train,58,1441452,45534.8,0.065203,,
train,58,1441552,45537.6,0.061684,,
train,58,1441652,45540.5,0.064061,,
train,58,1441752,45543.3,0.061888,,
train,58,1441852,45546.2,0.065624,,
train,58,1441952,45549.0,0.060188,,
train,58,1442052,45551.9,0.064686,,
train,58,1442152,45554.7,0.062756,,
val,58,,45633.7,0.057176,0.003960,0.000033
train,59,1442296,45637.3,0.064058,,
train,59,1442396,45640.2,0.064678,,
train,59,1442496,45643.0,0.058400,,
train,59,1442596,45645.8,0.058932,,
train,59,1442696,45648.7,0.062522,,
train,59,1442796,45651.5,0.060208,,
train,59,1442896,45654.3,0.059764,,
train,59,1442996,45657.2,0.064552,,
train,59,1443096,45660.0,0.058432,,
train,59,1443196,45662.9,0.060678,,
train,59,1443296,45665.7,0.063653,,
train,59,1443396,45668.5,0.061795,,
train,59,1443496,45671.4,0.065090,,
train,59,1443596,45674.2,0.057217,,
train,59,1443696,45677.1,0.064809,,
train,59,1443796,45679.9,0.065009,,
train,59,1443896,45682.7,nan,,
train,59,1443996,45685.6,0.058293,,
train,59,1444096,45688.4,0.061804,,
train,59,1444196,45691.3,0.062073,,
train,59,1444296,45694.1,0.062601,,
train,59,1444396,45697.0,0.061545,,
train,59,1444496,45699.8,0.058018,,
train,59,1444596,45702.6,0.058191,,
train,59,1444696,45705.5,0.062172,,
train,59,1444796,45708.3,0.059828,,
train,59,1444896,45711.2,0.063910,,
train,59,1444996,45714.0,0.056844,,
train,59,1445096,45716.9,0.061494,,
train,59,1445196,45719.7,0.062612,,
train,59,1445296,45722.5,0.059190,,
train,59,1445396,45725.4,0.060777,,
train,59,1445496,45728.2,0.061232,,
train,59,1445596,45731.1,0.066234,,
train,59,1445696,45733.9,0.057562,,
train,59,1445796,45736.8,0.060421,,
train,59,1445896,45739.6,0.059981,,
train,59,1445996,45742.4,0.063080,,
train,59,1446096,45745.3,0.060899,,
train,59,1446196,45748.1,0.063315,,
train,59,1446296,45751.0,0.067906,,
train,59,1446396,45753.8,0.061570,,
train,59,1446496,45756.6,0.062987,,
train,59,1446596,45759.5,0.063141,,
train,59,1446696,45762.3,0.062296,,
train,59,1446796,45765.2,0.055221,,
train,59,1446896,45768.0,0.062681,,
train,59,1446996,45770.8,0.058356,,
train,59,1447096,45773.7,0.059566,,
train,59,1447196,45776.5,0.062254,,
train,59,1447296,45779.4,0.061255,,
train,59,1447396,45782.2,0.062347,,
train,59,1447496,45785.1,0.061020,,
train,59,1447596,45787.9,0.063081,,
train,59,1447696,45790.7,0.061992,,
train,59,1447796,45793.6,0.060628,,
train,59,1447896,45796.4,0.059708,,
train,59,1447996,45799.3,0.059177,,
train,59,1448096,45802.1,0.062892,,
train,59,1448196,45804.9,0.059599,,
train,59,1448296,45807.8,0.058638,,
train,59,1448396,45810.6,0.056187,,
train,59,1448496,45813.5,0.062309,,
train,59,1448596,45816.3,0.061278,,
train,59,1448696,45819.1,0.059592,,
train,59,1448796,45822.0,0.059349,,
train,59,1448896,45824.8,0.061421,,
train,59,1448996,45827.7,0.063752,,
train,59,1449096,45830.5,0.062307,,
train,59,1449196,45833.4,0.062160,,
train,59,1449296,45836.2,0.062477,,
train,59,1449396,45839.0,0.063141,,
train,59,1449496,45841.9,0.063438,,
train,59,1449596,45844.7,0.061645,,
train,59,1449696,45847.6,0.063250,,
train,59,1449796,45850.4,0.062906,,
train,59,1449896,45853.2,0.062943,,
train,59,1449996,45856.1,0.057379,,
train,59,1450096,45858.9,0.058741,,
train,59,1450196,45861.8,0.062371,,
train,59,1450296,45864.6,0.060526,,
train,59,1450396,45867.4,0.061043,,
train,59,1450496,45870.3,0.063378,,
train,59,1450596,45873.1,0.056511,,
train,59,1450696,45875.9,0.064505,,
train,59,1450796,45878.8,0.063630,,
train,59,1450896,45881.6,0.060948,,
train,59,1450996,45884.5,0.061758,,
train,59,1451096,45887.3,0.057605,,
train,59,1451196,45890.1,0.058306,,
train,59,1451296,45893.0,0.060637,,
train,59,1451396,45895.8,0.060257,,
train,59,1451496,45898.7,0.060185,,
train,59,1451596,45901.5,0.064265,,
train,59,1451696,45904.4,0.066637,,
train,59,1451796,45907.2,0.061880,,
train,59,1451896,45910.0,0.058069,,
train,59,1451996,45912.9,0.060727,,
train,59,1452096,45915.7,0.058843,,
train,59,1452196,45918.6,0.061808,,
train,59,1452296,45921.4,0.061214,,
train,59,1452396,45924.2,0.059708,,
train,59,1452496,45927.1,0.060674,,
train,59,1452596,45929.9,0.060086,,
train,59,1452696,45932.8,0.058337,,
train,59,1452796,45935.6,0.063615,,
train,59,1452896,45938.5,0.059832,,
train,59,1452996,45941.3,0.058978,,
train,59,1453096,45944.1,0.061609,,
train,59,1453196,45947.0,0.064638,,
train,59,1453296,45949.8,0.060338,,
train,59,1453396,45952.7,0.064296,,
train,59,1453496,45955.5,0.058929,,
train,59,1453596,45958.3,0.064298,,
train,59,1453696,45961.2,0.063907,,
train,59,1453796,45964.0,0.061439,,
train,59,1453896,45966.9,0.061000,,
train,59,1453996,45969.7,0.061980,,
train,59,1454096,45972.6,0.060858,,
train,59,1454196,45975.4,0.063708,,
train,59,1454296,45978.2,0.066163,,
train,59,1454396,45981.1,0.065313,,
train,59,1454496,45983.9,0.059881,,
train,59,1454596,45986.8,0.064044,,
train,59,1454696,45989.6,0.057984,,
train,59,1454796,45992.5,0.066971,,
train,59,1454896,45995.3,0.065150,,
train,59,1454996,45998.1,0.065192,,
train,59,1455096,46001.0,0.064240,,
train,59,1455196,46003.8,0.065164,,
train,59,1455296,46006.7,0.058392,,
train,59,1455396,46009.5,0.060264,,
train,59,1455496,46012.4,0.064253,,
train,59,1455596,46015.2,0.062374,,
train,59,1455696,46018.0,0.059933,,
train,59,1455796,46020.9,0.062195,,
train,59,1455896,46023.7,0.057437,,
train,59,1455996,46026.6,0.063356,,
train,59,1456096,46029.4,0.063161,,
train,59,1456196,46032.3,0.063041,,
train,59,1456296,46035.1,0.061924,,
train,59,1456396,46037.9,0.068436,,
train,59,1456496,46040.8,0.058344,,
train,59,1456596,46043.6,0.063534,,
train,59,1456696,46046.5,0.057860,,
train,59,1456796,46049.3,0.059105,,
train,59,1456896,46052.1,0.064945,,
train,59,1456996,46055.0,0.062583,,
train,59,1457096,46057.8,0.062944,,
train,59,1457196,46060.7,0.058592,,
train,59,1457296,46063.5,0.061694,,
train,59,1457396,46066.3,0.060260,,
train,59,1457496,46069.2,0.061138,,
train,59,1457596,46072.0,0.062415,,
train,59,1457696,46074.9,0.061881,,
train,59,1457796,46077.7,0.060369,,
train,59,1457896,46080.5,0.062511,,
train,59,1457996,46083.4,0.062793,,
train,59,1458096,46086.2,0.058493,,
train,59,1458196,46089.1,0.060713,,
train,59,1458296,46091.9,0.060553,,
train,59,1458396,46094.7,0.063270,,
train,59,1458496,46097.6,0.063643,,
train,59,1458596,46100.4,0.062271,,
train,59,1458696,46103.3,0.063392,,
train,59,1458796,46106.1,0.061931,,
train,59,1458896,46108.9,0.057869,,
train,59,1458996,46111.8,0.059872,,
train,59,1459096,46114.6,0.063292,,
train,59,1459196,46117.5,0.059408,,
train,59,1459296,46120.3,0.062712,,
train,59,1459396,46123.1,0.060245,,
train,59,1459496,46126.0,0.062554,,
train,59,1459596,46128.8,0.059819,,
train,59,1459696,46131.7,0.059859,,
train,59,1459796,46134.5,0.064221,,
train,59,1459896,46137.4,0.061292,,
train,59,1459996,46140.2,0.063523,,
train,59,1460096,46143.0,0.061777,,
train,59,1460196,46145.9,0.065741,,
train,59,1460296,46148.7,0.059212,,
train,59,1460396,46151.6,0.064511,,
train,59,1460496,46154.4,0.061030,,
train,59,1460596,46157.2,0.062556,,
train,59,1460696,46160.1,0.059285,,
train,59,1460796,46162.9,0.057493,,
train,59,1460896,46165.8,0.059117,,
train,59,1460996,46168.6,0.067449,,
train,59,1461096,46171.5,0.056428,,
train,59,1461196,46174.3,0.061219,,
train,59,1461296,46177.1,0.061478,,
train,59,1461396,46180.0,0.058712,,
train,59,1461496,46182.8,0.060135,,
train,59,1461596,46185.7,0.059991,,
train,59,1461696,46188.5,0.057812,,
train,59,1461796,46191.3,0.060234,,
train,59,1461896,46194.2,0.058592,,
train,59,1461996,46197.0,0.060597,,
train,59,1462096,46199.9,0.062475,,
train,59,1462196,46202.7,0.063733,,
train,59,1462296,46205.6,0.063107,,
train,59,1462396,46208.4,0.060267,,
train,59,1462496,46211.2,0.061758,,
train,59,1462596,46214.1,0.064510,,
train,59,1462696,46216.9,0.061275,,
train,59,1462796,46219.8,0.059813,,
train,59,1462896,46222.6,0.063779,,
train,59,1462996,46225.5,0.061007,,
train,59,1463096,46228.3,0.061308,,
train,59,1463196,46231.1,0.060098,,
train,59,1463296,46234.0,0.059750,,
train,59,1463396,46236.8,0.063169,,
train,59,1463496,46239.7,0.061642,,
train,59,1463596,46242.5,0.062148,,
train,59,1463696,46245.3,0.058842,,
train,59,1463796,46248.2,0.055683,,
train,59,1463896,46251.0,0.065318,,
train,59,1463996,46253.8,0.057581,,
train,59,1464096,46256.7,0.062649,,
train,59,1464196,46259.5,0.065370,,
train,59,1464296,46262.4,0.064763,,
train,59,1464396,46265.2,0.062467,,
train,59,1464496,46268.0,0.060817,,
train,59,1464596,46270.9,0.063851,,
train,59,1464696,46273.7,0.063196,,
train,59,1464796,46276.6,0.067846,,
train,59,1464896,46279.4,0.064891,,
train,59,1464996,46282.2,0.066086,,
train,59,1465096,46285.1,0.060095,,
train,59,1465196,46287.9,0.060376,,
train,59,1465296,46290.8,0.056722,,
train,59,1465396,46293.6,0.064462,,
train,59,1465496,46296.4,0.062068,,
train,59,1465596,46299.3,0.060771,,
train,59,1465696,46302.1,0.061772,,
train,59,1465796,46305.0,0.065404,,
train,59,1465896,46307.8,0.063584,,
train,59,1465996,46310.6,0.064885,,
train,59,1466096,46313.5,0.059864,,
train,59,1466196,46316.3,0.065206,,
train,59,1466296,46319.2,0.060430,,
train,59,1466396,46322.0,0.064662,,
train,59,1466496,46324.8,0.057777,,
train,59,1466596,46327.7,0.060093,,
val,59,,46406.8,0.056910,0.003958,0.000033
train,60,1466740,46410.8,0.065117,,
train,60,1466840,46413.7,0.061017,,
train,60,1466940,46416.5,0.062563,,
train,60,1467040,46419.4,0.063774,,
train,60,1467140,46422.2,0.059815,,
train,60,1467240,46425.0,0.061711,,
train,60,1467340,46427.9,0.060157,,
train,60,1467440,46430.7,0.060263,,
train,60,1467540,46433.6,0.062978,,
train,60,1467640,46436.4,0.064324,,
train,60,1467740,46439.2,0.060199,,
train,60,1467840,46442.1,0.061964,,
train,60,1467940,46444.9,0.064772,,
train,60,1468040,46447.8,0.061489,,
train,60,1468140,46450.6,0.064205,,
train,60,1468240,46453.4,0.058015,,
train,60,1468340,46456.3,0.059665,,
train,60,1468440,46459.1,0.063588,,
train,60,1468540,46462.0,0.060761,,
train,60,1468640,46464.8,0.062408,,
train,60,1468740,46467.6,0.060674,,
train,60,1468840,46470.5,0.064375,,
train,60,1468940,46473.3,0.061595,,
train,60,1469040,46476.2,0.068631,,
train,60,1469140,46479.0,0.063220,,
train,60,1469240,46481.8,0.062180,,
train,60,1469340,46484.7,0.064110,,
train,60,1469440,46487.5,0.056344,,
train,60,1469540,46490.4,0.062714,,
train,60,1469640,46493.2,0.060467,,
train,60,1469740,46496.0,0.058228,,
train,60,1469840,46498.9,0.061405,,
train,60,1469940,46501.7,0.059133,,
train,60,1470040,46504.5,0.057015,,
train,60,1470140,46507.4,0.065156,,
train,60,1470240,46510.2,0.064466,,
train,60,1470340,46513.1,0.062669,,
train,60,1470440,46515.9,0.062132,,
train,60,1470540,46518.7,0.063383,,
train,60,1470640,46521.6,0.063285,,
train,60,1470740,46524.4,0.062637,,
train,60,1470840,46527.3,0.063194,,
train,60,1470940,46530.1,0.059601,,
train,60,1471040,46533.0,0.061745,,
train,60,1471140,46535.8,0.063184,,
train,60,1471240,46538.6,0.063913,,
train,60,1471340,46541.5,0.059897,,
train,60,1471440,46544.3,0.058935,,
train,60,1471540,46547.2,0.058198,,
train,60,1471640,46550.0,0.062575,,
train,60,1471740,46552.8,0.064942,,
train,60,1471840,46555.7,0.062074,,
train,60,1471940,46558.5,0.061059,,
train,60,1472040,46561.4,0.061306,,
train,60,1472140,46564.2,0.062003,,
train,60,1472240,46567.1,0.061041,,
train,60,1472340,46569.9,0.061401,,
train,60,1472440,46572.7,0.064724,,
train,60,1472540,46575.6,0.060530,,
train,60,1472640,46578.4,0.058694,,
train,60,1472740,46581.3,0.060253,,
train,60,1472840,46584.1,0.061700,,
train,60,1472940,46587.0,0.062849,,
train,60,1473040,46589.8,0.064636,,
train,60,1473140,46592.6,0.061992,,
train,60,1473240,46595.5,0.062269,,
train,60,1473340,46598.3,0.059564,,
train,60,1473440,46601.2,0.062603,,
train,60,1473540,46604.0,0.060490,,
train,60,1473640,46606.9,0.064947,,
train,60,1473740,46609.7,0.063126,,
train,60,1473840,46612.5,0.059603,,
train,60,1473940,46615.4,0.061248,,
train,60,1474040,46618.2,0.062753,,
train,60,1474140,46621.1,0.062956,,
train,60,1474240,46623.9,0.062278,,
train,60,1474340,46626.8,0.063443,,
train,60,1474440,46629.6,0.062747,,
train,60,1474540,46632.4,0.064913,,
train,60,1474640,46635.3,0.059164,,
train,60,1474740,46638.1,0.063952,,
train,60,1474840,46641.0,0.061487,,
train,60,1474940,46643.8,0.063757,,
train,60,1475040,46646.6,0.061460,,
train,60,1475140,46649.5,0.060818,,
train,60,1475240,46652.3,0.065047,,
train,60,1475340,46655.2,0.062537,,
train,60,1475440,46658.0,0.065483,,
train,60,1475540,46660.8,0.065650,,
train,60,1475640,46663.7,0.065304,,
train,60,1475740,46666.5,0.059101,,
train,60,1475840,46669.4,0.061167,,
train,60,1475940,46672.2,0.060956,,
train,60,1476040,46675.0,0.061520,,
train,60,1476140,46677.9,0.060735,,
train,60,1476240,46680.7,0.060279,,
train,60,1476340,46683.5,0.060761,,
train,60,1476440,46686.4,0.062092,,
train,60,1476540,46689.2,0.061247,,
train,60,1476640,46692.1,0.058735,,
train,60,1476740,46694.9,0.057960,,
train,60,1476840,46697.7,0.063351,,
train,60,1476940,46700.6,0.060019,,
train,60,1477040,46703.4,0.062791,,
train,60,1477140,46706.3,0.056428,,
train,60,1477240,46709.1,0.058312,,
train,60,1477340,46711.9,0.058306,,
train,60,1477440,46714.8,0.061520,,
train,60,1477540,46717.6,0.061381,,
train,60,1477640,46720.5,0.061565,,
train,60,1477740,46723.3,0.060930,,
train,60,1477840,46726.1,0.061707,,
train,60,1477940,46729.0,0.060458,,
train,60,1478040,46731.8,0.061972,,
train,60,1478140,46734.7,0.060190,,
train,60,1478240,46737.5,0.058758,,
train,60,1478340,46740.3,0.062162,,
train,60,1478440,46743.2,0.060164,,
train,60,1478540,46746.0,0.055639,,
train,60,1478640,46748.9,0.061196,,
train,60,1478740,46751.7,0.061034,,
train,60,1478840,46754.5,0.060022,,
train,60,1478940,46757.4,0.063354,,
train,60,1479040,46760.2,0.063823,,
train,60,1479140,46763.1,0.062099,,
train,60,1479240,46765.9,0.060477,,
train,60,1479340,46768.8,0.058233,,
train,60,1479440,46771.6,0.066466,,
train,60,1479540,46774.4,0.062128,,
train,60,1479640,46777.3,0.061802,,
train,60,1479740,46780.1,0.055252,,
train,60,1479840,46783.0,0.063040,,
train,60,1479940,46785.8,0.060246,,
train,60,1480040,46788.6,0.060259,,
train,60,1480140,46791.5,0.060879,,
train,60,1480240,46794.3,0.059447,,
train,60,1480340,46797.2,0.058528,,
train,60,1480440,46800.0,0.056662,,
train,60,1480540,46802.9,0.060333,,
train,60,1480640,46805.7,0.062308,,
train,60,1480740,46808.5,0.062612,,
train,60,1480840,46811.4,0.061686,,
train,60,1480940,46814.4,0.061695,,
train,60,1481040,46817.3,0.060482,,
train,60,1481140,46820.2,0.065446,,
train,60,1481240,46823.0,0.062991,,
train,60,1481340,46825.9,0.064288,,
train,60,1481440,46828.7,0.064256,,
train,60,1481540,46831.6,0.061211,,
train,60,1481640,46834.4,0.060807,,
train,60,1481740,46837.3,0.062986,,
train,60,1481840,46840.1,0.064562,,
train,60,1481940,46842.9,0.058289,,
train,60,1482040,46845.8,0.059938,,
train,60,1482140,46848.6,0.058225,,
train,60,1482240,46851.4,0.061715,,
train,60,1482340,46854.3,0.059838,,
train,60,1482440,46857.1,0.066774,,
train,60,1482540,46860.0,0.063015,,
train,60,1482640,46862.8,0.062619,,
train,60,1482740,46865.6,0.063661,,
train,60,1482840,46868.5,0.062299,,
train,60,1482940,46871.3,0.067365,,
train,60,1483040,46874.2,0.063087,,
train,60,1483140,46877.0,0.064648,,
train,60,1483240,46879.8,0.065409,,
train,60,1483340,46882.7,0.065731,,
train,60,1483440,46885.5,0.062935,,
train,60,1483540,46888.4,0.062879,,
train,60,1483640,46891.2,0.058518,,
train,60,1483740,46894.0,0.058456,,
train,60,1483840,46896.9,0.062127,,
train,60,1483940,46899.7,0.062920,,
train,60,1484040,46902.6,0.061521,,
train,60,1484140,46905.4,0.062883,,
train,60,1484240,46908.2,0.060337,,
train,60,1484340,46911.1,0.062301,,
train,60,1484440,46913.9,0.064061,,
train,60,1484540,46916.8,0.064330,,
train,60,1484640,46919.6,0.055669,,
train,60,1484740,46922.4,nan,,
train,60,1484840,46925.3,0.061548,,
train,60,1484940,46928.1,0.063143,,
train,60,1485040,46931.0,0.059548,,
train,60,1485140,46933.8,0.059514,,
train,60,1485240,46936.6,0.060162,,
train,60,1485340,46939.5,0.062451,,
train,60,1485440,46942.3,0.057523,,
train,60,1485540,46945.2,0.059357,,
train,60,1485640,46948.0,0.061331,,
train,60,1485740,46950.8,0.058315,,
train,60,1485840,46953.7,0.060367,,
train,60,1485940,46956.5,0.060765,,
train,60,1486040,46959.4,0.063697,,
train,60,1486140,46962.2,0.065914,,
train,60,1486240,46965.0,0.062867,,
train,60,1486340,46967.9,0.057599,,
train,60,1486440,46970.7,0.063049,,
train,60,1486540,46973.6,0.064303,,
train,60,1486640,46976.4,0.062345,,
train,60,1486740,46979.3,0.066851,,
train,60,1486840,46982.1,0.057368,,
train,60,1486940,46984.9,0.061040,,
train,60,1487040,46987.8,0.060203,,
train,60,1487140,46990.6,0.063038,,
train,60,1487240,46993.5,0.065213,,
train,60,1487340,46996.3,0.060427,,
train,60,1487440,46999.2,0.061280,,
train,60,1487540,47002.0,0.060858,,
train,60,1487640,47004.8,0.057668,,
train,60,1487740,47007.7,0.063088,,
train,60,1487840,47010.5,0.062470,,
train,60,1487940,47013.4,0.058410,,
train,60,1488040,47016.2,0.061664,,
train,60,1488140,47019.1,0.063188,,
train,60,1488240,47021.9,0.061958,,
train,60,1488340,47024.8,0.058739,,
train,60,1488440,47027.6,0.061262,,
train,60,1488540,47030.4,0.059206,,
train,60,1488640,47033.3,0.061201,,
train,60,1488740,47036.1,0.062644,,
train,60,1488840,47039.0,0.064027,,
train,60,1488940,47041.8,0.064968,,
train,60,1489040,47044.7,0.061013,,
train,60,1489140,47047.5,0.058978,,
train,60,1489240,47050.3,0.061083,,
train,60,1489340,47053.2,0.059437,,
train,60,1489440,47056.0,0.060585,,
train,60,1489540,47058.9,0.061939,,
train,60,1489640,47061.7,0.062482,,
train,60,1489740,47064.5,0.060284,,
train,60,1489840,47067.4,0.063445,,
train,60,1489940,47070.2,0.061800,,
train,60,1490040,47073.0,0.062588,,
train,60,1490140,47075.9,0.058817,,
train,60,1490240,47078.7,0.061875,,
train,60,1490340,47081.6,0.060862,,
train,60,1490440,47084.4,0.060758,,
train,60,1490540,47087.2,0.064939,,
train,60,1490640,47090.1,0.060360,,
train,60,1490740,47092.9,0.063082,,
train,60,1490840,47095.8,0.056817,,
train,60,1490940,47098.6,0.064575,,
train,60,1491040,47101.5,0.060683,,
val,60,,47180.6,0.057028,0.003956,0.000033
train,61,1491184,47184.2,0.060725,,
train,61,1491284,47187.1,0.056528,,
train,61,1491384,47189.9,0.062194,,
train,61,1491484,47192.8,0.063235,,
train,61,1491584,47195.6,0.059411,,
train,61,1491684,47198.5,0.058917,,
train,61,1491784,47201.3,0.061794,,
train,61,1491884,47204.1,0.064901,,
train,61,1491984,47207.0,0.058089,,
train,61,1492084,47209.8,0.059560,,
train,61,1492184,47212.7,0.062736,,
train,61,1492284,47215.5,0.061101,,
train,61,1492384,47218.4,0.059859,,
train,61,1492484,47221.2,0.065121,,
train,61,1492584,47224.1,0.067549,,
train,61,1492684,47226.9,0.057926,,
train,61,1492784,47229.8,0.061500,,
train,61,1492884,47232.6,0.063143,,
train,61,1492984,47235.4,0.056998,,
train,61,1493084,47238.3,0.061875,,
train,61,1493184,47241.1,0.058122,,
train,61,1493284,47244.0,0.063652,,
train,61,1493384,47246.8,0.063471,,
train,61,1493484,47249.7,0.064870,,
train,61,1493584,47252.5,0.059005,,
train,61,1493684,47255.3,0.059849,,
train,61,1493784,47258.2,0.063286,,
train,61,1493884,47261.0,0.059805,,
train,61,1493984,47263.9,0.063801,,
train,61,1494084,47266.7,0.056980,,
train,61,1494184,47269.5,0.060224,,
train,61,1494284,47272.4,0.065768,,
train,61,1494384,47275.2,0.061105,,
train,61,1494484,47278.1,0.059566,,
train,61,1494584,47280.9,0.061861,,
train,61,1494684,47283.8,0.059584,,
train,61,1494784,47286.6,0.066311,,
train,61,1494884,47289.4,0.061629,,
train,61,1494984,47292.3,0.065220,,
train,61,1495084,47295.1,0.059418,,
train,61,1495184,47298.0,0.062691,,
train,61,1495284,47300.8,0.065058,,
train,61,1495384,47303.7,0.061558,,
train,61,1495484,47306.5,0.062184,,
train,61,1495584,47309.3,0.062148,,
train,61,1495684,47312.2,0.061153,,
train,61,1495784,47315.0,0.066754,,
train,61,1495884,47317.9,0.061152,,
train,61,1495984,47320.7,nan,,
train,61,1496084,47323.5,0.061646,,
train,61,1496184,47326.4,0.061331,,
train,61,1496284,47329.2,0.057413,,
train,61,1496384,47332.1,0.057893,,
train,61,1496484,47334.9,0.063650,,
train,61,1496584,47337.8,0.061609,,
train,61,1496684,47340.6,0.063936,,
train,61,1496784,47343.4,0.058976,,
train,61,1496884,47346.3,0.058897,,
train,61,1496984,47349.1,0.062228,,
train,61,1497084,47352.0,0.061484,,
train,61,1497184,47354.8,0.060407,,
train,61,1497284,47357.7,0.060607,,
train,61,1497384,47360.5,0.059575,,
train,61,1497484,47363.3,0.062551,,
train,61,1497584,47366.2,0.062880,,
train,61,1497684,47369.0,0.061593,,
train,61,1497784,47371.8,0.060117,,
train,61,1497884,47374.7,0.061993,,
train,61,1497984,47377.5,0.056037,,
train,61,1498084,47380.4,0.061643,,
train,61,1498184,47383.2,0.056894,,
train,61,1498284,47386.1,0.062889,,
train,61,1498384,47388.9,0.061418,,
train,61,1498484,47391.7,0.058763,,
train,61,1498584,47394.6,0.065410,,
train,61,1498684,47397.4,0.058482,,
train,61,1498784,47400.3,0.062269,,
train,61,1498884,47403.1,0.068950,,
train,61,1498984,47405.9,0.067136,,
train,61,1499084,47408.8,0.059402,,
train,61,1499184,47411.6,0.060501,,
train,61,1499284,47414.5,0.057948,,
train,61,1499384,47417.3,0.062677,,
train,61,1499484,47420.2,0.061408,,
train,61,1499584,47423.0,0.058476,,
train,61,1499684,47425.8,0.063193,,
train,61,1499784,47428.7,0.059445,,
train,61,1499884,47431.5,0.063151,,
train,61,1499984,47434.4,0.058906,,
train,61,1500084,47437.2,0.066489,,
train,61,1500184,47440.1,0.065483,,
train,61,1500284,47442.9,0.060011,,
train,61,1500384,47445.7,0.058757,,
train,61,1500484,47448.6,0.061525,,
train,61,1500584,47451.4,0.063121,,
train,61,1500684,47454.3,0.060315,,
train,61,1500784,47457.1,0.063344,,
train,61,1500884,47459.9,0.063585,,
train,61,1500984,47462.8,0.060183,,
train,61,1501084,47465.6,0.063413,,
train,61,1501184,47468.5,0.063705,,
train,61,1501284,47471.3,0.060377,,
train,61,1501384,47474.1,0.058474,,
train,61,1501484,47477.0,0.062656,,
train,61,1501584,47479.8,0.055188,,
train,61,1501684,47482.7,0.062080,,
train,61,1501784,47485.5,0.062840,,
train,61,1501884,47488.3,0.060642,,
train,61,1501984,47491.2,0.060314,,
train,61,1502084,47494.0,0.064428,,
train,61,1502184,47496.9,0.062120,,
train,61,1502284,47499.7,0.061034,,
train,61,1502384,47502.5,0.060816,,
train,61,1502484,47505.4,0.058025,,
train,61,1502584,47508.2,0.065571,,
train,61,1502684,47511.1,0.061131,,
train,61,1502784,47513.9,0.062281,,
train,61,1502884,47516.7,0.062381,,
train,61,1502984,47519.6,0.060906,,
train,61,1503084,47522.4,0.062086,,
train,61,1503184,47525.3,0.064564,,
train,61,1503284,47528.1,0.058640,,
train,61,1503384,47530.9,0.060139,,
train,61,1503484,47533.8,0.061763,,
train,61,1503584,47536.6,0.060450,,
train,61,1503684,47539.5,0.059677,,
train,61,1503784,47542.3,0.063724,,
train,61,1503884,47545.1,0.061750,,
train,61,1503984,47548.0,0.061109,,
train,61,1504084,47550.8,0.057285,,
train,61,1504184,47553.7,0.064864,,
train,61,1504284,47556.5,0.059286,,
train,61,1504384,47559.3,0.061535,,
train,61,1504484,47562.2,0.056801,,
train,61,1504584,47565.0,0.059340,,
train,61,1504684,47567.9,0.055875,,
train,61,1504784,47570.7,0.059338,,
train,61,1504884,47573.6,0.056889,,
train,61,1504984,47576.4,0.060310,,
train,61,1505084,47579.2,0.062495,,
train,61,1505184,47582.1,0.065367,,
train,61,1505284,47584.9,0.060162,,
train,61,1505384,47587.8,0.062840,,
train,61,1505484,47590.6,0.059615,,
train,61,1505584,47593.4,0.060742,,
train,61,1505684,47596.3,0.061829,,
train,61,1505784,47599.1,0.058972,,
train,61,1505884,47602.0,0.059697,,
train,61,1505984,47604.8,0.063238,,
train,61,1506084,47607.6,0.061099,,
train,61,1506184,47610.5,0.061585,,
train,61,1506284,47613.3,0.057985,,
train,61,1506384,47616.2,0.060747,,
train,61,1506484,47619.0,0.068225,,
train,61,1506584,47621.9,0.060981,,
train,61,1506684,47624.7,0.059592,,
train,61,1506784,47627.5,0.061902,,
train,61,1506884,47630.4,0.063734,,
train,61,1506984,47633.2,0.058444,,
train,61,1507084,47636.1,0.062228,,
train,61,1507184,47638.9,0.059776,,
train,61,1507284,47641.8,0.058632,,
train,61,1507384,47644.6,0.061444,,
train,61,1507484,47647.4,0.056753,,
train,61,1507584,47650.3,0.062438,,
train,61,1507684,47653.1,0.064906,,
train,61,1507784,47656.0,0.062821,,
train,61,1507884,47658.8,0.061150,,
train,61,1507984,47661.7,0.065966,,
train,61,1508084,47664.5,0.061162,,
train,61,1508184,47667.3,0.061184,,
train,61,1508284,47670.2,0.062274,,
train,61,1508384,47673.0,0.061151,,
train,61,1508484,47675.9,0.060482,,
train,61,1508584,47678.7,0.058762,,
train,61,1508684,47681.5,0.064364,,
train,61,1508784,47684.4,0.060836,,
train,61,1508884,47687.2,0.063206,,
train,61,1508984,47690.1,0.055420,,
train,61,1509084,47692.9,0.061870,,
train,61,1509184,47695.8,0.060814,,
train,61,1509284,47698.6,0.058227,,
train,61,1509384,47701.4,0.060567,,
train,61,1509484,47704.3,0.061673,,
train,61,1509584,47707.1,0.060488,,
train,61,1509684,47710.0,0.060701,,
train,61,1509784,47712.8,0.059387,,
train,61,1509884,47715.7,0.061643,,
train,61,1509984,47718.5,0.060395,,
train,61,1510084,47721.3,0.057218,,
train,61,1510184,47724.2,0.060566,,
train,61,1510284,47727.0,0.058996,,
train,61,1510384,47729.9,0.062543,,
train,61,1510484,47732.7,0.058344,,
train,61,1510584,47735.5,0.060847,,
train,61,1510684,47738.4,0.065804,,
train,61,1510784,47741.2,0.063887,,
train,61,1510884,47744.1,0.062357,,
train,61,1510984,47746.9,0.061042,,
train,61,1511084,47749.8,0.059888,,
train,61,1511184,47752.6,0.061966,,
train,61,1511284,47755.4,0.058945,,
train,61,1511384,47758.3,0.060388,,
train,61,1511484,47761.1,0.060963,,
train,61,1511584,47764.0,0.057774,,
train,61,1511684,47766.8,0.058716,,
train,61,1511784,47769.6,0.060486,,
train,61,1511884,47772.5,0.062115,,
train,61,1511984,47775.3,0.059862,,
train,61,1512084,47778.2,0.066841,,
train,61,1512184,47781.0,0.061903,,
train,61,1512284,47783.8,0.062016,,
train,61,1512384,47786.7,0.063742,,
train,61,1512484,47789.5,0.061781,,
train,61,1512584,47792.4,0.059954,,
train,61,1512684,47795.2,0.065606,,
train,61,1512784,47798.0,0.061424,,
train,61,1512884,47800.9,0.061167,,
train,61,1512984,47803.7,0.060571,,
train,61,1513084,47806.6,0.062849,,
train,61,1513184,47809.4,0.062452,,
train,61,1513284,47812.2,0.065286,,
train,61,1513384,47815.1,0.065187,,
train,61,1513484,47817.9,0.059263,,
train,61,1513584,47820.8,0.062651,,
train,61,1513684,47823.6,0.060645,,
train,61,1513784,47826.5,0.056895,,
train,61,1513884,47829.3,0.061574,,
train,61,1513984,47832.1,0.067325,,
train,61,1514084,47835.0,0.059564,,
train,61,1514184,47837.8,0.059634,,
train,61,1514284,47840.7,0.057604,,
train,61,1514384,47843.5,0.060025,,
train,61,1514484,47846.4,0.061647,,
train,61,1514584,47849.2,0.058608,,
train,61,1514684,47852.1,0.057408,,
train,61,1514784,47854.9,0.066905,,
train,61,1514884,47857.7,0.063665,,
train,61,1514984,47860.6,0.062322,,
train,61,1515084,47863.4,0.061133,,
train,61,1515184,47866.3,0.059236,,
train,61,1515284,47869.1,0.062961,,
train,61,1515384,47872.0,0.061488,,
train,61,1515484,47874.8,0.063859,,
val,61,,47953.9,0.056748,0.003953,0.000033
train,62,1515628,47957.9,0.063239,,
train,62,1515728,47960.7,0.060147,,
train,62,1515828,47963.5,0.061184,,
train,62,1515928,47966.4,0.058635,,
train,62,1516028,47969.2,0.059149,,
train,62,1516128,47972.0,0.061307,,
train,62,1516228,47974.9,0.061106,,
train,62,1516328,47977.7,0.063208,,
train,62,1516428,47980.6,0.059414,,
train,62,1516528,47983.4,0.061330,,
train,62,1516628,47986.3,0.061914,,
train,62,1516728,47989.1,0.059468,,
train,62,1516828,47991.9,0.060451,,
train,62,1516928,47994.8,0.057635,,
train,62,1517028,47997.6,0.061149,,
train,62,1517128,48000.4,0.059867,,
train,62,1517228,48003.3,0.066989,,
train,62,1517328,48006.1,0.060849,,
train,62,1517428,48009.0,0.062074,,
train,62,1517528,48011.8,0.058838,,
train,62,1517628,48014.7,0.059697,,
train,62,1517728,48017.5,0.055820,,
train,62,1517828,48020.4,0.061960,,
train,62,1517928,48023.2,0.058312,,
train,62,1518028,48026.1,0.059460,,
train,62,1518128,48028.9,0.061368,,
train,62,1518228,48031.7,0.059608,,
train,62,1518328,48034.6,0.057859,,
train,62,1518428,48037.4,0.064163,,
train,62,1518528,48040.3,0.057030,,
train,62,1518628,48043.1,0.061457,,
train,62,1518728,48046.0,0.063151,,
train,62,1518828,48048.8,0.061131,,
train,62,1518928,48051.6,0.062999,,
train,62,1519028,48054.5,0.059715,,
train,62,1519128,48057.3,0.063703,,
train,62,1519228,48060.2,0.060699,,
train,62,1519328,48063.0,0.062144,,
train,62,1519428,48065.8,0.060930,,
train,62,1519528,48068.7,0.061203,,
train,62,1519628,48071.5,0.059834,,
train,62,1519728,48074.4,0.062248,,
train,62,1519828,48077.2,0.059720,,
train,62,1519928,48080.0,0.058181,,
train,62,1520028,48082.9,0.059797,,
train,62,1520128,48085.7,0.060357,,
train,62,1520228,48088.6,0.063105,,
train,62,1520328,48091.4,0.060535,,
train,62,1520428,48094.2,0.061408,,
train,62,1520528,48097.1,0.064384,,
train,62,1520628,48099.9,0.060314,,
train,62,1520728,48102.7,0.059632,,
train,62,1520828,48105.6,0.062156,,
train,62,1520928,48108.4,0.062198,,
train,62,1521028,48111.3,0.060827,,
train,62,1521128,48114.1,0.061824,,
train,62,1521228,48116.9,0.063402,,
train,62,1521328,48119.8,0.058324,,
train,62,1521428,48122.6,0.060916,,
train,62,1521528,48125.4,0.060426,,
train,62,1521628,48128.3,0.062716,,
train,62,1521728,48131.1,0.060992,,
train,62,1521828,48134.0,0.060895,,
train,62,1521928,48136.8,0.062246,,
train,62,1522028,48139.6,0.063298,,
train,62,1522128,48142.5,0.061047,,
train,62,1522228,48145.3,0.066335,,
train,62,1522328,48148.2,0.060964,,
train,62,1522428,48151.0,0.058557,,
train,62,1522528,48153.8,0.060140,,
train,62,1522628,48156.7,0.062536,,
train,62,1522728,48159.5,0.067601,,
train,62,1522828,48162.4,0.063692,,
train,62,1522928,48165.2,0.056396,,
train,62,1523028,48168.0,0.060577,,
train,62,1523128,48170.9,0.063749,,
train,62,1523228,48173.7,0.061077,,
train,62,1523328,48176.6,0.058606,,
train,62,1523428,48179.4,0.060751,,
train,62,1523528,48182.2,0.063088,,
train,62,1523628,48185.1,0.061068,,
train,62,1523728,48187.9,0.057669,,
train,62,1523828,48190.8,0.060493,,
train,62,1523928,48193.6,0.060772,,
train,62,1524028,48196.4,0.066624,,
train,62,1524128,48199.3,0.063098,,
train,62,1524228,48202.1,0.056371,,
train,62,1524328,48205.0,0.063321,,
train,62,1524428,48207.8,0.059359,,
train,62,1524528,48210.6,0.059536,,
train,62,1524628,48213.5,0.056413,,
train,62,1524728,48216.3,0.064469,,
train,62,1524828,48219.2,0.058350,,
train,62,1524928,48222.0,0.062666,,
train,62,1525028,48224.8,0.062111,,
train,62,1525128,48227.7,0.058693,,
train,62,1525228,48230.5,0.061271,,
train,62,1525328,48233.4,0.064029,,
train,62,1525428,48236.2,0.062615,,
train,62,1525528,48239.0,0.062874,,
train,62,1525628,48241.9,0.059450,,
train,62,1525728,48244.7,0.053665,,
train,62,1525828,48247.6,0.057988,,
train,62,1525928,48250.4,0.063859,,
train,62,1526028,48253.3,0.062402,,
train,62,1526128,48256.1,nan,,
train,62,1526228,48258.9,0.061482,,
train,62,1526328,48261.8,0.059047,,
train,62,1526428,48264.6,0.059911,,
train,62,1526528,48267.5,0.061256,,
train,62,1526628,48270.3,0.058485,,
train,62,1526728,48273.1,0.060485,,
train,62,1526828,48276.0,0.063613,,
train,62,1526928,48278.8,0.061879,,
train,62,1527028,48281.6,0.059515,,
train,62,1527128,48284.5,0.058321,,
train,62,1527228,48287.3,0.055765,,
train,62,1527328,48290.2,0.059458,,
train,62,1527428,48293.0,0.061149,,
train,62,1527528,48295.8,0.056736,,
train,62,1527628,48298.7,0.063894,,
train,62,1527728,48301.5,0.062816,,
train,62,1527828,48304.4,0.060461,,
train,62,1527928,48307.2,0.062402,,
train,62,1528028,48310.0,0.059655,,
train,62,1528128,48312.9,0.059111,,
train,62,1528228,48315.7,0.056268,,
train,62,1528328,48318.5,0.065933,,
train,62,1528428,48321.4,0.064148,,
train,62,1528528,48324.2,0.060366,,
train,62,1528628,48327.1,0.063431,,
train,62,1528728,48329.9,0.059857,,
train,62,1528828,48332.7,0.059809,,
train,62,1528928,48335.6,0.058886,,
train,62,1529028,48338.4,0.062108,,
train,62,1529128,48341.3,0.062843,,
train,62,1529228,48344.1,0.065772,,
train,62,1529328,48346.9,0.059738,,
train,62,1529428,48349.8,0.064370,,
train,62,1529528,48352.6,0.061203,,
train,62,1529628,48355.5,0.058426,,
train,62,1529728,48358.3,0.059429,,
train,62,1529828,48361.1,0.061759,,
train,62,1529928,48364.0,0.063676,,
train,62,1530028,48366.8,0.060776,,
train,62,1530128,48369.7,0.059927,,
train,62,1530228,48372.5,0.056664,,
train,62,1530328,48375.3,0.063925,,
train,62,1530428,48378.2,0.058594,,
train,62,1530528,48381.0,0.063528,,
train,62,1530628,48383.9,0.059330,,
train,62,1530728,48386.7,0.061601,,
train,62,1530828,48389.5,0.062125,,
train,62,1530928,48392.4,0.062369,,
train,62,1531028,48395.2,0.060012,,
train,62,1531128,48398.1,0.057731,,
train,62,1531228,48400.9,0.058872,,
train,62,1531328,48403.7,0.061710,,
train,62,1531428,48406.6,0.061170,,
train,62,1531528,48409.4,0.061984,,
train,62,1531628,48412.3,0.061235,,
train,62,1531728,48415.1,0.061040,,
train,62,1531828,48418.0,0.059759,,
train,62,1531928,48420.8,0.062499,,
train,62,1532028,48423.6,0.065326,,
train,62,1532128,48426.5,0.059923,,
train,62,1532228,48429.3,0.063504,,
train,62,1532328,48432.2,0.066261,,
train,62,1532428,48435.0,0.061596,,
train,62,1532528,48437.8,0.060412,,
train,62,1532628,48440.7,0.061505,,
train,62,1532728,48443.5,0.059346,,
train,62,1532828,48446.4,0.059244,,
train,62,1532928,48449.2,0.059413,,
train,62,1533028,48452.1,0.060666,,
train,62,1533128,48454.9,0.058494,,
train,62,1533228,48457.7,0.059151,,
train,62,1533328,48460.6,0.062319,,
train,62,1533428,48463.4,0.057271,,
train,62,1533528,48466.3,0.061880,,
train,62,1533628,48469.1,0.058991,,
train,62,1533728,48471.9,0.062527,,
train,62,1533828,48474.8,0.058857,,
train,62,1533928,48477.6,0.055941,,
train,62,1534028,48480.5,0.062462,,
train,62,1534128,48483.3,0.062056,,
train,62,1534228,48486.1,0.059394,,
train,62,1534328,48489.0,0.061805,,
train,62,1534428,48491.8,0.059222,,
train,62,1534528,48494.6,0.063374,,
train,62,1534628,48497.5,0.063456,,
train,62,1534728,48500.3,0.059511,,
train,62,1534828,48503.2,0.061272,,
train,62,1534928,48506.0,0.065890,,
train,62,1535028,48508.8,0.061435,,
train,62,1535128,48511.7,0.065791,,
train,62,1535228,48514.5,0.060462,,
train,62,1535328,48517.4,0.059134,,
train,62,1535428,48520.2,0.061851,,
train,62,1535528,48523.0,0.061947,,
train,62,1535628,48525.9,0.060859,,
train,62,1535728,48528.7,0.060193,,
train,62,1535828,48531.6,0.059645,,
train,62,1535928,48534.4,0.058862,,
train,62,1536028,48537.2,0.058855,,
train,62,1536128,48540.1,0.055173,,
train,62,1536228,48542.9,0.064056,,
train,62,1536328,48545.8,0.058112,,
train,62,1536428,48548.6,0.062308,,
train,62,1536528,48551.4,0.058861,,
train,62,1536628,48554.3,0.061775,,
train,62,1536728,48557.1,0.058926,,
train,62,1536828,48559.9,0.061144,,
train,62,1536928,48562.8,0.061663,,
train,62,1537028,48565.6,0.063495,,
train,62,1537128,48568.5,0.062360,,
train,62,1537228,48571.3,0.063446,,
train,62,1537328,48574.1,0.064180,,
train,62,1537428,48577.0,0.060212,,
train,62,1537528,48579.8,0.059235,,
train,62,1537628,48582.7,0.060885,,
train,62,1537728,48585.5,0.059780,,
train,62,1537828,48588.3,0.064740,,
train,62,1537928,48591.2,0.059222,,
train,62,1538028,48594.0,0.060676,,
train,62,1538128,48596.9,0.061613,,
train,62,1538228,48599.7,0.059536,,
train,62,1538328,48602.5,0.059643,,
train,62,1538428,48605.4,0.063266,,
train,62,1538528,48608.2,0.059479,,
train,62,1538628,48611.1,0.058032,,
train,62,1538728,48613.9,0.059964,,
train,62,1538828,48616.7,0.065270,,
train,62,1538928,48619.6,0.063963,,
train,62,1539028,48622.4,0.060425,,
train,62,1539128,48625.3,0.060143,,
train,62,1539228,48628.1,0.057824,,
train,62,1539328,48630.9,0.063762,,
train,62,1539428,48633.8,0.057681,,
train,62,1539528,48636.6,0.056376,,
train,62,1539628,48639.5,0.058066,,
train,62,1539728,48642.3,0.061876,,
train,62,1539828,48645.2,0.060357,,
train,62,1539928,48648.0,0.058756,,
val,62,,48726.8,0.056615,0.003949,0.000033
train,63,1540072,48730.9,0.063633,,
train,63,1540172,48733.7,0.060316,,
train,63,1540272,48736.6,0.063568,,
train,63,1540372,48739.4,0.063759,,
train,63,1540472,48742.3,0.060189,,
train,63,1540572,48745.1,0.060422,,
train,63,1540672,48748.0,0.059130,,
train,63,1540772,48750.8,0.065415,,
train,63,1540872,48753.6,0.065455,,
train,63,1540972,48756.5,0.064145,,
train,63,1541072,48759.3,0.061842,,
train,63,1541172,48762.2,0.055305,,
train,63,1541272,48765.0,0.059149,,
train,63,1541372,48767.9,0.055586,,
train,63,1541472,48770.7,0.062586,,
train,63,1541572,48773.5,0.060046,,
train,63,1541672,48776.4,0.061357,,
train,63,1541772,48779.2,0.059556,,
train,63,1541872,48782.1,0.061276,,
train,63,1541972,48784.9,0.057560,,
train,63,1542072,48787.8,0.058489,,
train,63,1542172,48790.6,0.060027,,
train,63,1542272,48793.4,0.060554,,
train,63,1542372,48796.3,0.063023,,
train,63,1542472,48799.1,0.058812,,
train,63,1542572,48802.0,0.062040,,
train,63,1542672,48804.8,0.061437,,
train,63,1542772,48807.7,0.061116,,
train,63,1542872,48810.5,0.060952,,
train,63,1542972,48813.3,0.064483,,
train,63,1543072,48816.2,0.059968,,
train,63,1543172,48819.0,0.057718,,
train,63,1543272,48821.9,0.053284,,
train,63,1543372,48824.7,0.057222,,
train,63,1543472,48827.6,0.060523,,
train,63,1543572,48830.4,0.063806,,
train,63,1543672,48833.2,0.063855,,
train,63,1543772,48836.1,0.058609,,
train,63,1543872,48838.9,0.063526,,
train,63,1543972,48841.8,0.057634,,
train,63,1544072,48844.6,0.059334,,
train,63,1544172,48847.5,0.059712,,
train,63,1544272,48850.3,0.061402,,
train,63,1544372,48853.1,0.059791,,
train,63,1544472,48856.0,0.057079,,
train,63,1544572,48858.8,0.063942,,
train,63,1544672,48861.7,0.063532,,
train,63,1544772,48864.5,0.058622,,
train,63,1544872,48867.3,0.055320,,
train,63,1544972,48870.2,0.061469,,
train,63,1545072,48873.0,0.063095,,
train,63,1545172,48875.9,0.061129,,
train,63,1545272,48878.7,0.063948,,
train,63,1545372,48881.5,0.061460,,
train,63,1545472,48884.4,0.060580,,
train,63,1545572,48887.2,0.060788,,
train,63,1545672,48890.1,0.057100,,
train,63,1545772,48892.9,0.056218,,
train,63,1545872,48895.8,0.060727,,
train,63,1545972,48898.6,0.058884,,
train,63,1546072,48901.4,0.062496,,
train,63,1546172,48904.3,0.060435,,
train,63,1546272,48907.1,0.060822,,
train,63,1546372,48910.0,0.064081,,
train,63,1546472,48912.8,0.064320,,
train,63,1546572,48915.6,0.062036,,
train,63,1546672,48918.5,0.061483,,
train,63,1546772,48921.3,0.060762,,
train,63,1546872,48924.2,0.062108,,
train,63,1546972,48927.0,0.060084,,
train,63,1547072,48929.9,0.063460,,
train,63,1547172,48932.7,0.063192,,
train,63,1547272,48935.5,0.053306,,
train,63,1547372,48938.4,0.064813,,
train,63,1547472,48941.2,0.061283,,
train,63,1547572,48944.1,0.063256,,
train,63,1547672,48946.9,0.060486,,
train,63,1547772,48949.8,0.058437,,
train,63,1547872,48952.6,0.061393,,
train,63,1547972,48955.4,0.069003,,
train,63,1548072,48958.3,0.057961,,
train,63,1548172,48961.1,0.067906,,
train,63,1548272,48964.0,0.057681,,
train,63,1548372,48966.8,0.060344,,
train,63,1548472,48969.7,0.060970,,
train,63,1548572,48972.5,0.059496,,
train,63,1548672,48975.3,0.058633,,
train,63,1548772,48978.2,0.061317,,
train,63,1548872,48981.0,0.062018,,
train,63,1548972,48983.9,0.062963,,
train,63,1549072,48986.7,0.063316,,
train,63,1549172,48989.5,0.057215,,
train,63,1549272,48992.4,0.055219,,
train,63,1549372,48995.2,0.059357,,
train,63,1549472,48998.1,0.057722,,
train,63,1549572,49000.9,0.058728,,
train,63,1549672,49003.8,0.059781,,
train,63,1549772,49006.6,0.066446,,
train,63,1549872,49009.4,0.057486,,
train,63,1549972,49012.3,0.059890,,
train,63,1550072,49015.1,0.059850,,
train,63,1550172,49018.0,nan,,
train,63,1550272,49020.8,0.059242,,
train,63,1550372,49023.7,0.061792,,
train,63,1550472,49026.5,0.061674,,
train,63,1550572,49029.3,0.058569,,
train,63,1550672,49032.2,0.061449,,
train,63,1550772,49035.0,0.063523,,
train,63,1550872,49037.9,0.064491,,
train,63,1550972,49040.7,0.061650,,
train,63,1551072,49043.6,0.058162,,
train,63,1551172,49046.4,0.059963,,
train,63,1551272,49049.2,0.062072,,
train,63,1551372,49052.1,0.060825,,
train,63,1551472,49054.9,0.062364,,
train,63,1551572,49057.8,0.062808,,
train,63,1551672,49060.6,0.061290,,
train,63,1551772,49063.5,0.068152,,
train,63,1551872,49066.3,0.059950,,
train,63,1551972,49069.1,0.059747,,
train,63,1552072,49072.0,0.060657,,
train,63,1552172,49074.8,0.063083,,
train,63,1552272,49077.7,0.062449,,
train,63,1552372,49080.5,0.060864,,
train,63,1552472,49083.3,0.058974,,
train,63,1552572,49086.2,0.063869,,
train,63,1552672,49089.0,0.067507,,
train,63,1552772,49091.8,0.059140,,
train,63,1552872,49094.7,0.059061,,
train,63,1552972,49097.5,0.059859,,
train,63,1553072,49100.4,0.063194,,
train,63,1553172,49103.2,0.060162,,
train,63,1553272,49106.0,0.059296,,
train,63,1553372,49108.9,0.058448,,
train,63,1553472,49111.7,0.057454,,
train,63,1553572,49114.6,0.063746,,
train,63,1553672,49117.4,0.060787,,
train,63,1553772,49120.2,0.061459,,
train,63,1553872,49123.1,0.064303,,
train,63,1553972,49125.9,0.065102,,
train,63,1554072,49128.7,0.061758,,
train,63,1554172,49131.6,0.059614,,
train,63,1554272,49134.4,0.063926,,
train,63,1554372,49137.3,0.063498,,
train,63,1554472,49140.1,0.063411,,
train,63,1554572,49142.9,0.061188,,
train,63,1554672,49145.8,0.061884,,
train,63,1554772,49148.6,0.062343,,
train,63,1554872,49151.5,0.058601,,
train,63,1554972,49154.3,0.057871,,
train,63,1555072,49157.2,0.065332,,
train,63,1555172,49160.0,0.056838,,
train,63,1555272,49162.8,0.065096,,
train,63,1555372,49165.7,0.062610,,
train,63,1555472,49168.5,0.061333,,
train,63,1555572,49171.4,0.061884,,
train,63,1555672,49174.2,0.057645,,
train,63,1555772,49177.0,0.059666,,
train,63,1555872,49179.9,0.058639,,
train,63,1555972,49182.7,0.062922,,
train,63,1556072,49185.6,0.060963,,
train,63,1556172,49188.4,0.063076,,
train,63,1556272,49191.3,0.062086,,
train,63,1556372,49194.1,0.065004,,
train,63,1556472,49196.9,0.059921,,
train,63,1556572,49199.8,0.060747,,
train,63,1556672,49202.6,0.063161,,
train,63,1556772,49205.5,0.060770,,
train,63,1556872,49208.3,0.059979,,
train,63,1556972,49211.2,0.060821,,
train,63,1557072,49214.0,0.063878,,
train,63,1557172,49216.8,0.059832,,
train,63,1557272,49219.7,0.061369,,
train,63,1557372,49222.5,0.061126,,
train,63,1557472,49225.4,0.057429,,
train,63,1557572,49228.2,0.058517,,
train,63,1557672,49231.0,0.059103,,
train,63,1557772,49233.9,0.058597,,
train,63,1557872,49236.7,0.058748,,
train,63,1557972,49239.6,0.056703,,
train,63,1558072,49242.4,0.061260,,
train,63,1558172,49245.3,0.060947,,
train,63,1558272,49248.1,0.058282,,
train,63,1558372,49250.9,0.061024,,
train,63,1558472,49253.8,0.059360,,
train,63,1558572,49256.6,0.063363,,
train,63,1558672,49259.5,0.066043,,
train,63,1558772,49262.3,0.060137,,
train,63,1558872,49265.1,0.061431,,
train,63,1558972,49268.0,0.063298,,
train,63,1559072,49270.8,0.062520,,
train,63,1559172,49273.7,0.057901,,
train,63,1559272,49276.5,0.064101,,
train,63,1559372,49279.4,0.059409,,
train,63,1559472,49282.2,0.059044,,
train,63,1559572,49285.0,0.062335,,
train,63,1559672,49287.9,0.057694,,
train,63,1559772,49290.7,0.061604,,
train,63,1559872,49293.6,0.061675,,
train,63,1559972,49296.4,0.057558,,
train,63,1560072,49299.2,0.059018,,
train,63,1560172,49302.1,0.063058,,
train,63,1560272,49304.9,0.063445,,
train,63,1560372,49307.8,0.063546,,
train,63,1560472,49310.6,0.064363,,
train,63,1560572,49313.4,0.063300,,
train,63,1560672,49316.3,0.062917,,
train,63,1560772,49319.1,0.060370,,
train,63,1560872,49322.0,0.064926,,
train,63,1560972,49324.8,0.057994,,
train,63,1561072,49327.6,0.063720,,
train,63,1561172,49330.5,0.060060,,
train,63,1561272,49333.3,0.058862,,
train,63,1561372,49336.2,0.063032,,
train,63,1561472,49339.0,0.060098,,
train,63,1561572,49341.9,0.061801,,
train,63,1561672,49344.7,0.060808,,
train,63,1561772,49347.5,0.064008,,
train,63,1561872,49350.4,0.065434,,
train,63,1561972,49353.2,0.060356,,
train,63,1562072,49356.1,0.060315,,
train,63,1562172,49358.9,0.061234,,
train,63,1562272,49361.7,0.060405,,
train,63,1562372,49364.6,0.066757,,
train,63,1562472,49367.4,0.058694,,
train,63,1562572,49370.3,0.061537,,
train,63,1562672,49373.1,0.060846,,
train,63,1562772,49376.0,0.059878,,
train,63,1562872,49378.8,0.059414,,
train,63,1562972,49381.6,0.062731,,
train,63,1563072,49384.5,0.061033,,
train,63,1563172,49387.3,0.066942,,
train,63,1563272,49390.2,0.059702,,
train,63,1563372,49393.0,0.061755,,
train,63,1563472,49395.9,0.058397,,
train,63,1563572,49398.7,0.062682,,
train,63,1563672,49401.5,0.060395,,
train,63,1563772,49404.4,0.061782,,
train,63,1563872,49407.2,0.062817,,
train,63,1563972,49410.1,0.064630,,
train,63,1564072,49412.9,0.062123,,
train,63,1564172,49415.8,0.057163,,
train,63,1564272,49418.6,0.060076,,
train,63,1564372,49421.4,0.059291,,
val,63,,49500.4,0.056585,0.003949,0.000033
train,64,1564516,49504.4,0.065551,,
train,64,1564616,49507.2,0.060988,,
train,64,1564716,49510.1,0.062164,,
train,64,1564816,49512.9,0.062244,,
train,64,1564916,49515.7,0.061856,,
train,64,1565016,49518.6,0.059951,,
train,64,1565116,49521.4,0.062701,,
train,64,1565216,49524.3,0.067839,,
train,64,1565316,49527.1,0.056976,,
train,64,1565416,49530.0,0.059030,,
train,64,1565516,49532.8,0.063259,,
train,64,1565616,49535.6,0.062621,,
train,64,1565716,49538.5,0.062234,,
train,64,1565816,49541.3,0.062316,,
train,64,1565916,49544.2,0.065154,,
train,64,1566016,49547.0,0.061264,,
train,64,1566116,49549.9,0.058637,,
train,64,1566216,49552.7,0.062071,,
train,64,1566316,49555.6,0.066697,,
train,64,1566416,49558.4,0.061635,,
train,64,1566516,49561.3,0.061635,,
train,64,1566616,49564.1,0.063714,,
train,64,1566716,49566.9,0.063852,,
train,64,1566816,49569.8,0.060799,,
train,64,1566916,49572.6,0.058413,,
train,64,1567016,49575.5,0.059974,,
train,64,1567116,49578.3,0.060083,,
train,64,1567216,49581.2,0.060732,,
train,64,1567316,49584.0,0.061178,,
train,64,1567416,49586.8,0.061269,,
train,64,1567516,49589.7,0.061640,,
train,64,1567616,49592.5,0.064242,,
train,64,1567716,49595.4,0.060904,,
train,64,1567816,49598.2,0.058466,,
train,64,1567916,49601.1,0.065429,,
train,64,1568016,49603.9,0.059553,,
train,64,1568116,49606.8,0.062973,,
train,64,1568216,49609.6,0.060510,,
train,64,1568316,49612.5,0.059317,,
train,64,1568416,49615.3,0.058621,,
train,64,1568516,49618.1,0.059325,,
train,64,1568616,49621.0,0.062720,,
train,64,1568716,49623.8,0.058010,,
train,64,1568816,49626.7,0.059566,,
train,64,1568916,49629.5,0.061897,,
train,64,1569016,49632.4,0.057046,,
train,64,1569116,49635.2,0.060893,,
train,64,1569216,49638.1,0.057520,,
train,64,1569316,49640.9,0.064973,,
train,64,1569416,49643.7,0.062319,,
train,64,1569516,49646.6,0.057809,,
train,64,1569616,49649.4,0.062381,,
train,64,1569716,49652.3,0.064522,,
train,64,1569816,49655.1,0.060530,,
train,64,1569916,49658.0,0.060307,,
train,64,1570016,49660.8,0.056950,,
train,64,1570116,49663.7,0.062111,,
train,64,1570216,49666.5,0.060287,,
train,64,1570316,49669.3,0.062392,,
train,64,1570416,49672.2,0.064234,,
train,64,1570516,49675.0,0.061906,,
train,64,1570616,49677.9,0.062359,,
train,64,1570716,49680.7,0.057760,,
train,64,1570816,49683.6,0.060130,,
train,64,1570916,49686.4,0.057989,,
train,64,1571016,49689.3,0.058329,,
train,64,1571116,49692.1,0.066892,,
train,64,1571216,49695.0,0.060482,,
train,64,1571316,49697.8,0.059877,,
train,64,1571416,49700.6,0.062939,,
train,64,1571516,49703.5,0.057189,,
train,64,1571616,49706.3,0.060526,,
train,64,1571716,49709.2,0.058470,,
train,64,1571816,49712.0,0.059310,,
train,64,1571916,49714.8,0.056292,,
train,64,1572016,49717.7,0.057828,,
train,64,1572116,49720.5,0.061687,,
train,64,1572216,49723.4,0.057904,,
train,64,1572316,49726.2,0.064300,,
train,64,1572416,49729.0,0.061189,,
train,64,1572516,49731.9,0.060645,,
train,64,1572616,49734.7,0.056480,,
train,64,1572716,49737.6,0.060026,,
train,64,1572816,49740.4,0.061552,,
train,64,1572916,49743.3,0.062429,,
train,64,1573016,49746.1,0.061876,,
train,64,1573116,49748.9,0.063153,,
train,64,1573216,49751.8,0.058178,,
train,64,1573316,49754.6,0.058368,,
train,64,1573416,49757.5,0.061886,,
train,64,1573516,49760.3,0.062106,,
train,64,1573616,49763.1,0.066474,,
train,64,1573716,49766.0,0.061532,,
train,64,1573816,49768.8,0.058793,,
train,64,1573916,49771.7,0.063187,,
train,64,1574016,49774.5,0.058735,,
train,64,1574116,49777.4,0.057616,,
train,64,1574216,49780.2,0.060619,,
train,64,1574316,49783.0,0.064722,,
train,64,1574416,49785.9,0.061507,,
train,64,1574516,49788.7,0.060335,,
train,64,1574616,49791.6,0.067393,,
train,64,1574716,49794.4,0.063412,,
train,64,1574816,49797.2,0.056219,,
train,64,1574916,49800.1,0.064326,,
train,64,1575016,49802.9,0.059712,,
train,64,1575116,49805.8,0.060135,,
train,64,1575216,49808.6,0.060616,,
train,64,1575316,49811.5,0.058956,,
train,64,1575416,49814.3,0.061773,,
train,64,1575516,49817.1,0.059514,,
train,64,1575616,49820.0,0.061173,,
train,64,1575716,49822.8,0.059224,,
train,64,1575816,49825.7,0.060698,,
train,64,1575916,49828.5,0.056856,,
train,64,1576016,49831.4,0.058573,,
train,64,1576116,49834.2,0.057763,,
train,64,1576216,49837.0,0.061309,,
train,64,1576316,49839.9,0.058970,,
train,64,1576416,49842.7,0.059771,,
train,64,1576516,49845.6,0.059015,,
train,64,1576616,49848.4,0.064622,,
train,64,1576716,49851.3,0.061802,,
train,64,1576816,49854.1,0.057407,,
train,64,1576916,49857.0,0.059705,,
train,64,1577016,49859.8,0.058114,,
train,64,1577116,49862.6,nan,,
train,64,1577216,49865.5,0.062226,,
train,64,1577316,49868.3,0.061785,,
train,64,1577416,49871.2,0.063942,,
train,64,1577516,49874.0,0.059926,,
train,64,1577616,49876.9,0.061063,,
train,64,1577716,49879.7,0.061578,,
train,64,1577816,49882.6,0.061720,,
train,64,1577916,49885.4,0.060415,,
train,64,1578016,49888.2,0.062569,,
train,64,1578116,49891.1,0.059446,,
train,64,1578216,49893.9,0.063910,,
train,64,1578316,49896.8,0.062666,,
train,64,1578416,49899.6,0.059282,,
train,64,1578516,49902.5,0.063347,,
train,64,1578616,49905.3,0.061356,,
train,64,1578716,49908.2,0.063604,,
train,64,1578816,49911.0,0.060654,,
train,64,1578916,49913.8,0.064964,,
train,64,1579016,49916.7,0.060879,,
train,64,1579116,49919.5,0.061472,,
train,64,1579216,49922.4,0.059325,,
train,64,1579316,49925.2,0.061373,,
train,64,1579416,49928.0,0.063673,,
train,64,1579516,49930.9,0.062565,,
train,64,1579616,49933.7,0.061635,,
train,64,1579716,49936.6,0.059939,,
train,64,1579816,49939.4,0.063414,,
train,64,1579916,49942.2,0.061271,,
train,64,1580016,49945.1,0.064087,,
train,64,1580116,49947.9,0.060802,,
train,64,1580216,49950.8,0.064271,,
train,64,1580316,49953.6,0.059253,,
train,64,1580416,49956.5,0.060555,,
train,64,1580516,49959.3,0.062663,,
train,64,1580616,49962.1,0.059801,,
train,64,1580716,49965.0,0.061334,,
train,64,1580816,49967.8,0.064266,,
train,64,1580916,49970.7,0.057818,,
train,64,1581016,49973.5,0.061057,,
train,64,1581116,49976.4,0.063490,,
train,64,1581216,49979.2,0.061552,,
train,64,1581316,49982.1,0.065337,,
train,64,1581416,49984.9,0.062411,,
train,64,1581516,49987.7,0.061409,,
train,64,1581616,49990.6,0.063156,,
train,64,1581716,49993.4,0.060785,,
train,64,1581816,49996.3,0.059400,,
train,64,1581916,49999.1,0.060697,,
train,64,1582016,50002.0,0.060746,,
train,64,1582116,50004.8,0.063837,,
train,64,1582216,50007.7,0.063759,,
train,64,1582316,50010.5,0.063623,,
train,64,1582416,50013.3,0.058737,,
train,64,1582516,50016.2,0.062563,,
train,64,1582616,50019.0,0.061772,,
train,64,1582716,50021.9,0.060042,,
train,64,1582816,50024.7,0.062136,,
train,64,1582916,50027.6,0.056869,,
train,64,1583016,50030.4,0.060391,,
train,64,1583116,50033.3,0.057357,,
train,64,1583216,50036.1,0.059820,,
train,64,1583316,50038.9,0.058157,,
train,64,1583416,50041.8,0.062458,,
train,64,1583516,50044.6,0.060309,,
train,64,1583616,50047.5,0.060790,,
train,64,1583716,50050.3,0.061046,,
train,64,1583816,50053.2,0.057966,,
train,64,1583916,50056.0,0.061576,,
train,64,1584016,50058.9,0.056599,,
train,64,1584116,50061.7,0.062739,,
train,64,1584216,50064.5,0.061566,,
train,64,1584316,50067.4,0.062180,,
train,64,1584416,50070.2,0.059007,,
train,64,1584516,50073.1,0.064060,,
train,64,1584616,50075.9,0.057579,,
train,64,1584716,50078.8,0.058295,,
train,64,1584816,50081.6,0.058459,,
train,64,1584916,50084.5,0.063738,,
train,64,1585016,50087.3,0.062821,,
train,64,1585116,50090.1,0.064163,,
train,64,1585216,50093.0,0.061735,,
train,64,1585316,50095.8,0.066293,,
train,64,1585416,50098.7,0.062811,,
train,64,1585516,50101.5,0.060149,,
train,64,1585616,50104.4,0.059237,,
train,64,1585716,50107.2,0.061869,,
train,64,1585816,50110.1,0.057451,,
train,64,1585916,50112.9,0.058930,,
train,64,1586016,50115.7,0.063061,,
train,64,1586116,50118.6,0.059729,,
train,64,1586216,50121.4,0.061385,,
train,64,1586316,50124.3,0.060961,,
train,64,1586416,50127.1,0.059181,,
train,64,1586516,50129.9,0.060537,,
train,64,1586616,50132.8,0.060202,,
train,64,1586716,50135.6,0.061408,,
train,64,1586816,50138.5,0.063083,,
train,64,1586916,50141.3,0.060767,,
train,64,1587016,50144.2,0.061541,,
train,64,1587116,50147.0,0.056732,,
train,64,1587216,50149.8,0.057661,,
train,64,1587316,50152.7,0.059494,,
train,64,1587416,50155.5,0.062743,,
train,64,1587516,50158.4,0.063509,,
train,64,1587616,50161.2,0.061592,,
train,64,1587716,50164.1,0.065214,,
train,64,1587816,50166.9,0.056515,,
train,64,1587916,50169.7,0.059186,,
train,64,1588016,50172.6,0.061704,,
train,64,1588116,50175.4,0.057295,,
train,64,1588216,50178.3,0.064701,,
train,64,1588316,50181.1,0.056846,,
train,64,1588416,50184.0,0.064880,,
train,64,1588516,50186.8,0.058614,,
train,64,1588616,50189.6,0.058064,,
train,64,1588716,50192.5,0.065022,,
train,64,1588816,50195.3,0.062162,,
val,64,,50274.3,0.056494,0.003945,0.000033
train,65,1588960,50278.3,0.065545,,
train,65,1589060,50281.1,0.055455,,
train,65,1589160,50284.0,0.060715,,
train,65,1589260,50286.8,0.060561,,
train,65,1589360,50289.6,0.057855,,
train,65,1589460,50292.5,0.059231,,
train,65,1589560,50295.3,0.057967,,
train,65,1589660,50298.2,0.057119,,
train,65,1589760,50301.0,0.064897,,
train,65,1589860,50303.8,0.062232,,
train,65,1589960,50306.7,0.063576,,
train,65,1590060,50309.5,0.058704,,
train,65,1590160,50312.4,0.059216,,
train,65,1590260,50315.2,0.062309,,
train,65,1590360,50318.0,0.063432,,
train,65,1590460,50320.9,0.063767,,
train,65,1590560,50323.7,0.058186,,
train,65,1590660,50326.6,0.064621,,
train,65,1590760,50329.4,0.059556,,
train,65,1590860,50332.2,0.061246,,
train,65,1590960,50335.1,0.058332,,
train,65,1591060,50337.9,0.065150,,
train,65,1591160,50340.7,0.062362,,
train,65,1591260,50343.6,0.063719,,
train,65,1591360,50346.4,0.060367,,
train,65,1591460,50349.3,0.059893,,
train,65,1591560,50352.1,0.061205,,
train,65,1591660,50354.9,0.065504,,
train,65,1591760,50357.8,0.061270,,
train,65,1591860,50360.6,0.055801,,
train,65,1591960,50363.5,0.063004,,
train,65,1592060,50366.3,0.063285,,
train,65,1592160,50369.1,0.059111,,
train,65,1592260,50372.0,0.060174,,
train,65,1592360,50374.8,0.063610,,
train,65,1592460,50377.6,0.055287,,
train,65,1592560,50380.5,0.060634,,
train,65,1592660,50383.3,0.064496,,
train,65,1592760,50386.2,0.060134,,
train,65,1592860,50389.0,0.059600,,
train,65,1592960,50391.8,0.063306,,
train,65,1593060,50394.7,0.061445,,
train,65,1593160,50397.5,0.060617,,
train,65,1593260,50400.4,0.065656,,
train,65,1593360,50403.2,0.060981,,
train,65,1593460,50406.1,0.060050,,
train,65,1593560,50408.9,0.061637,,
train,65,1593660,50411.7,0.061759,,
train,65,1593760,50414.6,0.060574,,
train,65,1593860,50417.4,0.058718,,
train,65,1593960,50420.2,0.060718,,
train,65,1594060,50423.1,0.058203,,
train,65,1594160,50425.9,0.058084,,
train,65,1594260,50428.8,0.060015,,
train,65,1594360,50431.6,0.062191,,
train,65,1594460,50434.4,0.058581,,
train,65,1594560,50437.3,0.060855,,
train,65,1594660,50440.1,0.062057,,
train,65,1594760,50443.0,0.060949,,
train,65,1594860,50445.8,0.061794,,
train,65,1594960,50448.6,0.060199,,
train,65,1595060,50451.5,0.057225,,
train,65,1595160,50454.3,0.060276,,
train,65,1595260,50457.2,0.064291,,
train,65,1595360,50460.0,0.059549,,
train,65,1595460,50462.8,0.063426,,
train,65,1595560,50465.7,0.061714,,
train,65,1595660,50468.5,0.060791,,
train,65,1595760,50471.4,0.059235,,
train,65,1595860,50474.2,0.063433,,
train,65,1595960,50477.0,0.059969,,
train,65,1596060,50479.9,0.062493,,
train,65,1596160,50482.7,0.057328,,
train,65,1596260,50485.6,0.061418,,
train,65,1596360,50488.4,0.060683,,
train,65,1596460,50491.2,0.063053,,
train,65,1596560,50494.1,0.061932,,
train,65,1596660,50496.9,0.055797,,
train,65,1596760,50499.8,0.061476,,
train,65,1596860,50502.6,0.061580,,
train,65,1596960,50505.4,0.060070,,
train,65,1597060,50508.3,0.063109,,
train,65,1597160,50511.1,0.064156,,
train,65,1597260,50513.9,0.061317,,
train,65,1597360,50516.8,0.060198,,
train,65,1597460,50519.6,0.060201,,
train,65,1597560,50522.5,0.061989,,
train,65,1597660,50525.3,0.065338,,
train,65,1597760,50528.1,0.060368,,
train,65,1597860,50531.0,0.060439,,
train,65,1597960,50533.8,0.058911,,
train,65,1598060,50536.7,0.054841,,
train,65,1598160,50539.5,0.061265,,
train,65,1598260,50542.3,0.059189,,
train,65,1598360,50545.2,0.063689,,
train,65,1598460,50548.0,0.060994,,
train,65,1598560,50550.8,0.067847,,
train,65,1598660,50553.7,0.057597,,
train,65,1598760,50556.5,0.063025,,
train,65,1598860,50559.4,0.062588,,
train,65,1598960,50562.2,0.065180,,
train,65,1599060,50565.0,0.065213,,
train,65,1599160,50567.9,0.062676,,
train,65,1599260,50570.7,0.059953,,
train,65,1599360,50573.5,0.059161,,
train,65,1599460,50576.4,0.060454,,
train,65,1599560,50579.2,0.058229,,
train,65,1599660,50582.0,0.060975,,
train,65,1599760,50584.9,0.059584,,
train,65,1599860,50587.7,0.061672,,
train,65,1599960,50590.6,0.057843,,
train,65,1600060,50593.4,0.061107,,
train,65,1600160,50596.2,0.061233,,
train,65,1600260,50599.1,0.058229,,
train,65,1600360,50601.9,0.061000,,
train,65,1600460,50604.7,0.058291,,
train,65,1600560,50607.6,0.058026,,
train,65,1600660,50610.4,0.057615,,
train,65,1600760,50613.2,0.057213,,
train,65,1600860,50616.1,0.060457,,
train,65,1600960,50618.9,0.060243,,
train,65,1601060,50621.8,0.057521,,
train,65,1601160,50624.6,0.062307,,
train,65,1601260,50627.4,0.068195,,
train,65,1601360,50630.3,0.058921,,
train,65,1601460,50633.1,0.058384,,
train,65,1601560,50635.9,0.061826,,
train,65,1601660,50638.8,0.058243,,
train,65,1601760,50641.6,0.063858,,
train,65,1601860,50644.5,0.063123,,
train,65,1601960,50647.3,0.058954,,
train,65,1602060,50650.1,0.063375,,
train,65,1602160,50653.0,0.058948,,
train,65,1602260,50655.8,0.062383,,
train,65,1602360,50658.7,0.059906,,
train,65,1602460,50661.5,0.063846,,
train,65,1602560,50664.3,0.062067,,
train,65,1602660,50667.2,0.062411,,
train,65,1602760,50670.0,0.063432,,
train,65,1602860,50672.8,0.064451,,
train,65,1602960,50675.7,0.059691,,
train,65,1603060,50678.5,0.060582,,
train,65,1603160,50681.4,0.062119,,
train,65,1603260,50684.2,0.060882,,
train,65,1603360,50687.0,0.059518,,
train,65,1603460,50689.9,0.059339,,
train,65,1603560,50692.7,0.060929,,
train,65,1603660,50695.6,0.059261,,
train,65,1603760,50698.4,0.062566,,
train,65,1603860,50701.2,0.059718,,
train,65,1603960,50704.1,0.060465,,
train,65,1604060,50706.9,0.060810,,
train,65,1604160,50709.8,0.061110,,
train,65,1604260,50712.6,0.060985,,
train,65,1604360,50715.4,0.062039,,
train,65,1604460,50718.3,0.058467,,
train,65,1604560,50721.1,0.060022,,
train,65,1604660,50723.9,0.066469,,
train,65,1604760,50726.8,0.056168,,
train,65,1604860,50729.6,0.062507,,
train,65,1604960,50732.5,0.057264,,
train,65,1605060,50735.3,0.058696,,
train,65,1605160,50738.1,0.060003,,
train,65,1605260,50741.0,0.061856,,
train,65,1605360,50743.8,0.058334,,
train,65,1605460,50746.7,0.059349,,
train,65,1605560,50749.5,0.060545,,
train,65,1605660,50752.3,0.058794,,
train,65,1605760,50755.2,0.060517,,
train,65,1605860,50758.0,0.056409,,
train,65,1605960,50760.8,0.062443,,
train,65,1606060,50763.7,0.061021,,
train,65,1606160,50766.5,0.062889,,
train,65,1606260,50769.4,0.059497,,
train,65,1606360,50772.2,0.062961,,
train,65,1606460,50775.0,0.056487,,
train,65,1606560,50777.9,0.061975,,
train,65,1606660,50780.7,0.061985,,
train,65,1606760,50783.5,0.062705,,
train,65,1606860,50786.4,0.058318,,
train,65,1606960,50789.2,0.062485,,
train,65,1607060,50792.1,0.062549,,
train,65,1607160,50794.9,0.058508,,
train,65,1607260,50797.7,0.058792,,
train,65,1607360,50800.6,0.062064,,
train,65,1607460,50803.4,0.062503,,
train,65,1607560,50806.2,0.061509,,
train,65,1607660,50809.1,0.061600,,
train,65,1607760,50811.9,0.061042,,
train,65,1607860,50814.8,0.060552,,
train,65,1607960,50817.6,0.059965,,
train,65,1608060,50820.4,0.056369,,
train,65,1608160,50823.3,0.064486,,
train,65,1608260,50826.1,0.060607,,
train,65,1608360,50829.0,0.061661,,
train,65,1608460,50831.8,0.059804,,
train,65,1608560,50834.6,0.063703,,
train,65,1608660,50837.5,0.057891,,
train,65,1608760,50840.3,0.059635,,
train,65,1608860,50843.1,0.066438,,
train,65,1608960,50846.0,0.060111,,
train,65,1609060,50848.8,0.062589,,
train,65,1609160,50851.7,0.060042,,
train,65,1609260,50854.5,0.062016,,
train,65,1609360,50857.3,0.060499,,
train,65,1609460,50860.2,0.060709,,
train,65,1609560,50863.0,0.064579,,
train,65,1609660,50865.9,0.059314,,
train,65,1609760,50868.7,0.057767,,
train,65,1609860,50871.5,0.062129,,
train,65,1609960,50874.4,0.060440,,
train,65,1610060,50877.2,0.058251,,
train,65,1610160,50880.1,0.063272,,
train,65,1610260,50882.9,0.060456,,
train,65,1610360,50885.7,0.058933,,
train,65,1610460,50888.6,0.058886,,
train,65,1610560,50891.4,0.060603,,
train,65,1610660,50894.2,0.061125,,
train,65,1610760,50897.1,0.059740,,
train,65,1610860,50899.9,0.060255,,
train,65,1610960,50902.8,0.062922,,
train,65,1611060,50905.6,0.062201,,
train,65,1611160,50908.4,0.060814,,
train,65,1611260,50911.3,0.058723,,
train,65,1611360,50914.1,nan,,
train,65,1611460,50917.0,0.056592,,
train,65,1611560,50919.8,0.063662,,
train,65,1611660,50922.6,0.058462,,
train,65,1611760,50925.5,0.059282,,
train,65,1611860,50928.3,0.058683,,
train,65,1611960,50931.2,0.055429,,
train,65,1612060,50934.0,0.061681,,
train,65,1612160,50936.8,0.061670,,
train,65,1612260,50939.7,0.065171,,
train,65,1612360,50942.5,0.060411,,
train,65,1612460,50945.3,0.058520,,
train,65,1612560,50948.2,0.062509,,
train,65,1612660,50951.0,0.065317,,
train,65,1612760,50953.9,0.059930,,
train,65,1612860,50956.7,0.058949,,
train,65,1612960,50959.5,0.058929,,
train,65,1613060,50962.4,0.056545,,
train,65,1613160,50965.2,0.062859,,
train,65,1613260,50968.1,0.061635,,
val,65,,51047.3,0.056652,0.003942,0.000033
train,66,1613404,51050.9,0.060773,,
train,66,1613504,51053.7,0.063540,,
train,66,1613604,51056.6,0.060890,,
train,66,1613704,51059.4,0.059987,,
train,66,1613804,51062.3,0.063929,,
train,66,1613904,51065.1,0.058755,,
train,66,1614004,51068.0,0.059206,,
train,66,1614104,51070.8,0.062514,,
train,66,1614204,51073.6,0.066123,,
train,66,1614304,51076.5,0.063984,,
train,66,1614404,51079.3,0.061631,,
train,66,1614504,51082.2,0.065129,,
train,66,1614604,51085.0,0.058732,,
train,66,1614704,51087.8,0.061809,,
train,66,1614804,51090.7,0.059135,,
train,66,1614904,51093.5,0.060045,,
train,66,1615004,51096.4,0.062680,,
train,66,1615104,51099.2,0.063216,,
train,66,1615204,51102.0,0.062320,,
train,66,1615304,51104.9,0.060232,,
train,66,1615404,51107.7,0.060797,,
train,66,1615504,51110.5,nan,,
train,66,1615604,51113.4,0.058179,,
train,66,1615704,51116.2,0.063832,,
train,66,1615804,51119.1,0.057671,,
train,66,1615904,51121.9,0.060472,,
train,66,1616004,51124.8,0.062055,,
train,66,1616104,51127.6,0.058360,,
train,66,1616204,51130.4,0.061987,,
train,66,1616304,51133.3,0.063332,,
train,66,1616404,51136.1,0.063089,,
train,66,1616504,51139.0,0.056147,,
train,66,1616604,51141.8,0.057999,,
train,66,1616704,51144.7,0.066620,,
train,66,1616804,51147.5,0.058514,,
train,66,1616904,51150.3,0.059495,,
train,66,1617004,51153.2,0.063662,,
train,66,1617104,51156.0,0.060096,,
train,66,1617204,51158.9,0.057278,,
train,66,1617304,51161.7,0.064789,,
train,66,1617404,51164.5,0.060961,,
train,66,1617504,51167.4,0.061669,,
train,66,1617604,51170.2,0.060610,,
train,66,1617704,51173.0,0.062580,,
train,66,1617804,51175.9,0.060250,,
train,66,1617904,51178.7,0.057956,,
train,66,1618004,51181.6,0.062693,,
train,66,1618104,51184.4,0.056302,,
train,66,1618204,51187.2,0.063691,,
train,66,1618304,51190.1,0.053642,,
train,66,1618404,51192.9,0.057457,,
train,66,1618504,51195.8,0.062371,,
train,66,1618604,51198.6,0.062146,,
train,66,1618704,51201.4,0.056558,,
train,66,1618804,51204.3,0.060790,,
train,66,1618904,51207.1,0.063983,,
train,66,1619004,51209.9,0.064653,,
train,66,1619104,51212.8,0.059847,,
train,66,1619204,51215.6,0.061015,,
train,66,1619304,51218.5,0.061988,,
train,66,1619404,51221.3,0.062473,,
train,66,1619504,51224.1,0.059889,,
train,66,1619604,51227.0,0.060819,,
train,66,1619704,51229.8,0.061475,,
train,66,1619804,51232.7,0.058355,,
train,66,1619904,51235.5,0.055140,,
train,66,1620004,51238.3,0.063387,,
train,66,1620104,51241.2,0.060949,,
train,66,1620204,51244.0,0.059351,,
train,66,1620304,51246.9,0.059725,,
train,66,1620404,51249.7,0.060567,,
train,66,1620504,51252.5,0.061320,,
train,66,1620604,51255.4,0.061233,,
train,66,1620704,51258.2,0.065914,,
train,66,1620804,51261.1,0.059590,,
train,66,1620904,51263.9,0.062631,,
train,66,1621004,51266.7,0.061130,,
train,66,1621104,51269.6,0.059462,,
train,66,1621204,51272.4,0.061255,,
train,66,1621304,51275.3,0.059071,,
train,66,1621404,51278.1,0.062156,,
train,66,1621504,51281.0,0.058208,,
train,66,1621604,51283.8,0.058839,,
train,66,1621704,51286.6,0.062006,,
train,66,1621804,51289.5,0.063550,,
train,66,1621904,51292.3,0.061348,,
train,66,1622004,51295.2,0.061113,,
train,66,1622104,51298.0,0.056962,,
train,66,1622204,51300.8,0.062981,,
train,66,1622304,51303.7,0.061443,,
train,66,1622404,51306.5,0.060004,,
train,66,1622504,51309.4,0.060975,,
train,66,1622604,51312.2,0.057214,,
train,66,1622704,51315.1,0.057718,,
train,66,1622804,51317.9,0.058496,,
train,66,1622904,51320.7,0.062162,,
train,66,1623004,51323.6,0.060651,,
train,66,1623104,51326.4,0.060406,,
train,66,1623204,51329.3,0.066821,,
train,66,1623304,51332.1,0.063454,,
train,66,1623404,51334.9,0.056252,,
train,66,1623504,51337.8,0.059760,,
train,66,1623604,51340.6,0.062633,,
train,66,1623704,51343.5,0.057987,,
train,66,1623804,51346.3,0.059838,,
train,66,1623904,51349.1,0.061130,,
train,66,1624004,51352.0,0.062483,,
train,66,1624104,51354.8,0.064562,,
train,66,1624204,51357.7,0.065481,,
train,66,1624304,51360.5,0.061328,,
train,66,1624404,51363.3,0.056747,,
train,66,1624504,51366.2,0.069114,,
train,66,1624604,51369.0,0.057355,,
train,66,1624704,51371.9,0.058513,,
train,66,1624804,51374.7,0.060426,,
train,66,1624904,51377.5,0.061605,,
train,66,1625004,51380.4,0.058041,,
train,66,1625104,51383.2,0.058183,,
train,66,1625204,51386.1,0.059463,,
train,66,1625304,51388.9,0.058854,,
train,66,1625404,51391.7,0.060101,,
train,66,1625504,51394.6,0.060546,,
train,66,1625604,51397.4,0.059579,,
train,66,1625704,51400.2,0.059714,,
train,66,1625804,51403.1,0.064220,,
train,66,1625904,51405.9,0.058716,,
train,66,1626004,51408.8,0.063512,,
train,66,1626104,51411.6,0.062867,,
train,66,1626204,51414.4,0.061973,,
train,66,1626304,51417.3,0.060872,,
train,66,1626404,51420.1,0.060712,,
train,66,1626504,51422.9,0.060858,,
train,66,1626604,51425.8,0.060832,,
train,66,1626704,51428.6,0.066788,,
train,66,1626804,51431.5,0.060308,,
train,66,1626904,51434.3,0.060250,,
train,66,1627004,51437.1,0.058174,,
train,66,1627104,51440.0,0.061990,,
train,66,1627204,51442.8,0.062910,,
train,66,1627304,51445.7,0.060049,,
train,66,1627404,51448.5,0.062183,,
train,66,1627504,51451.3,0.058984,,
train,66,1627604,51454.2,0.067273,,
train,66,1627704,51457.0,0.062889,,
train,66,1627804,51459.8,0.062024,,
train,66,1627904,51462.7,0.059464,,
train,66,1628004,51465.5,0.058683,,
train,66,1628104,51468.4,0.064736,,
train,66,1628204,51471.2,0.061235,,
train,66,1628304,51474.0,0.066076,,
train,66,1628404,51476.9,0.059592,,
train,66,1628504,51479.7,0.061251,,
train,66,1628604,51482.6,0.058350,,
train,66,1628704,51485.4,0.061364,,
train,66,1628804,51488.2,0.056340,,
train,66,1628904,51491.1,0.056251,,
train,66,1629004,51493.9,0.057822,,
train,66,1629104,51496.8,0.059936,,
train,66,1629204,51499.6,0.058642,,
train,66,1629304,51502.4,0.062293,,
train,66,1629404,51505.3,0.059955,,
train,66,1629504,51508.1,0.065872,,
train,66,1629604,51511.0,0.056128,,
train,66,1629704,51513.8,0.061824,,
train,66,1629804,51516.6,0.058590,,
train,66,1629904,51519.5,0.058713,,
train,66,1630004,51522.3,0.062655,,
train,66,1630104,51525.2,0.057191,,
train,66,1630204,51528.0,0.058706,,
train,66,1630304,51530.8,0.060691,,
train,66,1630404,51533.7,0.056131,,
train,66,1630504,51536.5,0.057273,,
train,66,1630604,51539.4,0.056608,,
train,66,1630704,51542.2,0.065321,,
train,66,1630804,51545.0,0.063506,,
train,66,1630904,51547.9,0.059189,,
train,66,1631004,51550.7,0.063276,,
train,66,1631104,51553.6,0.060274,,
train,66,1631204,51556.4,0.057988,,
train,66,1631304,51559.2,0.064957,,
train,66,1631404,51562.1,0.063278,,
train,66,1631504,51564.9,0.057380,,
train,66,1631604,51567.8,0.058617,,
train,66,1631704,51570.6,0.064941,,
train,66,1631804,51573.4,0.065221,,
train,66,1631904,51576.3,0.061610,,
train,66,1632004,51579.1,0.059649,,
train,66,1632104,51582.0,0.060120,,
train,66,1632204,51584.8,0.060194,,
train,66,1632304,51587.6,0.059057,,
train,66,1632404,51590.5,0.055017,,
train,66,1632504,51593.3,0.062467,,
train,66,1632604,51596.1,0.063098,,
train,66,1632704,51599.0,0.062767,,
train,66,1632804,51601.8,0.057375,,
train,66,1632904,51604.7,0.060844,,
train,66,1633004,51607.5,0.062850,,
train,66,1633104,51610.3,0.058316,,
train,66,1633204,51613.2,0.063453,,
train,66,1633304,51616.0,0.061938,,
train,66,1633404,51618.9,0.057198,,
train,66,1633504,51621.7,0.057937,,
train,66,1633604,51624.5,0.065216,,
train,66,1633704,51627.4,0.058773,,
train,66,1633804,51630.2,0.059716,,
train,66,1633904,51633.0,0.063368,,
train,66,1634004,51635.9,0.060426,,
train,66,1634104,51638.7,0.061726,,
train,66,1634204,51641.6,0.061404,,
train,66,1634304,51644.4,0.059767,,
train,66,1634404,51647.2,0.060521,,
train,66,1634504,51650.1,0.061691,,
train,66,1634604,51652.9,0.061407,,
train,66,1634704,51655.7,0.057904,,
train,66,1634804,51658.6,0.060526,,
train,66,1634904,51661.4,0.059241,,
train,66,1635004,51664.3,0.058491,,
train,66,1635104,51667.1,0.056656,,
train,66,1635204,51669.9,0.063076,,
train,66,1635304,51672.8,0.060560,,
train,66,1635404,51675.6,0.057634,,
train,66,1635504,51678.5,0.059965,,
train,66,1635604,51681.3,0.062992,,
train,66,1635704,51684.1,0.059893,,
train,66,1635804,51687.0,0.060664,,
train,66,1635904,51689.8,0.058855,,
train,66,1636004,51692.7,0.054381,,
train,66,1636104,51695.5,0.061637,,
train,66,1636204,51698.3,0.062676,,
train,66,1636304,51701.2,0.060291,,
train,66,1636404,51704.0,0.058634,,
train,66,1636504,51706.9,0.062223,,
train,66,1636604,51709.7,0.058315,,
train,66,1636704,51712.5,0.062818,,
train,66,1636804,51715.4,0.063558,,
train,66,1636904,51718.2,0.063446,,
train,66,1637004,51721.1,0.062619,,
train,66,1637104,51723.9,0.061311,,
train,66,1637204,51726.8,0.060353,,
train,66,1637304,51729.6,0.059729,,
train,66,1637404,51732.4,0.066922,,
train,66,1637504,51735.3,0.060892,,
train,66,1637604,51738.1,0.055991,,
train,66,1637704,51741.0,0.057706,,
val,66,,51820.0,0.056191,0.003940,0.000033
train,67,1637848,51824.1,0.061624,,
train,67,1637948,51826.9,0.066156,,
train,67,1638048,51829.7,0.063876,,
train,67,1638148,51832.6,0.061064,,
train,67,1638248,51835.4,0.060758,,
train,67,1638348,51838.3,0.060195,,
train,67,1638448,51841.1,0.059573,,
train,67,1638548,51843.9,0.061204,,
train,67,1638648,51846.8,0.061164,,
train,67,1638748,51849.6,0.058684,,
train,67,1638848,51852.5,0.058392,,
train,67,1638948,51855.3,0.056709,,
train,67,1639048,51858.1,0.057235,,
train,67,1639148,51861.0,0.055175,,
train,67,1639248,51863.8,0.054928,,
train,67,1639348,51866.7,0.058507,,
train,67,1639448,51869.5,0.064880,,
train,67,1639548,51872.4,0.059549,,
train,67,1639648,51875.2,0.062555,,
train,67,1639748,51878.0,0.060737,,
train,67,1639848,51880.9,0.059965,,
train,67,1639948,51883.7,0.060177,,
train,67,1640048,51886.6,0.061393,,
train,67,1640148,51889.4,0.060762,,
train,67,1640248,51892.2,0.057630,,
train,67,1640348,51895.1,0.061426,,
train,67,1640448,51897.9,0.059662,,
train,67,1640548,51900.8,0.059053,,
train,67,1640648,51903.6,0.061265,,
train,67,1640748,51906.4,0.059562,,
train,67,1640848,51909.3,0.060914,,
train,67,1640948,51912.1,0.061328,,
train,67,1641048,51915.0,0.061743,,
train,67,1641148,51917.8,0.060393,,
train,67,1641248,51920.7,0.062289,,
train,67,1641348,51923.5,0.059263,,
train,67,1641448,51926.3,0.061815,,
train,67,1641548,51929.2,0.060523,,
train,67,1641648,51932.0,0.062415,,
train,67,1641748,51934.9,0.059054,,
train,67,1641848,51937.7,0.061192,,
train,67,1641948,51940.5,0.063753,,
train,67,1642048,51943.4,0.061140,,
train,67,1642148,51946.2,0.061238,,
train,67,1642248,51949.1,0.062443,,
train,67,1642348,51951.9,0.061323,,
train,67,1642448,51954.8,0.058161,,
train,67,1642548,51957.6,0.060481,,
train,67,1642648,51960.4,0.057548,,
train,67,1642748,51963.3,0.061817,,
train,67,1642848,51966.1,0.057720,,
train,67,1642948,51969.0,0.063955,,
train,67,1643048,51971.8,0.061812,,
train,67,1643148,51974.6,0.057648,,
train,67,1643248,51977.5,0.063213,,
train,67,1643348,51980.3,0.062472,,
train,67,1643448,51983.2,0.061089,,
train,67,1643548,51986.0,0.059192,,
train,67,1643648,51988.9,0.059014,,
train,67,1643748,51991.7,0.058683,,
train,67,1643848,51994.5,0.065340,,
train,67,1643948,51997.4,0.057549,,
train,67,1644048,52000.2,0.062752,,
train,67,1644148,52003.1,0.057214,,
train,67,1644248,52005.9,0.064712,,
train,67,1644348,52008.7,0.062287,,
train,67,1644448,52011.6,0.057924,,
train,67,1644548,52014.4,0.059023,,
train,67,1644648,52017.2,0.062061,,
train,67,1644748,52020.1,0.064833,,
train,67,1644848,52022.9,0.064457,,
train,67,1644948,52025.8,0.062823,,
train,67,1645048,52028.6,0.064642,,
train,67,1645148,52031.5,0.057961,,
train,67,1645248,52034.3,0.059092,,
train,67,1645348,52037.1,0.063369,,
train,67,1645448,52040.0,0.061312,,
train,67,1645548,52042.8,0.056615,,
train,67,1645648,52045.7,0.063330,,
train,67,1645748,52048.5,0.062301,,
train,67,1645848,52051.3,0.061809,,
train,67,1645948,52054.2,0.059593,,
train,67,1646048,52057.0,0.061154,,
train,67,1646148,52059.9,0.058011,,
train,67,1646248,52062.7,0.059280,,
train,67,1646348,52065.5,0.061213,,
train,67,1646448,52068.4,0.065488,,
train,67,1646548,52071.2,0.060017,,
train,67,1646648,52074.1,0.059137,,
train,67,1646748,52076.9,0.061196,,
train,67,1646848,52079.8,0.056554,,
train,67,1646948,52082.6,0.059768,,
train,67,1647048,52085.4,0.061418,,
train,67,1647148,52088.3,0.060662,,
train,67,1647248,52091.1,0.064310,,
train,67,1647348,52094.0,0.059011,,
train,67,1647448,52096.8,0.065151,,
train,67,1647548,52099.6,0.059986,,
train,67,1647648,52102.5,0.056663,,
train,67,1647748,52105.3,0.059449,,
train,67,1647848,52108.2,0.055565,,
train,67,1647948,52111.0,0.063888,,
train,67,1648048,52113.9,0.063117,,
train,67,1648148,52116.7,0.060313,,
train,67,1648248,52119.5,0.062359,,
train,67,1648348,52122.4,0.058939,,
train,67,1648448,52125.2,0.059992,,
train,67,1648548,52128.1,0.062466,,
train,67,1648648,52130.9,0.061541,,
train,67,1648748,52133.7,0.066162,,
train,67,1648848,52136.6,0.060627,,
train,67,1648948,52139.4,0.060024,,
train,67,1649048,52142.3,0.059001,,
train,67,1649148,52145.1,0.062849,,
train,67,1649248,52148.0,0.066539,,
train,67,1649348,52150.8,0.061459,,
train,67,1649448,52153.6,0.060750,,
train,67,1649548,52156.5,0.059425,,
train,67,1649648,52159.3,0.064344,,
train,67,1649748,52162.2,0.059755,,
train,67,1649848,52165.0,0.062893,,
train,67,1649948,52167.8,0.063738,,
train,67,1650048,52170.7,0.060542,,
train,67,1650148,52173.5,0.059748,,
train,67,1650248,52176.4,0.055911,,
train,67,1650348,52179.2,0.060527,,
train,67,1650448,52182.0,0.063648,,
train,67,1650548,52184.9,0.061458,,
train,67,1650648,52187.7,0.061551,,
train,67,1650748,52190.6,0.060999,,
train,67,1650848,52193.4,0.063016,,
train,67,1650948,52196.3,0.061425,,
train,67,1651048,52199.1,0.061286,,
train,67,1651148,52201.9,0.059940,,
train,67,1651248,52204.8,0.056687,,
train,67,1651348,52207.6,0.058123,,
train,67,1651448,52210.4,0.062631,,
train,67,1651548,52213.3,0.061298,,
train,67,1651648,52216.1,0.062295,,
train,67,1651748,52219.1,0.060550,,
train,67,1651848,52221.9,0.058804,,
train,67,1651948,52224.8,0.056957,,
train,67,1652048,52227.6,0.061475,,
train,67,1652148,52230.4,0.061885,,
train,67,1652248,52233.3,0.057633,,
train,67,1652348,52236.1,nan,,
train,67,1652448,52238.9,0.059336,,
train,67,1652548,52241.8,0.060693,,
train,67,1652648,52244.6,0.062826,,
train,67,1652748,52247.5,0.059533,,
train,67,1652848,52250.3,0.057544,,
train,67,1652948,52253.1,0.057025,,
train,67,1653048,52256.0,0.061985,,
train,67,1653148,52258.8,0.063406,,
train,67,1653248,52261.7,0.064176,,
train,67,1653348,52264.5,0.060779,,
train,67,1653448,52267.3,0.060318,,
train,67,1653548,52270.2,0.064979,,
train,67,1653648,52273.0,0.064063,,
train,67,1653748,52275.9,0.059125,,
train,67,1653848,52278.7,0.062290,,
train,67,1653948,52281.5,0.059476,,
train,67,1654048,52284.4,0.063109,,
train,67,1654148,52287.2,0.062081,,
train,67,1654248,52290.1,0.063743,,
train,67,1654348,52292.9,0.060513,,
train,67,1654448,52295.8,0.062088,,
train,67,1654548,52298.6,0.055958,,
train,67,1654648,52301.4,0.058616,,
train,67,1654748,52304.3,0.059752,,
train,67,1654848,52307.1,0.058572,,
train,67,1654948,52310.0,0.062257,,
train,67,1655048,52312.8,0.059552,,
train,67,1655148,52315.7,0.068792,,
train,67,1655248,52318.5,0.062278,,
train,67,1655348,52321.3,0.057194,,
train,67,1655448,52324.2,0.060956,,
train,67,1655548,52327.0,0.063707,,
train,67,1655648,52329.9,0.060270,,
train,67,1655748,52332.7,0.062537,,
train,67,1655848,52335.6,0.062143,,
train,67,1655948,52338.4,0.055029,,
train,67,1656048,52341.2,0.062417,,
train,67,1656148,52344.1,0.060738,,
train,67,1656248,52346.9,0.060639,,
train,67,1656348,52349.8,0.061205,,
train,67,1656448,52352.6,0.062266,,
train,67,1656548,52355.5,0.059593,,
train,67,1656648,52358.3,0.063434,,
train,67,1656748,52361.1,0.057399,,
train,67,1656848,52364.0,0.057559,,
train,67,1656948,52366.8,0.062814,,
train,67,1657048,52369.7,0.063967,,
train,67,1657148,52372.5,0.057905,,
train,67,1657248,52375.3,0.056137,,
train,67,1657348,52378.2,0.063899,,
train,67,1657448,52381.0,0.057215,,
train,67,1657548,52383.9,0.055561,,
train,67,1657648,52386.7,0.055128,,
train,67,1657748,52389.6,0.063618,,
train,67,1657848,52392.4,0.059928,,
train,67,1657948,52395.2,0.062084,,
train,67,1658048,52398.1,0.061146,,
train,67,1658148,52400.9,0.057927,,
train,67,1658248,52403.8,0.061116,,
train,67,1658348,52406.6,0.059704,,
train,67,1658448,52409.4,0.061491,,
train,67,1658548,52412.3,0.064630,,
train,67,1658648,52415.1,0.058373,,
train,67,1658748,52418.0,0.060702,,
train,67,1658848,52420.8,0.061717,,
train,67,1658948,52423.6,0.060245,,
train,67,1659048,52426.5,0.060472,,
train,67,1659148,52429.3,0.061976,,
train,67,1659248,52432.2,0.059222,,
train,67,1659348,52435.0,0.060600,,
train,67,1659448,52437.8,0.063070,,
train,67,1659548,52440.7,0.058525,,
train,67,1659648,52443.5,0.063335,,
train,67,1659748,52446.4,0.059857,,
train,67,1659848,52449.2,0.061462,,
train,67,1659948,52452.0,0.062129,,
train,67,1660048,52454.9,0.059145,,
train,67,1660148,52457.7,0.061075,,
train,67,1660248,52460.6,0.059782,,
train,67,1660348,52463.4,0.061019,,
train,67,1660448,52466.2,0.058964,,
train,67,1660548,52469.1,0.058427,,
train,67,1660648,52471.9,0.060927,,
train,67,1660748,52474.7,0.060286,,
train,67,1660848,52477.6,0.059565,,
train,67,1660948,52480.4,0.063306,,
train,67,1661048,52483.3,0.061768,,
train,67,1661148,52486.1,0.066501,,
train,67,1661248,52488.9,0.058483,,
train,67,1661348,52491.8,0.057703,,
train,67,1661448,52494.6,0.061169,,
train,67,1661548,52497.5,0.067592,,
train,67,1661648,52500.3,0.058174,,
train,67,1661748,52503.1,0.055211,,
train,67,1661848,52506.0,0.063474,,
train,67,1661948,52508.8,0.062468,,
train,67,1662048,52511.7,0.061497,,
train,67,1662148,52514.5,0.062138,,
val,67,,52593.6,0.056611,0.003938,0.000033
train,68,1662292,52597.1,0.060119,,
train,68,1662392,52599.9,0.059777,,
train,68,1662492,52602.8,0.060787,,
train,68,1662592,52605.6,0.059822,,
train,68,1662692,52608.5,0.062824,,
train,68,1662792,52611.3,0.062058,,
train,68,1662892,52614.1,0.060103,,
train,68,1662992,52617.0,0.061769,,
train,68,1663092,52619.8,0.059600,,
train,68,1663192,52622.7,0.057974,,
train,68,1663292,52625.5,0.061806,,
train,68,1663392,52628.3,0.061068,,
train,68,1663492,52631.2,0.057702,,
train,68,1663592,52634.0,0.059855,,
train,68,1663692,52636.9,0.060497,,
train,68,1663792,52639.7,0.060524,,
train,68,1663892,52642.5,0.058015,,
train,68,1663992,52645.4,0.056472,,
train,68,1664092,52648.2,0.060235,,
train,68,1664192,52651.1,0.058037,,
train,68,1664292,52653.9,0.061902,,
train,68,1664392,52656.7,0.062936,,
train,68,1664492,52659.6,0.065616,,
train,68,1664592,52662.4,0.060765,,
train,68,1664692,52665.3,0.059413,,
train,68,1664792,52668.1,0.060662,,
train,68,1664892,52670.9,0.060248,,
train,68,1664992,52673.8,0.061138,,
train,68,1665092,52676.6,0.060607,,
train,68,1665192,52679.5,0.061394,,
train,68,1665292,52682.3,0.063610,,
train,68,1665392,52685.1,0.060556,,
train,68,1665492,52688.0,0.059114,,
train,68,1665592,52690.8,0.057849,,
train,68,1665692,52693.7,0.059784,,
train,68,1665792,52696.5,0.054546,,
train,68,1665892,52699.3,0.060109,,
train,68,1665992,52702.2,0.062943,,
train,68,1666092,52705.0,0.055390,,
train,68,1666192,52707.9,0.060880,,
train,68,1666292,52710.7,0.054910,,
train,68,1666392,52713.6,0.057481,,
train,68,1666492,52716.4,0.059652,,
train,68,1666592,52719.2,0.053572,,
train,68,1666692,52722.1,0.057352,,
train,68,1666792,52724.9,0.057551,,
train,68,1666892,52727.8,0.063059,,
train,68,1666992,52730.6,0.061229,,
train,68,1667092,52733.5,0.064841,,
train,68,1667192,52736.3,0.060619,,
train,68,1667292,52739.1,0.063797,,
train,68,1667392,52742.0,0.062398,,
train,68,1667492,52744.8,0.059977,,
train,68,1667592,52747.7,0.059661,,
train,68,1667692,52750.5,0.064793,,
train,68,1667792,52753.4,0.060476,,
train,68,1667892,52756.2,0.058487,,
train,68,1667992,52759.0,0.059206,,
train,68,1668092,52761.9,0.059744,,
train,68,1668192,52764.7,0.061937,,
train,68,1668292,52767.6,0.056690,,
train,68,1668392,52770.4,0.064008,,
train,68,1668492,52773.3,0.065375,,
train,68,1668592,52776.1,0.060753,,
train,68,1668692,52778.9,0.062713,,
train,68,1668792,52781.8,0.061404,,
train,68,1668892,52784.6,0.057142,,
train,68,1668992,52787.5,0.066246,,
train,68,1669092,52790.3,0.060256,,
train,68,1669192,52793.2,0.057802,,
train,68,1669292,52796.0,0.057013,,
train,68,1669392,52798.8,0.061867,,
train,68,1669492,52801.7,0.054594,,
train,68,1669592,52804.5,0.060757,,
train,68,1669692,52807.4,0.061127,,
train,68,1669792,52810.2,0.060700,,
train,68,1669892,52813.1,0.061189,,
train,68,1669992,52815.9,0.063998,,
train,68,1670092,52818.7,0.057708,,
train,68,1670192,52821.6,nan,,
train,68,1670292,52824.4,0.065653,,
train,68,1670392,52827.3,0.057168,,
train,68,1670492,52830.1,0.061347,,
train,68,1670592,52832.9,0.062274,,
train,68,1670692,52835.8,0.064714,,
train,68,1670792,52838.6,0.058953,,
train,68,1670892,52841.5,0.064436,,
train,68,1670992,52844.3,0.062769,,
train,68,1671092,52847.2,0.057529,,
train,68,1671192,52850.0,0.059423,,
train,68,1671292,52852.8,0.059734,,
train,68,1671392,52855.7,0.061811,,
train,68,1671492,52858.5,0.058183,,
train,68,1671592,52861.4,0.061002,,
train,68,1671692,52864.2,0.062846,,
train,68,1671792,52867.1,0.061486,,
train,68,1671892,52869.9,0.060815,,
train,68,1671992,52872.7,0.057562,,
train,68,1672092,52875.6,0.057112,,
train,68,1672192,52878.4,0.063604,,
train,68,1672292,52881.3,0.061841,,
train,68,1672392,52884.1,0.058033,,
train,68,1672492,52886.9,0.060564,,
train,68,1672592,52889.8,0.060748,,
train,68,1672692,52892.6,0.062063,,
train,68,1672792,52895.5,0.061232,,
train,68,1672892,52898.3,0.061622,,
train,68,1672992,52901.1,0.054324,,
train,68,1673092,52904.0,0.062539,,
train,68,1673192,52906.8,0.059607,,
train,68,1673292,52909.7,0.061049,,
train,68,1673392,52912.5,0.062926,,
train,68,1673492,52915.3,0.064624,,
train,68,1673592,52918.2,0.060932,,
train,68,1673692,52921.0,0.065318,,
train,68,1673792,52923.9,0.059954,,
train,68,1673892,52926.7,0.061404,,
train,68,1673992,52929.6,0.057654,,
train,68,1674092,52932.4,0.055748,,
train,68,1674192,52935.2,0.059268,,
train,68,1674292,52938.1,0.062638,,
train,68,1674392,52940.9,0.062888,,
train,68,1674492,52943.8,0.059197,,
train,68,1674592,52946.6,0.066906,,
train,68,1674692,52949.5,0.061579,,
train,68,1674792,52952.3,0.059685,,
train,68,1674892,52955.1,0.056674,,
train,68,1674992,52958.0,0.057442,,
train,68,1675092,52960.8,0.058129,,
train,68,1675192,52963.7,0.061487,,
train,68,1675292,52966.5,0.057565,,
train,68,1675392,52969.4,0.061564,,
train,68,1675492,52972.2,0.057573,,
train,68,1675592,52975.1,0.060582,,
train,68,1675692,52977.9,0.058026,,
train,68,1675792,52980.7,0.061765,,
train,68,1675892,52983.6,0.060461,,
train,68,1675992,52986.4,0.058904,,
train,68,1676092,52989.3,0.064753,,
train,68,1676192,52992.1,0.060700,,
train,68,1676292,52995.0,0.060736,,
train,68,1676392,52997.8,0.060001,,
train,68,1676492,53000.6,0.062817,,
train,68,1676592,53003.5,0.056980,,
train,68,1676692,53006.3,0.062666,,
train,68,1676792,53009.2,0.059784,,
train,68,1676892,53012.0,0.057902,,
train,68,1676992,53014.9,0.064046,,
train,68,1677092,53017.7,0.055806,,
train,68,1677192,53020.5,0.059639,,
train,68,1677292,53023.4,0.059058,,
train,68,1677392,53026.2,0.059842,,
train,68,1677492,53029.1,0.058519,,
train,68,1677592,53031.9,0.058404,,
train,68,1677692,53034.7,0.063787,,
train,68,1677792,53037.6,0.062452,,
train,68,1677892,53040.4,0.061926,,
train,68,1677992,53043.3,0.060038,,
train,68,1678092,53046.1,0.058872,,
train,68,1678192,53048.9,0.062649,,
train,68,1678292,53051.8,0.061467,,
train,68,1678392,53054.6,0.061416,,
train,68,1678492,53057.5,0.060656,,
train,68,1678592,53060.3,0.065997,,
train,68,1678692,53063.1,0.059781,,
train,68,1678792,53066.0,0.059339,,
train,68,1678892,53068.8,0.056763,,
train,68,1678992,53071.7,0.057576,,
train,68,1679092,53074.5,0.061028,,
train,68,1679192,53077.3,0.060434,,
train,68,1679292,53080.2,0.064215,,
train,68,1679392,53083.0,0.060413,,
train,68,1679492,53085.9,0.059152,,
train,68,1679592,53088.7,0.060396,,
train,68,1679692,53091.6,0.058815,,
train,68,1679792,53094.4,0.059516,,
train,68,1679892,53097.2,0.058075,,
train,68,1679992,53100.1,0.058364,,
train,68,1680092,53102.9,0.058167,,
train,68,1680192,53105.8,0.061703,,
train,68,1680292,53108.6,0.061105,,
train,68,1680392,53111.4,0.064485,,
train,68,1680492,53114.3,0.057194,,
train,68,1680592,53117.1,0.058723,,
train,68,1680692,53120.0,0.057844,,
train,68,1680792,53122.8,0.062096,,
train,68,1680892,53125.6,0.060895,,
train,68,1680992,53128.5,0.063587,,
train,68,1681092,53131.3,0.060539,,
train,68,1681192,53134.2,0.063250,,
train,68,1681292,53137.0,0.059488,,
train,68,1681392,53139.9,0.060936,,
train,68,1681492,53142.7,0.063392,,
train,68,1681592,53145.6,0.056001,,
train,68,1681692,53148.4,0.060583,,
train,68,1681792,53151.2,0.060086,,
train,68,1681892,53154.1,0.066303,,
train,68,1681992,53156.9,0.062833,,
train,68,1682092,53159.8,0.058779,,
train,68,1682192,53162.6,0.061821,,
train,68,1682292,53165.5,0.056279,,
train,68,1682392,53168.3,0.061229,,
train,68,1682492,53171.1,0.056111,,
train,68,1682592,53174.0,0.058713,,
train,68,1682692,53176.8,0.058224,,
train,68,1682792,53179.7,0.060488,,
train,68,1682892,53182.5,0.059586,,
train,68,1682992,53185.3,0.057625,,
train,68,1683092,53188.2,0.059073,,
train,68,1683192,53191.0,0.059222,,
train,68,1683292,53193.9,0.056251,,
train,68,1683392,53196.7,0.062053,,
train,68,1683492,53199.6,0.058770,,
train,68,1683592,53202.4,0.060716,,
train,68,1683692,53205.2,0.062171,,
train,68,1683792,53208.1,0.062692,,
train,68,1683892,53210.9,0.064282,,
train,68,1683992,53213.8,0.059699,,
train,68,1684092,53216.6,0.061883,,
train,68,1684192,53219.5,0.061389,,
train,68,1684292,53222.3,0.061971,,
train,68,1684392,53225.1,0.059698,,
train,68,1684492,53228.0,0.063615,,
train,68,1684592,53230.8,0.060010,,
train,68,1684692,53233.7,0.061421,,
train,68,1684792,53236.5,0.059251,,
train,68,1684892,53239.4,0.063656,,
train,68,1684992,53242.2,0.057513,,
train,68,1685092,53245.1,0.060585,,
train,68,1685192,53247.9,0.060631,,
train,68,1685292,53250.7,0.060189,,
train,68,1685392,53253.6,0.063915,,
train,68,1685492,53256.4,0.060165,,
train,68,1685592,53259.3,0.059470,,
train,68,1685692,53262.1,0.059682,,
train,68,1685792,53264.9,0.058794,,
train,68,1685892,53267.8,0.060261,,
train,68,1685992,53270.6,0.059869,,
train,68,1686092,53273.5,0.059886,,
train,68,1686192,53276.3,0.056887,,
train,68,1686292,53279.2,0.060550,,
train,68,1686392,53282.0,0.063352,,
train,68,1686492,53284.8,0.059433,,
train,68,1686592,53287.7,0.063233,,
val,68,,53366.7,0.056046,0.003936,0.000033
train,69,1686736,53370.7,0.061751,,
train,69,1686836,53373.5,0.063330,,
train,69,1686936,53376.4,0.062614,,
train,69,1687036,53379.2,0.063344,,
train,69,1687136,53382.1,0.063141,,
train,69,1687236,53384.9,0.059198,,
train,69,1687336,53387.7,0.060147,,
train,69,1687436,53390.6,0.059203,,
train,69,1687536,53393.4,0.061632,,
train,69,1687636,53396.3,0.062066,,
train,69,1687736,53399.1,0.060691,,
train,69,1687836,53401.9,0.060979,,
train,69,1687936,53404.8,0.056621,,
train,69,1688036,53407.6,0.057864,,
train,69,1688136,53410.5,0.062820,,
train,69,1688236,53413.3,0.060343,,
train,69,1688336,53416.2,0.060745,,
train,69,1688436,53419.0,0.060902,,
train,69,1688536,53421.8,0.060930,,
train,69,1688636,53424.7,0.061807,,
train,69,1688736,53427.5,nan,,
train,69,1688836,53430.4,0.062482,,
train,69,1688936,53433.2,0.059347,,
train,69,1689036,53436.0,0.057314,,
train,69,1689136,53438.9,0.061625,,
train,69,1689236,53441.7,0.060230,,
train,69,1689336,53444.6,0.058010,,
train,69,1689436,53447.4,0.063366,,
train,69,1689536,53450.2,0.062792,,
train,69,1689636,53453.1,0.060418,,
train,69,1689736,53455.9,0.063424,,
train,69,1689836,53458.8,0.059194,,
train,69,1689936,53461.6,0.062625,,
train,69,1690036,53464.4,0.058002,,
train,69,1690136,53467.3,0.062026,,
train,69,1690236,53470.1,0.060210,,
train,69,1690336,53473.0,0.067004,,
train,69,1690436,53475.8,0.060116,,
train,69,1690536,53478.6,0.061173,,
train,69,1690636,53481.5,0.058391,,
train,69,1690736,53484.3,0.058904,,
train,69,1690836,53487.1,0.064500,,
train,69,1690936,53490.0,0.060926,,
train,69,1691036,53492.8,0.062983,,
train,69,1691136,53495.7,0.061642,,
train,69,1691236,53498.5,0.058853,,
train,69,1691336,53501.3,0.060471,,
train,69,1691436,53504.2,0.062834,,
train,69,1691536,53507.0,0.062071,,
train,69,1691636,53509.9,0.056417,,
train,69,1691736,53512.7,0.060720,,
train,69,1691836,53515.5,0.055393,,
train,69,1691936,53518.4,0.063387,,
train,69,1692036,53521.2,0.066271,,
train,69,1692136,53524.1,0.062104,,
train,69,1692236,53526.9,0.060894,,
train,69,1692336,53529.7,0.063833,,
train,69,1692436,53532.6,0.060253,,
train,69,1692536,53535.4,0.064104,,
train,69,1692636,53538.3,0.062491,,
train,69,1692736,53541.1,0.061755,,
train,69,1692836,53543.9,0.065140,,
train,69,1692936,53546.8,0.062226,,
train,69,1693036,53549.6,0.062390,,
train,69,1693136,53552.5,0.060599,,
train,69,1693236,53555.3,0.056173,,
train,69,1693336,53558.1,0.058590,,
train,69,1693436,53561.0,0.062479,,
train,69,1693536,53563.8,0.064747,,
train,69,1693636,53566.7,0.062514,,
train,69,1693736,53569.5,0.061233,,
train,69,1693836,53572.3,0.056032,,
train,69,1693936,53575.2,0.058464,,
train,69,1694036,53578.0,0.061154,,
train,69,1694136,53580.9,0.061739,,
train,69,1694236,53583.7,0.060297,,
train,69,1694336,53586.6,0.056141,,
train,69,1694436,53589.4,0.063758,,
train,69,1694536,53592.3,0.063429,,
train,69,1694636,53595.1,0.061574,,
train,69,1694736,53597.9,0.057631,,
train,69,1694836,53600.8,0.064340,,
train,69,1694936,53603.6,0.060716,,
train,69,1695036,53606.5,0.060312,,
train,69,1695136,53609.3,0.062272,,
train,69,1695236,53612.2,0.054993,,
train,69,1695336,53615.0,0.056869,,
train,69,1695436,53617.8,0.059323,,
train,69,1695536,53620.7,0.059335,,
train,69,1695636,53623.5,0.060831,,
train,69,1695736,53626.4,0.061304,,
train,69,1695836,53629.2,0.057169,,
train,69,1695936,53632.0,0.057926,,
train,69,1696036,53634.9,0.057651,,
train,69,1696136,53637.7,0.059419,,
train,69,1696236,53640.6,0.060832,,
train,69,1696336,53643.4,0.060384,,
train,69,1696436,53646.3,0.061949,,
train,69,1696536,53649.1,0.058088,,
train,69,1696636,53651.9,0.062322,,
train,69,1696736,53654.8,0.059066,,
train,69,1696836,53657.6,0.052777,,
train,69,1696936,53660.5,0.060583,,
train,69,1697036,53663.3,0.061685,,
train,69,1697136,53666.1,0.059903,,
train,69,1697236,53669.0,0.058814,,
train,69,1697336,53671.8,0.058489,,
train,69,1697436,53674.6,0.064361,,
train,69,1697536,53677.5,0.059626,,
train,69,1697636,53680.3,0.063324,,
train,69,1697736,53683.2,0.063932,,
train,69,1697836,53686.0,0.063768,,
train,69,1697936,53688.8,0.057664,,
train,69,1698036,53691.7,0.054105,,
train,69,1698136,53694.5,0.060078,,
train,69,1698236,53697.4,0.062958,,
train,69,1698336,53700.2,0.060371,,
train,69,1698436,53703.0,0.059311,,
train,69,1698536,53705.9,0.063094,,
train,69,1698636,53708.7,0.055587,,
train,69,1698736,53711.6,0.064322,,
train,69,1698836,53714.4,0.066034,,
train,69,1698936,53717.2,0.056225,,
train,69,1699036,53720.1,0.060347,,
train,69,1699136,53722.9,0.061271,,
train,69,1699236,53725.8,0.058402,,
train,69,1699336,53728.6,0.055694,,
train,69,1699436,53731.4,0.062163,,
train,69,1699536,53734.3,0.062586,,
train,69,1699636,53737.1,0.058985,,
train,69,1699736,53740.0,0.057005,,
train,69,1699836,53742.8,0.059891,,
train,69,1699936,53745.6,0.061917,,
train,69,1700036,53748.5,0.059589,,
train,69,1700136,53751.3,0.063702,,
train,69,1700236,53754.2,0.054712,,
train,69,1700336,53757.0,0.056781,,
train,69,1700436,53759.8,0.059509,,
train,69,1700536,53762.7,0.063973,,
train,69,1700636,53765.5,0.062981,,
train,69,1700736,53768.3,0.063154,,
train,69,1700836,53771.2,0.061821,,
train,69,1700936,53774.0,0.064593,,
train,69,1701036,53776.9,0.056312,,
train,69,1701136,53779.7,0.059776,,
train,69,1701236,53782.6,0.061126,,
train,69,1701336,53785.4,0.061259,,
train,69,1701436,53788.2,0.060526,,
train,69,1701536,53791.1,0.060067,,
train,69,1701636,53793.9,0.060270,,
train,69,1701736,53796.7,0.061558,,
train,69,1701836,53799.6,0.059463,,
train,69,1701936,53802.4,0.063958,,
train,69,1702036,53805.3,0.062363,,
train,69,1702136,53808.1,0.059304,,
train,69,1702236,53811.0,0.061917,,
train,69,1702336,53813.8,0.061453,,
train,69,1702436,53816.6,0.061540,,
train,69,1702536,53819.5,0.058715,,
train,69,1702636,53822.3,0.060158,,
train,69,1702736,53825.2,0.063263,,
train,69,1702836,53828.0,0.059230,,
train,69,1702936,53830.9,0.063038,,
train,69,1703036,53833.7,0.065074,,
train,69,1703136,53836.5,0.058383,,
train,69,1703236,53839.4,0.059634,,
train,69,1703336,53842.2,0.059622,,
train,69,1703436,53845.1,0.056972,,
train,69,1703536,53847.9,0.056741,,
train,69,1703636,53850.8,0.057687,,
train,69,1703736,53853.6,0.058957,,
train,69,1703836,53856.4,0.061621,,
train,69,1703936,53859.3,0.061516,,
train,69,1704036,53862.1,0.059059,,
train,69,1704136,53865.0,0.059619,,
train,69,1704236,53867.8,0.056130,,
train,69,1704336,53870.6,0.058161,,
train,69,1704436,53873.5,0.058097,,
train,69,1704536,53876.3,0.057880,,
train,69,1704636,53879.2,0.059987,,
train,69,1704736,53882.0,0.060307,,
train,69,1704836,53884.8,0.055789,,
train,69,1704936,53887.7,0.059800,,
train,69,1705036,53890.5,0.061113,,
train,69,1705136,53893.4,0.060661,,
train,69,1705236,53896.2,0.061777,,
train,69,1705336,53899.0,0.062550,,
train,69,1705436,53901.9,0.061260,,
train,69,1705536,53904.7,0.062736,,
train,69,1705636,53907.6,0.060995,,
train,69,1705736,53910.4,0.062183,,
train,69,1705836,53913.2,0.058806,,
train,69,1705936,53916.1,0.060786,,
train,69,1706036,53918.9,0.064329,,
train,69,1706136,53921.7,0.058343,,
train,69,1706236,53924.6,0.058993,,
train,69,1706336,53927.4,0.056153,,
train,69,1706436,53930.3,0.059200,,
train,69,1706536,53933.1,0.059844,,
train,69,1706636,53935.9,0.058015,,
train,69,1706736,53938.8,0.062210,,
train,69,1706836,53941.6,0.064144,,
train,69,1706936,53944.5,0.058271,,
train,69,1707036,53947.3,0.062379,,
train,69,1707136,53950.1,0.063392,,
train,69,1707236,53953.0,0.059446,,
train,69,1707336,53955.8,0.062422,,
train,69,1707436,53958.7,0.058955,,
train,69,1707536,53961.5,0.059716,,
train,69,1707636,53964.3,0.058025,,
train,69,1707736,53967.2,0.058380,,
train,69,1707836,53970.0,0.056878,,
train,69,1707936,53972.9,0.060365,,
train,69,1708036,53975.7,0.060810,,
train,69,1708136,53978.5,0.057075,,
train,69,1708236,53981.4,0.061867,,
train,69,1708336,53984.2,0.062238,,
train,69,1708436,53987.1,0.059548,,
train,69,1708536,53989.9,0.061691,,
train,69,1708636,53992.8,0.059403,,
train,69,1708736,53995.6,0.057364,,
train,69,1708836,53998.4,0.059628,,
train,69,1708936,54001.3,0.061826,,
train,69,1709036,54004.1,0.062553,,
train,69,1709136,54007.0,0.060312,,
train,69,1709236,54009.8,0.066691,,
train,69,1709336,54012.7,0.060628,,
train,69,1709436,54015.5,0.062938,,
train,69,1709536,54018.3,0.061194,,
train,69,1709636,54021.2,0.057051,,
train,69,1709736,54024.0,0.058577,,
train,69,1709836,54026.9,0.057376,,
train,69,1709936,54029.7,0.063909,,
train,69,1710036,54032.6,0.058657,,
train,69,1710136,54035.4,0.059648,,
train,69,1710236,54038.3,0.060032,,
train,69,1710336,54041.1,0.058893,,
train,69,1710436,54043.9,0.062995,,
train,69,1710536,54046.8,0.058842,,
train,69,1710636,54049.6,0.058728,,
train,69,1710736,54052.5,0.060245,,
train,69,1710836,54055.3,0.066171,,
train,69,1710936,54058.1,0.060675,,
train,69,1711036,54061.0,0.059897,,
val,69,,54140.1,0.056328,0.003935,0.000033
train,70,1711180,54143.7,0.061198,,
train,70,1711280,54146.5,0.062473,,
train,70,1711380,54149.4,0.063132,,
train,70,1711480,54152.2,0.055107,,
train,70,1711580,54155.1,0.065461,,
train,70,1711680,54157.9,0.057661,,
train,70,1711780,54160.8,0.061570,,
train,70,1711880,54163.6,0.059265,,
train,70,1711980,54166.5,0.056364,,
train,70,1712080,54169.3,0.057749,,
train,70,1712180,54172.1,0.059383,,
train,70,1712280,54175.0,0.062294,,
train,70,1712380,54177.8,0.055546,,
train,70,1712480,54180.7,0.060861,,
train,70,1712580,54183.5,0.058386,,
train,70,1712680,54186.4,0.059309,,
train,70,1712780,54189.2,0.064156,,
train,70,1712880,54192.0,0.058689,,
train,70,1712980,54194.9,0.059203,,
train,70,1713080,54197.7,0.062194,,
train,70,1713180,54200.6,0.059461,,
train,70,1713280,54203.4,0.060380,,
train,70,1713380,54206.3,0.060490,,
train,70,1713480,54209.1,0.062331,,
train,70,1713580,54212.0,0.058009,,
train,70,1713680,54214.8,0.057918,,
train,70,1713780,54217.7,0.063533,,
train,70,1713880,54220.5,0.058312,,
train,70,1713980,54223.3,0.057823,,
train,70,1714080,54226.2,0.061002,,
train,70,1714180,54229.0,0.055652,,
train,70,1714280,54231.9,0.059571,,
train,70,1714380,54234.7,0.057569,,
train,70,1714480,54237.6,0.057558,,
train,70,1714580,54240.4,0.062087,,
train,70,1714680,54243.3,0.065621,,
train,70,1714780,54246.1,0.061434,,
train,70,1714880,54248.9,0.060667,,
train,70,1714980,54251.8,0.062432,,
train,70,1715080,54254.6,0.060415,,
train,70,1715180,54257.5,0.058511,,
train,70,1715280,54260.3,0.060855,,
train,70,1715380,54263.2,0.061942,,
train,70,1715480,54266.0,0.063651,,
train,70,1715580,54268.9,0.060502,,
train,70,1715680,54271.7,0.059697,,
train,70,1715780,54274.5,0.055088,,
train,70,1715880,54277.4,0.057735,,
train,70,1715980,54280.2,0.060746,,
train,70,1716080,54283.1,0.063353,,
train,70,1716180,54285.9,0.060048,,
train,70,1716280,54288.7,0.064769,,
train,70,1716380,54291.6,0.055065,,
train,70,1716480,54294.4,0.057447,,
train,70,1716580,54297.3,0.062643,,
train,70,1716680,54300.1,0.061719,,
train,70,1716780,54302.9,0.058375,,
train,70,1716880,54305.8,0.062786,,
train,70,1716980,54308.6,0.061798,,
train,70,1717080,54311.5,0.057488,,
train,70,1717180,54314.3,0.059684,,
train,70,1717280,54317.2,0.062633,,
train,70,1717380,54320.0,0.061665,,
train,70,1717480,54322.8,0.060099,,
train,70,1717580,54325.7,0.059019,,
train,70,1717680,54328.5,0.059863,,
train,70,1717780,54331.4,0.058963,,
train,70,1717880,54334.2,0.061363,,
train,70,1717980,54337.0,0.057042,,
train,70,1718080,54339.9,0.056734,,
train,70,1718180,54342.7,0.055470,,
train,70,1718280,54345.6,0.059962,,
train,70,1718380,54348.4,0.059246,,
train,70,1718480,54351.3,0.059287,,
train,70,1718580,54354.1,0.058905,,
train,70,1718680,54356.9,0.062444,,
train,70,1718780,54359.8,0.057941,,
train,70,1718880,54362.6,0.058668,,
train,70,1718980,54365.5,0.063659,,
train,70,1719080,54368.3,0.056190,,
train,70,1719180,54371.2,0.059686,,
train,70,1719280,54374.0,0.059392,,
train,70,1719380,54376.9,0.063864,,
train,70,1719480,54379.7,0.062256,,
train,70,1719580,54382.5,0.063671,,
train,70,1719680,54385.4,0.057152,,
train,70,1719780,54388.2,0.064190,,
train,70,1719880,54391.1,0.059174,,
train,70,1719980,54393.9,0.058562,,
train,70,1720080,54396.8,0.059646,,
train,70,1720180,54399.6,0.065399,,
train,70,1720280,54402.5,0.058899,,
train,70,1720380,54405.3,0.060583,,
train,70,1720480,54408.1,0.063074,,
train,70,1720580,54411.0,0.057221,,
train,70,1720680,54413.8,0.060111,,
train,70,1720780,54416.7,0.066271,,
train,70,1720880,54419.5,0.057216,,
train,70,1720980,54422.4,0.057012,,
train,70,1721080,54425.2,0.060224,,
train,70,1721180,54428.0,0.065676,,
train,70,1721280,54430.9,0.059695,,
train,70,1721380,54433.7,0.062523,,
train,70,1721480,54436.6,0.064029,,
train,70,1721580,54439.4,0.060382,,
train,70,1721680,54442.3,0.057869,,
train,70,1721780,54445.1,0.057064,,
train,70,1721880,54447.9,0.059129,,
train,70,1721980,54450.8,0.061380,,
train,70,1722080,54453.6,0.062097,,
train,70,1722180,54456.5,0.056492,,
train,70,1722280,54459.3,0.061145,,
train,70,1722380,54462.2,0.059665,,
train,70,1722480,54465.0,0.061147,,
train,70,1722580,54467.9,0.058547,,
train,70,1722680,54470.7,0.064015,,
train,70,1722780,54473.5,0.058107,,
train,70,1722880,54476.4,0.062709,,
train,70,1722980,54479.2,0.056954,,
train,70,1723080,54482.1,0.064848,,
train,70,1723180,54484.9,0.066394,,
train,70,1723280,54487.7,0.063233,,
train,70,1723380,54490.6,0.057394,,
train,70,1723480,54493.4,0.059813,,
train,70,1723580,54496.3,0.060865,,
train,70,1723680,54499.1,0.056165,,
train,70,1723780,54501.9,0.061015,,
train,70,1723880,54504.8,0.063725,,
train,70,1723980,54507.6,0.057648,,
train,70,1724080,54510.5,0.057943,,
train,70,1724180,54513.3,0.060216,,
train,70,1724280,54516.1,0.059759,,
train,70,1724380,54519.0,0.061100,,
train,70,1724480,54521.8,0.064098,,
train,70,1724580,54524.7,0.059051,,
train,70,1724680,54527.5,0.055776,,
train,70,1724780,54530.3,0.058824,,
train,70,1724880,54533.2,0.057039,,
train,70,1724980,54536.0,0.060983,,
train,70,1725080,54538.9,0.060051,,
train,70,1725180,54541.7,0.063911,,
train,70,1725280,54544.5,0.062208,,
train,70,1725380,54547.4,0.058820,,
train,70,1725480,54550.2,0.059946,,
train,70,1725580,54553.1,0.056807,,
train,70,1725680,54555.9,0.058832,,
train,70,1725780,54558.7,0.062158,,
train,70,1725880,54561.6,0.061663,,
train,70,1725980,54564.4,0.058112,,
train,70,1726080,54567.3,0.058415,,
train,70,1726180,54570.1,0.058578,,
train,70,1726280,54573.0,0.056582,,
train,70,1726380,54575.8,0.062186,,
train,70,1726480,54578.6,0.059624,,
train,70,1726580,54581.5,0.060394,,
train,70,1726680,54584.3,0.058469,,
train,70,1726780,54587.2,0.052511,,
train,70,1726880,54590.0,0.061382,,
train,70,1726980,54592.9,0.061401,,
train,70,1727080,54595.7,0.057137,,
train,70,1727180,54598.5,0.056737,,
train,70,1727280,54601.4,0.065163,,
train,70,1727380,54604.2,0.062326,,
train,70,1727480,54607.1,0.063249,,
train,70,1727580,54609.9,0.065034,,
train,70,1727680,54612.8,0.062559,,
train,70,1727780,54615.6,0.063002,,
train,70,1727880,54618.5,0.061821,,
train,70,1727980,54621.3,0.059725,,
train,70,1728080,54624.1,0.061136,,
train,70,1728180,54627.0,0.057564,,
train,70,1728280,54629.8,0.057861,,
train,70,1728380,54632.7,0.061951,,
train,70,1728480,54635.5,0.059637,,
train,70,1728580,54638.4,0.061149,,
train,70,1728680,54641.2,0.061090,,
train,70,1728780,54644.0,0.060179,,
train,70,1728880,54646.9,0.057942,,
train,70,1728980,54649.7,0.058456,,
train,70,1729080,54652.6,0.060392,,
train,70,1729180,54655.4,0.057735,,
train,70,1729280,54658.3,0.058908,,
train,70,1729380,54661.1,0.059712,,
train,70,1729480,54663.9,0.059727,,
train,70,1729580,54666.8,0.060596,,
train,70,1729680,54669.6,0.063298,,
train,70,1729780,54672.5,0.059592,,
train,70,1729880,54675.3,0.062691,,
train,70,1729980,54678.2,0.057644,,
train,70,1730080,54681.0,0.061853,,
train,70,1730180,54683.9,0.056419,,
train,70,1730280,54686.7,0.058488,,
train,70,1730380,54689.5,0.057397,,
train,70,1730480,54692.4,0.059705,,
train,70,1730580,54695.2,0.057072,,
train,70,1730680,54698.1,0.057390,,
train,70,1730780,54700.9,0.058943,,
train,70,1730880,54703.7,0.061272,,
train,70,1730980,54706.6,0.059877,,
train,70,1731080,54709.4,0.058558,,
train,70,1731180,54712.3,0.059391,,
train,70,1731280,54715.1,0.062783,,
train,70,1731380,54718.0,0.059115,,
train,70,1731480,54720.8,0.059037,,
train,70,1731580,54723.6,0.059756,,
train,70,1731680,54726.5,0.059445,,
train,70,1731780,54729.3,0.057902,,
train,70,1731880,54732.2,0.061140,,
train,70,1731980,54735.0,0.062796,,
train,70,1732080,54737.9,0.062922,,
train,70,1732180,54740.7,0.058188,,
train,70,1732280,54743.5,0.057107,,
train,70,1732380,54746.4,0.060862,,
train,70,1732480,54749.2,0.056145,,
train,70,1732580,54752.1,0.059216,,
train,70,1732680,54754.9,0.059871,,
train,70,1732780,54757.8,0.059628,,
train,70,1732880,54760.6,0.063019,,
train,70,1732980,54763.5,0.065623,,
train,70,1733080,54766.3,0.057792,,
train,70,1733180,54769.1,0.059145,,
train,70,1733280,54772.0,0.061609,,
train,70,1733380,54774.8,0.057972,,
train,70,1733480,54777.7,0.055948,,
train,70,1733580,54780.5,0.065190,,
train,70,1733680,54783.4,0.061116,,
train,70,1733780,54786.2,0.062328,,
train,70,1733880,54789.1,0.060255,,
train,70,1733980,54791.9,0.058155,,
train,70,1734080,54794.7,0.057433,,
train,70,1734180,54797.6,0.063132,,
train,70,1734280,54800.4,0.062787,,
train,70,1734380,54803.3,0.060295,,
train,70,1734480,54806.1,0.062385,,
train,70,1734580,54809.0,0.063042,,
train,70,1734680,54811.8,0.058801,,
train,70,1734780,54814.7,0.061893,,
train,70,1734880,54817.5,nan,,
train,70,1734980,54820.3,0.057493,,
train,70,1735080,54823.2,0.060237,,
train,70,1735180,54826.0,0.063429,,
train,70,1735280,54828.9,0.061695,,
train,70,1735380,54831.7,0.063963,,
train,70,1735480,54834.6,0.062646,,
val,70,,54913.5,0.056178,0.003932,0.000033
train,71,1735624,54917.1,0.057489,,
train,71,1735724,54919.9,0.056472,,
train,71,1735824,54922.8,0.061026,,
train,71,1735924,54925.6,0.062383,,
train,71,1736024,54928.4,0.059872,,
train,71,1736124,54931.3,0.059970,,
train,71,1736224,54934.1,0.057918,,
train,71,1736324,54937.0,0.056702,,
train,71,1736424,54939.8,0.063281,,
train,71,1736524,54942.6,0.060257,,
train,71,1736624,54945.5,0.059006,,
train,71,1736724,54948.3,0.060499,,
train,71,1736824,54951.2,0.069203,,
train,71,1736924,54954.0,0.056124,,
train,71,1737024,54956.9,0.062040,,
train,71,1737124,54959.7,0.058386,,
train,71,1737224,54962.5,0.061362,,
train,71,1737324,54965.4,0.060806,,
train,71,1737424,54968.2,0.062453,,
train,71,1737524,54971.1,0.063937,,
train,71,1737624,54973.9,0.060238,,
train,71,1737724,54976.8,0.060178,,
train,71,1737824,54979.6,0.056819,,
train,71,1737924,54982.5,0.058632,,
train,71,1738024,54985.3,0.055801,,
train,71,1738124,54988.1,0.058285,,
train,71,1738224,54991.0,0.063136,,
train,71,1738324,54993.8,0.063139,,
train,71,1738424,54996.7,0.062208,,
train,71,1738524,54999.5,0.061040,,
train,71,1738624,55002.4,0.059455,,
train,71,1738724,55005.2,0.062325,,
train,71,1738824,55008.0,0.057897,,
train,71,1738924,55010.9,0.062663,,
train,71,1739024,55013.7,0.064788,,
train,71,1739124,55016.6,0.061624,,
train,71,1739224,55019.4,0.055112,,
train,71,1739324,55022.2,0.059601,,
train,71,1739424,55025.1,0.062491,,
train,71,1739524,55027.9,0.060679,,
train,71,1739624,55030.8,0.062489,,
train,71,1739724,55033.6,0.062709,,
train,71,1739824,55036.5,0.061544,,
train,71,1739924,55039.3,0.059027,,
train,71,1740024,55042.2,0.057749,,
train,71,1740124,55045.0,0.059275,,
train,71,1740224,55047.8,0.055796,,
train,71,1740324,55050.7,0.061153,,
train,71,1740424,55053.5,0.062093,,
train,71,1740524,55056.4,0.065003,,
train,71,1740624,55059.2,0.060667,,
train,71,1740724,55062.1,0.056133,,
train,71,1740824,55064.9,0.059794,,
train,71,1740924,55067.7,0.060251,,
train,71,1741024,55070.6,0.056727,,
train,71,1741124,55073.4,0.062110,,
train,71,1741224,55076.3,0.058205,,
train,71,1741324,55079.1,0.063455,,
train,71,1741424,55082.0,0.062521,,
train,71,1741524,55084.8,0.059227,,
train,71,1741624,55087.6,0.061256,,
train,71,1741724,55090.5,0.062180,,
train,71,1741824,55093.3,0.060102,,
train,71,1741924,55096.2,0.060764,,
train,71,1742024,55099.0,0.059589,,
train,71,1742124,55101.9,0.062740,,
train,71,1742224,55104.7,0.061847,,
train,71,1742324,55107.6,0.059856,,
train,71,1742424,55110.4,0.059913,,
train,71,1742524,55113.2,0.060851,,
train,71,1742624,55116.1,0.061577,,
train,71,1742724,55118.9,0.059768,,
train,71,1742824,55121.7,0.065583,,
train,71,1742924,55124.6,0.058304,,
train,71,1743024,55127.4,0.056058,,
train,71,1743124,55130.3,0.063036,,
train,71,1743224,55133.1,0.059612,,
train,71,1743324,55135.9,0.058289,,
train,71,1743424,55138.8,0.060288,,
train,71,1743524,55141.6,0.058944,,
train,71,1743624,55144.5,0.061134,,
train,71,1743724,55147.3,0.063047,,
train,71,1743824,55150.2,0.060082,,
train,71,1743924,55153.0,0.058334,,
train,71,1744024,55155.8,0.059392,,
train,71,1744124,55158.7,nan,,
train,71,1744224,55161.5,0.060044,,
train,71,1744324,55164.3,0.060990,,
train,71,1744424,55167.2,0.062996,,
train,71,1744524,55170.0,0.060538,,
train,71,1744624,55172.9,0.060826,,
train,71,1744724,55175.7,0.060246,,
train,71,1744824,55178.6,0.063163,,
train,71,1744924,55181.4,0.057508,,
train,71,1745024,55184.2,0.062940,,
train,71,1745124,55187.1,0.060782,,
train,71,1745224,55189.9,0.061283,,
train,71,1745324,55192.8,0.061420,,
train,71,1745424,55195.6,0.059725,,
train,71,1745524,55198.5,0.059379,,
train,71,1745624,55201.3,0.056281,,
train,71,1745724,55204.1,0.064088,,
train,71,1745824,55207.0,0.061926,,
train,71,1745924,55209.8,0.063642,,
train,71,1746024,55212.7,0.058737,,
train,71,1746124,55215.5,0.061384,,
train,71,1746224,55218.3,0.058923,,
train,71,1746324,55221.2,0.056525,,
train,71,1746424,55224.0,0.059498,,
train,71,1746524,55226.9,0.058459,,
train,71,1746624,55229.7,0.066407,,
train,71,1746724,55232.6,0.062041,,
train,71,1746824,55235.4,0.060668,,
train,71,1746924,55238.3,0.064786,,
train,71,1747024,55241.1,0.063376,,
train,71,1747124,55243.9,0.053557,,
train,71,1747224,55246.8,0.060543,,
train,71,1747324,55249.6,0.061967,,
train,71,1747424,55252.5,0.057069,,
train,71,1747524,55255.3,0.058297,,
train,71,1747624,55258.2,0.059976,,
train,71,1747724,55261.0,0.061364,,
train,71,1747824,55263.8,0.060850,,
train,71,1747924,55266.7,0.056694,,
train,71,1748024,55269.5,0.058424,,
train,71,1748124,55272.4,0.059573,,
train,71,1748224,55275.2,0.056308,,
train,71,1748324,55278.1,0.059956,,
train,71,1748424,55280.9,0.060745,,
train,71,1748524,55283.7,0.060638,,
train,71,1748624,55286.6,0.060629,,
train,71,1748724,55289.4,0.059729,,
train,71,1748824,55292.3,0.064411,,
train,71,1748924,55295.1,0.064614,,
train,71,1749024,55298.0,0.060693,,
train,71,1749124,55300.8,0.059809,,
train,71,1749224,55303.7,0.060238,,
train,71,1749324,55306.5,0.063943,,
train,71,1749424,55309.3,0.060554,,
train,71,1749524,55312.2,0.057562,,
train,71,1749624,55315.0,0.057106,,
train,71,1749724,55317.9,0.058446,,
train,71,1749824,55320.7,0.054843,,
train,71,1749924,55323.5,0.058519,,
train,71,1750024,55326.4,0.057159,,
train,71,1750124,55329.2,0.057331,,
train,71,1750224,55332.1,0.060056,,
train,71,1750324,55334.9,0.059948,,
train,71,1750424,55337.7,0.056095,,
train,71,1750524,55340.6,0.058664,,
train,71,1750624,55343.4,0.060705,,
train,71,1750724,55346.3,0.056538,,
train,71,1750824,55349.1,0.060636,,
train,71,1750924,55351.9,0.059285,,
train,71,1751024,55354.8,0.056609,,
train,71,1751124,55357.6,0.059609,,
train,71,1751224,55360.4,0.062583,,
train,71,1751324,55363.3,0.063145,,
train,71,1751424,55366.1,0.058966,,
train,71,1751524,55369.0,0.060332,,
train,71,1751624,55371.8,0.063188,,
train,71,1751724,55374.6,0.059987,,
train,71,1751824,55377.5,0.061038,,
train,71,1751924,55380.3,0.057746,,
train,71,1752024,55383.2,0.060050,,
train,71,1752124,55386.0,0.059398,,
train,71,1752224,55388.9,0.062842,,
train,71,1752324,55391.7,0.062935,,
train,71,1752424,55394.5,0.055455,,
train,71,1752524,55397.4,0.062524,,
train,71,1752624,55400.2,0.057320,,
train,71,1752724,55403.1,0.060756,,
train,71,1752824,55405.9,0.059460,,
train,71,1752924,55408.7,0.060491,,
train,71,1753024,55411.6,0.055829,,
train,71,1753124,55414.4,0.057908,,
train,71,1753224,55417.3,0.064007,,
train,71,1753324,55420.1,0.058788,,
train,71,1753424,55423.0,0.058401,,
train,71,1753524,55425.8,0.062632,,
train,71,1753624,55428.6,0.058549,,
train,71,1753724,55431.5,0.056333,,
train,71,1753824,55434.3,0.061543,,
train,71,1753924,55437.2,0.057055,,
train,71,1754024,55440.0,0.058883,,
train,71,1754124,55442.9,0.060084,,
train,71,1754224,55445.7,0.060130,,
train,71,1754324,55448.5,0.060401,,
train,71,1754424,55451.4,0.059265,,
train,71,1754524,55454.2,0.056075,,
train,71,1754624,55457.1,0.058250,,
train,71,1754724,55459.9,0.061098,,
train,71,1754824,55462.8,0.060710,,
train,71,1754924,55465.6,0.067002,,
train,71,1755024,55468.4,0.062522,,
train,71,1755124,55471.3,0.059356,,
train,71,1755224,55474.1,0.057773,,
train,71,1755324,55477.0,0.061352,,
train,71,1755424,55479.8,0.058007,,
train,71,1755524,55482.6,0.060383,,
train,71,1755624,55485.5,0.058266,,
train,71,1755724,55488.3,0.063426,,
train,71,1755824,55491.2,0.059762,,
train,71,1755924,55494.0,0.063093,,
train,71,1756024,55496.9,0.059488,,
train,71,1756124,55499.7,0.063035,,
train,71,1756224,55502.5,0.060194,,
train,71,1756324,55505.4,0.059143,,
train,71,1756424,55508.2,0.064648,,
train,71,1756524,55511.1,0.063861,,
train,71,1756624,55513.9,0.060933,,
train,71,1756724,55516.8,0.059411,,
train,71,1756824,55519.6,0.060899,,
train,71,1756924,55522.4,0.059012,,
train,71,1757024,55525.3,0.054542,,
train,71,1757124,55528.1,0.060985,,
train,71,1757224,55531.0,0.061204,,
train,71,1757324,55533.8,0.060944,,
train,71,1757424,55536.6,0.058220,,
train,71,1757524,55539.5,0.060660,,
train,71,1757624,55542.3,0.058246,,
train,71,1757724,55545.2,0.058719,,
train,71,1757824,55548.0,0.060105,,
train,71,1757924,55550.8,0.058128,,
train,71,1758024,55553.7,0.059314,,
train,71,1758124,55556.5,0.058270,,
train,71,1758224,55559.4,0.058132,,
train,71,1758324,55562.2,0.061142,,
train,71,1758424,55565.1,0.056003,,
train,71,1758524,55567.9,0.063247,,
train,71,1758624,55570.7,0.059005,,
train,71,1758724,55573.6,0.062506,,
train,71,1758824,55576.4,0.058315,,
train,71,1758924,55579.3,0.058396,,
train,71,1759024,55582.1,0.059733,,
train,71,1759124,55585.0,0.057886,,
train,71,1759224,55587.8,0.060423,,
train,71,1759324,55590.6,0.061395,,
train,71,1759424,55593.5,0.059732,,
train,71,1759524,55596.3,0.063985,,
train,71,1759624,55599.1,0.058951,,
train,71,1759724,55602.0,0.056906,,
train,71,1759824,55604.8,0.060426,,
train,71,1759924,55607.7,0.064447,,
val,71,,55686.8,0.055800,0.003930,0.000033
train,72,1760068,55690.8,0.064020,,
train,72,1760168,55693.7,0.061455,,
train,72,1760268,55696.5,0.059975,,
train,72,1760368,55699.3,0.060989,,
train,72,1760468,55702.2,0.059909,,
train,72,1760568,55705.0,0.057486,,
train,72,1760668,55707.9,0.060512,,
train,72,1760768,55710.7,0.057412,,
train,72,1760868,55713.6,0.058494,,
train,72,1760968,55716.4,0.060624,,
train,72,1761068,55719.2,0.058967,,
train,72,1761168,55722.1,0.061693,,
train,72,1761268,55724.9,0.059580,,
train,72,1761368,55727.8,0.059935,,
train,72,1761468,55730.6,0.063615,,
train,72,1761568,55733.4,0.057223,,
train,72,1761668,55736.3,0.056213,,
train,72,1761768,55739.1,0.060036,,
train,72,1761868,55742.0,0.058928,,
train,72,1761968,55744.8,0.054756,,
train,72,1762068,55747.7,0.056356,,
train,72,1762168,55750.5,0.057574,,
train,72,1762268,55753.4,0.059001,,
train,72,1762368,55756.2,0.057855,,
train,72,1762468,55759.0,0.061417,,
train,72,1762568,55761.9,0.060383,,
train,72,1762668,55764.7,0.062087,,
train,72,1762768,55767.6,0.061570,,
train,72,1762868,55770.4,0.063170,,
train,72,1762968,55773.3,0.060099,,
train,72,1763068,55776.1,0.058878,,
train,72,1763168,55779.0,0.058464,,
train,72,1763268,55781.8,0.062717,,
train,72,1763368,55784.7,0.059721,,
train,72,1763468,55787.5,0.058815,,
train,72,1763568,55790.3,0.056884,,
train,72,1763668,55793.2,0.061008,,
train,72,1763768,55796.0,0.059973,,
train,72,1763868,55798.9,0.061164,,
train,72,1763968,55801.7,0.059222,,
train,72,1764068,55804.6,0.058647,,
train,72,1764168,55807.4,0.056817,,
train,72,1764268,55810.2,0.057210,,
train,72,1764368,55813.1,0.062655,,
train,72,1764468,55815.9,0.057930,,
train,72,1764568,55818.8,0.059193,,
train,72,1764668,55821.6,0.062226,,
train,72,1764768,55824.5,0.063385,,
train,72,1764868,55827.3,0.059192,,
train,72,1764968,55830.1,0.057549,,
train,72,1765068,55833.0,0.059704,,
train,72,1765168,55835.8,0.058196,,
train,72,1765268,55838.7,0.059696,,
train,72,1765368,55841.5,0.061697,,
train,72,1765468,55844.3,0.060761,,
train,72,1765568,55847.2,0.061264,,
train,72,1765668,55850.0,0.060666,,
train,72,1765768,55852.9,0.060997,,
train,72,1765868,55855.7,0.061736,,
train,72,1765968,55858.6,0.061260,,
train,72,1766068,55861.4,0.064481,,
train,72,1766168,55864.2,0.058121,,
train,72,1766268,55867.1,0.062350,,
train,72,1766368,55869.9,0.059997,,
train,72,1766468,55872.8,0.057332,,
train,72,1766568,55875.6,0.059654,,
train,72,1766668,55878.5,0.063703,,
train,72,1766768,55881.3,0.061926,,
train,72,1766868,55884.1,0.064226,,
train,72,1766968,55887.0,0.055478,,
train,72,1767068,55889.8,0.059244,,
train,72,1767168,55892.7,0.063790,,
train,72,1767268,55895.5,0.059350,,
train,72,1767368,55898.4,0.059518,,
train,72,1767468,55901.2,0.063267,,
train,72,1767568,55904.0,0.064614,,
train,72,1767668,55906.9,0.059852,,
train,72,1767768,55909.7,0.061723,,
train,72,1767868,55912.6,0.064741,,
train,72,1767968,55915.4,0.057867,,
train,72,1768068,55918.3,0.059000,,
train,72,1768168,55921.1,0.061928,,
train,72,1768268,55924.0,0.058449,,
train,72,1768368,55926.8,0.063293,,
train,72,1768468,55929.6,nan,,
train,72,1768568,55932.5,0.057260,,
train,72,1768668,55935.3,0.066747,,
train,72,1768768,55938.2,0.061334,,
train,72,1768868,55941.0,0.064772,,
train,72,1768968,55943.9,0.059311,,
train,72,1769068,55946.7,0.061085,,
train,72,1769168,55949.5,0.057440,,
train,72,1769268,55952.4,0.056664,,
train,72,1769368,55955.2,0.057243,,
train,72,1769468,55958.1,0.059879,,
train,72,1769568,55960.9,0.057672,,
train,72,1769668,55963.8,0.060330,,
train,72,1769768,55966.6,0.057033,,
train,72,1769868,55969.4,0.061929,,
train,72,1769968,55972.3,0.057388,,
train,72,1770068,55975.1,0.057963,,
train,72,1770168,55978.0,0.061448,,
train,72,1770268,55980.8,0.060594,,
train,72,1770368,55983.6,0.058955,,
train,72,1770468,55986.5,0.062389,,
train,72,1770568,55989.3,0.059500,,
train,72,1770668,55992.2,0.059880,,
train,72,1770768,55995.0,0.060932,,
train,72,1770868,55997.9,0.059022,,
train,72,1770968,56000.7,0.061778,,
train,72,1771068,56003.5,0.055006,,
train,72,1771168,56006.4,0.060325,,
train,72,1771268,56009.2,0.063126,,
train,72,1771368,56012.1,0.062004,,
train,72,1771468,56014.9,0.061280,,
train,72,1771568,56017.7,0.058446,,
train,72,1771668,56020.6,0.060870,,
train,72,1771768,56023.4,0.057165,,
train,72,1771868,56026.3,0.058286,,
train,72,1771968,56029.1,0.057074,,
train,72,1772068,56031.9,0.061966,,
train,72,1772168,56034.8,0.059886,,
train,72,1772268,56037.6,0.055686,,
train,72,1772368,56040.5,0.058285,,
train,72,1772468,56043.3,0.059192,,
train,72,1772568,56046.2,0.061604,,
train,72,1772668,56049.0,0.058799,,
train,72,1772768,56051.9,0.056085,,
train,72,1772868,56054.7,0.063936,,
train,72,1772968,56057.5,0.059386,,
train,72,1773068,56060.4,0.059274,,
train,72,1773168,56063.2,0.059327,,
train,72,1773268,56066.1,0.061465,,
train,72,1773368,56068.9,0.061568,,
train,72,1773468,56071.8,0.062000,,
train,72,1773568,56074.6,0.060496,,
train,72,1773668,56077.4,0.061072,,
train,72,1773768,56080.3,0.058823,,
train,72,1773868,56083.1,0.060265,,
train,72,1773968,56086.0,0.063575,,
train,72,1774068,56088.8,0.061170,,
train,72,1774168,56091.7,0.054297,,
train,72,1774268,56094.5,0.057693,,
train,72,1774368,56097.3,0.059562,,
train,72,1774468,56100.2,0.061155,,
train,72,1774568,56103.0,0.066022,,
train,72,1774668,56105.9,0.062036,,
train,72,1774768,56108.7,0.061024,,
train,72,1774868,56111.6,0.061664,,
train,72,1774968,56114.4,0.060843,,
train,72,1775068,56117.2,0.059945,,
train,72,1775168,56120.1,0.064376,,
train,72,1775268,56122.9,0.061984,,
train,72,1775368,56125.8,0.061973,,
train,72,1775468,56128.6,0.058814,,
train,72,1775568,56131.5,0.059721,,
train,72,1775668,56134.3,0.060117,,
train,72,1775768,56137.2,0.057867,,
train,72,1775868,56140.0,0.058693,,
train,72,1775968,56142.8,0.056961,,
train,72,1776068,56145.7,0.059650,,
train,72,1776168,56148.5,0.057622,,
train,72,1776268,56151.4,0.058955,,
train,72,1776368,56154.2,0.059073,,
train,72,1776468,56157.1,0.061279,,
train,72,1776568,56159.9,0.060516,,
train,72,1776668,56162.7,0.057940,,
train,72,1776768,56165.6,0.059483,,
train,72,1776868,56168.4,0.059919,,
train,72,1776968,56171.3,0.060212,,
train,72,1777068,56174.1,0.057599,,
train,72,1777168,56176.9,0.061486,,
train,72,1777268,56179.8,0.057432,,
train,72,1777368,56182.6,0.057224,,
train,72,1777468,56185.5,0.063503,,
train,72,1777568,56188.3,0.063598,,
train,72,1777668,56191.1,0.057807,,
train,72,1777768,56194.0,0.059982,,
train,72,1777868,56196.8,0.060183,,
train,72,1777968,56199.7,0.057878,,
train,72,1778068,56202.5,0.063963,,
train,72,1778168,56205.3,0.060525,,
train,72,1778268,56208.2,0.060881,,
train,72,1778368,56211.0,0.056426,,
train,72,1778468,56213.9,0.060092,,
train,72,1778568,56216.7,0.062227,,
train,72,1778668,56219.6,0.058855,,
train,72,1778768,56222.4,0.062756,,
train,72,1778868,56225.2,0.064321,,
train,72,1778968,56228.1,0.058289,,
train,72,1779068,56230.9,0.053629,,
train,72,1779168,56233.8,0.057742,,
train,72,1779268,56236.6,0.063242,,
train,72,1779368,56239.4,0.058208,,
train,72,1779468,56242.3,0.057807,,
train,72,1779568,56245.1,0.060867,,
train,72,1779668,56248.0,0.057588,,
train,72,1779768,56250.8,0.058968,,
train,72,1779868,56253.7,0.057708,,
train,72,1779968,56256.5,0.060555,,
train,72,1780068,56259.3,0.058812,,
train,72,1780168,56262.2,0.061217,,
train,72,1780268,56265.0,0.061343,,
train,72,1780368,56267.9,0.059591,,
train,72,1780468,56270.7,0.061131,,
train,72,1780568,56273.6,0.057740,,
train,72,1780668,56276.4,0.059735,,
train,72,1780768,56279.3,0.059388,,
train,72,1780868,56282.1,0.058082,,
train,72,1780968,56284.9,0.060975,,
train,72,1781068,56287.8,0.060107,,
train,72,1781168,56290.6,0.057714,,
train,72,1781268,56293.5,0.058754,,
train,72,1781368,56296.3,0.062354,,
train,72,1781468,56299.2,0.064444,,
train,72,1781568,56302.0,0.060512,,
train,72,1781668,56304.9,0.061068,,
train,72,1781768,56307.7,0.061053,,
train,72,1781868,56310.5,0.061262,,
train,72,1781968,56313.4,0.057985,,
train,72,1782068,56316.2,0.060024,,
train,72,1782168,56319.1,0.059591,,
train,72,1782268,56321.9,0.063254,,
train,72,1782368,56324.8,0.059327,,
train,72,1782468,56327.6,0.058071,,
train,72,1782568,56330.5,0.058428,,
train,72,1782668,56333.3,0.061824,,
train,72,1782768,56336.1,0.056649,,
train,72,1782868,56339.0,0.059773,,
train,72,1782968,56341.8,0.058774,,
train,72,1783068,56344.7,0.058196,,
train,72,1783168,56347.5,0.058736,,
train,72,1783268,56350.4,0.059495,,
train,72,1783368,56353.2,0.060442,,
train,72,1783468,56356.0,0.058421,,
train,72,1783568,56358.9,0.061554,,
train,72,1783668,56361.7,0.058573,,
train,72,1783768,56364.6,0.059537,,
train,72,1783868,56367.4,0.060197,,
train,72,1783968,56370.2,0.057279,,
train,72,1784068,56373.1,0.057590,,
train,72,1784168,56375.9,0.060479,,
train,72,1784268,56378.8,0.062682,,
train,72,1784368,56381.6,0.058581,,
val,72,,56460.7,0.055959,0.003928,0.000033
train,73,1784512,56464.3,0.059631,,
train,73,1784612,56467.1,0.060099,,
train,73,1784712,56470.0,0.059178,,
train,73,1784812,56472.8,0.061449,,
train,73,1784912,56475.6,0.062276,,
train,73,1785012,56478.5,0.057264,,
train,73,1785112,56481.3,0.057459,,
train,73,1785212,56484.2,0.063088,,
train,73,1785312,56487.0,0.060300,,
train,73,1785412,56489.8,0.057982,,
train,73,1785512,56492.7,0.059710,,
train,73,1785612,56495.5,0.056387,,
train,73,1785712,56498.3,0.060512,,
train,73,1785812,56501.2,0.063826,,
train,73,1785912,56504.0,0.057276,,
train,73,1786012,56506.9,0.061489,,
train,73,1786112,56509.7,0.061066,,
train,73,1786212,56512.6,0.058993,,
train,73,1786312,56515.4,0.063663,,
train,73,1786412,56518.2,0.061000,,
train,73,1786512,56521.1,0.059998,,
train,73,1786612,56523.9,0.058389,,
train,73,1786712,56526.8,0.060783,,
train,73,1786812,56529.6,0.065299,,
train,73,1786912,56532.4,0.060021,,
train,73,1787012,56535.3,0.060061,,
train,73,1787112,56538.1,0.063710,,
train,73,1787212,56541.0,0.056937,,
train,73,1787312,56543.8,0.061512,,
train,73,1787412,56546.7,0.058826,,
train,73,1787512,56549.5,0.064136,,
train,73,1787612,56552.3,0.056487,,
train,73,1787712,56555.2,0.058158,,
train,73,1787812,56558.0,0.061100,,
train,73,1787912,56560.9,0.059995,,
train,73,1788012,56563.7,0.057399,,
train,73,1788112,56566.5,0.058336,,
train,73,1788212,56569.4,0.059033,,
train,73,1788312,56572.2,0.058196,,
train,73,1788412,56575.1,0.060481,,
train,73,1788512,56577.9,0.060024,,
train,73,1788612,56580.7,0.059110,,
train,73,1788712,56583.6,0.063329,,
train,73,1788812,56586.4,0.059076,,
train,73,1788912,56589.2,0.062643,,
train,73,1789012,56592.1,0.062567,,
train,73,1789112,56594.9,0.061251,,
train,73,1789212,56597.7,0.058867,,
train,73,1789312,56600.6,0.059879,,
train,73,1789412,56603.4,0.056654,,
train,73,1789512,56606.3,0.061896,,
train,73,1789612,56609.1,0.059987,,
train,73,1789712,56611.9,0.059258,,
train,73,1789812,56614.8,0.055992,,
train,73,1789912,56617.6,0.061960,,
train,73,1790012,56620.5,0.060359,,
train,73,1790112,56623.3,0.059041,,
train,73,1790212,56626.1,0.063467,,
train,73,1790312,56629.0,0.060687,,
train,73,1790412,56631.8,0.059094,,
train,73,1790512,56634.7,0.059691,,
train,73,1790612,56637.5,0.060001,,
train,73,1790712,56640.3,0.061399,,
train,73,1790812,56643.2,0.059570,,
train,73,1790912,56646.0,0.062079,,
train,73,1791012,56648.8,0.059979,,
train,73,1791112,56651.7,0.063561,,
train,73,1791212,56654.5,0.061994,,
train,73,1791312,56657.4,0.059680,,
train,73,1791412,56660.2,0.058375,,
train,73,1791512,56663.0,0.059896,,
train,73,1791612,56665.9,0.058652,,
train,73,1791712,56668.7,0.059422,,
train,73,1791812,56671.6,0.059927,,
train,73,1791912,56674.4,0.057162,,
train,73,1792012,56677.3,0.056717,,
train,73,1792112,56680.1,0.058017,,
train,73,1792212,56682.9,0.060880,,
train,73,1792312,56685.8,0.058083,,
train,73,1792412,56688.6,0.064610,,
train,73,1792512,56691.5,0.057925,,
train,73,1792612,56694.3,0.060126,,
train,73,1792712,56697.1,0.060910,,
train,73,1792812,56700.0,0.059673,,
train,73,1792912,56702.8,0.061814,,
train,73,1793012,56705.7,0.058663,,
train,73,1793112,56708.5,0.057968,,
train,73,1793212,56711.3,0.057839,,
train,73,1793312,56714.2,0.059994,,
train,73,1793412,56717.0,0.056601,,
train,73,1793512,56719.9,0.060380,,
train,73,1793612,56722.7,0.059428,,
train,73,1793712,56725.5,0.059380,,
train,73,1793812,56728.4,0.057544,,
train,73,1793912,56731.2,0.060035,,
train,73,1794012,56734.1,0.058808,,
train,73,1794112,56736.9,0.062398,,
train,73,1794212,56739.7,0.058213,,
train,73,1794312,56742.6,0.061288,,
train,73,1794412,56745.4,0.064895,,
train,73,1794512,56748.3,0.062497,,
train,73,1794612,56751.1,0.058930,,
train,73,1794712,56754.0,0.058842,,
train,73,1794812,56756.8,0.057307,,
train,73,1794912,56759.6,0.061272,,
train,73,1795012,56762.5,0.060751,,
train,73,1795112,56765.3,0.063495,,
train,73,1795212,56768.1,0.061930,,
train,73,1795312,56771.0,0.065545,,
train,73,1795412,56773.8,0.056476,,
train,73,1795512,56776.7,0.059138,,
train,73,1795612,56779.5,0.063254,,
train,73,1795712,56782.3,0.061750,,
train,73,1795812,56785.2,0.058230,,
train,73,1795912,56788.0,0.058052,,
train,73,1796012,56790.8,0.061239,,
train,73,1796112,56793.7,0.060080,,
train,73,1796212,56796.5,0.061098,,
train,73,1796312,56799.3,0.056039,,
train,73,1796412,56802.2,0.058525,,
train,73,1796512,56805.0,0.057894,,
train,73,1796612,56807.8,0.061760,,
train,73,1796712,56810.7,0.062892,,
train,73,1796812,56813.5,0.058844,,
train,73,1796912,56816.4,0.061778,,
train,73,1797012,56819.2,0.061360,,
train,73,1797112,56822.0,0.065073,,
train,73,1797212,56824.9,0.059870,,
train,73,1797312,56827.7,0.061602,,
train,73,1797412,56830.6,0.061279,,
train,73,1797512,56833.4,0.055182,,
train,73,1797612,56836.2,0.057456,,
train,73,1797712,56839.1,0.062181,,
train,73,1797812,56841.9,0.062108,,
train,73,1797912,56844.8,0.057540,,
train,73,1798012,56847.6,0.061515,,
train,73,1798112,56850.4,0.064291,,
train,73,1798212,56853.3,0.053970,,
train,73,1798312,56856.1,0.063204,,
train,73,1798412,56859.0,0.056682,,
train,73,1798512,56861.8,0.060018,,
train,73,1798612,56864.6,0.060474,,
train,73,1798712,56867.5,0.058511,,
train,73,1798812,56870.3,0.059068,,
train,73,1798912,56873.2,0.059347,,
train,73,1799012,56876.0,0.058548,,
train,73,1799112,56878.8,0.062018,,
train,73,1799212,56881.7,0.060686,,
train,73,1799312,56884.5,0.061450,,
train,73,1799412,56887.4,0.056997,,
train,73,1799512,56890.2,0.055649,,
train,73,1799612,56893.0,0.064856,,
train,73,1799712,56895.9,0.059855,,
train,73,1799812,56898.7,0.061728,,
train,73,1799912,56901.6,0.057484,,
train,73,1800012,56904.4,0.059981,,
train,73,1800112,56907.2,0.057009,,
train,73,1800212,56910.1,0.067520,,
train,73,1800312,56912.9,0.057121,,
train,73,1800412,56915.8,0.064043,,
train,73,1800512,56918.6,0.060664,,
train,73,1800612,56921.4,0.060956,,
train,73,1800712,56924.3,0.060410,,
train,73,1800812,56927.1,0.059106,,
train,73,1800912,56929.9,0.060923,,
train,73,1801012,56932.8,0.061348,,
train,73,1801112,56935.6,0.061109,,
train,73,1801212,56938.5,0.060119,,
train,73,1801312,56941.3,0.057611,,
train,73,1801412,56944.2,nan,,
train,73,1801512,56947.0,0.060529,,
train,73,1801612,56949.8,0.059269,,
train,73,1801712,56952.7,0.058493,,
train,73,1801812,56955.5,0.064700,,
train,73,1801912,56958.4,0.060435,,
train,73,1802012,56961.2,0.060507,,
train,73,1802112,56964.0,0.059443,,
train,73,1802212,56966.9,0.059608,,
train,73,1802312,56969.7,0.058442,,
train,73,1802412,56972.6,0.055180,,
train,73,1802512,56975.4,0.062063,,
train,73,1802612,56978.2,0.060650,,
train,73,1802712,56981.1,0.061475,,
train,73,1802812,56983.9,0.062824,,
train,73,1802912,56986.7,0.057539,,
train,73,1803012,56989.6,0.058441,,
train,73,1803112,56992.4,0.058720,,
train,73,1803212,56995.3,0.059824,,
train,73,1803312,56998.1,0.059130,,
train,73,1803412,57000.9,0.062769,,
train,73,1803512,57003.8,0.056513,,
train,73,1803612,57006.6,0.058593,,
train,73,1803712,57009.4,0.055664,,
train,73,1803812,57012.3,0.059856,,
train,73,1803912,57015.1,0.061771,,
train,73,1804012,57017.9,0.060643,,
train,73,1804112,57020.8,0.060588,,
train,73,1804212,57023.6,0.057431,,
train,73,1804312,57026.5,0.059767,,
train,73,1804412,57029.3,0.062427,,
train,73,1804512,57032.1,0.060135,,
train,73,1804612,57035.0,0.058600,,
train,73,1804712,57037.8,0.064935,,
train,73,1804812,57040.7,0.061835,,
train,73,1804912,57043.5,0.060356,,
train,73,1805012,57046.3,0.059347,,
train,73,1805112,57049.2,0.060366,,
train,73,1805212,57052.0,0.063800,,
train,73,1805312,57054.9,0.060977,,
train,73,1805412,57057.7,0.061291,,
train,73,1805512,57060.5,0.059438,,
train,73,1805612,57063.4,0.060414,,
train,73,1805712,57066.2,0.058457,,
train,73,1805812,57069.1,0.058294,,
train,73,1805912,57071.9,0.056091,,
train,73,1806012,57074.7,0.061460,,
train,73,1806112,57077.6,0.055985,,
train,73,1806212,57080.4,0.059593,,
train,73,1806312,57083.3,0.058794,,
train,73,1806412,57086.1,0.061099,,
train,73,1806512,57088.9,0.059760,,
train,73,1806612,57091.8,0.062164,,
train,73,1806712,57094.6,0.058072,,
train,73,1806812,57097.5,0.060377,,
train,73,1806912,57100.3,0.061930,,
train,73,1807012,57103.1,0.059048,,
train,73,1807112,57106.0,0.060508,,
train,73,1807212,57108.8,0.058274,,
train,73,1807312,57111.6,0.061769,,
train,73,1807412,57114.5,0.059481,,
train,73,1807512,57117.3,0.057156,,
train,73,1807612,57120.2,0.062869,,
train,73,1807712,57123.0,0.061520,,
train,73,1807812,57125.8,0.061221,,
train,73,1807912,57128.7,0.059293,,
train,73,1808012,57131.5,0.059746,,
train,73,1808112,57134.4,0.059673,,
train,73,1808212,57137.2,0.060377,,
train,73,1808312,57140.0,0.059481,,
train,73,1808412,57142.9,0.060552,,
train,73,1808512,57145.7,0.063140,,
train,73,1808612,57148.6,0.061442,,
train,73,1808712,57151.4,0.061480,,
train,73,1808812,57154.2,0.059817,,
val,73,,57233.3,0.055923,0.003926,0.000033
train,74,1808956,57236.9,0.057887,,
train,74,1809056,57239.7,0.061649,,
train,74,1809156,57242.6,0.061241,,
train,74,1809256,57245.4,0.057369,,
train,74,1809356,57248.2,0.066400,,
train,74,1809456,57251.1,0.062778,,
train,74,1809556,57253.9,0.057475,,
train,74,1809656,57256.8,0.061783,,
train,74,1809756,57259.6,0.062490,,
train,74,1809856,57262.4,0.063590,,
train,74,1809956,57265.3,0.060377,,
train,74,1810056,57268.1,0.059426,,
train,74,1810156,57271.0,0.065409,,
train,74,1810256,57273.8,0.056151,,
train,74,1810356,57276.7,0.056121,,
train,74,1810456,57279.5,0.062894,,
train,74,1810556,57282.3,0.062512,,
train,74,1810656,57285.2,0.060535,,
train,74,1810756,57288.0,0.056893,,
train,74,1810856,57290.9,0.060773,,
train,74,1810956,57293.7,0.059215,,
train,74,1811056,57296.6,0.059125,,
train,74,1811156,57299.4,0.062561,,
train,74,1811256,57302.2,0.063088,,
train,74,1811356,57305.1,0.061476,,
train,74,1811456,57307.9,0.060575,,
train,74,1811556,57310.8,0.062195,,
train,74,1811656,57313.6,0.058780,,
train,74,1811756,57316.4,0.061069,,
train,74,1811856,57319.3,0.058407,,
train,74,1811956,57322.1,0.062372,,
train,74,1812056,57325.0,0.062224,,
train,74,1812156,57327.8,0.059311,,
train,74,1812256,57330.6,0.059815,,
train,74,1812356,57333.5,0.057256,,
train,74,1812456,57336.3,0.059217,,
train,74,1812556,57339.2,0.060412,,
train,74,1812656,57342.0,0.060480,,
train,74,1812756,57344.9,0.058587,,
train,74,1812856,57347.7,0.057178,,
train,74,1812956,57350.5,0.057974,,
train,74,1813056,57353.4,0.058376,,
train,74,1813156,57356.2,0.059064,,
train,74,1813256,57359.1,0.055505,,
train,74,1813356,57361.9,0.059906,,
train,74,1813456,57364.8,0.059104,,
train,74,1813556,57367.6,0.058171,,
train,74,1813656,57370.4,0.060044,,
train,74,1813756,57373.3,0.058393,,
train,74,1813856,57376.1,0.060147,,
train,74,1813956,57379.0,0.057671,,
train,74,1814056,57381.8,0.059524,,
train,74,1814156,57384.7,0.059662,,
train,74,1814256,57387.5,0.061167,,
train,74,1814356,57390.3,0.061429,,
train,74,1814456,57393.2,0.058430,,
train,74,1814556,57396.0,0.057675,,
train,74,1814656,57398.9,0.056631,,
train,74,1814756,57401.7,0.059392,,
train,74,1814856,57404.5,0.062610,,
train,74,1814956,57407.4,0.063759,,
train,74,1815056,57410.2,0.057315,,
train,74,1815156,57413.1,0.060782,,
train,74,1815256,57415.9,0.061042,,
train,74,1815356,57418.8,0.063090,,
train,74,1815456,57421.6,0.057325,,
train,74,1815556,57424.4,0.056166,,
train,74,1815656,57427.3,0.060501,,
train,74,1815756,57430.1,0.059681,,
train,74,1815856,57433.0,0.057361,,
train,74,1815956,57435.8,0.058771,,
train,74,1816056,57438.7,0.059042,,
train,74,1816156,57441.5,0.058444,,
train,74,1816256,57444.4,0.059632,,
train,74,1816356,57447.2,0.058366,,
train,74,1816456,57450.0,0.057212,,
train,74,1816556,57452.9,0.061610,,
train,74,1816656,57455.7,0.058584,,
train,74,1816756,57458.6,0.061670,,
train,74,1816856,57461.4,0.055196,,
train,74,1816956,57464.2,0.061755,,
train,74,1817056,57467.1,0.062897,,
train,74,1817156,57469.9,0.060319,,
train,74,1817256,57472.8,0.060971,,
train,74,1817356,57475.6,0.059064,,
train,74,1817456,57478.5,0.062968,,
train,74,1817556,57481.3,0.061696,,
train,74,1817656,57484.1,0.058851,,
train,74,1817756,57487.0,0.054692,,
train,74,1817856,57489.8,0.063433,,
train,74,1817956,57492.7,0.058033,,
train,74,1818056,57495.5,0.058275,,
train,74,1818156,57498.3,0.061779,,
train,74,1818256,57501.2,0.064804,,
train,74,1818356,57504.0,0.056239,,
train,74,1818456,57506.9,0.062899,,
train,74,1818556,57509.7,0.058676,,
train,74,1818656,57512.6,0.056626,,
train,74,1818756,57515.4,0.065839,,
train,74,1818856,57518.2,0.059141,,
train,74,1818956,57521.1,0.060062,,
train,74,1819056,57523.9,0.059806,,
train,74,1819156,57526.8,0.062946,,
train,74,1819256,57529.6,0.058140,,
train,74,1819356,57532.4,0.063644,,
train,74,1819456,57535.3,0.058969,,
train,74,1819556,57538.1,0.059341,,
train,74,1819656,57541.0,0.059631,,
train,74,1819756,57543.8,0.058212,,
train,74,1819856,57546.6,0.059354,,
train,74,1819956,57549.5,0.059084,,
train,74,1820056,57552.3,0.059817,,
train,74,1820156,57555.2,0.062921,,
train,74,1820256,57558.0,0.059917,,
train,74,1820356,57560.9,0.067755,,
train,74,1820456,57563.7,0.058088,,
train,74,1820556,57566.5,0.059048,,
train,74,1820656,57569.4,0.060274,,
train,74,1820756,57572.2,0.062471,,
train,74,1820856,57575.1,0.059096,,
train,74,1820956,57577.9,0.054422,,
train,74,1821056,57580.7,0.063858,,
train,74,1821156,57583.6,0.056923,,
train,74,1821256,57586.4,0.061144,,
train,74,1821356,57589.3,0.062717,,
train,74,1821456,57592.1,0.059904,,
train,74,1821556,57594.9,0.065701,,
train,74,1821656,57597.8,0.063120,,
train,74,1821756,57600.6,0.063978,,
train,74,1821856,57603.5,0.058721,,
train,74,1821956,57606.3,0.059491,,
train,74,1822056,57609.2,0.062744,,
train,74,1822156,57612.0,0.059628,,
train,74,1822256,57614.8,0.059927,,
train,74,1822356,57617.7,0.060656,,
train,74,1822456,57620.6,0.056954,,
train,74,1822556,57623.4,0.057553,,
train,74,1822656,57626.3,0.061527,,
train,74,1822756,57629.1,0.058805,,
train,74,1822856,57632.0,0.057709,,
train,74,1822956,57634.8,0.056225,,
train,74,1823056,57637.6,0.062270,,
train,74,1823156,57640.5,0.059497,,
train,74,1823256,57643.3,0.063659,,
train,74,1823356,57646.2,0.057898,,
train,74,1823456,57649.0,0.062142,,
train,74,1823556,57651.9,0.059420,,
train,74,1823656,57654.7,0.064641,,
train,74,1823756,57657.5,0.062001,,
train,74,1823856,57660.4,0.057733,,
train,74,1823956,57663.2,0.061724,,
train,74,1824056,57666.1,0.055913,,
train,74,1824156,57668.9,0.063028,,
train,74,1824256,57671.7,0.062836,,
train,74,1824356,57674.6,0.063569,,
train,74,1824456,57677.4,0.056685,,
train,74,1824556,57680.3,0.063841,,
train,74,1824656,57683.1,0.055788,,
train,74,1824756,57685.9,0.061976,,
train,74,1824856,57688.8,0.058689,,
train,74,1824956,57691.6,0.059383,,
train,74,1825056,57694.5,0.057405,,
train,74,1825156,57697.3,0.058675,,
train,74,1825256,57700.2,0.060484,,
train,74,1825356,57703.0,0.058539,,
train,74,1825456,57705.8,0.058858,,
train,74,1825556,57708.7,0.061886,,
train,74,1825656,57711.5,0.055750,,
train,74,1825756,57714.3,0.055294,,
train,74,1825856,57717.2,0.058011,,
train,74,1825956,57720.0,0.061858,,
train,74,1826056,57722.9,0.061998,,
train,74,1826156,57725.7,0.060001,,
train,74,1826256,57728.5,0.057439,,
train,74,1826356,57731.4,0.057803,,
train,74,1826456,57734.2,0.062398,,
train,74,1826556,57737.1,0.065992,,
train,74,1826656,57739.9,0.062351,,
train,74,1826756,57742.7,0.060696,,
train,74,1826856,57745.6,0.059727,,
train,74,1826956,57748.4,0.058167,,
train,74,1827056,57751.3,0.062312,,
train,74,1827156,57754.1,0.062298,,
train,74,1827256,57757.0,0.059201,,
train,74,1827356,57759.8,0.061175,,
train,74,1827456,57762.7,0.055059,,
train,74,1827556,57765.5,0.057771,,
train,74,1827656,57768.3,0.057426,,
train,74,1827756,57771.2,0.060930,,
train,74,1827856,57774.0,0.058514,,
train,74,1827956,57776.9,0.059490,,
train,74,1828056,57779.7,0.053912,,
train,74,1828156,57782.6,0.062122,,
train,74,1828256,57785.4,0.062083,,
train,74,1828356,57788.3,0.062242,,
train,74,1828456,57791.1,0.062326,,
train,74,1828556,57793.9,0.061852,,
train,74,1828656,57796.8,0.063801,,
train,74,1828756,57799.6,0.061091,,
train,74,1828856,57802.5,0.061595,,
train,74,1828956,57805.3,0.058899,,
train,74,1829056,57808.1,0.060668,,
train,74,1829156,57811.0,0.056007,,
train,74,1829256,57813.8,0.060446,,
train,74,1829356,57816.7,0.058664,,
train,74,1829456,57819.5,0.059547,,
train,74,1829556,57822.4,0.059394,,
train,74,1829656,57825.2,0.059936,,
train,74,1829756,57828.0,0.055612,,
train,74,1829856,57830.9,0.055971,,
train,74,1829956,57833.7,0.063305,,
train,74,1830056,57836.6,0.059772,,
train,74,1830156,57839.4,0.054730,,
train,74,1830256,57842.3,0.058281,,
train,74,1830356,57845.1,0.064250,,
train,74,1830456,57847.9,0.063997,,
train,74,1830556,57850.8,0.059869,,
train,74,1830656,57853.6,0.056312,,
train,74,1830756,57856.5,0.058559,,
train,74,1830856,57859.3,0.059520,,
train,74,1830956,57862.2,0.055926,,
train,74,1831056,57865.0,0.061823,,
train,74,1831156,57867.8,0.058917,,
train,74,1831256,57870.7,0.058542,,
train,74,1831356,57873.5,0.059791,,
train,74,1831456,57876.4,0.061404,,
train,74,1831556,57879.2,0.060491,,
train,74,1831656,57882.0,0.063648,,
train,74,1831756,57884.9,0.057134,,
train,74,1831856,57887.7,0.064221,,
train,74,1831956,57890.6,nan,,
train,74,1832056,57893.4,0.062044,,
train,74,1832156,57896.2,0.055481,,
train,74,1832256,57899.1,0.058396,,
train,74,1832356,57901.9,0.059206,,
train,74,1832456,57904.8,0.058074,,
train,74,1832556,57907.6,0.060518,,
train,74,1832656,57910.4,0.060280,,
train,74,1832756,57913.3,0.061036,,
train,74,1832856,57916.1,0.061787,,
train,74,1832956,57919.0,0.062017,,
train,74,1833056,57921.8,0.061613,,
train,74,1833156,57924.6,0.059831,,
train,74,1833256,57927.5,0.056185,,
val,74,,58006.7,0.055861,0.003925,0.000033
train,75,1833400,58010.3,0.064303,,
train,75,1833500,58013.1,0.059641,,
train,75,1833600,58016.0,0.060047,,
train,75,1833700,58018.8,0.058348,,
train,75,1833800,58021.6,0.058912,,
train,75,1833900,58024.5,0.059812,,
train,75,1834000,58027.3,0.059853,,
train,75,1834100,58030.2,0.059361,,
train,75,1834200,58033.0,0.058282,,
train,75,1834300,58035.9,0.061997,,
train,75,1834400,58038.7,0.055282,,
train,75,1834500,58041.5,0.055684,,
train,75,1834600,58044.4,0.062964,,
train,75,1834700,58047.2,0.058343,,
train,75,1834800,58050.1,0.060816,,
train,75,1834900,58052.9,0.059008,,
train,75,1835000,58055.8,0.059851,,
train,75,1835100,58058.6,0.063443,,
train,75,1835200,58061.5,0.060742,,
train,75,1835300,58064.3,0.064393,,
train,75,1835400,58067.2,0.063092,,
train,75,1835500,58070.0,0.061566,,
train,75,1835600,58072.8,0.058736,,
train,75,1835700,58075.7,0.060655,,
train,75,1835800,58078.5,0.057151,,
train,75,1835900,58081.4,0.058514,,
train,75,1836000,58084.2,0.060090,,
train,75,1836100,58087.1,0.057350,,
train,75,1836200,58089.9,0.057315,,
train,75,1836300,58092.7,0.061689,,
train,75,1836400,58095.6,0.058083,,
train,75,1836500,58098.4,0.059937,,
train,75,1836600,58101.3,0.063544,,
train,75,1836700,58104.1,0.058273,,
train,75,1836800,58106.9,nan,,
train,75,1836900,58109.8,0.060994,,
train,75,1837000,58112.6,0.063993,,
train,75,1837100,58115.5,0.057343,,
train,75,1837200,58118.3,0.061889,,
train,75,1837300,58121.2,0.065209,,
train,75,1837400,58124.0,0.062769,,
train,75,1837500,58126.8,0.060291,,
train,75,1837600,58129.7,0.058014,,
train,75,1837700,58132.5,0.057543,,
train,75,1837800,58135.4,0.055164,,
train,75,1837900,58138.2,0.057992,,
train,75,1838000,58141.0,0.056064,,
train,75,1838100,58143.9,0.061687,,
train,75,1838200,58146.7,0.059561,,
train,75,1838300,58149.6,0.062313,,
train,75,1838400,58152.4,0.058101,,
train,75,1838500,58155.3,0.058853,,
train,75,1838600,58158.1,0.063039,,
train,75,1838700,58160.9,0.060041,,
train,75,1838800,58163.8,0.062391,,
train,75,1838900,58166.6,0.060485,,
train,75,1839000,58169.5,0.061474,,
train,75,1839100,58172.3,0.061528,,
train,75,1839200,58175.1,0.058238,,
train,75,1839300,58178.0,0.058176,,
train,75,1839400,58180.8,0.062550,,
train,75,1839500,58183.7,0.059137,,
train,75,1839600,58186.5,0.063066,,
train,75,1839700,58189.3,0.060162,,
train,75,1839800,58192.2,0.060290,,
train,75,1839900,58195.0,0.064108,,
train,75,1840000,58197.9,0.059336,,
train,75,1840100,58200.7,0.061096,,
train,75,1840200,58203.5,0.057941,,
train,75,1840300,58206.4,0.055985,,
train,75,1840400,58209.2,0.058821,,
train,75,1840500,58212.1,0.057119,,
train,75,1840600,58214.9,0.058222,,
train,75,1840700,58217.7,0.061172,,
train,75,1840800,58220.6,0.061184,,
train,75,1840900,58223.4,0.057557,,
train,75,1841000,58226.3,0.061448,,
train,75,1841100,58229.1,0.058856,,
train,75,1841200,58231.9,0.062476,,
train,75,1841300,58234.8,0.056081,,
train,75,1841400,58237.6,0.061004,,
train,75,1841500,58240.5,0.060891,,
train,75,1841600,58243.3,0.058335,,
train,75,1841700,58246.2,0.059625,,
train,75,1841800,58249.0,0.062898,,
train,75,1841900,58251.9,0.058483,,
train,75,1842000,58254.7,0.056758,,
train,75,1842100,58257.5,0.067956,,
train,75,1842200,58260.4,0.058093,,
train,75,1842300,58263.2,0.058136,,
train,75,1842400,58266.1,0.062305,,
train,75,1842500,58268.9,0.059131,,
train,75,1842600,58271.8,0.058486,,
train,75,1842700,58274.6,0.062096,,
train,75,1842800,58277.5,0.059459,,
train,75,1842900,58280.3,0.059414,,
train,75,1843000,58283.2,0.060702,,
train,75,1843100,58286.0,0.064172,,
train,75,1843200,58288.9,0.059372,,
train,75,1843300,58291.7,0.054694,,
train,75,1843400,58294.6,0.061380,,
train,75,1843500,58297.4,0.056725,,
train,75,1843600,58300.2,0.060251,,
train,75,1843700,58303.1,0.054645,,
train,75,1843800,58305.9,0.057979,,
train,75,1843900,58308.8,0.062994,,
train,75,1844000,58311.6,0.057748,,
train,75,1844100,58314.5,0.061577,,
train,75,1844200,58317.3,0.062159,,
train,75,1844300,58320.1,0.061745,,
train,75,1844400,58323.0,0.057642,,
train,75,1844500,58325.8,0.059218,,
train,75,1844600,58328.7,0.057306,,
train,75,1844700,58331.5,0.060552,,
train,75,1844800,58334.3,0.056567,,
train,75,1844900,58337.2,0.060419,,
train,75,1845000,58340.0,0.059734,,
train,75,1845100,58342.9,0.057808,,
train,75,1845200,58345.7,0.058150,,
train,75,1845300,58348.6,0.059270,,
train,75,1845400,58351.4,0.057516,,
train,75,1845500,58354.2,0.061844,,
train,75,1845600,58357.1,0.061555,,
train,75,1845700,58359.9,0.063330,,
train,75,1845800,58362.8,0.058009,,
train,75,1845900,58365.6,0.060957,,
train,75,1846000,58368.4,0.060034,,
train,75,1846100,58371.3,0.061748,,
train,75,1846200,58374.1,0.062050,,
train,75,1846300,58377.0,0.061722,,
train,75,1846400,58379.8,0.059551,,
train,75,1846500,58382.6,0.059415,,
train,75,1846600,58385.5,0.062787,,
train,75,1846700,58388.3,0.060341,,
train,75,1846800,58391.2,0.062372,,
train,75,1846900,58394.0,0.058041,,
train,75,1847000,58396.8,0.058507,,
train,75,1847100,58399.7,0.061363,,
train,75,1847200,58402.5,0.059352,,
train,75,1847300,58405.4,0.063851,,
train,75,1847400,58408.2,0.060208,,
train,75,1847500,58411.0,0.061220,,
train,75,1847600,58413.9,0.058432,,
train,75,1847700,58416.7,0.061269,,
train,75,1847800,58419.6,0.057451,,
train,75,1847900,58422.4,0.060286,,
train,75,1848000,58425.3,0.059015,,
train,75,1848100,58428.1,0.063117,,
train,75,1848200,58430.9,0.062280,,
train,75,1848300,58433.8,0.058273,,
train,75,1848400,58436.6,0.058097,,
train,75,1848500,58439.5,0.058265,,
train,75,1848600,58442.3,0.061334,,
train,75,1848700,58445.1,0.057337,,
train,75,1848800,58448.0,0.056761,,
train,75,1848900,58450.9,0.062608,,
train,75,1849000,58453.7,0.062589,,
train,75,1849100,58456.5,0.064404,,
train,75,1849200,58459.4,0.062170,,
train,75,1849300,58462.2,0.059758,,
train,75,1849400,58465.1,0.063548,,
train,75,1849500,58467.9,0.055944,,
train,75,1849600,58470.8,0.056493,,
train,75,1849700,58473.6,0.059031,,
train,75,1849800,58476.4,0.061386,,
train,75,1849900,58479.3,0.063117,,
train,75,1850000,58482.1,0.062450,,
train,75,1850100,58485.0,0.059355,,
train,75,1850200,58487.8,0.059611,,
train,75,1850300,58490.7,0.055423,,
train,75,1850400,58493.5,0.061267,,
train,75,1850500,58496.4,0.066739,,
train,75,1850600,58499.2,0.060853,,
train,75,1850700,58502.1,0.061513,,
train,75,1850800,58504.9,0.060274,,
train,75,1850900,58507.8,0.057667,,
train,75,1851000,58510.6,0.059481,,
train,75,1851100,58513.4,0.060633,,
train,75,1851200,58516.3,0.057912,,
train,75,1851300,58519.1,0.056519,,
train,75,1851400,58522.0,0.061429,,
train,75,1851500,58524.8,0.058617,,
train,75,1851600,58527.7,0.055890,,
train,75,1851700,58530.5,0.056315,,
train,75,1851800,58533.3,0.059679,,
train,75,1851900,58536.2,0.060777,,
train,75,1852000,58539.0,0.059166,,
train,75,1852100,58541.9,0.059338,,
train,75,1852200,58544.7,0.058632,,
train,75,1852300,58547.6,0.059458,,
train,75,1852400,58550.4,0.059661,,
train,75,1852500,58553.2,0.059223,,
train,75,1852600,58556.1,0.059414,,
train,75,1852700,58558.9,0.058414,,
train,75,1852800,58561.8,0.060311,,
train,75,1852900,58564.6,0.064194,,
train,75,1853000,58567.5,0.054815,,
train,75,1853100,58570.3,0.061817,,
train,75,1853200,58573.1,0.060731,,
train,75,1853300,58576.0,0.059307,,
train,75,1853400,58578.8,0.059400,,
train,75,1853500,58581.7,0.058680,,
train,75,1853600,58584.5,0.058859,,
train,75,1853700,58587.4,0.059482,,
train,75,1853800,58590.2,0.060311,,
train,75,1853900,58593.0,0.061165,,
train,75,1854000,58595.9,0.062687,,
train,75,1854100,58598.7,0.061537,,
train,75,1854200,58601.6,0.067232,,
train,75,1854300,58604.4,0.062112,,
train,75,1854400,58607.2,0.061618,,
train,75,1854500,58610.1,0.060893,,
train,75,1854600,58612.9,0.060500,,
train,75,1854700,58615.8,0.058630,,
train,75,1854800,58618.6,0.061125,,
train,75,1854900,58621.5,0.058424,,
train,75,1855000,58624.3,0.061987,,
train,75,1855100,58627.1,0.059768,,
train,75,1855200,58630.0,0.056844,,
train,75,1855300,58632.8,0.062811,,
train,75,1855400,58635.7,0.057229,,
train,75,1855500,58638.5,0.058586,,
train,75,1855600,58641.4,0.058462,,
train,75,1855700,58644.2,0.057050,,
train,75,1855800,58647.1,0.057795,,
train,75,1855900,58649.9,0.058832,,
train,75,1856000,58652.7,0.056638,,
train,75,1856100,58655.6,0.059396,,
train,75,1856200,58658.4,0.058265,,
train,75,1856300,58661.3,0.056978,,
train,75,1856400,58664.1,0.054325,,
train,75,1856500,58667.0,0.060731,,
train,75,1856600,58669.8,0.065292,,
train,75,1856700,58672.7,0.057315,,
train,75,1856800,58675.5,0.065343,,
train,75,1856900,58678.3,0.059470,,
train,75,1857000,58681.2,0.062706,,
train,75,1857100,58684.0,0.059503,,
train,75,1857200,58686.9,0.058528,,
train,75,1857300,58689.7,0.061177,,
train,75,1857400,58692.6,0.062715,,
train,75,1857500,58695.4,0.058489,,
train,75,1857600,58698.3,0.060386,,
train,75,1857700,58701.1,0.058698,,
val,75,,58780.1,0.055881,0.003923,0.000033
train,76,1857844,58783.7,0.061376,,
train,76,1857944,58786.5,0.059731,,
train,76,1858044,58789.4,0.059279,,
train,76,1858144,58792.2,0.065817,,
train,76,1858244,58795.0,0.059913,,
train,76,1858344,58797.9,0.065708,,
train,76,1858444,58800.7,0.064871,,
train,76,1858544,58803.6,0.061139,,
train,76,1858644,58806.4,0.060043,,
train,76,1858744,58809.3,0.057725,,
train,76,1858844,58812.1,0.055797,,
train,76,1858944,58814.9,0.064854,,
train,76,1859044,58817.8,0.059235,,
train,76,1859144,58820.6,0.062059,,
train,76,1859244,58823.5,0.059705,,
train,76,1859344,58826.3,0.058162,,
train,76,1859444,58829.1,0.056517,,
train,76,1859544,58832.0,0.058945,,
train,76,1859644,58834.8,0.056235,,
train,76,1859744,58837.7,0.055335,,
train,76,1859844,58840.5,0.060878,,
train,76,1859944,58843.4,0.057401,,
train,76,1860044,58846.2,0.059066,,
train,76,1860144,58849.0,0.061205,,
train,76,1860244,58851.9,0.059022,,
train,76,1860344,58854.7,0.059546,,
train,76,1860444,58857.6,0.058572,,
train,76,1860544,58860.4,0.057489,,
train,76,1860644,58863.3,0.059228,,
train,76,1860744,58866.1,0.063090,,
train,76,1860844,58868.9,0.051618,,
train,76,1860944,58871.8,0.061208,,
train,76,1861044,58874.6,0.061901,,
train,76,1861144,58877.5,0.059690,,
train,76,1861244,58880.3,0.063715,,
train,76,1861344,58883.2,0.062706,,
train,76,1861444,58886.0,0.056832,,
train,76,1861544,58888.8,0.061496,,
train,76,1861644,58891.7,0.058236,,
train,76,1861744,58894.5,0.060446,,
train,76,1861844,58897.4,0.059873,,
train,76,1861944,58900.2,0.059291,,
train,76,1862044,58903.0,0.059181,,
train,76,1862144,58905.9,0.061471,,
train,76,1862244,58908.7,0.068116,,
train,76,1862344,58911.6,0.061372,,
train,76,1862444,58914.4,0.059153,,
train,76,1862544,58917.3,0.061814,,
train,76,1862644,58920.1,0.060312,,
train,76,1862744,58923.0,0.060945,,
train,76,1862844,58925.8,0.062761,,
train,76,1862944,58928.7,0.062331,,
train,76,1863044,58931.5,0.061467,,
train,76,1863144,58934.3,0.061258,,
train,76,1863244,58937.2,0.060885,,
train,76,1863344,58940.0,0.056829,,
train,76,1863444,58942.9,0.061162,,
train,76,1863544,58945.7,0.058739,,
train,76,1863644,58948.5,0.057856,,
train,76,1863744,58951.4,0.055283,,
train,76,1863844,58954.2,0.054634,,
train,76,1863944,58957.1,0.065742,,
train,76,1864044,58959.9,0.059383,,
train,76,1864144,58962.7,0.060467,,
train,76,1864244,58965.6,nan,,
train,76,1864344,58968.4,0.055578,,
train,76,1864444,58971.3,0.058539,,
train,76,1864544,58974.1,0.059823,,
train,76,1864644,58977.0,0.056961,,
train,76,1864744,58979.8,0.058104,,
train,76,1864844,58982.6,0.059636,,
train,76,1864944,58985.5,0.061798,,
train,76,1865044,58988.3,0.059150,,
train,76,1865144,58991.2,0.062766,,
train,76,1865244,58994.0,0.059921,,
train,76,1865344,58996.8,0.060652,,
train,76,1865444,58999.7,0.057070,,
train,76,1865544,59002.5,0.058331,,
train,76,1865644,59005.4,0.056324,,
train,76,1865744,59008.2,0.055248,,
train,76,1865844,59011.0,0.056357,,
train,76,1865944,59013.9,0.060350,,
train,76,1866044,59016.7,0.058483,,
train,76,1866144,59019.6,0.061938,,
train,76,1866244,59022.4,0.058875,,
train,76,1866344,59025.2,0.056852,,
train,76,1866444,59028.1,0.060984,,
train,76,1866544,59030.9,0.057048,,
train,76,1866644,59033.8,0.064201,,
train,76,1866744,59036.6,0.057761,,
train,76,1866844,59039.4,0.059578,,
train,76,1866944,59042.3,0.059190,,
train,76,1867044,59045.1,0.062367,,
train,76,1867144,59048.0,0.060047,,
train,76,1867244,59050.8,0.059936,,
train,76,1867344,59053.7,0.060201,,
train,76,1867444,59056.5,0.063884,,
train,76,1867544,59059.4,0.058641,,
train,76,1867644,59062.2,0.056098,,
train,76,1867744,59065.0,0.058540,,
train,76,1867844,59067.9,0.057561,,
train,76,1867944,59070.7,0.058094,,
train,76,1868044,59073.6,0.057932,,
train,76,1868144,59076.4,0.060110,,
train,76,1868244,59079.3,0.063132,,
train,76,1868344,59082.1,0.061893,,
train,76,1868444,59084.9,0.062907,,
train,76,1868544,59087.8,0.057984,,
train,76,1868644,59090.6,0.057642,,
train,76,1868744,59093.5,0.061208,,
train,76,1868844,59096.3,0.060454,,
train,76,1868944,59099.2,0.058634,,
train,76,1869044,59102.0,0.061724,,
train,76,1869144,59104.8,0.056402,,
train,76,1869244,59107.7,0.062046,,
train,76,1869344,59110.5,0.061516,,
train,76,1869444,59113.4,0.056281,,
train,76,1869544,59116.2,0.057284,,
train,76,1869644,59119.1,0.058874,,
train,76,1869744,59121.9,0.057155,,
train,76,1869844,59124.8,0.058991,,
train,76,1869944,59127.6,0.057012,,
train,76,1870044,59130.4,0.058093,,
train,76,1870144,59133.3,0.054604,,
train,76,1870244,59136.1,0.062547,,
train,76,1870344,59139.0,0.057869,,
train,76,1870444,59141.8,0.058186,,
train,76,1870544,59144.6,0.058809,,
train,76,1870644,59147.5,0.055997,,
train,76,1870744,59150.3,0.059278,,
train,76,1870844,59153.2,0.058915,,
train,76,1870944,59156.0,0.062271,,
train,76,1871044,59158.9,0.060416,,
train,76,1871144,59161.7,0.055301,,
train,76,1871244,59164.5,0.065771,,
train,76,1871344,59167.4,0.062654,,
train,76,1871444,59170.2,0.060531,,
train,76,1871544,59173.1,0.059918,,
train,76,1871644,59175.9,0.061295,,
train,76,1871744,59178.7,0.057238,,
train,76,1871844,59181.6,0.060560,,
train,76,1871944,59184.4,0.059058,,
train,76,1872044,59187.3,0.061867,,
train,76,1872144,59190.1,0.063398,,
train,76,1872244,59193.0,0.057047,,
train,76,1872344,59195.8,0.055640,,
train,76,1872444,59198.7,0.061859,,
train,76,1872544,59201.5,0.061780,,
train,76,1872644,59204.3,0.062193,,
train,76,1872744,59207.2,0.063148,,
train,76,1872844,59210.0,0.059711,,
train,76,1872944,59212.9,0.057434,,
train,76,1873044,59215.7,0.059479,,
train,76,1873144,59218.5,0.062014,,
train,76,1873244,59221.4,0.059972,,
train,76,1873344,59224.2,0.060152,,
train,76,1873444,59227.1,0.058662,,
train,76,1873544,59229.9,0.062162,,
train,76,1873644,59232.7,0.057898,,
train,76,1873744,59235.6,0.059527,,
train,76,1873844,59238.4,0.063472,,
train,76,1873944,59241.3,0.057412,,
train,76,1874044,59244.1,0.061598,,
train,76,1874144,59247.0,0.060344,,
train,76,1874244,59249.8,0.062221,,
train,76,1874344,59252.7,0.059369,,
train,76,1874444,59255.5,0.064356,,
train,76,1874544,59258.3,0.058712,,
train,76,1874644,59261.2,0.057388,,
train,76,1874744,59264.0,0.059046,,
train,76,1874844,59266.9,0.060441,,
train,76,1874944,59269.7,0.057317,,
train,76,1875044,59272.6,0.057020,,
train,76,1875144,59275.4,0.058431,,
train,76,1875244,59278.2,0.065436,,
train,76,1875344,59281.1,0.062495,,
train,76,1875444,59283.9,0.060558,,
train,76,1875544,59286.8,0.061186,,
train,76,1875644,59289.6,0.058089,,
train,76,1875744,59292.5,0.058449,,
train,76,1875844,59295.3,0.059193,,
train,76,1875944,59298.2,0.057875,,
train,76,1876044,59301.0,0.056844,,
train,76,1876144,59303.8,0.061244,,
train,76,1876244,59306.7,0.062112,,
train,76,1876344,59309.5,0.059317,,
train,76,1876444,59312.4,0.058651,,
train,76,1876544,59315.2,0.060610,,
train,76,1876644,59318.1,0.065326,,
train,76,1876744,59320.9,0.058523,,
train,76,1876844,59323.7,0.056119,,
train,76,1876944,59326.6,0.063430,,
train,76,1877044,59329.4,0.059049,,
train,76,1877144,59332.3,0.059958,,
train,76,1877244,59335.1,0.063260,,
train,76,1877344,59338.0,0.059996,,
train,76,1877444,59340.8,0.060542,,
train,76,1877544,59343.7,0.058664,,
train,76,1877644,59346.5,0.060104,,
train,76,1877744,59349.3,0.059984,,
train,76,1877844,59352.2,0.057856,,
train,76,1877944,59355.0,0.061004,,
train,76,1878044,59357.9,0.060608,,
train,76,1878144,59360.7,0.060657,,
train,76,1878244,59363.5,0.059074,,
train,76,1878344,59366.4,0.060815,,
train,76,1878444,59369.2,0.059348,,
train,76,1878544,59372.1,0.057671,,
train,76,1878644,59374.9,0.058093,,
train,76,1878744,59377.7,0.060210,,
train,76,1878844,59380.6,0.058880,,
train,76,1878944,59383.4,0.057425,,
train,76,1879044,59386.3,0.060736,,
train,76,1879144,59389.1,0.061811,,
train,76,1879244,59391.9,0.056100,,
train,76,1879344,59394.8,0.060724,,
train,76,1879444,59397.6,0.056635,,
train,76,1879544,59400.5,0.060048,,
train,76,1879644,59403.3,0.058197,,
train,76,1879744,59406.2,0.058556,,
train,76,1879844,59409.0,0.058092,,
train,76,1879944,59411.8,0.062961,,
train,76,1880044,59414.7,0.061473,,
train,76,1880144,59417.5,0.058417,,
train,76,1880244,59420.4,0.055643,,
train,76,1880344,59423.2,0.064750,,
train,76,1880444,59426.0,0.054123,,
train,76,1880544,59428.9,0.061545,,
train,76,1880644,59431.7,0.062631,,
train,76,1880744,59434.6,0.053323,,
train,76,1880844,59437.4,0.061891,,
train,76,1880944,59440.3,0.061754,,
train,76,1881044,59443.1,0.061288,,
train,76,1881144,59445.9,0.060651,,
train,76,1881244,59448.8,0.063077,,
train,76,1881344,59451.6,0.060535,,
train,76,1881444,59454.5,0.056493,,
train,76,1881544,59457.3,0.058891,,
train,76,1881644,59460.1,0.057535,,
train,76,1881744,59463.0,0.056886,,
train,76,1881844,59465.8,0.060438,,
train,76,1881944,59468.7,0.060823,,
train,76,1882044,59471.5,0.058545,,
train,76,1882144,59474.4,0.056817,,
val,76,,59553.4,0.056096,0.003921,0.000033
train,77,1882288,59557.0,0.058633,,
train,77,1882388,59559.9,0.056681,,
train,77,1882488,59562.7,0.058282,,
train,77,1882588,59565.6,0.055959,,
train,77,1882688,59568.4,0.058736,,
train,77,1882788,59571.2,0.062501,,
train,77,1882888,59574.1,0.060961,,
train,77,1882988,59576.9,0.056850,,
train,77,1883088,59579.8,0.056669,,
train,77,1883188,59582.6,nan,,
train,77,1883288,59585.4,0.056576,,
train,77,1883388,59588.3,0.057411,,
train,77,1883488,59591.1,0.065303,,
train,77,1883588,59594.0,0.057101,,
train,77,1883688,59596.8,0.057535,,
train,77,1883788,59599.6,0.060059,,
train,77,1883888,59602.5,0.058141,,
train,77,1883988,59605.3,0.059918,,
train,77,1884088,59608.2,0.058342,,
train,77,1884188,59611.0,0.057543,,
train,77,1884288,59613.8,0.060858,,
train,77,1884388,59616.7,0.059879,,
train,77,1884488,59619.5,0.059205,,
train,77,1884588,59622.4,0.056108,,
train,77,1884688,59625.2,0.061621,,
train,77,1884788,59628.0,0.055916,,
train,77,1884888,59630.9,0.054884,,
train,77,1884988,59633.7,0.060220,,
train,77,1885088,59636.5,0.060248,,
train,77,1885188,59639.4,0.060896,,
train,77,1885288,59642.2,0.056093,,
train,77,1885388,59645.1,0.062686,,
train,77,1885488,59647.9,0.059590,,
train,77,1885588,59650.7,0.060273,,
train,77,1885688,59653.6,0.059017,,
train,77,1885788,59656.4,0.064240,,
train,77,1885888,59659.2,0.060769,,
train,77,1885988,59662.1,0.053453,,
train,77,1886088,59664.9,0.058638,,
train,77,1886188,59667.8,0.058673,,
train,77,1886288,59670.6,0.060376,,
train,77,1886388,59673.4,0.058941,,
train,77,1886488,59676.3,0.060550,,
train,77,1886588,59679.1,0.059402,,
train,77,1886688,59682.0,0.053755,,
train,77,1886788,59684.8,0.057168,,
train,77,1886888,59687.6,0.061254,,
train,77,1886988,59690.5,0.053094,,
train,77,1887088,59693.3,0.058271,,
train,77,1887188,59696.2,0.061172,,
train,77,1887288,59699.0,0.059647,,
train,77,1887388,59701.9,0.061424,,
train,77,1887488,59704.7,0.063516,,
train,77,1887588,59707.5,0.060122,,
train,77,1887688,59710.4,0.060855,,
train,77,1887788,59713.2,0.059497,,
train,77,1887888,59716.1,0.061448,,
train,77,1887988,59718.9,0.055649,,
train,77,1888088,59721.7,0.056773,,
train,77,1888188,59724.6,0.060783,,
train,77,1888288,59727.4,0.058922,,
train,77,1888388,59730.3,0.058249,,
train,77,1888488,59733.1,0.060847,,
train,77,1888588,59736.0,0.058443,,
train,77,1888688,59738.8,0.057765,,
train,77,1888788,59741.6,0.057101,,
train,77,1888888,59744.5,0.054024,,
train,77,1888988,59747.3,0.057649,,
train,77,1889088,59750.2,0.060119,,
train,77,1889188,59753.0,0.064525,,
train,77,1889288,59755.8,0.063668,,
train,77,1889388,59758.7,0.056675,,
train,77,1889488,59761.5,0.065378,,
train,77,1889588,59764.4,0.056453,,
train,77,1889688,59767.2,0.065671,,
train,77,1889788,59770.0,0.056130,,
train,77,1889888,59772.9,0.059958,,
train,77,1889988,59775.7,0.060887,,
train,77,1890088,59778.5,0.055817,,
train,77,1890188,59781.4,0.056104,,
train,77,1890288,59784.2,0.063006,,
train,77,1890388,59787.1,0.057707,,
train,77,1890488,59789.9,0.057671,,
train,77,1890588,59792.7,0.055868,,
train,77,1890688,59795.6,0.059016,,
train,77,1890788,59798.4,0.062752,,
train,77,1890888,59801.3,0.056708,,
train,77,1890988,59804.1,0.059226,,
train,77,1891088,59806.9,0.062711,,
train,77,1891188,59809.8,0.060996,,
train,77,1891288,59812.6,0.057643,,
train,77,1891388,59815.5,0.056994,,
train,77,1891488,59818.3,0.062187,,
train,77,1891588,59821.1,0.062017,,
train,77,1891688,59824.0,0.060494,,
train,77,1891788,59826.8,0.061487,,
train,77,1891888,59829.7,0.056629,,
train,77,1891988,59832.5,0.062101,,
train,77,1892088,59835.3,0.059122,,
train,77,1892188,59838.2,0.058729,,
train,77,1892288,59841.0,0.059845,,
train,77,1892388,59843.8,0.057519,,
train,77,1892488,59846.7,0.061938,,
train,77,1892588,59849.5,0.057458,,
train,77,1892688,59852.4,0.067302,,
train,77,1892788,59855.2,0.058782,,
train,77,1892888,59858.0,0.058360,,
train,77,1892988,59860.9,0.056727,,
train,77,1893088,59863.7,0.055254,,
train,77,1893188,59866.6,0.058299,,
train,77,1893288,59869.4,0.060175,,
train,77,1893388,59872.2,0.062769,,
train,77,1893488,59875.1,0.057515,,
train,77,1893588,59877.9,0.059667,,
train,77,1893688,59880.8,0.065080,,
train,77,1893788,59883.6,0.057567,,
train,77,1893888,59886.4,0.054784,,
train,77,1893988,59889.3,0.060691,,
train,77,1894088,59892.1,0.060012,,
train,77,1894188,59895.0,0.060515,,
train,77,1894288,59897.8,0.058524,,
train,77,1894388,59900.6,0.062300,,
train,77,1894488,59903.5,0.060722,,
train,77,1894588,59906.3,0.056822,,
train,77,1894688,59909.1,0.053990,,
train,77,1894788,59912.0,0.058596,,
train,77,1894888,59914.8,0.060425,,
train,77,1894988,59917.7,0.057019,,
train,77,1895088,59920.5,0.061448,,
train,77,1895188,59923.3,0.057779,,
train,77,1895288,59926.2,0.063344,,
train,77,1895388,59929.0,0.057012,,
train,77,1895488,59931.9,0.068210,,
train,77,1895588,59934.7,0.058404,,
train,77,1895688,59937.5,0.059761,,
train,77,1895788,59940.4,0.061233,,
train,77,1895888,59943.2,0.057013,,
train,77,1895988,59946.1,0.057670,,
train,77,1896088,59948.9,0.060029,,
train,77,1896188,59951.7,0.056450,,
train,77,1896288,59954.6,0.058476,,
train,77,1896388,59957.4,0.058782,,
train,77,1896488,59960.3,0.062363,,
train,77,1896588,59963.1,0.057424,,
train,77,1896688,59965.9,0.061387,,
train,77,1896788,59968.8,0.063405,,
train,77,1896888,59971.6,0.061376,,
train,77,1896988,59974.5,0.060169,,
train,77,1897088,59977.3,0.059900,,
train,77,1897188,59980.1,0.060888,,
train,77,1897288,59983.0,0.065238,,
train,77,1897388,59985.8,0.060262,,
train,77,1897488,59988.7,0.059113,,
train,77,1897588,59991.5,0.060751,,
train,77,1897688,59994.3,0.057534,,
train,77,1897788,59997.2,0.060478,,
train,77,1897888,60000.0,0.059882,,
train,77,1897988,60002.8,0.060610,,
train,77,1898088,60005.7,0.061044,,
train,77,1898188,60008.5,0.059267,,
train,77,1898288,60011.4,0.065166,,
train,77,1898388,60014.2,0.058749,,
train,77,1898488,60017.0,0.061405,,
train,77,1898588,60019.9,0.054820,,
train,77,1898688,60022.7,0.057750,,
train,77,1898788,60025.6,0.056351,,
train,77,1898888,60028.4,0.061843,,
train,77,1898988,60031.2,0.061305,,
train,77,1899088,60034.1,0.063460,,
train,77,1899188,60036.9,0.062850,,
train,77,1899288,60039.7,0.060470,,
train,77,1899388,60042.6,0.059163,,
train,77,1899488,60045.4,0.064708,,
train,77,1899588,60048.3,0.060128,,
train,77,1899688,60051.1,0.059935,,
train,77,1899788,60053.9,0.058566,,
train,77,1899888,60056.8,0.065549,,
train,77,1899988,60059.6,0.060536,,
train,77,1900088,60062.4,0.057637,,
train,77,1900188,60065.3,0.062835,,
train,77,1900288,60068.1,0.055994,,
train,77,1900388,60071.0,0.060462,,
train,77,1900488,60073.8,0.057114,,
train,77,1900588,60076.6,0.063716,,
train,77,1900688,60079.5,0.062442,,
train,77,1900788,60082.3,0.056053,,
train,77,1900888,60085.2,0.060581,,
train,77,1900988,60088.0,0.064557,,
train,77,1901088,60090.8,0.059781,,
train,77,1901188,60093.7,0.062281,,
train,77,1901288,60096.5,0.057878,,
train,77,1901388,60099.4,0.061977,,
train,77,1901488,60102.2,0.062110,,
train,77,1901588,60105.0,0.062701,,
train,77,1901688,60107.9,0.055696,,
train,77,1901788,60110.7,0.058532,,
train,77,1901888,60113.6,0.060249,,
train,77,1901988,60116.4,0.062186,,
train,77,1902088,60119.3,0.060208,,
train,77,1902188,60122.1,0.057487,,
train,77,1902288,60124.9,0.059389,,
train,77,1902388,60127.8,0.057689,,
train,77,1902488,60130.6,0.058989,,
train,77,1902588,60133.5,0.063441,,
train,77,1902688,60136.3,0.061604,,
train,77,1902788,60139.2,0.060106,,
train,77,1902888,60142.0,0.058700,,
train,77,1902988,60144.8,0.061714,,
train,77,1903088,60147.7,0.060926,,
train,77,1903188,60150.5,0.059181,,
train,77,1903288,60153.4,0.062832,,
train,77,1903388,60156.2,0.057857,,
train,77,1903488,60159.1,0.056360,,
train,77,1903588,60161.9,0.059431,,
train,77,1903688,60164.7,0.060661,,
train,77,1903788,60167.6,0.061999,,
train,77,1903888,60170.4,0.059399,,
train,77,1903988,60173.3,0.057959,,
train,77,1904088,60176.1,0.057920,,
train,77,1904188,60178.9,0.057731,,
train,77,1904288,60181.8,0.058549,,
train,77,1904388,60184.6,0.058991,,
train,77,1904488,60187.5,0.060084,,
train,77,1904588,60190.3,0.058264,,
train,77,1904688,60193.1,0.053229,,
train,77,1904788,60196.0,0.061968,,
train,77,1904888,60198.8,0.058097,,
train,77,1904988,60201.7,0.056510,,
train,77,1905088,60204.5,0.060383,,
train,77,1905188,60207.3,0.058901,,
train,77,1905288,60210.2,0.059595,,
train,77,1905388,60213.0,0.054584,,
train,77,1905488,60215.9,0.054522,,
train,77,1905588,60218.7,0.062113,,
train,77,1905688,60221.5,0.058238,,
train,77,1905788,60224.4,0.056070,,
train,77,1905888,60227.2,0.058799,,
train,77,1905988,60230.0,0.060646,,
train,77,1906088,60232.9,0.059843,,
train,77,1906188,60235.7,0.060443,,
train,77,1906288,60238.6,0.057389,,
train,77,1906388,60241.4,0.060925,,
train,77,1906488,60244.2,0.058599,,
train,77,1906588,60247.1,0.060898,,
val,77,,60326.1,0.055410,0.003920,0.000033
train,78,1906732,60330.1,0.060447,,
train,78,1906832,60333.0,0.058935,,
train,78,1906932,60335.8,0.059403,,
train,78,1907032,60338.6,0.061101,,
train,78,1907132,60341.5,0.057708,,
train,78,1907232,60344.3,0.056765,,
train,78,1907332,60347.2,0.060036,,
train,78,1907432,60350.0,0.060539,,
train,78,1907532,60352.9,0.056170,,
train,78,1907632,60355.7,0.059259,,
train,78,1907732,60358.5,0.058742,,
train,78,1907832,60361.4,0.058718,,
train,78,1907932,60364.2,0.063697,,
train,78,1908032,60367.1,0.055952,,
train,78,1908132,60369.9,0.060538,,
train,78,1908232,60372.7,0.059507,,
train,78,1908332,60375.6,0.057715,,
train,78,1908432,60378.4,0.062903,,
train,78,1908532,60381.3,0.058199,,
train,78,1908632,60384.1,0.058719,,
train,78,1908732,60386.9,0.054126,,
train,78,1908832,60389.8,0.061882,,
train,78,1908932,60392.6,0.062565,,
train,78,1909032,60395.4,0.059781,,
train,78,1909132,60398.3,0.062591,,
train,78,1909232,60401.1,0.055158,,
train,78,1909332,60404.0,nan,,
train,78,1909432,60406.8,0.058594,,
train,78,1909532,60409.6,0.062178,,
train,78,1909632,60412.5,0.057624,,
train,78,1909732,60415.3,0.053830,,
train,78,1909832,60418.2,0.059070,,
train,78,1909932,60421.0,0.061398,,
train,78,1910032,60423.8,0.061676,,
train,78,1910132,60426.7,0.061759,,
train,78,1910232,60429.5,0.063180,,
train,78,1910332,60432.3,0.057355,,
train,78,1910432,60435.2,0.063631,,
train,78,1910532,60438.0,0.062284,,
train,78,1910632,60440.9,0.060611,,
train,78,1910732,60443.7,0.058730,,
train,78,1910832,60446.5,0.057683,,
train,78,1910932,60449.4,0.059100,,
train,78,1911032,60452.2,0.058702,,
train,78,1911132,60455.0,0.060031,,
train,78,1911232,60457.9,0.062493,,
train,78,1911332,60460.7,0.058977,,
train,78,1911432,60463.6,0.062928,,
train,78,1911532,60466.4,0.057956,,
train,78,1911632,60469.2,0.060179,,
train,78,1911732,60472.1,0.062059,,
train,78,1911832,60474.9,0.057100,,
train,78,1911932,60477.8,0.061678,,
train,78,1912032,60480.6,0.057129,,
train,78,1912132,60483.4,0.062186,,
train,78,1912232,60486.3,0.059447,,
train,78,1912332,60489.1,0.060992,,
train,78,1912432,60491.9,0.062847,,
train,78,1912532,60494.8,0.054773,,
train,78,1912632,60497.6,0.059070,,
train,78,1912732,60500.5,0.058184,,
train,78,1912832,60503.3,0.063314,,
train,78,1912932,60506.1,0.059184,,
train,78,1913032,60509.0,0.060608,,
train,78,1913132,60511.8,0.062867,,
train,78,1913232,60514.7,0.060076,,
train,78,1913332,60517.5,0.057412,,
train,78,1913432,60520.3,0.058437,,
train,78,1913532,60523.2,0.057868,,
train,78,1913632,60526.0,0.059143,,
train,78,1913732,60528.9,0.060409,,
train,78,1913832,60531.7,0.060230,,
train,78,1913932,60534.5,0.060141,,
train,78,1914032,60537.4,0.059632,,
train,78,1914132,60540.2,0.061099,,
train,78,1914232,60543.1,0.063567,,
train,78,1914332,60545.9,0.059646,,
train,78,1914432,60548.8,0.057553,,
train,78,1914532,60551.6,0.063320,,
train,78,1914632,60554.4,0.057617,,
train,78,1914732,60557.3,0.062236,,
train,78,1914832,60560.1,0.054629,,
train,78,1914932,60563.0,0.058976,,
train,78,1915032,60565.8,0.058868,,
train,78,1915132,60568.6,0.064764,,
train,78,1915232,60571.5,0.061559,,
train,78,1915332,60574.3,0.057057,,
train,78,1915432,60577.2,0.056413,,
train,78,1915532,60580.0,0.059423,,
train,78,1915632,60582.8,0.055253,,
train,78,1915732,60585.7,0.058533,,
train,78,1915832,60588.5,0.061909,,
train,78,1915932,60591.4,0.060457,,
train,78,1916032,60594.2,0.059875,,
train,78,1916132,60597.0,0.059123,,
train,78,1916232,60599.9,0.061163,,
train,78,1916332,60602.7,0.063490,,
train,78,1916432,60605.6,0.058385,,
train,78,1916532,60608.4,0.060645,,
train,78,1916632,60611.2,0.055516,,
train,78,1916732,60614.1,0.059351,,
train,78,1916832,60616.9,0.058904,,
train,78,1916932,60619.7,0.058392,,
train,78,1917032,60622.6,0.060515,,
train,78,1917132,60625.4,0.058545,,
train,78,1917232,60628.3,0.061201,,
train,78,1917332,60631.1,0.058491,,
train,78,1917432,60633.9,0.057909,,
train,78,1917532,60636.8,0.055594,,
train,78,1917632,60639.6,0.062256,,
train,78,1917732,60642.5,0.059103,,
train,78,1917832,60645.3,0.060559,,
train,78,1917932,60648.1,0.060194,,
train,78,1918032,60651.0,0.058986,,
train,78,1918132,60653.8,0.062924,,
train,78,1918232,60656.6,0.056676,,
train,78,1918332,60659.5,0.058360,,
train,78,1918432,60662.3,0.059244,,
train,78,1918532,60665.2,0.061417,,
train,78,1918632,60668.0,0.059305,,
train,78,1918732,60670.8,0.060169,,
train,78,1918832,60673.7,0.064847,,
train,78,1918932,60676.5,0.057080,,
train,78,1919032,60679.3,0.060075,,
train,78,1919132,60682.2,0.064124,,
train,78,1919232,60685.0,0.061870,,
train,78,1919332,60687.9,0.057221,,
train,78,1919432,60690.7,0.061311,,
train,78,1919532,60693.5,0.058896,,
train,78,1919632,60696.4,0.056781,,
train,78,1919732,60699.2,0.061353,,
train,78,1919832,60702.1,0.057726,,
train,78,1919932,60704.9,0.064898,,
train,78,1920032,60707.7,0.060832,,
train,78,1920132,60710.6,0.058835,,
train,78,1920232,60713.4,0.058742,,
train,78,1920332,60716.3,0.062271,,
train,78,1920432,60719.1,0.061505,,
train,78,1920532,60721.9,0.058318,,
train,78,1920632,60724.8,0.057729,,
train,78,1920732,60727.6,0.057333,,
train,78,1920832,60730.5,0.060204,,
train,78,1920932,60733.3,0.056748,,
train,78,1921032,60736.1,0.062299,,
train,78,1921132,60739.0,0.059520,,
train,78,1921232,60741.8,0.061831,,
train,78,1921332,60744.7,0.058761,,
train,78,1921432,60747.5,0.059586,,
train,78,1921532,60750.3,0.055332,,
train,78,1921632,60753.2,0.060722,,
train,78,1921732,60756.0,0.061332,,
train,78,1921832,60758.9,0.057011,,
train,78,1921932,60761.7,0.061260,,
train,78,1922032,60764.5,0.060345,,
train,78,1922132,60767.4,0.061395,,
train,78,1922232,60770.2,0.061831,,
train,78,1922332,60773.1,0.060068,,
train,78,1922432,60775.9,0.060330,,
train,78,1922532,60778.7,0.058325,,
train,78,1922632,60781.6,0.056645,,
train,78,1922732,60784.4,0.059453,,
train,78,1922832,60787.3,0.058654,,
train,78,1922932,60790.1,0.056363,,
train,78,1923032,60792.9,0.059477,,
train,78,1923132,60795.8,0.056402,,
train,78,1923232,60798.6,0.058536,,
train,78,1923332,60801.5,0.058905,,
train,78,1923432,60804.3,0.064855,,
train,78,1923532,60807.1,0.059880,,
train,78,1923632,60810.0,0.056748,,
train,78,1923732,60812.8,0.058620,,
train,78,1923832,60815.6,0.060944,,
train,78,1923932,60818.5,0.060208,,
train,78,1924032,60821.3,0.056575,,
train,78,1924132,60824.2,0.058918,,
train,78,1924232,60827.0,0.059693,,
train,78,1924332,60829.8,0.063320,,
train,78,1924432,60832.7,0.060828,,
train,78,1924532,60835.5,0.055966,,
train,78,1924632,60838.4,0.060969,,
train,78,1924732,60841.2,0.060795,,
train,78,1924832,60844.0,0.060748,,
train,78,1924932,60846.9,0.056750,,
train,78,1925032,60849.7,0.066019,,
train,78,1925132,60852.5,0.058173,,
train,78,1925232,60855.4,0.060484,,
train,78,1925332,60858.2,0.060109,,
train,78,1925432,60861.0,0.056558,,
train,78,1925532,60863.9,0.059735,,
train,78,1925632,60866.7,0.058528,,
train,78,1925732,60869.6,0.059108,,
train,78,1925832,60872.4,0.055161,,
train,78,1925932,60875.2,0.059114,,
train,78,1926032,60878.1,0.056064,,
train,78,1926132,60880.9,0.064214,,
train,78,1926232,60883.7,0.056926,,
train,78,1926332,60886.6,0.055879,,
train,78,1926432,60889.4,0.057458,,
train,78,1926532,60892.3,0.062287,,
train,78,1926632,60895.1,0.058158,,
train,78,1926732,60897.9,0.061578,,
train,78,1926832,60900.8,0.061997,,
train,78,1926932,60903.6,0.057032,,
train,78,1927032,60906.5,0.058954,,
train,78,1927132,60909.3,0.059637,,
train,78,1927232,60912.1,0.059440,,
train,78,1927332,60915.0,0.060548,,
train,78,1927432,60917.8,0.060324,,
train,78,1927532,60920.7,0.059167,,
train,78,1927632,60923.5,0.056567,,
train,78,1927732,60926.3,0.060304,,
train,78,1927832,60929.2,0.059670,,
train,78,1927932,60932.0,0.064077,,
train,78,1928032,60934.8,0.060271,,
train,78,1928132,60937.7,0.056045,,
train,78,1928232,60940.5,0.061236,,
train,78,1928332,60943.4,0.061519,,
train,78,1928432,60946.2,0.060339,,
train,78,1928532,60949.0,0.061118,,
train,78,1928632,60951.9,0.059802,,
train,78,1928732,60954.7,0.058574,,
train,78,1928832,60957.6,0.058352,,
train,78,1928932,60960.4,0.057983,,
train,78,1929032,60963.3,0.059160,,
train,78,1929132,60966.1,0.059326,,
train,78,1929232,60968.9,0.063295,,
train,78,1929332,60971.8,0.061167,,
train,78,1929432,60974.6,0.059066,,
train,78,1929532,60977.5,0.060367,,
train,78,1929632,60980.3,0.060453,,
train,78,1929732,60983.1,0.066701,,
train,78,1929832,60986.0,0.057263,,
train,78,1929932,60988.8,0.059164,,
train,78,1930032,60991.7,0.057437,,
train,78,1930132,60994.5,0.059100,,
train,78,1930232,60997.3,0.058604,,
train,78,1930332,61000.2,0.065697,,
train,78,1930432,61003.0,0.058595,,
train,78,1930532,61005.9,0.059555,,
train,78,1930632,61008.7,0.057425,,
train,78,1930732,61011.5,0.058117,,
train,78,1930832,61014.4,0.058844,,
train,78,1930932,61017.2,0.058325,,
train,78,1931032,61020.0,0.058333,,
val,78,,61099.1,0.055717,0.003919,0.000033
train,79,1931176,61102.7,0.061203,,
train,79,1931276,61105.5,0.061569,,
train,79,1931376,61108.4,0.059897,,
train,79,1931476,61111.2,0.059267,,
train,79,1931576,61114.1,0.054627,,
train,79,1931676,61116.9,0.062155,,
train,79,1931776,61119.7,0.059391,,
train,79,1931876,61122.6,0.056189,,
train,79,1931976,61125.4,0.060832,,
train,79,1932076,61128.3,0.061422,,
train,79,1932176,61131.1,0.062500,,
train,79,1932276,61134.0,0.061453,,
train,79,1932376,61136.8,0.056674,,
train,79,1932476,61139.7,0.057670,,
train,79,1932576,61142.5,0.059047,,
train,79,1932676,61145.3,0.058210,,
train,79,1932776,61148.2,0.057685,,
train,79,1932876,61151.0,0.058223,,
train,79,1932976,61153.9,0.061535,,
train,79,1933076,61156.7,0.058204,,
train,79,1933176,61159.5,0.060969,,
train,79,1933276,61162.4,0.060482,,
train,79,1933376,61165.2,0.059048,,
train,79,1933476,61168.1,0.060062,,
train,79,1933576,61170.9,0.054842,,
train,79,1933676,61173.7,0.055368,,
train,79,1933776,61176.6,0.057380,,
train,79,1933876,61179.4,0.060685,,
train,79,1933976,61182.3,0.063219,,
train,79,1934076,61185.1,0.057173,,
train,79,1934176,61188.0,0.060426,,
train,79,1934276,61190.8,0.055418,,
train,79,1934376,61193.6,0.058683,,
train,79,1934476,61196.5,0.065426,,
train,79,1934576,61199.3,0.062961,,
train,79,1934676,61202.2,0.061511,,
train,79,1934776,61205.0,0.056759,,
train,79,1934876,61207.8,0.061380,,
train,79,1934976,61210.7,0.063463,,
train,79,1935076,61213.5,0.060087,,
train,79,1935176,61216.4,0.058170,,
train,79,1935276,61219.2,0.058381,,
train,79,1935376,61222.0,0.061517,,
train,79,1935476,61224.9,0.059654,,
train,79,1935576,61227.7,0.057744,,
train,79,1935676,61230.6,0.062367,,
train,79,1935776,61233.4,0.057811,,
train,79,1935876,61236.2,0.058067,,
train,79,1935976,61239.1,0.059759,,
train,79,1936076,61241.9,0.060035,,
train,79,1936176,61244.8,0.063067,,
train,79,1936276,61247.6,0.059742,,
train,79,1936376,61250.4,0.060026,,
train,79,1936476,61253.3,0.058712,,
train,79,1936576,61256.1,0.059866,,
train,79,1936676,61259.0,0.059172,,
train,79,1936776,61261.8,0.059906,,
train,79,1936876,61264.6,0.059927,,
train,79,1936976,61267.5,0.061390,,
train,79,1937076,61270.3,0.058833,,
train,79,1937176,61273.2,0.060406,,
train,79,1937276,61276.0,0.063135,,
train,79,1937376,61278.8,0.061081,,
train,79,1937476,61281.7,0.062201,,
train,79,1937576,61284.5,0.059175,,
train,79,1937676,61287.4,0.058793,,
train,79,1937776,61290.2,0.058696,,
train,79,1937876,61293.0,0.057102,,
train,79,1937976,61295.9,0.054831,,
train,79,1938076,61298.7,0.060343,,
train,79,1938176,61301.6,0.059933,,
train,79,1938276,61304.4,0.058197,,
train,79,1938376,61307.2,0.062871,,
train,79,1938476,61310.1,0.057055,,
train,79,1938576,61312.9,nan,,
train,79,1938676,61315.8,0.062315,,
train,79,1938776,61318.6,0.056945,,
train,79,1938876,61321.4,0.055361,,
train,79,1938976,61324.3,0.058768,,
train,79,1939076,61327.1,0.061188,,
train,79,1939176,61330.0,0.059600,,
train,79,1939276,61332.8,0.061110,,
train,79,1939376,61335.6,0.060880,,
train,79,1939476,61338.5,0.057225,,
train,79,1939576,61341.3,0.059777,,
train,79,1939676,61344.2,0.058726,,
train,79,1939776,61347.0,0.056773,,
train,79,1939876,61349.9,0.061393,,
train,79,1939976,61352.7,0.059893,,
train,79,1940076,61355.5,0.062945,,
train,79,1940176,61358.4,0.061498,,
train,79,1940276,61361.2,0.058380,,
train,79,1940376,61364.1,0.059752,,
train,79,1940476,61366.9,0.056655,,
train,79,1940576,61369.7,0.061064,,
train,79,1940676,61372.6,0.057625,,
train,79,1940776,61375.4,0.059676,,
train,79,1940876,61378.3,0.064710,,
train,79,1940976,61381.1,0.056035,,
train,79,1941076,61384.0,0.059916,,
train,79,1941176,61386.8,0.058789,,
train,79,1941276,61389.6,0.059812,,
train,79,1941376,61392.5,0.060502,,
train,79,1941476,61395.3,0.060477,,
train,79,1941576,61398.2,0.058785,,
train,79,1941676,61401.0,0.062905,,
train,79,1941776,61403.9,0.056885,,
train,79,1941876,61406.7,0.061884,,
train,79,1941976,61409.6,0.063553,,
train,79,1942076,61412.4,0.061445,,
train,79,1942176,61415.2,0.059571,,
train,79,1942276,61418.1,0.060426,,
train,79,1942376,61420.9,0.060750,,
train,79,1942476,61423.7,0.057615,,
train,79,1942576,61426.6,0.060479,,
train,79,1942676,61429.4,0.060435,,
train,79,1942776,61432.3,0.059691,,
train,79,1942876,61435.1,0.058224,,
train,79,1942976,61438.0,0.059820,,
train,79,1943076,61440.8,0.060869,,
train,79,1943176,61443.6,0.058750,,
train,79,1943276,61446.5,0.062621,,
train,79,1943376,61449.3,0.060104,,
train,79,1943476,61452.2,0.059223,,
train,79,1943576,61455.0,0.059489,,
train,79,1943676,61457.8,0.058528,,
train,79,1943776,61460.7,0.056415,,
train,79,1943876,61463.5,0.058148,,
train,79,1943976,61466.4,0.055770,,
train,79,1944076,61469.2,0.056305,,
train,79,1944176,61472.0,0.059743,,
train,79,1944276,61474.9,0.057199,,
train,79,1944376,61477.7,0.060453,,
train,79,1944476,61480.6,0.064921,,
train,79,1944576,61483.4,0.053033,,
train,79,1944676,61486.2,0.055928,,
train,79,1944776,61489.1,0.060001,,
train,79,1944876,61491.9,0.065268,,
train,79,1944976,61494.8,0.061057,,
train,79,1945076,61497.6,0.061186,,
train,79,1945176,61500.4,0.057386,,
train,79,1945276,61503.3,0.061643,,
train,79,1945376,61506.1,0.060569,,
train,79,1945476,61509.0,0.058030,,
train,79,1945576,61511.8,0.060716,,
train,79,1945676,61514.6,0.061979,,
train,79,1945776,61517.5,0.060256,,
train,79,1945876,61520.3,0.052331,,
train,79,1945976,61523.2,0.054020,,
train,79,1946076,61526.0,0.062431,,
train,79,1946176,61528.8,0.062190,,
train,79,1946276,61531.7,0.058588,,
train,79,1946376,61534.5,0.059582,,
train,79,1946476,61537.4,0.056613,,
train,79,1946576,61540.2,0.058838,,
train,79,1946676,61543.1,0.058932,,
train,79,1946776,61545.9,0.061499,,
train,79,1946876,61548.7,0.061011,,
train,79,1946976,61551.6,0.056207,,
train,79,1947076,61554.4,0.060178,,
train,79,1947176,61557.3,0.058174,,
train,79,1947276,61560.1,0.062337,,
train,79,1947376,61562.9,0.057194,,
train,79,1947476,61565.8,0.059307,,
train,79,1947576,61568.6,0.059252,,
train,79,1947676,61571.5,0.060851,,
train,79,1947776,61574.3,0.064368,,
train,79,1947876,61577.2,0.059418,,
train,79,1947976,61580.0,0.057867,,
train,79,1948076,61582.8,0.061596,,
train,79,1948176,61585.7,0.060308,,
train,79,1948276,61588.5,0.053334,,
train,79,1948376,61591.4,0.057710,,
train,79,1948476,61594.2,0.062741,,
train,79,1948576,61597.1,0.058571,,
train,79,1948676,61599.9,0.061029,,
train,79,1948776,61602.8,0.060771,,
train,79,1948876,61605.6,0.061425,,
train,79,1948976,61608.4,0.063357,,
train,79,1949076,61611.3,0.061885,,
train,79,1949176,61614.1,0.057993,,
train,79,1949276,61617.0,0.059208,,
train,79,1949376,61619.8,0.063024,,
train,79,1949476,61622.7,0.059107,,
train,79,1949576,61625.5,0.058290,,
train,79,1949676,61628.3,0.055747,,
train,79,1949776,61631.2,0.057214,,
train,79,1949876,61634.0,0.055714,,
train,79,1949976,61636.9,0.057407,,
train,79,1950076,61639.7,0.059666,,
train,79,1950176,61642.6,0.057126,,
train,79,1950276,61645.4,0.060536,,
train,79,1950376,61648.2,0.061550,,
train,79,1950476,61651.1,0.058495,,
train,79,1950576,61653.9,0.060396,,
train,79,1950676,61656.8,0.055370,,
train,79,1950776,61659.6,0.055371,,
train,79,1950876,61662.4,0.060181,,
train,79,1950976,61665.3,0.059754,,
train,79,1951076,61668.1,0.058611,,
train,79,1951176,61671.0,0.060401,,
train,79,1951276,61673.8,0.060591,,
train,79,1951376,61676.6,0.060278,,
train,79,1951476,61679.5,0.060660,,
train,79,1951576,61682.3,0.062172,,
train,79,1951676,61685.2,0.060618,,
train,79,1951776,61688.0,0.059411,,
train,79,1951876,61690.9,0.059992,,
train,79,1951976,61693.7,0.059194,,
train,79,1952076,61696.5,0.058097,,
train,79,1952176,61699.4,0.057230,,
train,79,1952276,61702.2,0.055397,,
train,79,1952376,61705.0,0.061583,,
train,79,1952476,61707.9,0.062952,,
train,79,1952576,61710.7,0.059695,,
train,79,1952676,61713.6,0.060497,,
train,79,1952776,61716.4,0.059723,,
train,79,1952876,61719.2,0.058820,,
train,79,1952976,61722.1,0.061861,,
train,79,1953076,61724.9,0.062258,,
train,79,1953176,61727.8,0.058441,,
train,79,1953276,61730.6,0.055044,,
train,79,1953376,61733.4,0.059508,,
train,79,1953476,61736.3,0.057800,,
train,79,1953576,61739.1,0.056180,,
train,79,1953676,61742.0,0.058155,,
train,79,1953776,61744.8,0.059762,,
train,79,1953876,61747.7,0.058557,,
train,79,1953976,61750.5,0.058544,,
train,79,1954076,61753.3,0.060494,,
train,79,1954176,61756.2,0.062318,,
train,79,1954276,61759.0,0.059062,,
train,79,1954376,61761.9,0.061557,,
train,79,1954476,61764.7,0.057702,,
train,79,1954576,61767.5,0.057852,,
train,79,1954676,61770.4,0.060757,,
train,79,1954776,61773.2,0.054819,,
train,79,1954876,61776.1,0.057893,,
train,79,1954976,61778.9,0.059089,,
train,79,1955076,61781.8,0.059235,,
train,79,1955176,61784.6,0.060725,,
train,79,1955276,61787.5,0.060346,,
train,79,1955376,61790.3,0.059651,,
train,79,1955476,61793.1,0.058391,,
val,79,,61872.3,0.055435,0.003917,0.000033
train,80,1955620,61875.9,0.063383,,
train,80,1955720,61878.7,0.059978,,
train,80,1955820,61881.6,0.060783,,
train,80,1955920,61884.4,0.055332,,
train,80,1956020,61887.2,0.063133,,
train,80,1956120,61890.1,0.060225,,
train,80,1956220,61892.9,0.058710,,
train,80,1956320,61895.7,0.054316,,
train,80,1956420,61898.6,0.056499,,
train,80,1956520,61901.4,0.061852,,
train,80,1956620,61904.3,0.061262,,
train,80,1956720,61907.1,0.059947,,
train,80,1956820,61910.0,0.058683,,
train,80,1956920,61912.8,0.059858,,
train,80,1957020,61915.6,0.059186,,
train,80,1957120,61918.5,0.057480,,
train,80,1957220,61921.3,0.061573,,
train,80,1957320,61924.2,0.059791,,
train,80,1957420,61927.0,0.058380,,
train,80,1957520,61929.8,0.057884,,
train,80,1957620,61932.7,0.058968,,
train,80,1957720,61935.5,nan,,
train,80,1957820,61938.4,0.060297,,
train,80,1957920,61941.2,0.059950,,
train,80,1958020,61944.1,0.056525,,
train,80,1958120,61946.9,0.058917,,
train,80,1958220,61949.8,0.060427,,
train,80,1958320,61952.6,0.064668,,
train,80,1958420,61955.4,0.061790,,
train,80,1958520,61958.3,0.056599,,
train,80,1958620,61961.1,0.065325,,
train,80,1958720,61964.0,0.054148,,
train,80,1958820,61966.8,0.059040,,
train,80,1958920,61969.7,0.057560,,
train,80,1959020,61972.5,0.060924,,
train,80,1959120,61975.3,0.063374,,
train,80,1959220,61978.2,0.056579,,
train,80,1959320,61981.0,0.058725,,
train,80,1959420,61983.9,0.057521,,
train,80,1959520,61986.7,0.056054,,
train,80,1959620,61989.6,0.059061,,
train,80,1959720,61992.4,0.059138,,
train,80,1959820,61995.3,0.055628,,
train,80,1959920,61998.1,0.059983,,
train,80,1960020,62001.0,0.062232,,
train,80,1960120,62003.8,0.060101,,
train,80,1960220,62006.6,0.062312,,
train,80,1960320,62009.5,0.061515,,
train,80,1960420,62012.4,0.056444,,
train,80,1960520,62015.2,0.062600,,
train,80,1960620,62018.0,0.061319,,
train,80,1960720,62020.9,0.056139,,
train,80,1960820,62023.7,0.060902,,
train,80,1960920,62026.6,0.059108,,
train,80,1961020,62029.4,0.059126,,
train,80,1961120,62032.3,0.061650,,
train,80,1961220,62035.1,0.057944,,
train,80,1961320,62037.9,0.060850,,
train,80,1961420,62040.8,0.053953,,
train,80,1961520,62043.6,0.056307,,
train,80,1961620,62046.5,0.060154,,
train,80,1961720,62049.3,0.055550,,
train,80,1961820,62052.2,0.063782,,
train,80,1961920,62055.0,0.059948,,
train,80,1962020,62057.9,0.059767,,
train,80,1962120,62060.7,0.061057,,
train,80,1962220,62063.5,0.060058,,
train,80,1962320,62066.4,0.058987,,
train,80,1962420,62069.2,0.059746,,
train,80,1962520,62072.1,0.056298,,
train,80,1962620,62074.9,0.056261,,
train,80,1962720,62077.7,0.059849,,
train,80,1962820,62080.6,0.059108,,
train,80,1962920,62083.4,0.060815,,
train,80,1963020,62086.3,0.058351,,
train,80,1963120,62089.1,0.059045,,
train,80,1963220,62092.0,0.062436,,
train,80,1963320,62094.8,0.058255,,
train,80,1963420,62097.6,0.055875,,
train,80,1963520,62100.5,0.063301,,
train,80,1963620,62103.3,0.060016,,
train,80,1963720,62106.2,0.059836,,
train,80,1963820,62109.0,0.057056,,
train,80,1963920,62111.8,0.061683,,
train,80,1964020,62114.7,0.060762,,
train,80,1964120,62117.5,0.056327,,
train,80,1964220,62120.4,0.058817,,
train,80,1964320,62123.2,0.060065,,
train,80,1964420,62126.1,0.057361,,
train,80,1964520,62128.9,0.057623,,
train,80,1964620,62131.7,0.057719,,
train,80,1964720,62134.6,0.059086,,
train,80,1964820,62137.4,0.060905,,
train,80,1964920,62140.3,0.060980,,
train,80,1965020,62143.1,0.063463,,
train,80,1965120,62146.0,0.061910,,
train,80,1965220,62148.8,0.066371,,
train,80,1965320,62151.6,0.057725,,
train,80,1965420,62154.5,0.056989,,
train,80,1965520,62157.3,0.060650,,
train,80,1965620,62160.2,0.060663,,
train,80,1965720,62163.0,0.055397,,
train,80,1965820,62165.9,0.056908,,
train,80,1965920,62168.7,0.056235,,
train,80,1966020,62171.5,0.062672,,
train,80,1966120,62174.4,0.058113,,
train,80,1966220,62177.2,0.056118,,
train,80,1966320,62180.1,0.055787,,
train,80,1966420,62182.9,0.057876,,
train,80,1966520,62185.8,0.055488,,
train,80,1966620,62188.6,0.060982,,
train,80,1966720,62191.4,0.057681,,
train,80,1966820,62194.3,0.059456,,
train,80,1966920,62197.1,0.057880,,
train,80,1967020,62200.0,0.059178,,
train,80,1967120,62202.8,0.061631,,
train,80,1967220,62205.7,0.057579,,
train,80,1967320,62208.5,0.060974,,
train,80,1967420,62211.4,0.059405,,
train,80,1967520,62214.2,0.058768,,
train,80,1967620,62217.0,0.058148,,
train,80,1967720,62219.9,0.062523,,
train,80,1967820,62222.7,0.060085,,
train,80,1967920,62225.6,0.061667,,
train,80,1968020,62228.4,0.056409,,
train,80,1968120,62231.2,0.060368,,
train,80,1968220,62234.1,0.058583,,
train,80,1968320,62236.9,0.058277,,
train,80,1968420,62239.8,0.056898,,
train,80,1968520,62242.6,0.058777,,
train,80,1968620,62245.4,0.064620,,
train,80,1968720,62248.3,0.060096,,
train,80,1968820,62251.1,0.059512,,
train,80,1968920,62254.0,0.061851,,
train,80,1969020,62256.8,0.061899,,
train,80,1969120,62259.7,0.059535,,
train,80,1969220,62262.5,0.062036,,
train,80,1969320,62265.4,0.059952,,
train,80,1969420,62268.2,0.061838,,
train,80,1969520,62271.0,0.059182,,
train,80,1969620,62273.9,0.057299,,
train,80,1969720,62276.7,0.061183,,
train,80,1969820,62279.6,0.058083,,
train,80,1969920,62282.4,0.063265,,
train,80,1970020,62285.2,0.060207,,
train,80,1970120,62288.1,0.060502,,
train,80,1970220,62290.9,0.060739,,
train,80,1970320,62293.8,0.061410,,
train,80,1970420,62296.6,0.059299,,
train,80,1970520,62299.5,0.057404,,
train,80,1970620,62302.3,0.061712,,
train,80,1970720,62305.1,0.060816,,
train,80,1970820,62308.0,0.059929,,
train,80,1970920,62310.8,0.061250,,
train,80,1971020,62313.7,0.063041,,
train,80,1971120,62316.5,0.059523,,
train,80,1971220,62319.3,0.057682,,
train,80,1971320,62322.2,0.060965,,
train,80,1971420,62325.0,0.054340,,
train,80,1971520,62327.9,0.054884,,
train,80,1971620,62330.7,0.057698,,
train,80,1971720,62333.6,0.057385,,
train,80,1971820,62336.4,0.059986,,
train,80,1971920,62339.2,0.066100,,
train,80,1972020,62342.1,0.058451,,
train,80,1972120,62344.9,0.058183,,
train,80,1972220,62347.8,0.058859,,
train,80,1972320,62350.6,0.059216,,
train,80,1972420,62353.5,0.058384,,
train,80,1972520,62356.3,0.059865,,
train,80,1972620,62359.2,0.058046,,
train,80,1972720,62362.0,0.059215,,
train,80,1972820,62364.8,0.057229,,
train,80,1972920,62367.7,0.060740,,
train,80,1973020,62370.5,0.058020,,
train,80,1973120,62373.4,0.058635,,
train,80,1973220,62376.2,0.061577,,
train,80,1973320,62379.1,0.063901,,
train,80,1973420,62381.9,0.061264,,
train,80,1973520,62384.8,0.058743,,
train,80,1973620,62387.6,0.060010,,
train,80,1973720,62390.4,0.058854,,
train,80,1973820,62393.3,0.060043,,
train,80,1973920,62396.1,0.055184,,
train,80,1974020,62399.0,0.059370,,
train,80,1974120,62401.8,0.061406,,
train,80,1974220,62404.7,0.060936,,
train,80,1974320,62407.5,0.059552,,
train,80,1974420,62410.4,0.058817,,
train,80,1974520,62413.2,0.057224,,
train,80,1974620,62416.1,0.057516,,
train,80,1974720,62418.9,0.060169,,
train,80,1974820,62421.8,0.061404,,
train,80,1974920,62424.6,0.065346,,
train,80,1975020,62427.4,0.057126,,
train,80,1975120,62430.3,0.057017,,
train,80,1975220,62433.1,0.057463,,
train,80,1975320,62436.0,0.060678,,
train,80,1975420,62438.8,0.055425,,
train,80,1975520,62441.7,0.056743,,
train,80,1975620,62444.5,0.058164,,
train,80,1975720,62447.4,0.054860,,
train,80,1975820,62450.2,0.061363,,
train,80,1975920,62453.0,0.063620,,
train,80,1976020,62455.9,0.057989,,
train,80,1976120,62458.7,0.061664,,
train,80,1976220,62461.6,0.058320,,
train,80,1976320,62464.4,0.059577,,
train,80,1976420,62467.3,0.059007,,
train,80,1976520,62470.1,0.054447,,
train,80,1976620,62472.9,0.055492,,
train,80,1976720,62475.8,0.058861,,
train,80,1976820,62478.6,0.062151,,
train,80,1976920,62481.5,0.055305,,
train,80,1977020,62484.3,0.058106,,
train,80,1977120,62487.2,0.064002,,
train,80,1977220,62490.0,0.057475,,
train,80,1977320,62492.8,0.060262,,
train,80,1977420,62495.7,0.060226,,
train,80,1977520,62498.5,0.063918,,
train,80,1977620,62501.4,0.058912,,
train,80,1977720,62504.2,0.057306,,
train,80,1977820,62507.0,0.055841,,
train,80,1977920,62509.9,0.057177,,
train,80,1978020,62512.7,0.057056,,
train,80,1978120,62515.6,0.058250,,
train,80,1978220,62518.4,0.057580,,
train,80,1978320,62521.3,0.061235,,
train,80,1978420,62524.1,0.054207,,
train,80,1978520,62526.9,0.058477,,
train,80,1978620,62529.8,0.056605,,
train,80,1978720,62532.6,0.062413,,
train,80,1978820,62535.5,0.055966,,
train,80,1978920,62538.3,0.062540,,
train,80,1979020,62541.2,0.059550,,
train,80,1979120,62544.0,0.061634,,
train,80,1979220,62546.9,0.060549,,
train,80,1979320,62549.7,0.057292,,
train,80,1979420,62552.5,0.062576,,
train,80,1979520,62555.4,0.064937,,
train,80,1979620,62558.2,0.061885,,
train,80,1979720,62561.1,0.058355,,
train,80,1979820,62563.9,0.066949,,
train,80,1979920,62566.8,0.060293,,
val,80,,62645.8,0.055680,0.003916,0.000033
train,81,1980064,62649.3,0.061218,,
train,81,1980164,62652.2,0.059421,,
train,81,1980264,62655.0,0.060470,,
train,81,1980364,62657.9,0.059795,,
train,81,1980464,62660.7,0.063398,,
train,81,1980564,62663.5,0.065450,,
train,81,1980664,62666.4,0.061610,,
train,81,1980764,62669.2,0.058987,,
train,81,1980864,62672.1,0.057402,,
train,81,1980964,62674.9,0.056377,,
train,81,1981064,62677.8,0.060429,,
train,81,1981164,62680.6,0.061151,,
train,81,1981264,62683.4,0.060509,,
train,81,1981364,62686.3,0.064231,,
train,81,1981464,62689.1,0.056902,,
train,81,1981564,62692.0,0.056767,,
train,81,1981664,62694.8,0.059656,,
train,81,1981764,62697.6,0.059497,,
train,81,1981864,62700.5,0.058709,,
train,81,1981964,62703.3,0.061313,,
train,81,1982064,62706.2,0.061775,,
train,81,1982164,62709.0,0.058989,,
train,81,1982264,62711.8,0.060409,,
train,81,1982364,62714.7,0.055579,,
train,81,1982464,62717.5,0.059281,,
train,81,1982564,62720.4,0.058349,,
train,81,1982664,62723.2,0.060000,,
train,81,1982764,62726.1,0.060195,,
train,81,1982864,62728.9,0.057536,,
train,81,1982964,62731.8,0.057571,,
train,81,1983064,62734.6,0.057608,,
train,81,1983164,62737.4,0.055444,,
train,81,1983264,62740.3,0.058454,,
train,81,1983364,62743.1,0.060567,,
train,81,1983464,62746.0,0.063488,,
train,81,1983564,62748.8,0.058457,,
train,81,1983664,62751.7,0.063030,,
train,81,1983764,62754.5,0.061293,,
train,81,1983864,62757.3,0.057492,,
train,81,1983964,62760.2,0.056361,,
train,81,1984064,62763.0,0.062972,,
train,81,1984164,62765.9,0.063222,,
train,81,1984264,62768.7,0.060468,,
train,81,1984364,62771.6,0.056361,,
train,81,1984464,62774.4,nan,,
train,81,1984564,62777.2,0.059330,,
train,81,1984664,62780.1,0.059400,,
train,81,1984764,62782.9,0.055519,,
train,81,1984864,62785.8,0.056076,,
train,81,1984964,62788.6,0.056277,,
train,81,1985064,62791.5,0.061844,,
train,81,1985164,62794.3,0.060348,,
train,81,1985264,62797.2,0.061025,,
train,81,1985364,62800.0,0.059041,,
train,81,1985464,62802.9,0.059344,,
train,81,1985564,62805.7,0.059390,,
train,81,1985664,62808.5,0.056841,,
train,81,1985764,62811.4,0.064222,,
train,81,1985864,62814.2,0.057352,,
train,81,1985964,62817.1,0.058694,,
train,81,1986064,62819.9,0.061599,,
train,81,1986164,62822.8,0.063821,,
train,81,1986264,62825.6,0.058330,,
train,81,1986364,62828.4,0.058839,,
train,81,1986464,62831.3,0.061616,,
train,81,1986564,62834.1,0.058246,,
train,81,1986664,62837.0,0.058092,,
train,81,1986764,62839.8,0.056712,,
train,81,1986864,62842.6,0.059804,,
train,81,1986964,62845.5,0.058458,,
train,81,1987064,62848.3,0.057867,,
train,81,1987164,62851.2,0.062042,,
train,81,1987264,62854.0,0.062279,,
train,81,1987364,62856.9,0.057687,,
train,81,1987464,62859.7,0.057721,,
train,81,1987564,62862.5,0.057180,,
train,81,1987664,62865.4,0.060971,,
train,81,1987764,62868.2,0.058552,,
train,81,1987864,62871.1,0.059109,,
train,81,1987964,62873.9,0.056849,,
train,81,1988064,62876.7,0.057658,,
train,81,1988164,62879.6,0.061686,,
train,81,1988264,62882.4,0.056182,,
train,81,1988364,62885.3,0.058432,,
train,81,1988464,62888.1,0.058180,,
train,81,1988564,62891.0,0.064630,,
train,81,1988664,62893.8,0.054871,,
train,81,1988764,62896.6,0.060047,,
train,81,1988864,62899.5,0.061570,,
train,81,1988964,62902.3,0.059124,,
train,81,1989064,62905.2,0.058588,,
train,81,1989164,62908.0,0.057098,,
train,81,1989264,62910.8,0.061022,,
train,81,1989364,62913.7,0.058685,,
train,81,1989464,62916.5,0.059262,,
train,81,1989564,62919.4,0.059702,,
train,81,1989664,62922.2,0.058644,,
train,81,1989764,62925.1,0.058162,,
train,81,1989864,62927.9,0.061603,,
train,81,1989964,62930.7,0.062300,,
train,81,1990064,62933.6,0.062830,,
train,81,1990164,62936.4,0.061623,,
train,81,1990264,62939.3,0.060983,,
train,81,1990364,62942.1,0.061084,,
train,81,1990464,62945.0,0.058911,,
train,81,1990564,62947.8,0.057913,,
train,81,1990664,62950.6,0.056405,,
train,81,1990764,62953.5,0.062092,,
train,81,1990864,62956.3,0.062032,,
train,81,1990964,62959.2,0.057027,,
train,81,1991064,62962.0,0.062377,,
train,81,1991164,62964.9,0.058834,,
train,81,1991264,62967.7,0.056520,,
train,81,1991364,62970.6,0.058716,,
train,81,1991464,62973.4,0.056814,,
train,81,1991564,62976.2,0.057567,,
train,81,1991664,62979.1,0.058372,,
train,81,1991764,62981.9,0.056836,,
train,81,1991864,62984.8,0.060873,,
train,81,1991964,62987.6,0.059324,,
train,81,1992064,62990.5,0.066418,,
train,81,1992164,62993.3,0.060378,,
train,81,1992264,62996.2,0.061624,,
train,81,1992364,62999.0,0.060321,,
train,81,1992464,63001.9,0.060741,,
train,81,1992564,63004.7,0.061907,,
train,81,1992664,63007.6,0.059084,,
train,81,1992764,63010.4,0.057510,,
train,81,1992864,63013.2,0.063957,,
train,81,1992964,63016.1,0.055534,,
train,81,1993064,63018.9,0.059641,,
train,81,1993164,63021.8,0.065525,,
train,81,1993264,63024.6,0.057085,,
train,81,1993364,63027.4,0.060950,,
train,81,1993464,63030.3,0.054957,,
train,81,1993564,63033.1,0.061269,,
train,81,1993664,63036.0,0.057951,,
train,81,1993764,63038.8,0.061716,,
train,81,1993864,63041.7,0.059604,,
train,81,1993964,63044.5,0.057745,,
train,81,1994064,63047.3,0.060862,,
train,81,1994164,63050.2,0.060428,,
train,81,1994264,63053.0,0.058676,,
train,81,1994364,63055.9,0.055085,,
train,81,1994464,63058.7,0.056700,,
train,81,1994564,63061.5,0.057714,,
train,81,1994664,63064.4,0.058729,,
train,81,1994764,63067.2,0.057738,,
train,81,1994864,63070.1,0.057615,,
train,81,1994964,63072.9,0.057430,,
train,81,1995064,63075.7,0.061343,,
train,81,1995164,63078.6,0.060301,,
train,81,1995264,63081.4,0.058987,,
train,81,1995364,63084.3,0.058787,,
train,81,1995464,63087.1,0.064200,,
train,81,1995564,63090.0,0.062130,,
train,81,1995664,63092.8,0.059318,,
train,81,1995764,63095.6,0.058768,,
train,81,1995864,63098.5,0.055738,,
train,81,1995964,63101.3,0.055004,,
train,81,1996064,63104.2,0.055341,,
train,81,1996164,63107.0,0.059254,,
train,81,1996264,63109.8,0.059946,,
train,81,1996364,63112.7,0.060361,,
train,81,1996464,63115.5,0.059211,,
train,81,1996564,63118.4,0.060825,,
train,81,1996664,63121.2,0.058332,,
train,81,1996764,63124.1,0.060766,,
train,81,1996864,63126.9,0.056773,,
train,81,1996964,63129.8,0.064784,,
train,81,1997064,63132.6,0.063396,,
train,81,1997164,63135.4,0.064507,,
train,81,1997264,63138.3,0.062169,,
train,81,1997364,63141.1,0.060692,,
train,81,1997464,63144.0,0.064111,,
train,81,1997564,63146.8,0.062532,,
train,81,1997664,63149.7,0.062915,,
train,81,1997764,63152.5,0.060009,,
train,81,1997864,63155.4,0.058939,,
train,81,1997964,63158.2,0.057959,,
train,81,1998064,63161.0,0.059472,,
train,81,1998164,63163.9,0.055692,,
train,81,1998264,63166.7,0.058971,,
train,81,1998364,63169.6,0.056128,,
train,81,1998464,63172.4,0.059942,,
train,81,1998564,63175.3,0.055307,,
train,81,1998664,63178.1,0.058210,,
train,81,1998764,63180.9,0.060073,,
train,81,1998864,63183.8,0.061006,,
train,81,1998964,63186.6,0.055906,,
train,81,1999064,63189.5,0.059901,,
train,81,1999164,63192.3,0.058875,,
train,81,1999264,63195.2,0.055704,,
train,81,1999364,63198.0,0.063873,,
train,81,1999464,63200.8,0.058806,,
train,81,1999564,63203.7,0.056762,,
train,81,1999664,63206.5,0.058767,,
train,81,1999764,63209.4,0.055021,,
train,81,1999864,63212.2,0.057190,,
train,81,1999964,63215.1,0.058319,,
train,81,2000064,63217.9,0.057844,,
train,81,2000164,63220.7,0.061218,,
train,81,2000264,63223.6,0.057627,,
train,81,2000364,63226.4,0.054981,,
train,81,2000464,63229.3,0.058127,,
train,81,2000564,63232.1,0.061868,,
train,81,2000664,63235.0,0.060138,,
train,81,2000764,63237.8,0.056687,,
train,81,2000864,63240.6,0.057356,,
train,81,2000964,63243.5,0.059850,,
train,81,2001064,63246.3,0.058939,,
train,81,2001164,63249.2,0.057807,,
train,81,2001264,63252.0,0.055873,,
train,81,2001364,63254.9,0.064623,,
train,81,2001464,63257.7,0.062612,,
train,81,2001564,63260.5,0.060384,,
train,81,2001664,63263.4,0.063660,,
train,81,2001764,63266.2,0.055565,,
train,81,2001864,63269.1,0.056877,,
train,81,2001964,63271.9,0.053409,,
train,81,2002064,63274.7,0.056387,,
train,81,2002164,63277.6,0.057190,,
train,81,2002264,63280.4,0.057764,,
train,81,2002364,63283.3,0.058347,,
train,81,2002464,63286.1,0.060624,,
train,81,2002564,63288.9,0.058824,,
train,81,2002664,63291.8,0.062843,,
train,81,2002764,63294.6,0.058011,,
train,81,2002864,63297.5,0.060646,,
train,81,2002964,63300.3,0.062094,,
train,81,2003064,63303.2,0.065727,,
train,81,2003164,63306.0,0.058986,,
train,81,2003264,63308.8,0.056092,,
train,81,2003364,63311.7,0.060564,,
train,81,2003464,63314.5,0.061974,,
train,81,2003564,63317.4,0.058915,,
train,81,2003664,63320.2,0.061476,,
train,81,2003764,63323.1,0.058142,,
train,81,2003864,63325.9,0.061351,,
train,81,2003964,63328.7,0.058642,,
train,81,2004064,63331.6,0.060126,,
train,81,2004164,63334.4,0.059548,,
train,81,2004264,63337.3,0.061411,,
train,81,2004364,63340.1,0.063936,,
val,81,,63419.1,0.055470,0.003915,0.000033
train,82,2004508,63422.7,0.062542,,
train,82,2004608,63425.6,0.058145,,
train,82,2004708,63428.4,0.058906,,
train,82,2004808,63431.3,0.059368,,
train,82,2004908,63434.1,0.062164,,
train,82,2005008,63437.0,0.057299,,
train,82,2005108,63439.8,0.060962,,
train,82,2005208,63442.6,0.064681,,
train,82,2005308,63445.5,0.059398,,
train,82,2005408,63448.3,0.059417,,
train,82,2005508,63451.2,0.056991,,
train,82,2005608,63454.0,0.062120,,
train,82,2005708,63456.8,0.053719,,
train,82,2005808,63459.7,0.061567,,
train,82,2005908,63462.5,0.060418,,
train,82,2006008,63465.4,0.059926,,
train,82,2006108,63468.2,0.057744,,
train,82,2006208,63471.1,0.065039,,
train,82,2006308,63473.9,0.056362,,
train,82,2006408,63476.7,0.061209,,
train,82,2006508,63479.6,0.057165,,
train,82,2006608,63482.4,0.054819,,
train,82,2006708,63485.3,0.064231,,
train,82,2006808,63488.1,0.057411,,
train,82,2006908,63491.0,0.058570,,
train,82,2007008,63493.8,0.063344,,
train,82,2007108,63496.7,0.060085,,
train,82,2007208,63499.5,0.060303,,
train,82,2007308,63502.4,0.061294,,
train,82,2007408,63505.2,0.058443,,
train,82,2007508,63508.0,0.058633,,
train,82,2007608,63510.9,0.056716,,
train,82,2007708,63513.7,0.061895,,
train,82,2007808,63516.6,0.062875,,
train,82,2007908,63519.4,0.057089,,
train,82,2008008,63522.3,0.058134,,
train,82,2008108,63525.1,0.061213,,
train,82,2008208,63527.9,0.058847,,
train,82,2008308,63530.8,0.058657,,
train,82,2008408,63533.6,0.058586,,
train,82,2008508,63536.5,0.058696,,
train,82,2008608,63539.3,0.063345,,
train,82,2008708,63542.2,0.058541,,
train,82,2008808,63545.0,0.060559,,
train,82,2008908,63547.9,0.059491,,
train,82,2009008,63550.7,0.058426,,
train,82,2009108,63553.6,0.060352,,
train,82,2009208,63556.4,0.054692,,
train,82,2009308,63559.2,0.058349,,
train,82,2009408,63562.1,0.057112,,
train,82,2009508,63564.9,0.060804,,
train,82,2009608,63567.8,0.052588,,
train,82,2009708,63570.6,0.059683,,
train,82,2009808,63573.5,0.061051,,
train,82,2009908,63576.3,0.054137,,
train,82,2010008,63579.1,0.060732,,
train,82,2010108,63582.0,0.057987,,
train,82,2010208,63584.8,0.062358,,
train,82,2010308,63587.7,0.061088,,
train,82,2010408,63590.5,0.058403,,
train,82,2010508,63593.3,0.056844,,
train,82,2010608,63596.2,0.058819,,
train,82,2010708,63599.0,0.054581,,
train,82,2010808,63601.9,0.060836,,
train,82,2010908,63604.7,0.062130,,
train,82,2011008,63607.6,0.056881,,
train,82,2011108,63610.4,0.059562,,
train,82,2011208,63613.3,0.057703,,
train,82,2011308,63616.1,0.055527,,
train,82,2011408,63618.9,0.056929,,
train,82,2011508,63621.8,0.060776,,
train,82,2011608,63624.6,0.061311,,
train,82,2011708,63627.5,0.057260,,
train,82,2011808,63630.3,0.059755,,
train,82,2011908,63633.1,0.063839,,
train,82,2012008,63636.0,0.060394,,
train,82,2012108,63638.8,0.058668,,
train,82,2012208,63641.7,0.057925,,
train,82,2012308,63644.5,0.059409,,
train,82,2012408,63647.4,0.061049,,
train,82,2012508,63650.2,0.058423,,
train,82,2012608,63653.0,0.063754,,
train,82,2012708,63655.9,0.058525,,
train,82,2012808,63658.7,0.059788,,
train,82,2012908,63661.6,0.054302,,
train,82,2013008,63664.4,0.061136,,
train,82,2013108,63667.3,0.060799,,
train,82,2013208,63670.1,0.059310,,
train,82,2013308,63672.9,nan,,
train,82,2013408,63675.8,0.054749,,
train,82,2013508,63678.6,0.061678,,
train,82,2013608,63681.5,0.065103,,
train,82,2013708,63684.3,0.056675,,
train,82,2013808,63687.2,0.059936,,
train,82,2013908,63690.0,0.053749,,
train,82,2014008,63692.9,0.055933,,
train,82,2014108,63695.7,0.059053,,
train,82,2014208,63698.5,0.058246,,
train,82,2014308,63701.4,0.054503,,
train,82,2014408,63704.2,0.060806,,
train,82,2014508,63707.1,0.060344,,
train,82,2014608,63709.9,0.059448,,
train,82,2014708,63712.8,0.056095,,
train,82,2014808,63715.6,0.060691,,
train,82,2014908,63718.4,0.060234,,
train,82,2015008,63721.3,0.058574,,
train,82,2015108,63724.1,0.059486,,
train,82,2015208,63727.0,0.059875,,
train,82,2015308,63729.8,0.059636,,
train,82,2015408,63732.7,0.056290,,
train,82,2015508,63735.5,0.055438,,
train,82,2015608,63738.4,0.058918,,
train,82,2015708,63741.2,0.062088,,
train,82,2015808,63744.0,0.063892,,
train,82,2015908,63746.9,0.058887,,
train,82,2016008,63749.7,0.061755,,
train,82,2016108,63752.6,0.058788,,
train,82,2016208,63755.4,0.060680,,
train,82,2016308,63758.3,0.062336,,
train,82,2016408,63761.1,0.058026,,
train,82,2016508,63764.0,0.062296,,
train,82,2016608,63766.8,0.060534,,
train,82,2016708,63769.6,0.055784,,
train,82,2016808,63772.5,0.060044,,
train,82,2016908,63775.3,0.060247,,
train,82,2017008,63778.2,0.057369,,
train,82,2017108,63781.0,0.058584,,
train,82,2017208,63783.8,0.059140,,
train,82,2017308,63786.7,0.058113,,
train,82,2017408,63789.5,0.061753,,
train,82,2017508,63792.4,0.057855,,
train,82,2017608,63795.2,0.060562,,
train,82,2017708,63798.1,0.059426,,
train,82,2017808,63800.9,0.062948,,
train,82,2017908,63803.7,0.063676,,
train,82,2018008,63806.6,0.056485,,
train,82,2018108,63809.4,0.060686,,
train,82,2018208,63812.3,0.055279,,
train,82,2018308,63815.1,0.060841,,
train,82,2018408,63818.0,0.058553,,
train,82,2018508,63820.8,0.060230,,
train,82,2018608,63823.6,0.055194,,
train,82,2018708,63826.5,0.056391,,
train,82,2018808,63829.3,0.061704,,
train,82,2018908,63832.2,0.060137,,
train,82,2019008,63835.0,0.060440,,
train,82,2019108,63837.9,0.057851,,
train,82,2019208,63840.7,0.058703,,
train,82,2019308,63843.5,0.056920,,
train,82,2019408,63846.4,0.054740,,
train,82,2019508,63849.2,0.061317,,
train,82,2019608,63852.1,0.057972,,
train,82,2019708,63854.9,0.058483,,
train,82,2019808,63857.8,0.060678,,
train,82,2019908,63860.6,0.064762,,
train,82,2020008,63863.5,0.056801,,
train,82,2020108,63866.3,0.056085,,
train,82,2020208,63869.1,0.059904,,
train,82,2020308,63872.0,0.057941,,
train,82,2020408,63874.8,0.056775,,
train,82,2020508,63877.7,0.058167,,
train,82,2020608,63880.5,0.056417,,
train,82,2020708,63883.4,0.059115,,
train,82,2020808,63886.2,0.055455,,
train,82,2020908,63889.1,0.059446,,
train,82,2021008,63891.9,0.061134,,
train,82,2021108,63894.7,0.055438,,
train,82,2021208,63897.6,0.061462,,
train,82,2021308,63900.4,0.061811,,
train,82,2021408,63903.3,0.057692,,
train,82,2021508,63906.1,0.060340,,
train,82,2021608,63909.0,0.057741,,
train,82,2021708,63911.8,0.056839,,
train,82,2021808,63914.6,0.062506,,
train,82,2021908,63917.5,0.061915,,
train,82,2022008,63920.3,0.058058,,
train,82,2022108,63923.2,0.057680,,
train,82,2022208,63926.0,0.056454,,
train,82,2022308,63928.9,0.057286,,
train,82,2022408,63931.7,0.052757,,
train,82,2022508,63934.6,0.060771,,
train,82,2022608,63937.4,0.059720,,
train,82,2022708,63940.2,0.057267,,
train,82,2022808,63943.1,0.062917,,
train,82,2022908,63945.9,0.060475,,
train,82,2023008,63948.8,0.058518,,
train,82,2023108,63951.6,0.060526,,
train,82,2023208,63954.5,0.060380,,
train,82,2023308,63957.3,0.060976,,
train,82,2023408,63960.2,0.060567,,
train,82,2023508,63963.0,0.058197,,
train,82,2023608,63965.8,0.060615,,
train,82,2023708,63968.7,0.055035,,
train,82,2023808,63971.5,0.062572,,
train,82,2023908,63974.4,0.060375,,
train,82,2024008,63977.2,0.060941,,
train,82,2024108,63980.1,0.060077,,
train,82,2024208,63982.9,0.060953,,
train,82,2024308,63985.8,0.060595,,
train,82,2024408,63988.6,0.061510,,
train,82,2024508,63991.4,0.057446,,
train,82,2024608,63994.3,0.058373,,
train,82,2024708,63997.1,0.058203,,
train,82,2024808,64000.0,0.058077,,
train,82,2024908,64002.8,0.057804,,
train,82,2025008,64005.7,0.058621,,
train,82,2025108,64008.5,0.054259,,
train,82,2025208,64011.3,0.057974,,
train,82,2025308,64014.2,0.062766,,
train,82,2025408,64017.0,0.060756,,
train,82,2025508,64019.8,0.064467,,
train,82,2025608,64022.7,0.063722,,
train,82,2025708,64025.5,0.061962,,
train,82,2025808,64028.4,0.056305,,
train,82,2025908,64031.2,0.060146,,
train,82,2026008,64034.1,0.060971,,
train,82,2026108,64036.9,0.064214,,
train,82,2026208,64039.8,0.055334,,
train,82,2026308,64042.6,0.059294,,
train,82,2026408,64045.5,0.061839,,
train,82,2026508,64048.3,0.057250,,
train,82,2026608,64051.1,0.061891,,
train,82,2026708,64054.0,0.056655,,
train,82,2026808,64056.8,0.059604,,
train,82,2026908,64059.7,0.059238,,
train,82,2027008,64062.5,0.058391,,
train,82,2027108,64065.4,0.060552,,
train,82,2027208,64068.2,0.058456,,
train,82,2027308,64071.1,0.059327,,
train,82,2027408,64073.9,0.061751,,
train,82,2027508,64076.7,0.059057,,
train,82,2027608,64079.6,0.057865,,
train,82,2027708,64082.4,0.060328,,
train,82,2027808,64085.3,0.058082,,
train,82,2027908,64088.1,0.056095,,
train,82,2028008,64091.0,0.066856,,
train,82,2028108,64093.8,0.059647,,
train,82,2028208,64096.6,0.061916,,
train,82,2028308,64099.5,0.059971,,
train,82,2028408,64102.3,0.059888,,
train,82,2028508,64105.2,0.061565,,
train,82,2028608,64108.0,0.059925,,
train,82,2028708,64110.9,0.060772,,
train,82,2028808,64113.7,0.060501,,
val,82,,64192.7,0.055968,0.003915,0.000033
train,83,2028952,64196.4,0.058291,,
train,83,2029052,64199.2,0.059851,,
train,83,2029152,64202.1,0.057635,,
train,83,2029252,64204.9,0.054316,,
train,83,2029352,64207.7,0.059504,,
train,83,2029452,64210.6,0.059994,,
train,83,2029552,64213.4,0.055422,,
train,83,2029652,64216.3,0.060009,,
train,83,2029752,64219.1,0.060176,,
train,83,2029852,64221.9,0.058726,,
train,83,2029952,64224.8,0.063082,,
train,83,2030052,64227.6,0.061531,,
train,83,2030152,64230.5,0.057108,,
train,83,2030252,64233.3,0.057714,,
train,83,2030352,64236.2,0.058063,,
train,83,2030452,64239.0,0.059273,,
train,83,2030552,64241.8,0.063569,,
train,83,2030652,64244.7,0.055942,,
train,83,2030752,64247.5,0.061866,,
train,83,2030852,64250.4,0.057260,,
train,83,2030952,64253.2,0.058915,,
train,83,2031052,64256.1,0.061868,,
train,83,2031152,64258.9,0.063531,,
train,83,2031252,64261.7,0.057993,,
train,83,2031352,64264.6,0.059831,,
train,83,2031452,64267.4,0.056299,,
train,83,2031552,64270.3,0.060507,,
train,83,2031652,64273.1,0.057739,,
train,83,2031752,64275.9,0.056029,,
train,83,2031852,64278.8,0.054665,,
train,83,2031952,64281.6,0.060440,,
train,83,2032052,64284.5,0.060929,,
train,83,2032152,64287.3,0.059680,,
train,83,2032252,64290.2,0.056431,,
train,83,2032352,64293.0,0.057544,,
train,83,2032452,64295.9,0.066380,,
train,83,2032552,64298.7,0.058330,,
train,83,2032652,64301.5,0.063120,,
train,83,2032752,64304.4,0.060736,,
train,83,2032852,64307.2,0.061829,,
train,83,2032952,64310.1,0.060880,,
train,83,2033052,64312.9,0.059502,,
train,83,2033152,64315.8,0.056363,,
train,83,2033252,64318.6,0.058578,,
train,83,2033352,64321.4,0.056148,,
train,83,2033452,64324.3,0.057683,,
train,83,2033552,64327.1,0.057879,,
train,83,2033652,64330.0,0.056210,,
train,83,2033752,64332.8,0.060993,,
train,83,2033852,64335.7,0.056568,,
train,83,2033952,64338.5,0.056822,,
train,83,2034052,64341.3,0.058067,,
train,83,2034152,64344.2,0.056348,,
train,83,2034252,64347.0,0.063853,,
train,83,2034352,64349.9,0.056512,,
train,83,2034452,64352.7,0.057685,,
train,83,2034552,64355.6,0.057389,,
train,83,2034652,64358.4,0.064924,,
train,83,2034752,64361.2,0.056246,,
train,83,2034852,64364.1,0.059606,,
train,83,2034952,64366.9,0.059357,,
train,83,2035052,64369.8,0.063705,,
train,83,2035152,64372.6,0.059051,,
train,83,2035252,64375.4,0.058425,,
train,83,2035352,64378.3,0.057963,,
train,83,2035452,64381.1,0.057420,,
train,83,2035552,64384.0,0.058100,,
train,83,2035652,64386.8,0.058950,,
train,83,2035752,64389.7,0.057639,,
train,83,2035852,64392.5,0.055775,,
train,83,2035952,64395.3,0.055162,,
train,83,2036052,64398.2,0.059684,,
train,83,2036152,64401.0,0.059488,,
train,83,2036252,64403.9,0.059830,,
train,83,2036352,64406.7,0.057287,,
train,83,2036452,64409.5,0.058956,,
train,83,2036552,64412.4,0.063215,,
train,83,2036652,64415.2,0.056927,,
train,83,2036752,64418.1,0.055428,,
train,83,2036852,64420.9,0.059908,,
train,83,2036952,64423.8,0.059315,,
train,83,2037052,64426.6,0.058052,,
train,83,2037152,64429.4,0.057837,,
train,83,2037252,64432.3,0.055790,,
train,83,2037352,64435.1,0.064986,,
train,83,2037452,64438.0,0.060119,,
train,83,2037552,64440.8,0.058610,,
train,83,2037652,64443.7,0.061262,,
train,83,2037752,64446.5,0.060897,,
train,83,2037852,64449.3,0.062400,,
train,83,2037952,64452.2,0.057776,,
train,83,2038052,64455.0,0.058401,,
train,83,2038152,64457.9,0.059232,,
train,83,2038252,64460.7,0.058643,,
train,83,2038352,64463.6,0.061254,,
train,83,2038452,64466.4,0.061968,,
train,83,2038552,64469.2,0.064025,,
train,83,2038652,64472.1,0.059543,,
train,83,2038752,64474.9,0.058709,,
train,83,2038852,64477.8,0.055571,,
train,83,2038952,64480.6,0.061211,,
train,83,2039052,64483.5,0.063012,,
train,83,2039152,64486.3,0.061712,,
train,83,2039252,64489.1,0.061441,,
train,83,2039352,64492.0,0.059205,,
train,83,2039452,64494.8,0.059166,,
train,83,2039552,64497.7,0.061132,,
train,83,2039652,64500.5,0.062961,,
train,83,2039752,64503.3,0.059700,,
train,83,2039852,64506.2,0.058112,,
train,83,2039952,64509.0,0.060246,,
train,83,2040052,64511.9,0.058638,,
train,83,2040152,64514.7,0.058263,,
train,83,2040252,64517.5,0.063848,,
train,83,2040352,64520.4,0.055150,,
train,83,2040452,64523.2,0.060583,,
train,83,2040552,64526.1,0.064386,,
train,83,2040652,64528.9,0.059789,,
train,83,2040752,64531.8,0.060460,,
train,83,2040852,64534.6,0.060147,,
train,83,2040952,64537.4,0.060851,,
train,83,2041052,64540.3,0.059372,,
train,83,2041152,64543.1,0.056697,,
train,83,2041252,64546.0,0.063088,,
train,83,2041352,64548.8,0.065934,,
train,83,2041452,64551.6,0.054769,,
train,83,2041552,64554.5,0.055953,,
train,83,2041652,64557.3,0.060228,,
train,83,2041752,64560.2,0.059658,,
train,83,2041852,64563.0,0.056205,,
train,83,2041952,64565.8,0.059394,,
train,83,2042052,64568.7,0.059223,,
train,83,2042152,64571.5,0.056960,,
train,83,2042252,64574.4,0.059095,,
train,83,2042352,64577.2,0.059667,,
train,83,2042452,64580.0,0.060356,,
train,83,2042552,64582.9,0.059157,,
train,83,2042652,64585.7,0.058183,,
train,83,2042752,64588.6,0.055952,,
train,83,2042852,64591.4,0.058472,,
train,83,2042952,64594.3,0.060756,,
train,83,2043052,64597.1,0.061484,,
train,83,2043152,64599.9,0.058754,,
train,83,2043252,64602.8,0.060854,,
train,83,2043352,64605.6,0.061283,,
train,83,2043452,64608.5,0.063077,,
train,83,2043552,64611.3,0.058781,,
train,83,2043652,64614.2,0.060387,,
train,83,2043752,64617.0,0.058118,,
train,83,2043852,64619.9,0.058494,,
train,83,2043952,64622.7,0.061810,,
train,83,2044052,64625.5,0.055427,,
train,83,2044152,64628.4,0.057967,,
train,83,2044252,64631.2,0.053992,,
train,83,2044352,64634.1,0.057606,,
train,83,2044452,64636.9,0.061688,,
train,83,2044552,64639.8,0.058684,,
train,83,2044652,64642.6,0.060459,,
train,83,2044752,64645.5,0.059854,,
train,83,2044852,64648.3,0.061827,,
train,83,2044952,64651.1,0.060633,,
train,83,2045052,64654.0,0.059661,,
train,83,2045152,64656.8,0.057323,,
train,83,2045252,64659.7,0.059928,,
train,83,2045352,64662.5,0.061353,,
train,83,2045452,64665.4,0.056392,,
train,83,2045552,64668.2,0.055137,,
train,83,2045652,64671.0,nan,,
train,83,2045752,64673.9,0.057309,,
train,83,2045852,64676.7,0.062531,,
train,83,2045952,64679.6,0.057007,,
train,83,2046052,64682.4,0.055931,,
train,83,2046152,64685.3,0.059578,,
train,83,2046252,64688.1,0.058842,,
train,83,2046352,64690.9,0.062556,,
train,83,2046452,64693.8,0.064324,,
train,83,2046552,64696.6,0.056470,,
train,83,2046652,64699.5,0.058818,,
train,83,2046752,64702.3,0.060007,,
train,83,2046852,64705.1,0.055589,,
train,83,2046952,64708.0,0.057512,,
train,83,2047052,64710.8,0.058864,,
train,83,2047152,64713.7,0.062565,,
train,83,2047252,64716.5,0.058148,,
train,83,2047352,64719.3,0.060044,,
train,83,2047452,64722.2,0.060042,,
train,83,2047552,64725.0,0.058758,,
train,83,2047652,64727.9,0.057050,,
train,83,2047752,64730.7,0.056077,,
train,83,2047852,64733.5,0.058900,,
train,83,2047952,64736.4,0.057998,,
train,83,2048052,64739.2,0.058494,,
train,83,2048152,64742.1,0.058121,,
train,83,2048252,64744.9,0.057172,,
train,83,2048352,64747.7,0.059930,,
train,83,2048452,64750.6,0.058403,,
train,83,2048552,64753.4,0.059356,,
train,83,2048652,64756.3,0.062310,,
train,83,2048752,64759.1,0.057202,,
train,83,2048852,64762.0,0.059337,,
train,83,2048952,64764.8,0.063032,,
train,83,2049052,64767.6,0.061375,,
train,83,2049152,64770.5,0.057415,,
train,83,2049252,64773.3,0.058755,,
train,83,2049352,64776.2,0.055874,,
train,83,2049452,64779.0,0.058219,,
train,83,2049552,64781.8,0.059067,,
train,83,2049652,64784.7,0.061189,,
train,83,2049752,64787.5,0.060172,,
train,83,2049852,64790.4,0.060764,,
train,83,2049952,64793.2,0.059323,,
train,83,2050052,64796.1,0.057310,,
train,83,2050152,64798.9,0.061478,,
train,83,2050252,64801.7,0.058048,,
train,83,2050352,64804.6,0.059683,,
train,83,2050452,64807.4,0.063076,,
train,83,2050552,64810.3,0.059290,,
train,83,2050652,64813.1,0.058715,,
train,83,2050752,64815.9,0.057843,,
train,83,2050852,64819.4,0.057271,,
train,83,2050952,64822.2,0.059375,,
train,83,2051052,64825.1,0.060638,,
train,83,2051152,64827.9,0.052896,,
train,83,2051252,64830.8,0.060025,,
train,83,2051352,64833.6,0.060930,,
train,83,2051452,64836.5,0.061215,,
train,83,2051552,64839.3,0.059602,,
train,83,2051652,64842.1,0.059771,,
train,83,2051752,64845.0,0.061353,,
train,83,2051852,64847.8,0.056598,,
train,83,2051952,64850.7,0.061141,,
train,83,2052052,64853.5,0.058115,,
train,83,2052152,64856.4,0.061884,,
train,83,2052252,64859.2,0.063835,,
train,83,2052352,64862.1,0.054850,,
train,83,2052452,64864.9,0.057309,,
train,83,2052552,64867.7,0.055746,,
train,83,2052652,64870.6,0.058447,,
train,83,2052752,64873.4,0.058236,,
train,83,2052852,64876.3,0.061751,,
train,83,2052952,64879.1,0.058021,,
train,83,2053052,64882.0,0.058420,,
train,83,2053152,64884.8,0.063591,,
train,83,2053252,64887.6,0.060049,,
val,83,,64966.8,0.055686,0.003913,0.000033
train,84,2053396,64970.4,0.057464,,
train,84,2053496,64973.2,0.055884,,
train,84,2053596,64976.0,0.056090,,
train,84,2053696,64978.9,0.059747,,
train,84,2053796,64981.7,0.059827,,
train,84,2053896,64984.6,0.060634,,
train,84,2053996,64987.4,0.059432,,
train,84,2054096,64990.3,0.058408,,
train,84,2054196,64993.1,0.060227,,
train,84,2054296,64995.9,0.061021,,
train,84,2054396,64998.8,0.056495,,
train,84,2054496,65001.6,0.057569,,
train,84,2054596,65004.5,0.058334,,
train,84,2054696,65007.3,0.058167,,
train,84,2054796,65010.2,0.060624,,
train,84,2054896,65013.0,0.056824,,
train,84,2054996,65015.8,0.060487,,
train,84,2055096,65018.7,0.067473,,
train,84,2055196,65021.5,0.060591,,
train,84,2055296,65024.4,0.058679,,
train,84,2055396,65027.2,0.063059,,
train,84,2055496,65030.1,0.058123,,
train,84,2055596,65032.9,0.062214,,
train,84,2055696,65035.7,0.055557,,
train,84,2055796,65038.6,0.057928,,
train,84,2055896,65041.4,0.058960,,
train,84,2055996,65044.3,0.059667,,
train,84,2056096,65047.1,0.055281,,
train,84,2056196,65050.0,0.055812,,
train,84,2056296,65052.8,0.053225,,
train,84,2056396,65055.6,0.061227,,
train,84,2056496,65058.5,0.060690,,
train,84,2056596,65061.3,0.058636,,
train,84,2056696,65064.2,0.053225,,
train,84,2056796,65067.0,0.059803,,
train,84,2056896,65069.8,0.059493,,
train,84,2056996,65072.7,0.057799,,
train,84,2057096,65075.5,0.057663,,
train,84,2057196,65078.4,0.061552,,
train,84,2057296,65081.2,0.063569,,
train,84,2057396,65084.0,0.054626,,
train,84,2057496,65086.9,0.058908,,
train,84,2057596,65089.7,0.062296,,
train,84,2057696,65092.6,0.057233,,
train,84,2057796,65095.4,0.059390,,
train,84,2057896,65098.2,0.057144,,
train,84,2057996,65101.1,0.063863,,
train,84,2058096,65103.9,0.060592,,
train,84,2058196,65106.8,0.058269,,
train,84,2058296,65109.6,0.057226,,
train,84,2058396,65112.4,0.061102,,
train,84,2058496,65115.3,0.059254,,
train,84,2058596,65118.1,0.059298,,
train,84,2058696,65121.0,0.061681,,
train,84,2058796,65123.8,0.060876,,
train,84,2058896,65126.6,0.057976,,
train,84,2058996,65129.5,0.055872,,
train,84,2059096,65132.3,0.057567,,
train,84,2059196,65135.2,0.058382,,
train,84,2059296,65138.0,0.067829,,
train,84,2059396,65140.9,0.058538,,
train,84,2059496,65143.7,0.060297,,
train,84,2059596,65146.5,0.059417,,
train,84,2059696,65149.4,0.059140,,
train,84,2059796,65152.2,0.064141,,
train,84,2059896,65155.1,0.056677,,
train,84,2059996,65157.9,0.058494,,
train,84,2060096,65160.7,0.057374,,
train,84,2060196,65163.6,0.055405,,
train,84,2060296,65166.4,0.059545,,
train,84,2060396,65169.3,0.061401,,
train,84,2060496,65172.1,0.058106,,
train,84,2060596,65175.0,0.054486,,
train,84,2060696,65177.8,0.055806,,
train,84,2060796,65180.6,0.060760,,
train,84,2060896,65183.5,0.058610,,
train,84,2060996,65186.3,0.060085,,
train,84,2061096,65189.2,0.055243,,
train,84,2061196,65192.0,0.061282,,
train,84,2061296,65194.8,0.059695,,
train,84,2061396,65197.7,0.059216,,
train,84,2061496,65200.5,0.060893,,
train,84,2061596,65203.4,0.060117,,
train,84,2061696,65206.2,0.056758,,
train,84,2061796,65209.1,0.059679,,
train,84,2061896,65211.9,0.059869,,
train,84,2061996,65214.7,0.057188,,
train,84,2062096,65217.6,0.062234,,
train,84,2062196,65220.4,0.061542,,
train,84,2062296,65223.2,0.059825,,
train,84,2062396,65226.1,0.063892,,
train,84,2062496,65228.9,0.060164,,
train,84,2062596,65231.8,0.059252,,
train,84,2062696,65234.6,0.059016,,
train,84,2062796,65237.4,0.059968,,
train,84,2062896,65240.3,0.060100,,
train,84,2062996,65243.1,0.059559,,
train,84,2063096,65246.0,0.059707,,
train,84,2063196,65248.8,0.062540,,
train,84,2063296,65251.6,0.056021,,
train,84,2063396,65254.5,0.060700,,
train,84,2063496,65257.3,0.060095,,
train,84,2063596,65260.2,0.060870,,
train,84,2063696,65263.0,0.061095,,
train,84,2063796,65265.8,0.053117,,
train,84,2063896,65268.7,0.057856,,
train,84,2063996,65271.5,0.053326,,
train,84,2064096,65274.4,0.057864,,
train,84,2064196,65277.2,0.059409,,
train,84,2064296,65280.0,0.059504,,
train,84,2064396,65282.9,0.054611,,
train,84,2064496,65285.7,0.058374,,
train,84,2064596,65288.6,0.060925,,
train,84,2064696,65291.4,0.055475,,
train,84,2064796,65294.2,0.059050,,
train,84,2064896,65297.1,0.055546,,
train,84,2064996,65299.9,0.061517,,
train,84,2065096,65302.8,0.057966,,
train,84,2065196,65305.6,0.061768,,
train,84,2065296,65308.5,0.059745,,
train,84,2065396,65311.3,0.058070,,
train,84,2065496,65314.1,0.054754,,
train,84,2065596,65317.0,0.058334,,
train,84,2065696,65319.8,0.060208,,
train,84,2065796,65322.7,0.054983,,
train,84,2065896,65325.5,0.056845,,
train,84,2065996,65328.4,0.058621,,
train,84,2066096,65331.2,0.058243,,
train,84,2066196,65334.0,0.059456,,
train,84,2066296,65336.9,0.059880,,
train,84,2066396,65339.7,0.057609,,
train,84,2066496,65342.6,0.059808,,
train,84,2066596,65345.4,0.060047,,
train,84,2066696,65348.3,0.056683,,
train,84,2066796,65351.1,0.060226,,
train,84,2066896,65353.9,0.058720,,
train,84,2066996,65356.8,0.058707,,
train,84,2067096,65359.6,0.060935,,
train,84,2067196,65362.5,0.056406,,
train,84,2067296,65365.3,0.055105,,
train,84,2067396,65368.2,0.056880,,
train,84,2067496,65371.0,0.061539,,
train,84,2067596,65373.8,0.059152,,
train,84,2067696,65376.7,0.057049,,
train,84,2067796,65379.5,0.064574,,
train,84,2067896,65382.4,0.060752,,
train,84,2067996,65385.2,0.057216,,
train,84,2068096,65388.0,0.056043,,
train,84,2068196,65390.9,0.062723,,
train,84,2068296,65393.7,0.061371,,
train,84,2068396,65396.6,0.059328,,
train,84,2068496,65399.4,0.065702,,
train,84,2068596,65402.3,0.060604,,
train,84,2068696,65405.1,0.057788,,
train,84,2068796,65407.9,0.056298,,
train,84,2068896,65410.8,0.058735,,
train,84,2068996,65413.6,nan,,
train,84,2069096,65416.4,0.065320,,
train,84,2069196,65419.3,0.052639,,
train,84,2069296,65422.1,0.056719,,
train,84,2069396,65425.0,0.061612,,
train,84,2069496,65427.8,0.060536,,
train,84,2069596,65430.6,0.058757,,
train,84,2069696,65433.5,0.061157,,
train,84,2069796,65436.3,0.055420,,
train,84,2069896,65439.2,0.060500,,
train,84,2069996,65442.0,0.060845,,
train,84,2070096,65444.8,0.061250,,
train,84,2070196,65447.7,0.060953,,
train,84,2070296,65450.5,0.061990,,
train,84,2070396,65453.4,0.056375,,
train,84,2070496,65456.2,0.058686,,
train,84,2070596,65459.0,0.058244,,
train,84,2070696,65461.9,0.059740,,
train,84,2070796,65464.7,0.057857,,
train,84,2070896,65467.6,0.057053,,
train,84,2070996,65470.4,0.057980,,
train,84,2071096,65473.2,0.062500,,
train,84,2071196,65476.1,0.063695,,
train,84,2071296,65478.9,0.053709,,
train,84,2071396,65481.7,0.057638,,
train,84,2071496,65484.6,0.056618,,
train,84,2071596,65487.4,0.059306,,
train,84,2071696,65490.3,0.054944,,
train,84,2071796,65493.1,0.057860,,
train,84,2071896,65496.0,0.063129,,
train,84,2071996,65498.8,0.061314,,
train,84,2072096,65501.6,0.056118,,
train,84,2072196,65504.5,0.058787,,
train,84,2072296,65507.3,0.054630,,
train,84,2072396,65510.2,0.060139,,
train,84,2072496,65513.0,0.058930,,
train,84,2072596,65515.8,0.054296,,
train,84,2072696,65518.7,0.058762,,
train,84,2072796,65521.5,0.060045,,
train,84,2072896,65524.4,0.057356,,
train,84,2072996,65527.2,0.060325,,
train,84,2073096,65530.1,0.060328,,
train,84,2073196,65532.9,0.058806,,
train,84,2073296,65535.8,0.057107,,
train,84,2073396,65538.6,0.058683,,
train,84,2073496,65541.4,0.061024,,
train,84,2073596,65544.3,0.063025,,
train,84,2073696,65547.1,0.056913,,
train,84,2073796,65550.0,0.061024,,
train,84,2073896,65552.8,0.060648,,
train,84,2073996,65555.6,0.058441,,
train,84,2074096,65558.5,0.056820,,
train,84,2074196,65561.3,0.059023,,
train,84,2074296,65564.2,0.064575,,
train,84,2074396,65567.0,0.061188,,
train,84,2074496,65569.9,0.063642,,
train,84,2074596,65572.7,0.059587,,
train,84,2074696,65575.5,0.058914,,
train,84,2074796,65578.4,0.059248,,
train,84,2074896,65581.2,0.060854,,
train,84,2074996,65584.1,0.059080,,
train,84,2075096,65586.9,0.055611,,
train,84,2075196,65589.8,0.060512,,
train,84,2075296,65592.6,0.058861,,
train,84,2075396,65595.4,0.059694,,
train,84,2075496,65598.3,0.061350,,
train,84,2075596,65601.1,0.057813,,
train,84,2075696,65603.9,0.060130,,
train,84,2075796,65606.8,0.060021,,
train,84,2075896,65609.6,0.056919,,
train,84,2075996,65612.5,0.057515,,
train,84,2076096,65615.3,0.057879,,
train,84,2076196,65618.1,0.060134,,
train,84,2076296,65621.0,0.058701,,
train,84,2076396,65623.8,0.056737,,
train,84,2076496,65626.7,0.058384,,
train,84,2076596,65629.5,0.058058,,
train,84,2076696,65632.3,0.061839,,
train,84,2076796,65635.2,0.058327,,
train,84,2076896,65638.0,0.058069,,
train,84,2076996,65640.9,0.058893,,
train,84,2077096,65643.7,0.059703,,
train,84,2077196,65646.5,0.063705,,
train,84,2077296,65649.4,0.057180,,
train,84,2077396,65652.2,0.057898,,
train,84,2077496,65655.1,0.060756,,
train,84,2077596,65657.9,0.060491,,
train,84,2077696,65660.7,0.059416,,
val,84,,65739.7,0.055364,0.003911,0.000033
train,85,2077840,65743.8,0.059950,,
train,85,2077940,65746.7,0.055230,,
train,85,2078040,65749.5,0.060750,,
train,85,2078140,65752.3,0.059808,,
train,85,2078240,65755.2,0.054607,,
train,85,2078340,65758.0,0.065323,,
train,85,2078440,65760.9,0.057222,,
train,85,2078540,65763.7,0.063751,,
train,85,2078640,65766.6,0.060088,,
train,85,2078740,65769.4,0.058547,,
train,85,2078840,65772.2,0.058878,,
train,85,2078940,65775.1,0.056361,,
train,85,2079040,65777.9,0.063563,,
train,85,2079140,65780.8,0.060784,,
train,85,2079240,65783.6,0.054614,,
train,85,2079340,65786.5,0.058164,,
train,85,2079440,65789.3,0.061849,,
train,85,2079540,65792.2,0.059851,,
train,85,2079640,65795.0,0.066222,,
train,85,2079740,65797.8,0.063171,,
train,85,2079840,65800.7,0.056679,,
train,85,2079940,65803.5,0.059009,,
train,85,2080040,65806.4,0.061023,,
train,85,2080140,65809.2,0.056460,,
train,85,2080240,65812.1,0.058634,,
train,85,2080340,65814.9,0.058974,,
train,85,2080440,65817.8,0.059754,,
train,85,2080540,65820.6,0.062417,,
train,85,2080640,65823.4,0.059316,,
train,85,2080740,65826.3,0.056902,,
train,85,2080840,65829.1,0.057188,,
train,85,2080940,65832.0,0.061013,,
train,85,2081040,65834.8,0.058811,,
train,85,2081140,65837.7,0.059514,,
train,85,2081240,65840.5,0.060254,,
train,85,2081340,65843.3,0.057927,,
train,85,2081440,65846.2,0.058676,,
train,85,2081540,65849.0,0.063540,,
train,85,2081640,65851.9,0.058636,,
train,85,2081740,65854.7,0.062078,,
train,85,2081840,65857.6,0.062700,,
train,85,2081940,65860.4,0.060811,,
train,85,2082040,65863.2,0.058848,,
train,85,2082140,65866.1,0.057544,,
train,85,2082240,65868.9,0.060099,,
train,85,2082340,65871.8,0.057095,,
train,85,2082440,65874.6,0.058714,,
train,85,2082540,65877.5,0.061974,,
train,85,2082640,65880.3,0.056900,,
train,85,2082740,65883.1,0.059511,,
train,85,2082840,65886.0,0.059338,,
train,85,2082940,65888.8,0.062084,,
train,85,2083040,65891.7,0.060359,,
train,85,2083140,65894.5,0.060743,,
train,85,2083240,65897.4,0.059237,,
train,85,2083340,65900.2,0.057838,,
train,85,2083440,65903.0,0.060147,,
train,85,2083540,65905.9,0.062192,,
train,85,2083640,65908.7,nan,,
train,85,2083740,65911.6,0.062668,,
train,85,2083840,65914.4,0.062431,,
train,85,2083940,65917.2,0.062426,,
train,85,2084040,65920.1,0.057406,,
train,85,2084140,65922.9,0.060131,,
train,85,2084240,65925.8,0.058591,,
train,85,2084340,65928.6,0.059263,,
train,85,2084440,65931.5,0.060042,,
train,85,2084540,65934.3,0.055934,,
train,85,2084640,65937.2,0.060161,,
train,85,2084740,65940.0,0.061228,,
train,85,2084840,65942.8,0.059172,,
train,85,2084940,65945.7,0.058696,,
train,85,2085040,65948.5,0.058610,,
train,85,2085140,65951.4,0.058572,,
train,85,2085240,65954.2,0.062179,,
train,85,2085340,65957.0,0.056688,,
train,85,2085440,65959.9,0.060076,,
train,85,2085540,65962.7,0.055547,,
train,85,2085640,65965.6,0.057521,,
train,85,2085740,65968.4,0.058926,,
train,85,2085840,65971.3,0.060824,,
train,85,2085940,65974.1,0.059729,,
train,85,2086040,65976.9,0.057133,,
train,85,2086140,65979.8,0.054419,,
train,85,2086240,65982.6,0.061569,,
train,85,2086340,65985.5,0.056620,,
train,85,2086440,65988.3,0.055273,,
train,85,2086540,65991.2,0.058117,,
train,85,2086640,65994.0,0.055754,,
train,85,2086740,65996.9,0.057021,,
train,85,2086840,65999.7,0.060875,,
train,85,2086940,66002.5,0.058450,,
train,85,2087040,66005.4,0.061825,,
train,85,2087140,66008.2,0.058818,,
train,85,2087240,66011.1,0.060747,,
train,85,2087340,66013.9,0.059464,,
train,85,2087440,66016.8,0.056807,,
train,85,2087540,66019.6,0.057108,,
train,85,2087640,66022.5,0.060359,,
train,85,2087740,66025.3,0.057761,,
train,85,2087840,66028.1,0.059461,,
train,85,2087940,66031.0,0.057245,,
train,85,2088040,66033.8,0.058028,,
train,85,2088140,66036.7,0.059203,,
train,85,2088240,66039.5,0.060186,,
train,85,2088340,66042.3,0.060821,,
train,85,2088440,66045.2,0.055640,,
train,85,2088540,66048.0,0.057072,,
train,85,2088640,66050.9,0.058894,,
train,85,2088740,66053.7,0.053216,,
train,85,2088840,66056.5,0.054706,,
train,85,2088940,66059.4,0.059314,,
train,85,2089040,66062.2,0.058536,,
train,85,2089140,66065.1,0.058349,,
train,85,2089240,66067.9,0.055106,,
train,85,2089340,66070.7,0.062068,,
train,85,2089440,66073.6,0.057535,,
train,85,2089540,66076.4,0.055565,,
train,85,2089640,66079.3,0.059599,,
train,85,2089740,66082.1,0.059661,,
train,85,2089840,66085.0,0.056174,,
train,85,2089940,66087.8,0.057820,,
train,85,2090040,66090.6,0.060837,,
train,85,2090140,66093.5,0.058318,,
train,85,2090240,66096.3,0.059649,,
train,85,2090340,66099.2,0.056382,,
train,85,2090440,66102.0,0.055487,,
train,85,2090540,66104.8,0.056390,,
train,85,2090640,66107.7,0.054546,,
train,85,2090740,66110.5,0.061608,,
train,85,2090840,66113.4,0.059259,,
train,85,2090940,66116.2,0.059084,,
train,85,2091040,66119.1,0.061951,,
train,85,2091140,66121.9,0.053496,,
train,85,2091240,66124.8,0.055705,,
train,85,2091340,66127.6,0.056272,,
train,85,2091440,66130.5,0.055971,,
train,85,2091540,66133.3,0.057504,,
train,85,2091640,66136.1,0.056557,,
train,85,2091740,66139.0,0.061505,,
train,85,2091840,66141.8,0.058182,,
train,85,2091940,66144.7,0.056916,,
train,85,2092040,66147.5,0.057359,,
train,85,2092140,66150.4,0.058476,,
train,85,2092240,66153.2,0.056479,,
train,85,2092340,66156.0,0.062063,,
train,85,2092440,66158.9,0.061227,,
train,85,2092540,66161.7,0.062278,,
train,85,2092640,66164.6,0.058761,,
train,85,2092740,66167.4,0.058818,,
train,85,2092840,66170.3,0.058492,,
train,85,2092940,66173.1,0.057029,,
train,85,2093040,66175.9,0.059270,,
train,85,2093140,66178.8,0.056603,,
train,85,2093240,66181.6,0.056999,,
train,85,2093340,66184.5,0.060322,,
train,85,2093440,66187.3,0.055558,,
train,85,2093540,66190.2,0.061538,,
train,85,2093640,66193.0,0.057352,,
train,85,2093740,66195.9,0.059869,,
train,85,2093840,66198.7,0.059727,,
train,85,2093940,66201.5,0.059892,,
train,85,2094040,66204.4,0.064152,,
train,85,2094140,66207.2,0.056668,,
train,85,2094240,66210.1,0.056308,,
train,85,2094340,66212.9,0.057813,,
train,85,2094440,66215.8,0.058377,,
train,85,2094540,66218.6,0.060295,,
train,85,2094640,66221.5,0.060649,,
train,85,2094740,66224.3,0.057282,,
train,85,2094840,66227.1,0.055590,,
train,85,2094940,66230.0,0.060889,,
train,85,2095040,66232.8,0.059274,,
train,85,2095140,66235.7,0.059801,,
train,85,2095240,66238.5,0.056604,,
train,85,2095340,66241.3,0.059093,,
train,85,2095440,66244.2,0.057154,,
train,85,2095540,66247.0,0.056833,,
train,85,2095640,66249.9,0.056860,,
train,85,2095740,66252.7,0.063046,,
train,85,2095840,66255.6,0.055972,,
train,85,2095940,66258.4,0.061217,,
train,85,2096040,66261.3,0.055993,,
train,85,2096140,66264.1,0.063057,,
train,85,2096240,66266.9,0.059708,,
train,85,2096340,66269.8,0.060337,,
train,85,2096440,66272.6,0.057562,,
train,85,2096540,66275.5,0.061101,,
train,85,2096640,66278.3,0.060817,,
train,85,2096740,66281.2,0.058585,,
train,85,2096840,66284.0,0.054537,,
train,85,2096940,66286.8,0.058383,,
train,85,2097040,66289.7,0.062759,,
train,85,2097140,66292.5,0.060032,,
train,85,2097240,66295.4,0.059498,,
train,85,2097340,66298.2,0.061556,,
train,85,2097440,66301.0,0.054578,,
train,85,2097540,66303.9,0.057875,,
train,85,2097640,66306.7,0.056748,,
train,85,2097740,66309.6,0.058611,,
train,85,2097840,66312.4,0.063297,,
train,85,2097940,66315.2,0.062841,,
train,85,2098040,66318.1,0.057305,,
train,85,2098140,66320.9,0.061970,,
train,85,2098240,66323.8,0.059576,,
train,85,2098340,66326.6,0.055480,,
train,85,2098440,66329.5,0.060592,,
train,85,2098540,66332.3,0.059690,,
train,85,2098640,66335.2,0.059860,,
train,85,2098740,66338.0,0.055285,,
train,85,2098840,66340.8,0.059204,,
train,85,2098940,66343.7,0.057575,,
train,85,2099040,66346.5,0.058379,,
train,85,2099140,66349.4,0.061602,,
train,85,2099240,66352.2,0.059080,,
train,85,2099340,66355.1,0.060913,,
train,85,2099440,66357.9,0.058915,,
train,85,2099540,66360.7,0.058716,,
train,85,2099640,66363.6,0.051157,,
train,85,2099740,66366.4,0.054285,,
train,85,2099840,66369.3,0.059143,,
train,85,2099940,66372.1,0.061999,,
train,85,2100040,66375.0,0.062255,,
train,85,2100140,66377.8,0.057252,,
train,85,2100240,66380.6,0.059653,,
train,85,2100340,66383.5,0.062136,,
train,85,2100440,66386.3,0.060829,,
train,85,2100540,66389.2,0.053651,,
train,85,2100640,66392.0,0.060400,,
train,85,2100740,66394.9,0.062641,,
train,85,2100840,66397.7,0.059847,,
train,85,2100940,66400.6,0.060214,,
train,85,2101040,66403.4,0.058866,,
train,85,2101140,66406.3,0.058176,,
train,85,2101240,66409.1,0.054478,,
train,85,2101340,66412.0,0.059372,,
train,85,2101440,66414.8,0.061515,,
train,85,2101540,66417.6,0.059728,,
train,85,2101640,66420.5,0.061972,,
train,85,2101740,66423.3,0.059889,,
train,85,2101840,66426.2,0.060788,,
train,85,2101940,66429.0,0.058324,,
train,85,2102040,66431.8,0.058325,,
train,85,2102140,66434.7,0.062411,,
val,85,,66513.7,0.055665,0.003911,0.000033
train,86,2102284,66517.3,0.058077,,
train,86,2102384,66520.2,0.058169,,
train,86,2102484,66523.0,0.062390,,
train,86,2102584,66525.9,0.058298,,
train,86,2102684,66528.7,0.056336,,
train,86,2102784,66531.5,0.055266,,
train,86,2102884,66534.4,0.057834,,
train,86,2102984,66537.2,0.060889,,
train,86,2103084,66540.1,0.057109,,
train,86,2103184,66542.9,0.058450,,
train,86,2103284,66545.8,0.055310,,
train,86,2103384,66548.6,0.056982,,
train,86,2103484,66551.4,0.059615,,
train,86,2103584,66554.3,0.060621,,
train,86,2103684,66557.1,0.060324,,
train,86,2103784,66560.0,0.059251,,
train,86,2103884,66562.8,0.058814,,
train,86,2103984,66565.7,0.061110,,
train,86,2104084,66568.5,0.058690,,
train,86,2104184,66571.4,0.056499,,
train,86,2104284,66574.2,0.059817,,
train,86,2104384,66577.1,0.057207,,
train,86,2104484,66579.9,0.056869,,
train,86,2104584,66582.7,0.057852,,
train,86,2104684,66585.6,0.063382,,
train,86,2104784,66588.4,0.059188,,
train,86,2104884,66591.3,0.058254,,
train,86,2104984,66594.1,0.062484,,
train,86,2105084,66597.0,0.058381,,
train,86,2105184,66599.8,0.059871,,
train,86,2105284,66602.7,0.059300,,
train,86,2105384,66605.5,0.053592,,
train,86,2105484,66608.3,0.058484,,
train,86,2105584,66611.2,0.060557,,
train,86,2105684,66614.0,0.061427,,
train,86,2105784,66616.9,0.063854,,
train,86,2105884,66619.7,0.060711,,
train,86,2105984,66622.5,0.060114,,
train,86,2106084,66625.4,0.058007,,
train,86,2106184,66628.2,0.057428,,
train,86,2106284,66631.1,0.054367,,
train,86,2106384,66633.9,0.061517,,
train,86,2106484,66636.8,0.060230,,
train,86,2106584,66639.6,0.060498,,
train,86,2106684,66642.4,0.059145,,
train,86,2106784,66645.3,0.058659,,
train,86,2106884,66648.1,0.062994,,
train,86,2106984,66651.0,0.059091,,
train,86,2107084,66653.8,0.058484,,
train,86,2107184,66656.7,0.060284,,
train,86,2107284,66659.5,0.058845,,
train,86,2107384,66662.3,0.060865,,
train,86,2107484,66665.2,0.060186,,
train,86,2107584,66668.0,0.059669,,
train,86,2107684,66670.9,0.059634,,
train,86,2107784,66673.7,0.058051,,
train,86,2107884,66676.6,0.056271,,
train,86,2107984,66679.4,0.058729,,
train,86,2108084,66682.2,0.057029,,
train,86,2108184,66685.1,0.056898,,
train,86,2108284,66687.9,0.062370,,
train,86,2108384,66690.8,0.061144,,
train,86,2108484,66693.6,0.057227,,
train,86,2108584,66696.5,0.062875,,
train,86,2108684,66699.3,0.060466,,
train,86,2108784,66702.2,0.055961,,
train,86,2108884,66705.0,0.058190,,
train,86,2108984,66707.8,0.059389,,
train,86,2109084,66710.7,0.054598,,
train,86,2109184,66713.5,0.055229,,
train,86,2109284,66716.4,0.061772,,
train,86,2109384,66719.2,0.061243,,
train,86,2109484,66722.1,0.060490,,
train,86,2109584,66724.9,0.057141,,
train,86,2109684,66727.8,0.058272,,
train,86,2109784,66730.6,0.060187,,
train,86,2109884,66733.4,0.056902,,
train,86,2109984,66736.3,0.054950,,
train,86,2110084,66739.1,0.059895,,
train,86,2110184,66742.0,0.060333,,
train,86,2110284,66744.8,0.059909,,
train,86,2110384,66747.7,0.060205,,
train,86,2110484,66750.5,0.056138,,
train,86,2110584,66753.4,0.055194,,
train,86,2110684,66756.2,0.058541,,
train,86,2110784,66759.1,0.060299,,
train,86,2110884,66761.9,0.056805,,
train,86,2110984,66764.8,0.062385,,
train,86,2111084,66767.6,0.054525,,
train,86,2111184,66770.5,0.060299,,
train,86,2111284,66773.3,0.056434,,
train,86,2111384,66776.1,0.063805,,
train,86,2111484,66779.0,0.056313,,
train,86,2111584,66781.8,0.059120,,
train,86,2111684,66784.7,0.064698,,
train,86,2111784,66787.5,0.055922,,
train,86,2111884,66790.4,0.057033,,
train,86,2111984,66793.2,0.061289,,
train,86,2112084,66796.1,0.055524,,
train,86,2112184,66798.9,0.058012,,
train,86,2112284,66801.8,0.058026,,
train,86,2112384,66804.6,0.062256,,
train,86,2112484,66807.5,0.058253,,
train,86,2112584,66810.3,0.060182,,
train,86,2112684,66813.1,0.057169,,
train,86,2112784,66816.0,0.059774,,
train,86,2112884,66818.8,0.055526,,
train,86,2112984,66821.7,0.059840,,
train,86,2113084,66824.5,0.055750,,
train,86,2113184,66827.4,0.058178,,
train,86,2113284,66830.2,0.056030,,
train,86,2113384,66833.1,0.054382,,
train,86,2113484,66835.9,0.060217,,
train,86,2113584,66838.7,0.057668,,
train,86,2113684,66841.6,0.056142,,
train,86,2113784,66844.4,0.058405,,
train,86,2113884,66847.3,0.060487,,
train,86,2113984,66850.1,0.061622,,
train,86,2114084,66853.0,0.062222,,
train,86,2114184,66855.8,0.061455,,
train,86,2114284,66858.6,0.058578,,
train,86,2114384,66861.5,0.055766,,
train,86,2114484,66864.3,0.059264,,
train,86,2114584,66867.2,0.057430,,
train,86,2114684,66870.0,0.053595,,
train,86,2114784,66872.9,0.059570,,
train,86,2114884,66875.7,0.059495,,
train,86,2114984,66878.5,0.062534,,
train,86,2115084,66881.4,0.055388,,
train,86,2115184,66884.2,0.054985,,
train,86,2115284,66887.1,0.057940,,
train,86,2115384,66889.9,0.062353,,
train,86,2115484,66892.8,0.055618,,
train,86,2115584,66895.6,0.057575,,
train,86,2115684,66898.5,0.063057,,
train,86,2115784,66901.3,0.060406,,
train,86,2115884,66904.2,0.062164,,
train,86,2115984,66907.0,0.061628,,
train,86,2116084,66909.8,0.062289,,
train,86,2116184,66912.7,0.060324,,
train,86,2116284,66915.5,0.061081,,
train,86,2116384,66918.4,0.060913,,
train,86,2116484,66921.2,0.062037,,
train,86,2116584,66924.1,0.058716,,
train,86,2116684,66926.9,0.060849,,
train,86,2116784,66929.8,0.060803,,
train,86,2116884,66932.6,0.067277,,
train,86,2116984,66935.4,0.059047,,
train,86,2117084,66938.3,0.056221,,
train,86,2117184,66941.1,0.056117,,
train,86,2117284,66944.0,0.056828,,
train,86,2117384,66946.8,0.058231,,
train,86,2117484,66949.7,0.061907,,
train,86,2117584,66952.5,0.058587,,
train,86,2117684,66955.4,0.058310,,
train,86,2117784,66958.2,0.059599,,
train,86,2117884,66961.1,nan,,
train,86,2117984,66963.9,0.060408,,
train,86,2118084,66966.8,0.054712,,
train,86,2118184,66969.6,0.058063,,
train,86,2118284,66972.4,0.058570,,
train,86,2118384,66975.3,0.059934,,
train,86,2118484,66978.1,0.062361,,
train,86,2118584,66981.0,0.060734,,
train,86,2118684,66983.8,0.055523,,
train,86,2118784,66986.7,0.059317,,
train,86,2118884,66989.5,0.063094,,
train,86,2118984,66992.3,0.061643,,
train,86,2119084,66995.2,0.066765,,
train,86,2119184,66998.0,0.055556,,
train,86,2119284,67000.9,0.054212,,
train,86,2119384,67003.7,0.056329,,
train,86,2119484,67006.6,0.062244,,
train,86,2119584,67009.4,0.056543,,
train,86,2119684,67012.3,0.062662,,
train,86,2119784,67015.1,0.059751,,
train,86,2119884,67017.9,0.062901,,
train,86,2119984,67020.8,0.058507,,
train,86,2120084,67023.6,0.063542,,
train,86,2120184,67026.5,0.056993,,
train,86,2120284,67029.3,0.055746,,
train,86,2120384,67032.2,0.059536,,
train,86,2120484,67035.0,0.058401,,
train,86,2120584,67037.8,0.057906,,
train,86,2120684,67040.7,0.059280,,
train,86,2120784,67043.5,0.055119,,
train,86,2120884,67046.4,0.056892,,
train,86,2120984,67049.2,0.058434,,
train,86,2121084,67052.0,0.057522,,
train,86,2121184,67054.9,0.056232,,
train,86,2121284,67057.7,0.058800,,
train,86,2121384,67060.6,0.054197,,
train,86,2121484,67063.4,0.056351,,
train,86,2121584,67066.3,0.062843,,
train,86,2121684,67069.1,0.060337,,
train,86,2121784,67071.9,0.054939,,
train,86,2121884,67074.8,0.060262,,
train,86,2121984,67077.6,0.060382,,
train,86,2122084,67080.5,0.058689,,
train,86,2122184,67083.3,0.058118,,
train,86,2122284,67086.2,0.059900,,
train,86,2122384,67089.0,0.062171,,
train,86,2122484,67091.8,0.063299,,
train,86,2122584,67094.7,0.060523,,
train,86,2122684,67097.5,0.056634,,
train,86,2122784,67100.4,0.058414,,
train,86,2122884,67103.2,0.062021,,
train,86,2122984,67106.1,0.058207,,
train,86,2123084,67108.9,0.060694,,
train,86,2123184,67111.8,0.059804,,
train,86,2123284,67114.6,0.056840,,
train,86,2123384,67117.5,0.059882,,
train,86,2123484,67120.3,0.062234,,
train,86,2123584,67123.1,0.053982,,
train,86,2123684,67126.0,0.059829,,
train,86,2123784,67128.8,0.061530,,
train,86,2123884,67131.7,0.059653,,
train,86,2123984,67134.5,0.060367,,
train,86,2124084,67137.4,0.056042,,
train,86,2124184,67140.2,0.058299,,
train,86,2124284,67143.1,0.065732,,
train,86,2124384,67145.9,0.057370,,
train,86,2124484,67148.8,0.054921,,
train,86,2124584,67151.6,0.060169,,
train,86,2124684,67154.5,0.057650,,
train,86,2124784,67157.3,0.054992,,
train,86,2124884,67160.1,0.055336,,
train,86,2124984,67163.0,0.058392,,
train,86,2125084,67165.8,0.059076,,
train,86,2125184,67168.7,0.057982,,
train,86,2125284,67171.5,0.059144,,
train,86,2125384,67174.4,0.055843,,
train,86,2125484,67177.2,0.056336,,
train,86,2125584,67180.1,0.058487,,
train,86,2125684,67182.9,0.061873,,
train,86,2125784,67185.8,0.059222,,
train,86,2125884,67188.6,0.056851,,
train,86,2125984,67191.4,0.060431,,
train,86,2126084,67194.3,0.061411,,
train,86,2126184,67197.1,0.057588,,
train,86,2126284,67200.0,0.058185,,
train,86,2126384,67202.8,0.060173,,
train,86,2126484,67205.7,0.062164,,
train,86,2126584,67208.5,0.054091,,
val,86,,67287.6,0.055328,0.003910,0.000033
train,87,2126728,67291.6,0.060127,,
train,87,2126828,67294.5,0.059632,,
train,87,2126928,67297.3,0.059259,,
train,87,2127028,67300.2,0.061168,,
train,87,2127128,67303.0,0.061724,,
train,87,2127228,67305.8,0.054501,,
train,87,2127328,67308.7,0.063778,,
train,87,2127428,67311.5,0.059881,,
train,87,2127528,67314.4,0.058681,,
train,87,2127628,67317.2,0.058051,,
train,87,2127728,67320.0,0.058491,,
train,87,2127828,67322.9,0.058665,,
train,87,2127928,67325.7,0.055271,,
train,87,2128028,67328.6,0.060512,,
train,87,2128128,67331.4,0.059599,,
train,87,2128228,67334.2,0.057313,,
train,87,2128328,67337.1,0.055425,,
train,87,2128428,67339.9,0.056594,,
train,87,2128528,67342.8,0.057209,,
train,87,2128628,67345.6,0.061687,,
train,87,2128728,67348.4,0.059244,,
train,87,2128828,67351.3,0.060097,,
train,87,2128928,67354.1,0.058135,,
train,87,2129028,67357.0,0.059499,,
train,87,2129128,67359.8,0.064232,,
train,87,2129228,67362.6,0.053702,,
train,87,2129328,67365.5,0.057308,,
train,87,2129428,67368.3,0.057462,,
train,87,2129528,67371.2,0.057127,,
train,87,2129628,67374.0,0.058836,,
train,87,2129728,67376.8,0.056928,,
train,87,2129828,67379.7,0.061653,,
train,87,2129928,67382.5,0.058680,,
train,87,2130028,67385.4,0.055346,,
train,87,2130128,67388.2,0.060564,,
train,87,2130228,67391.0,0.057833,,
train,87,2130328,67393.9,0.058018,,
train,87,2130428,67396.7,0.055993,,
train,87,2130528,67399.6,0.058890,,
train,87,2130628,67402.4,nan,,
train,87,2130728,67405.3,0.057928,,
train,87,2130828,67408.1,0.052984,,
train,87,2130928,67410.9,0.061933,,
train,87,2131028,67413.8,0.058383,,
train,87,2131128,67416.6,0.057021,,
train,87,2131228,67419.4,0.057429,,
train,87,2131328,67422.3,0.059026,,
train,87,2131428,67425.1,0.057399,,
train,87,2131528,67428.0,0.057931,,
train,87,2131628,67430.8,0.059627,,
train,87,2131728,67433.6,0.057607,,
train,87,2131828,67436.5,0.056058,,
train,87,2131928,67439.3,0.066027,,
train,87,2132028,67442.2,0.057322,,
train,87,2132128,67445.0,0.062639,,
train,87,2132228,67447.8,0.059040,,
train,87,2132328,67450.7,0.056660,,
train,87,2132428,67453.5,0.059419,,
train,87,2132528,67456.4,0.062911,,
train,87,2132628,67459.2,0.059289,,
train,87,2132728,67462.0,0.059848,,
train,87,2132828,67464.9,0.058593,,
train,87,2132928,67467.7,0.058658,,
train,87,2133028,67470.6,0.061677,,
train,87,2133128,67473.4,0.058027,,
train,87,2133228,67476.2,0.057190,,
train,87,2133328,67479.1,0.057221,,
train,87,2133428,67481.9,0.058253,,
train,87,2133528,67484.8,0.054778,,
train,87,2133628,67487.6,0.064230,,
train,87,2133728,67490.5,0.059907,,
train,87,2133828,67493.3,0.059607,,
train,87,2133928,67496.1,0.059924,,
train,87,2134028,67499.0,0.060211,,
train,87,2134128,67501.8,0.058537,,
train,87,2134228,67504.7,0.058249,,
train,87,2134328,67507.5,0.058463,,
train,87,2134428,67510.4,0.058620,,
train,87,2134528,67513.2,0.061215,,
train,87,2134628,67516.0,0.058531,,
train,87,2134728,67518.9,0.056281,,
train,87,2134828,67521.7,0.059708,,
train,87,2134928,67524.6,0.056506,,
train,87,2135028,67527.4,0.059551,,
train,87,2135128,67530.3,0.061343,,
train,87,2135228,67533.1,0.062505,,
train,87,2135328,67536.0,0.059694,,
train,87,2135428,67538.8,0.060858,,
train,87,2135528,67541.6,0.057318,,
train,87,2135628,67544.5,0.056879,,
train,87,2135728,67547.3,0.060842,,
train,87,2135828,67550.2,0.060730,,
train,87,2135928,67553.0,0.063080,,
train,87,2136028,67555.8,0.058031,,
train,87,2136128,67558.7,0.054335,,
train,87,2136228,67561.5,0.058459,,
train,87,2136328,67564.3,0.058712,,
train,87,2136428,67567.2,0.060807,,
train,87,2136528,67570.0,0.057652,,
train,87,2136628,67572.9,0.057888,,
train,87,2136728,67575.7,0.059852,,
train,87,2136828,67578.5,0.060412,,
train,87,2136928,67581.4,0.059809,,
train,87,2137028,67584.2,0.055278,,
train,87,2137128,67587.1,0.058683,,
train,87,2137228,67589.9,0.054065,,
train,87,2137328,67592.8,0.060699,,
train,87,2137428,67595.6,0.059384,,
train,87,2137528,67598.4,0.058968,,
train,87,2137628,67601.3,0.057331,,
train,87,2137728,67604.1,0.056254,,
train,87,2137828,67607.0,0.060356,,
train,87,2137928,67609.8,0.056206,,
train,87,2138028,67612.7,0.059587,,
train,87,2138128,67615.5,0.060089,,
train,87,2138228,67618.3,0.058020,,
train,87,2138328,67621.2,0.054970,,
train,87,2138428,67624.0,0.056691,,
train,87,2138528,67626.9,0.060440,,
train,87,2138628,67629.7,0.056367,,
train,87,2138728,67632.5,0.057601,,
train,87,2138828,67635.4,0.058952,,
train,87,2138928,67638.2,0.056402,,
train,87,2139028,67641.1,0.062358,,
train,87,2139128,67643.9,0.056646,,
train,87,2139228,67646.7,0.061075,,
train,87,2139328,67649.6,0.058844,,
train,87,2139428,67652.4,0.063664,,
train,87,2139528,67655.3,0.059074,,
train,87,2139628,67658.1,0.060700,,
train,87,2139728,67660.9,0.056508,,
train,87,2139828,67663.8,0.056003,,
train,87,2139928,67666.6,0.059517,,
train,87,2140028,67669.5,0.059257,,
train,87,2140128,67672.3,0.059160,,
train,87,2140228,67675.2,0.054457,,
train,87,2140328,67678.0,0.061558,,
train,87,2140428,67680.8,0.057855,,
train,87,2140528,67683.7,0.057734,,
train,87,2140628,67686.5,0.060533,,
train,87,2140728,67689.4,0.054644,,
train,87,2140828,67692.2,0.061694,,
train,87,2140928,67695.1,0.055795,,
train,87,2141028,67697.9,0.057522,,
train,87,2141128,67700.7,0.058906,,
train,87,2141228,67703.6,0.058333,,
train,87,2141328,67706.4,0.056698,,
train,87,2141428,67709.3,0.061109,,
train,87,2141528,67712.1,0.055674,,
train,87,2141628,67715.0,0.059671,,
train,87,2141728,67717.8,0.059618,,
train,87,2141828,67720.6,0.063301,,
train,87,2141928,67723.5,0.056791,,
train,87,2142028,67726.3,0.058315,,
train,87,2142128,67729.2,0.058237,,
train,87,2142228,67732.0,0.056429,,
train,87,2142328,67734.9,0.057527,,
train,87,2142428,67737.7,0.060440,,
train,87,2142528,67740.5,0.058159,,
train,87,2142628,67743.4,0.057437,,
train,87,2142728,67746.2,0.062369,,
train,87,2142828,67749.0,0.060610,,
train,87,2142928,67751.9,0.055026,,
train,87,2143028,67754.7,0.055761,,
train,87,2143128,67757.6,0.058745,,
train,87,2143228,67760.4,0.059681,,
train,87,2143328,67763.2,0.059586,,
train,87,2143428,67766.1,0.057846,,
train,87,2143528,67768.9,0.056546,,
train,87,2143628,67771.8,0.062839,,
train,87,2143728,67774.6,0.058148,,
train,87,2143828,67777.4,0.060624,,
train,87,2143928,67780.3,0.060332,,
train,87,2144028,67783.1,0.057946,,
train,87,2144128,67786.0,0.054629,,
train,87,2144228,67788.8,0.061566,,
train,87,2144328,67791.6,0.057268,,
train,87,2144428,67794.5,0.056910,,
train,87,2144528,67797.3,0.061387,,
train,87,2144628,67800.2,0.061122,,
train,87,2144728,67803.0,0.061948,,
train,87,2144828,67805.8,0.059960,,
train,87,2144928,67808.7,0.057794,,
train,87,2145028,67811.5,0.061157,,
train,87,2145128,67814.4,0.055122,,
train,87,2145228,67817.2,0.057885,,
train,87,2145328,67820.0,0.064000,,
train,87,2145428,67822.9,0.061152,,
train,87,2145528,67825.7,0.058628,,
train,87,2145628,67828.6,0.055396,,
train,87,2145728,67831.4,0.061015,,
train,87,2145828,67834.2,0.058079,,
train,87,2145928,67837.1,0.060577,,
train,87,2146028,67839.9,0.058370,,
train,87,2146128,67842.8,0.061448,,
train,87,2146228,67845.6,0.058288,,
train,87,2146328,67848.4,0.058813,,
train,87,2146428,67851.3,0.055978,,
train,87,2146528,67854.1,0.064277,,
train,87,2146628,67857.0,0.057415,,
train,87,2146728,67859.8,0.058826,,
train,87,2146828,67862.6,0.059033,,
train,87,2146928,67865.5,0.057861,,
train,87,2147028,67868.3,0.058715,,
train,87,2147128,67871.2,0.057831,,
train,87,2147228,67874.0,0.057333,,
train,87,2147328,67876.8,0.063782,,
train,87,2147428,67879.7,0.056510,,
train,87,2147528,67882.5,0.056695,,
train,87,2147628,67885.4,0.058302,,
train,87,2147728,67888.2,0.062148,,
train,87,2147828,67891.1,0.057992,,
train,87,2147928,67893.9,0.060405,,
train,87,2148028,67896.8,0.058387,,
train,87,2148128,67899.6,0.057385,,
train,87,2148228,67902.4,0.061576,,
train,87,2148328,67905.3,0.054539,,
train,87,2148428,67908.1,0.059221,,
train,87,2148528,67911.0,0.059041,,
train,87,2148628,67913.8,0.060055,,
train,87,2148728,67916.7,0.062819,,
train,87,2148828,67919.5,0.057322,,
train,87,2148928,67922.3,0.056854,,
train,87,2149028,67925.2,0.062712,,
train,87,2149128,67928.0,0.059966,,
train,87,2149228,67930.9,0.060871,,
train,87,2149328,67933.7,0.057031,,
train,87,2149428,67936.6,0.060766,,
train,87,2149528,67939.4,0.059975,,
train,87,2149628,67942.2,0.060341,,
train,87,2149728,67945.1,0.058234,,
train,87,2149828,67947.9,0.057322,,
train,87,2149928,67950.8,0.059704,,
train,87,2150028,67953.6,0.062420,,
train,87,2150128,67956.4,0.060339,,
train,87,2150228,67959.3,0.059948,,
train,87,2150328,67962.1,0.061835,,
train,87,2150428,67965.0,0.062611,,
train,87,2150528,67967.8,0.058518,,
train,87,2150628,67970.6,0.059695,,
train,87,2150728,67973.5,0.058950,,
train,87,2150828,67976.3,0.061093,,
train,87,2150928,67979.2,0.059745,,
train,87,2151028,67982.0,0.058818,,
val,87,,68061.2,0.055317,0.003909,0.000033
train,88,2151172,68065.2,0.057201,,
train,88,2151272,68068.0,0.060597,,
train,88,2151372,68070.8,0.056916,,
train,88,2151472,68073.7,0.056682,,
train,88,2151572,68076.5,0.051554,,
train,88,2151672,68079.4,0.053046,,
train,88,2151772,68082.2,0.060876,,
train,88,2151872,68085.1,0.059744,,
train,88,2151972,68087.9,0.061531,,
train,88,2152072,68090.7,0.061506,,
train,88,2152172,68093.6,0.057426,,
train,88,2152272,68096.4,0.059442,,
train,88,2152372,68099.3,0.058982,,
train,88,2152472,68102.1,0.056491,,
train,88,2152572,68105.0,0.060898,,
train,88,2152672,68107.8,0.060044,,
train,88,2152772,68110.7,0.057563,,
train,88,2152872,68113.5,0.055741,,
train,88,2152972,68116.3,0.055545,,
train,88,2153072,68119.2,0.058279,,
train,88,2153172,68122.0,0.062766,,
train,88,2153272,68124.9,0.056768,,
train,88,2153372,68127.7,0.057885,,
train,88,2153472,68130.6,0.056404,,
train,88,2153572,68133.4,0.062362,,
train,88,2153672,68136.3,0.061929,,
train,88,2153772,68139.1,0.055482,,
train,88,2153872,68141.9,0.059016,,
train,88,2153972,68144.8,0.055345,,
train,88,2154072,68147.6,0.058290,,
train,88,2154172,68150.5,0.059763,,
train,88,2154272,68153.3,0.053515,,
train,88,2154372,68156.1,0.058017,,
train,88,2154472,68159.0,0.061859,,
train,88,2154572,68161.8,0.060578,,
train,88,2154672,68164.7,0.062615,,
train,88,2154772,68167.5,0.060876,,
train,88,2154872,68170.4,0.061195,,
train,88,2154972,68173.2,0.057185,,
train,88,2155072,68176.0,0.061525,,
train,88,2155172,68178.9,0.059773,,
train,88,2155272,68181.7,0.058181,,
train,88,2155372,68184.6,0.061041,,
train,88,2155472,68187.4,0.055796,,
train,88,2155572,68190.3,0.058880,,
train,88,2155672,68193.1,0.059050,,
train,88,2155772,68196.0,0.061172,,
train,88,2155872,68198.8,0.058950,,
train,88,2155972,68201.7,0.056965,,
train,88,2156072,68204.5,0.055226,,
train,88,2156172,68207.3,0.054787,,
train,88,2156272,68210.2,0.060708,,
train,88,2156372,68213.0,0.061857,,
train,88,2156472,68215.9,0.055238,,
train,88,2156572,68218.7,0.057999,,
train,88,2156672,68221.5,0.058737,,
train,88,2156772,68224.4,0.055170,,
train,88,2156872,68227.2,0.062177,,
train,88,2156972,68230.1,0.060088,,
train,88,2157072,68232.9,0.062939,,
train,88,2157172,68235.8,0.058796,,
train,88,2157272,68238.6,0.064589,,
train,88,2157372,68241.4,0.064645,,
train,88,2157472,68244.3,0.057885,,
train,88,2157572,68247.1,0.055876,,
train,88,2157672,68250.0,0.060927,,
train,88,2157772,68252.8,0.061971,,
train,88,2157872,68255.7,0.061346,,
train,88,2157972,68258.5,0.063723,,
train,88,2158072,68261.4,0.059568,,
train,88,2158172,68264.2,0.059222,,
train,88,2158272,68267.0,0.055141,,
train,88,2158372,68269.9,0.059216,,
train,88,2158472,68272.7,0.057218,,
train,88,2158572,68275.6,0.058112,,
train,88,2158672,68278.4,0.057768,,
train,88,2158772,68281.3,0.057756,,
train,88,2158872,68284.1,0.058769,,
train,88,2158972,68286.9,0.062045,,
train,88,2159072,68289.8,0.059255,,
train,88,2159172,68292.6,0.060346,,
train,88,2159272,68295.5,0.060323,,
train,88,2159372,68298.3,0.059393,,
train,88,2159472,68301.2,0.058330,,
train,88,2159572,68304.0,0.058977,,
train,88,2159672,68306.9,0.056329,,
train,88,2159772,68309.7,0.058174,,
train,88,2159872,68312.6,0.060879,,
train,88,2159972,68315.4,0.053411,,
train,88,2160072,68318.2,0.054935,,
train,88,2160172,68321.1,0.059502,,
train,88,2160272,68323.9,0.059160,,
train,88,2160372,68326.8,0.061410,,
train,88,2160472,68329.6,0.057797,,
train,88,2160572,68332.4,0.054352,,
train,88,2160672,68335.3,0.061798,,
train,88,2160772,68338.1,0.058558,,
train,88,2160872,68341.0,0.060189,,
train,88,2160972,68343.8,0.060846,,
train,88,2161072,68346.7,0.057547,,
train,88,2161172,68349.5,0.061794,,
train,88,2161272,68352.3,0.058828,,
train,88,2161372,68355.2,0.063107,,
train,88,2161472,68358.0,0.056931,,
train,88,2161572,68360.9,0.059394,,
train,88,2161672,68363.7,0.059604,,
train,88,2161772,68366.6,0.054449,,
train,88,2161872,68369.4,0.055955,,
train,88,2161972,68372.2,0.058401,,
train,88,2162072,68375.1,0.057977,,
train,88,2162172,68377.9,0.060322,,
train,88,2162272,68380.8,0.058399,,
train,88,2162372,68383.6,0.059445,,
train,88,2162472,68386.5,0.058415,,
train,88,2162572,68389.3,0.059757,,
train,88,2162672,68392.1,0.058556,,
train,88,2162772,68395.0,0.056467,,
train,88,2162872,68397.8,0.058025,,
train,88,2162972,68400.7,0.056260,,
train,88,2163072,68403.5,0.060075,,
train,88,2163172,68406.3,0.057716,,
train,88,2163272,68409.2,0.059746,,
train,88,2163372,68412.0,0.057465,,
train,88,2163472,68414.9,0.058653,,
train,88,2163572,68417.8,0.058968,,
train,88,2163672,68420.6,0.055462,,
train,88,2163772,68423.4,0.055670,,
train,88,2163872,68426.3,0.064973,,
train,88,2163972,68429.1,0.056326,,
train,88,2164072,68432.0,0.059650,,
train,88,2164172,68434.8,0.064013,,
train,88,2164272,68437.6,0.057875,,
train,88,2164372,68440.5,0.055823,,
train,88,2164472,68443.3,0.063765,,
train,88,2164572,68446.2,0.056798,,
train,88,2164672,68449.0,0.060583,,
train,88,2164772,68451.9,0.059946,,
train,88,2164872,68454.7,nan,,
train,88,2164972,68457.6,0.057325,,
train,88,2165072,68460.4,0.057085,,
train,88,2165172,68463.2,0.059887,,
train,88,2165272,68466.1,0.056257,,
train,88,2165372,68468.9,0.053181,,
train,88,2165472,68471.8,0.057262,,
train,88,2165572,68474.6,0.057973,,
train,88,2165672,68477.5,0.061093,,
train,88,2165772,68480.3,0.057437,,
train,88,2165872,68483.1,0.054895,,
train,88,2165972,68486.0,0.056740,,
train,88,2166072,68488.8,0.060437,,
train,88,2166172,68491.7,0.056065,,
train,88,2166272,68494.5,0.059830,,
train,88,2166372,68497.4,0.059980,,
train,88,2166472,68500.2,0.059914,,
train,88,2166572,68503.1,0.058866,,
train,88,2166672,68505.9,0.059211,,
train,88,2166772,68508.7,0.057865,,
train,88,2166872,68511.6,0.058869,,
train,88,2166972,68514.4,0.060761,,
train,88,2167072,68517.3,0.062518,,
train,88,2167172,68520.1,0.060045,,
train,88,2167272,68523.0,0.056799,,
train,88,2167372,68525.8,0.059480,,
train,88,2167472,68528.7,0.059058,,
train,88,2167572,68531.5,0.054296,,
train,88,2167672,68534.4,0.056325,,
train,88,2167772,68537.2,0.055618,,
train,88,2167872,68540.0,0.059519,,
train,88,2167972,68542.9,0.060790,,
train,88,2168072,68545.7,0.058740,,
train,88,2168172,68548.6,0.056508,,
train,88,2168272,68551.4,0.059625,,
train,88,2168372,68554.3,0.060568,,
train,88,2168472,68557.1,0.062830,,
train,88,2168572,68559.9,0.062588,,
train,88,2168672,68562.8,0.059327,,
train,88,2168772,68565.6,0.056499,,
train,88,2168872,68568.5,0.055718,,
train,88,2168972,68571.3,0.059136,,
train,88,2169072,68574.2,0.057891,,
train,88,2169172,68577.0,0.060954,,
train,88,2169272,68579.8,0.057160,,
train,88,2169372,68582.7,0.059974,,
train,88,2169472,68585.5,0.057385,,
train,88,2169572,68588.4,0.056172,,
train,88,2169672,68591.2,0.055489,,
train,88,2169772,68594.1,0.057192,,
train,88,2169872,68596.9,0.057723,,
train,88,2169972,68599.7,0.058772,,
train,88,2170072,68602.6,0.056926,,
train,88,2170172,68605.4,0.059148,,
train,88,2170272,68608.3,0.058639,,
train,88,2170372,68611.1,0.059067,,
train,88,2170472,68614.0,0.059797,,
train,88,2170572,68616.8,0.060785,,
train,88,2170672,68619.6,0.059019,,
train,88,2170772,68622.5,0.060488,,
train,88,2170872,68625.3,0.058956,,
train,88,2170972,68628.1,0.057504,,
train,88,2171072,68631.0,0.058388,,
train,88,2171172,68633.8,0.062454,,
train,88,2171272,68636.7,0.061680,,
train,88,2171372,68639.5,0.058270,,
train,88,2171472,68642.4,0.058027,,
train,88,2171572,68645.2,0.062536,,
train,88,2171672,68648.1,0.058932,,
train,88,2171772,68650.9,0.058019,,
train,88,2171872,68653.7,0.054026,,
train,88,2171972,68656.6,0.059972,,
train,88,2172072,68659.4,0.061133,,
train,88,2172172,68662.3,0.060125,,
train,88,2172272,68665.1,0.062527,,
train,88,2172372,68668.0,0.055232,,
train,88,2172472,68670.8,0.058304,,
train,88,2172572,68673.6,0.058456,,
train,88,2172672,68676.5,0.056235,,
train,88,2172772,68679.3,0.061199,,
train,88,2172872,68682.2,0.055708,,
train,88,2172972,68685.0,0.054233,,
train,88,2173072,68687.9,0.057485,,
train,88,2173172,68690.7,0.057523,,
train,88,2173272,68693.6,0.062855,,
train,88,2173372,68696.4,0.061419,,
train,88,2173472,68699.3,0.057574,,
train,88,2173572,68702.1,0.059864,,
train,88,2173672,68705.0,0.057842,,
train,88,2173772,68707.8,0.057713,,
train,88,2173872,68710.7,0.058779,,
train,88,2173972,68713.5,0.061212,,
train,88,2174072,68716.3,0.059154,,
train,88,2174172,68719.2,0.066049,,
train,88,2174272,68722.0,0.056090,,
train,88,2174372,68724.9,0.057272,,
train,88,2174472,68727.7,0.058088,,
train,88,2174572,68730.6,0.060760,,
train,88,2174672,68733.4,0.058602,,
train,88,2174772,68736.2,0.057359,,
train,88,2174872,68739.1,0.058899,,
train,88,2174972,68741.9,0.054703,,
train,88,2175072,68744.8,0.058153,,
train,88,2175172,68747.6,0.062838,,
train,88,2175272,68750.5,0.059670,,
train,88,2175372,68753.3,0.055383,,
train,88,2175472,68756.2,0.056584,,
val,88,,68835.3,0.055091,0.003908,0.000032
train,89,2175616,68839.3,0.057376,,
train,89,2175716,68842.1,0.057565,,
train,89,2175816,68844.9,0.055862,,
train,89,2175916,68847.8,0.061006,,
train,89,2176016,68850.6,0.059436,,
train,89,2176116,68853.5,0.064225,,
train,89,2176216,68856.3,0.062610,,
train,89,2176316,68859.1,0.060898,,
train,89,2176416,68862.0,0.057748,,
train,89,2176516,68864.8,0.056379,,
train,89,2176616,68867.7,0.059461,,
train,89,2176716,68870.5,0.059844,,
train,89,2176816,68873.3,0.057266,,
train,89,2176916,68876.2,0.057600,,
train,89,2177016,68879.0,0.060239,,
train,89,2177116,68881.8,0.057880,,
train,89,2177216,68884.7,0.057736,,
train,89,2177316,68887.5,0.057823,,
train,89,2177416,68890.4,0.055771,,
train,89,2177516,68893.2,0.057445,,
train,89,2177616,68896.1,0.058453,,
train,89,2177716,68898.9,0.059110,,
train,89,2177816,68901.7,0.058353,,
train,89,2177916,68904.6,0.056864,,
train,89,2178016,68907.4,0.058967,,
train,89,2178116,68910.2,0.063531,,
train,89,2178216,68913.1,0.057370,,
train,89,2178316,68915.9,0.060430,,
train,89,2178416,68918.7,0.054775,,
train,89,2178516,68921.6,0.059325,,
train,89,2178616,68924.4,0.057077,,
train,89,2178716,68927.3,0.054926,,
train,89,2178816,68930.1,0.058958,,
train,89,2178916,68932.9,0.059033,,
train,89,2179016,68935.8,0.059986,,
train,89,2179116,68938.6,0.060302,,
train,89,2179216,68941.4,0.056683,,
train,89,2179316,68944.3,0.057667,,
train,89,2179416,68947.1,0.060041,,
train,89,2179516,68950.0,0.052851,,
train,89,2179616,68952.8,0.058076,,
train,89,2179716,68955.6,0.060694,,
train,89,2179816,68958.5,0.059211,,
train,89,2179916,68961.3,0.061129,,
train,89,2180016,68964.2,0.059381,,
train,89,2180116,68967.0,0.059675,,
train,89,2180216,68969.8,0.058375,,
train,89,2180316,68972.7,0.056170,,
train,89,2180416,68975.5,0.055773,,
train,89,2180516,68978.4,0.060126,,
train,89,2180616,68981.2,0.057502,,
train,89,2180716,68984.0,0.063370,,
train,89,2180816,68986.9,0.060506,,
train,89,2180916,68989.7,0.056741,,
train,89,2181016,68992.6,0.056047,,
train,89,2181116,68995.4,0.060059,,
train,89,2181216,68998.2,0.058409,,
train,89,2181316,69001.1,0.059022,,
train,89,2181416,69003.9,0.059688,,
train,89,2181516,69006.8,0.061658,,
train,89,2181616,69009.6,0.054722,,
train,89,2181716,69012.4,0.059049,,
train,89,2181816,69015.3,0.060064,,
train,89,2181916,69018.1,0.059942,,
train,89,2182016,69020.9,0.058334,,
train,89,2182116,69023.8,0.063831,,
train,89,2182216,69026.6,0.056681,,
train,89,2182316,69029.5,0.056164,,
train,89,2182416,69032.3,0.060119,,
train,89,2182516,69035.1,0.058533,,
train,89,2182616,69038.0,0.060999,,
train,89,2182716,69040.8,0.054622,,
train,89,2182816,69043.7,0.057028,,
train,89,2182916,69046.5,0.057311,,
train,89,2183016,69049.4,0.062527,,
train,89,2183116,69052.2,0.061170,,
train,89,2183216,69055.0,0.057778,,
train,89,2183316,69057.9,0.058567,,
train,89,2183416,69060.7,0.057706,,
train,89,2183516,69063.5,0.059652,,
train,89,2183616,69066.4,0.063276,,
train,89,2183716,69069.2,0.057064,,
train,89,2183816,69072.1,0.059103,,
train,89,2183916,69074.9,0.058241,,
train,89,2184016,69077.7,0.058043,,
train,89,2184116,69080.6,0.058883,,
train,89,2184216,69083.4,0.057413,,
train,89,2184316,69086.2,0.061178,,
train,89,2184416,69089.1,0.060515,,
train,89,2184516,69091.9,0.057907,,
train,89,2184616,69094.8,0.062726,,
train,89,2184716,69097.6,0.056646,,
train,89,2184816,69100.4,0.059482,,
train,89,2184916,69103.3,0.057362,,
train,89,2185016,69106.1,0.061116,,
train,89,2185116,69108.9,0.062745,,
train,89,2185216,69111.8,0.057806,,
train,89,2185316,69114.6,0.062252,,
train,89,2185416,69117.5,0.061406,,
train,89,2185516,69120.3,0.062313,,
train,89,2185616,69123.1,0.058477,,
train,89,2185716,69126.0,0.055067,,
train,89,2185816,69128.8,0.058890,,
train,89,2185916,69131.6,0.061920,,
train,89,2186016,69134.5,0.055032,,
train,89,2186116,69137.3,0.057259,,
train,89,2186216,69140.2,0.059729,,
train,89,2186316,69143.0,0.057853,,
train,89,2186416,69145.9,0.057834,,
train,89,2186516,69148.7,0.056960,,
train,89,2186616,69151.5,0.063180,,
train,89,2186716,69154.4,0.056848,,
train,89,2186816,69157.2,0.060090,,
train,89,2186916,69160.0,0.056645,,
train,89,2187016,69162.9,0.056663,,
train,89,2187116,69165.7,0.056128,,
train,89,2187216,69168.6,0.061868,,
train,89,2187316,69171.4,0.055102,,
train,89,2187416,69174.2,0.061363,,
train,89,2187516,69177.1,0.057919,,
train,89,2187616,69179.9,0.057256,,
train,89,2187716,69182.8,0.060187,,
train,89,2187816,69185.6,0.060026,,
train,89,2187916,69188.4,0.060554,,
train,89,2188016,69191.3,0.064634,,
train,89,2188116,69194.1,0.058249,,
train,89,2188216,69197.0,0.059938,,
train,89,2188316,69199.8,0.055933,,
train,89,2188416,69202.6,0.061089,,
train,89,2188516,69205.5,0.061053,,
train,89,2188616,69208.3,0.056631,,
train,89,2188716,69211.2,0.059539,,
train,89,2188816,69214.0,0.056968,,
train,89,2188916,69216.8,0.056239,,
train,89,2189016,69219.7,0.056988,,
train,89,2189116,69222.5,0.056515,,
train,89,2189216,69225.3,0.059366,,
train,89,2189316,69228.2,0.054652,,
train,89,2189416,69231.0,0.061574,,
train,89,2189516,69233.9,0.058580,,
train,89,2189616,69236.7,0.058292,,
train,89,2189716,69239.5,0.058679,,
train,89,2189816,69242.4,0.061802,,
train,89,2189916,69245.2,0.056270,,
train,89,2190016,69248.1,0.059533,,
train,89,2190116,69250.9,0.056939,,
train,89,2190216,69253.7,0.055517,,
train,89,2190316,69256.6,0.059243,,
train,89,2190416,69259.4,0.060538,,
train,89,2190516,69262.3,0.054504,,
train,89,2190616,69265.1,0.054078,,
train,89,2190716,69268.0,0.060715,,
train,89,2190816,69270.8,0.060232,,
train,89,2190916,69273.6,0.062700,,
train,89,2191016,69276.5,0.055770,,
train,89,2191116,69279.3,0.058612,,
train,89,2191216,69282.1,nan,,
train,89,2191316,69285.0,0.059170,,
train,89,2191416,69287.8,0.061648,,
train,89,2191516,69290.7,0.058373,,
train,89,2191616,69293.5,0.057863,,
train,89,2191716,69296.3,0.059485,,
train,89,2191816,69299.2,0.059016,,
train,89,2191916,69302.0,0.060453,,
train,89,2192016,69304.8,0.058757,,
train,89,2192116,69307.7,0.054786,,
train,89,2192216,69310.5,0.061098,,
train,89,2192316,69313.4,0.057479,,
train,89,2192416,69316.2,0.058231,,
train,89,2192516,69319.0,0.057797,,
train,89,2192616,69321.9,0.054924,,
train,89,2192716,69324.7,0.057808,,
train,89,2192816,69327.5,0.059512,,
train,89,2192916,69330.4,0.060284,,
train,89,2193016,69333.2,0.064991,,
train,89,2193116,69336.1,0.056849,,
train,89,2193216,69338.9,0.060595,,
train,89,2193316,69341.7,0.059677,,
train,89,2193416,69344.6,0.060199,,
train,89,2193516,69347.4,0.058664,,
train,89,2193616,69350.2,0.059367,,
train,89,2193716,69353.1,0.059505,,
train,89,2193816,69355.9,0.060527,,
train,89,2193916,69358.8,0.054955,,
train,89,2194016,69361.6,0.056826,,
train,89,2194116,69364.4,0.060183,,
train,89,2194216,69367.3,0.054008,,
train,89,2194316,69370.1,0.065078,,
train,89,2194416,69373.0,0.061925,,
train,89,2194516,69375.8,0.057090,,
train,89,2194616,69378.6,0.059047,,
train,89,2194716,69381.5,0.057420,,
train,89,2194816,69384.3,0.055631,,
train,89,2194916,69387.2,0.061747,,
train,89,2195016,69390.0,0.058703,,
train,89,2195116,69392.8,0.061189,,
train,89,2195216,69395.7,0.062493,,
train,89,2195316,69398.5,0.058194,,
train,89,2195416,69401.4,0.059490,,
train,89,2195516,69404.2,0.055133,,
train,89,2195616,69407.0,0.058914,,
train,89,2195716,69409.9,0.060826,,
train,89,2195816,69412.7,0.055554,,
train,89,2195916,69415.6,0.058599,,
train,89,2196016,69418.4,0.058462,,
train,89,2196116,69421.2,0.058598,,
train,89,2196216,69424.1,0.060101,,
train,89,2196316,69426.9,0.054170,,
train,89,2196416,69429.8,0.060959,,
train,89,2196516,69432.6,0.055499,,
train,89,2196616,69435.4,0.061220,,
train,89,2196716,69438.3,0.059799,,
train,89,2196816,69441.1,0.055491,,
train,89,2196916,69444.0,0.054701,,
train,89,2197016,69446.8,0.060291,,
train,89,2197116,69449.6,0.058731,,
train,89,2197216,69452.5,0.060642,,
train,89,2197316,69455.3,0.062419,,
train,89,2197416,69458.2,0.057216,,
train,89,2197516,69461.0,0.056239,,
train,89,2197616,69463.8,0.057298,,
train,89,2197716,69466.7,0.059010,,
train,89,2197816,69469.5,0.064127,,
train,89,2197916,69472.4,0.058664,,
train,89,2198016,69475.2,0.062784,,
train,89,2198116,69478.1,0.060998,,
train,89,2198216,69480.9,0.061241,,
train,89,2198316,69483.8,0.061526,,
train,89,2198416,69486.6,0.054520,,
train,89,2198516,69489.4,0.057672,,
train,89,2198616,69492.3,0.057253,,
train,89,2198716,69495.1,0.054221,,
train,89,2198816,69498.0,0.056437,,
train,89,2198916,69500.8,0.058537,,
train,89,2199016,69503.7,0.061324,,
train,89,2199116,69506.5,0.061567,,
train,89,2199216,69509.3,0.057178,,
train,89,2199316,69512.2,0.061854,,
train,89,2199416,69515.0,0.059295,,
train,89,2199516,69517.9,0.058711,,
train,89,2199616,69520.7,0.062160,,
train,89,2199716,69523.5,0.061887,,
train,89,2199816,69526.4,0.057870,,
train,89,2199916,69529.2,0.059633,,
val,89,,69608.4,0.055095,0.003908,0.000032
train,90,2200060,69612.0,0.055715,,
train,90,2200160,69614.9,0.058085,,
train,90,2200260,69617.7,0.059807,,
train,90,2200360,69620.5,0.060041,,
train,90,2200460,69623.4,0.055818,,
train,90,2200560,69626.2,0.057465,,
train,90,2200660,69629.1,0.062005,,
train,90,2200760,69631.9,0.056475,,
train,90,2200860,69634.8,0.061027,,
train,90,2200960,69637.6,0.058901,,
train,90,2201060,69640.4,0.059543,,
train,90,2201160,69643.3,0.058024,,
train,90,2201260,69646.1,0.055152,,
train,90,2201360,69649.0,0.058946,,
train,90,2201460,69651.8,0.058814,,
train,90,2201560,69654.6,0.057011,,
train,90,2201660,69657.5,0.060339,,
train,90,2201760,69660.3,0.059319,,
train,90,2201860,69663.2,0.061935,,
train,90,2201960,69666.0,0.056071,,
train,90,2202060,69668.9,0.059994,,
train,90,2202160,69671.7,0.055657,,
train,90,2202260,69674.5,0.057403,,
train,90,2202360,69677.4,0.061520,,
train,90,2202460,69680.2,0.058801,,
train,90,2202560,69683.1,0.060138,,
train,90,2202660,69685.9,0.059882,,
train,90,2202760,69688.7,0.059619,,
train,90,2202860,69691.6,0.059870,,
train,90,2202960,69694.4,0.059019,,
train,90,2203060,69697.2,0.056764,,
train,90,2203160,69700.1,0.057552,,
train,90,2203260,69702.9,0.059283,,
train,90,2203360,69705.8,0.057875,,
train,90,2203460,69708.6,0.059092,,
train,90,2203560,69711.4,0.055198,,
train,90,2203660,69714.3,0.058750,,
train,90,2203760,69717.1,0.061226,,
train,90,2203860,69720.0,0.057592,,
train,90,2203960,69722.8,0.060207,,
train,90,2204060,69725.6,0.057728,,
train,90,2204160,69728.5,0.056680,,
train,90,2204260,69731.3,0.058547,,
train,90,2204360,69734.1,0.058797,,
train,90,2204460,69737.0,0.057806,,
train,90,2204560,69739.8,0.058217,,
train,90,2204660,69742.7,0.062722,,
train,90,2204760,69745.5,0.058986,,
train,90,2204860,69748.3,0.059960,,
train,90,2204960,69751.2,0.057725,,
train,90,2205060,69754.0,0.056040,,
train,90,2205160,69756.9,0.057123,,
train,90,2205260,69759.7,0.060292,,
train,90,2205360,69762.5,0.058007,,
train,90,2205460,69765.4,0.054188,,
train,90,2205560,69768.2,0.058563,,
train,90,2205660,69771.1,0.056118,,
train,90,2205760,69773.9,0.058524,,
train,90,2205860,69776.7,0.056302,,
train,90,2205960,69779.6,0.058639,,
train,90,2206060,69782.4,0.065447,,
train,90,2206160,69785.3,0.059194,,
train,90,2206260,69788.1,0.058830,,
train,90,2206360,69791.0,0.058177,,
train,90,2206460,69793.8,0.056774,,
train,90,2206560,69796.6,0.060624,,
train,90,2206660,69799.5,0.056665,,
train,90,2206760,69802.3,0.058388,,
train,90,2206860,69805.2,0.057025,,
train,90,2206960,69808.0,0.056256,,
train,90,2207060,69810.8,0.058583,,
train,90,2207160,69813.7,0.060251,,
train,90,2207260,69816.5,0.061058,,
train,90,2207360,69819.4,0.054526,,
train,90,2207460,69822.2,0.063228,,
train,90,2207560,69825.1,0.056844,,
train,90,2207660,69827.9,0.058421,,
train,90,2207760,69830.7,0.062505,,
train,90,2207860,69833.6,0.058988,,
train,90,2207960,69836.4,0.056236,,
train,90,2208060,69839.3,0.056050,,
train,90,2208160,69842.1,0.060159,,
train,90,2208260,69845.0,0.059356,,
train,90,2208360,69847.8,0.054628,,
train,90,2208460,69850.6,0.060414,,
train,90,2208560,69853.5,0.055367,,
train,90,2208660,69856.3,0.057714,,
train,90,2208760,69859.2,0.058442,,
train,90,2208860,69862.0,0.055585,,
train,90,2208960,69864.9,0.057854,,
train,90,2209060,69867.7,0.060984,,
train,90,2209160,69870.5,0.056242,,
train,90,2209260,69873.4,0.060030,,
train,90,2209360,69876.2,0.056457,,
train,90,2209460,69879.1,0.056211,,
train,90,2209560,69881.9,0.056224,,
train,90,2209660,69884.8,0.058427,,
train,90,2209760,69887.6,0.063215,,
train,90,2209860,69890.4,0.058041,,
train,90,2209960,69893.3,0.059700,,
train,90,2210060,69896.1,0.057883,,
train,90,2210160,69899.0,0.056347,,
train,90,2210260,69901.8,0.056509,,
train,90,2210360,69904.6,0.058502,,
train,90,2210460,69907.5,0.054094,,
train,90,2210560,69910.3,0.054862,,
train,90,2210660,69913.2,0.063544,,
train,90,2210760,69916.0,0.055209,,
train,90,2210860,69918.9,0.055108,,
train,90,2210960,69921.7,0.062157,,
train,90,2211060,69924.5,0.056620,,
train,90,2211160,69927.4,0.058249,,
train,90,2211260,69930.2,0.057591,,
train,90,2211360,69933.1,0.058788,,
train,90,2211460,69935.9,0.059684,,
train,90,2211560,69938.7,0.063203,,
train,90,2211660,69941.6,0.055523,,
train,90,2211760,69944.4,0.060275,,
train,90,2211860,69947.3,0.061989,,
train,90,2211960,69950.1,0.060974,,
train,90,2212060,69952.9,0.058983,,
train,90,2212160,69955.8,0.064080,,
train,90,2212260,69958.6,0.060255,,
train,90,2212360,69961.5,0.061757,,
train,90,2212460,69964.3,0.060490,,
train,90,2212560,69967.2,0.062574,,
train,90,2212660,69970.0,0.062432,,
train,90,2212760,69972.8,0.059553,,
train,90,2212860,69975.7,0.057446,,
train,90,2212960,69978.5,0.058928,,
train,90,2213060,69981.4,0.057786,,
train,90,2213160,69984.2,0.059258,,
train,90,2213260,69987.0,0.058399,,
train,90,2213360,69989.9,0.058764,,
train,90,2213460,69992.7,0.055208,,
train,90,2213560,69995.6,0.062628,,
train,90,2213660,69998.4,0.060215,,
train,90,2213760,70001.3,0.055564,,
train,90,2213860,70004.1,0.059982,,
train,90,2213960,70006.9,0.061514,,
train,90,2214060,70009.8,0.061475,,
train,90,2214160,70012.6,0.056677,,
train,90,2214260,70015.5,0.055366,,
train,90,2214360,70018.3,0.061203,,
train,90,2214460,70021.1,0.057553,,
train,90,2214560,70024.0,0.054875,,
train,90,2214660,70026.8,0.056725,,
train,90,2214760,70029.7,0.060436,,
train,90,2214860,70032.5,0.058984,,
train,90,2214960,70035.3,0.056094,,
train,90,2215060,70038.2,0.054284,,
train,90,2215160,70041.0,0.054729,,
train,90,2215260,70043.9,0.059414,,
train,90,2215360,70046.7,0.057057,,
train,90,2215460,70049.6,0.057240,,
train,90,2215560,70052.4,0.061672,,
train,90,2215660,70055.2,0.054364,,
train,90,2215760,70058.1,0.058182,,
train,90,2215860,70060.9,0.056951,,
train,90,2215960,70063.8,0.057819,,
train,90,2216060,70066.6,0.060407,,
train,90,2216160,70069.4,0.058713,,
train,90,2216260,70072.3,0.057216,,
train,90,2216360,70075.1,0.056261,,
train,90,2216460,70078.0,0.059528,,
train,90,2216560,70080.8,0.056154,,
train,90,2216660,70083.6,0.060544,,
train,90,2216760,70086.5,0.056956,,
train,90,2216860,70089.3,0.063040,,
train,90,2216960,70092.2,0.061410,,
train,90,2217060,70095.0,0.057823,,
train,90,2217160,70097.8,0.059327,,
train,90,2217260,70100.7,0.057833,,
train,90,2217360,70103.5,0.056683,,
train,90,2217460,70106.3,0.060370,,
train,90,2217560,70109.2,0.059537,,
train,90,2217660,70112.0,0.053314,,
train,90,2217760,70114.9,0.059050,,
train,90,2217860,70117.7,0.062638,,
train,90,2217960,70120.6,0.058819,,
train,90,2218060,70123.4,0.058763,,
train,90,2218160,70126.2,0.058038,,
train,90,2218260,70129.1,0.058702,,
train,90,2218360,70131.9,0.059568,,
train,90,2218460,70134.8,0.060172,,
train,90,2218560,70137.6,0.060877,,
train,90,2218660,70140.4,0.060174,,
train,90,2218760,70143.3,0.061083,,
train,90,2218860,70146.1,0.061607,,
train,90,2218960,70149.0,0.053523,,
train,90,2219060,70151.8,0.057256,,
train,90,2219160,70154.6,nan,,
train,90,2219260,70157.5,0.057406,,
train,90,2219360,70160.3,0.058899,,
train,90,2219460,70163.2,0.059417,,
train,90,2219560,70166.0,0.058281,,
train,90,2219660,70168.8,0.061597,,
train,90,2219760,70171.7,0.062100,,
train,90,2219860,70174.5,0.061982,,
train,90,2219960,70177.4,0.056014,,
train,90,2220060,70180.2,0.059073,,
train,90,2220160,70183.0,0.061719,,
train,90,2220260,70185.9,0.057081,,
train,90,2220360,70188.7,0.056998,,
train,90,2220460,70191.6,0.058598,,
train,90,2220560,70194.4,0.060624,,
train,90,2220660,70197.3,0.059675,,
train,90,2220760,70200.1,0.059974,,
train,90,2220860,70202.9,0.058951,,
train,90,2220960,70205.8,0.060489,,
train,90,2221060,70208.6,0.054183,,
train,90,2221160,70211.5,0.061602,,
train,90,2221260,70214.3,0.058426,,
train,90,2221360,70217.2,0.060228,,
train,90,2221460,70220.1,0.053507,,
train,90,2221560,70222.9,0.057038,,
train,90,2221660,70225.8,0.056666,,
train,90,2221760,70228.6,0.056124,,
train,90,2221860,70231.5,0.055825,,
train,90,2221960,70234.3,0.057101,,
train,90,2222060,70237.1,0.061433,,
train,90,2222160,70240.0,0.056583,,
train,90,2222260,70242.8,0.056941,,
train,90,2222360,70245.7,0.060960,,
train,90,2222460,70248.5,0.060206,,
train,90,2222560,70251.4,0.060685,,
train,90,2222660,70254.2,0.060210,,
train,90,2222760,70257.1,0.059345,,
train,90,2222860,70259.9,0.058648,,
train,90,2222960,70262.8,0.062700,,
train,90,2223060,70265.6,0.060121,,
train,90,2223160,70268.4,0.062496,,
train,90,2223260,70271.3,0.059998,,
train,90,2223360,70274.1,0.060560,,
train,90,2223460,70277.0,0.062747,,
train,90,2223560,70279.8,0.058561,,
train,90,2223660,70282.6,0.055998,,
train,90,2223760,70285.5,0.059113,,
train,90,2223860,70288.3,0.058074,,
train,90,2223960,70291.2,0.059982,,
train,90,2224060,70294.0,0.058664,,
train,90,2224160,70296.8,0.054143,,
train,90,2224260,70299.7,0.061431,,
train,90,2224360,70302.5,0.061826,,
val,90,,70381.6,0.055046,0.003906,0.000032
train,91,2224504,70385.6,0.057839,,
train,91,2224604,70388.5,0.053662,,
train,91,2224704,70391.3,0.062188,,
train,91,2224804,70394.2,0.061247,,
train,91,2224904,70397.0,0.058660,,
train,91,2225004,70399.8,0.058038,,
train,91,2225104,70402.7,0.060688,,
train,91,2225204,70405.5,0.055056,,
train,91,2225304,70408.4,0.057956,,
train,91,2225404,70411.2,0.060183,,
train,91,2225504,70414.1,0.060386,,
train,91,2225604,70416.9,0.056890,,
train,91,2225704,70419.7,0.058911,,
train,91,2225804,70422.6,0.057613,,
train,91,2225904,70425.4,0.058262,,
train,91,2226004,70428.3,0.058826,,
train,91,2226104,70431.1,0.061760,,
train,91,2226204,70433.9,0.061930,,
train,91,2226304,70436.8,0.056695,,
train,91,2226404,70439.6,0.057941,,
train,91,2226504,70442.5,0.056452,,
train,91,2226604,70445.3,0.061129,,
train,91,2226704,70448.2,0.057407,,
train,91,2226804,70451.0,0.061932,,
train,91,2226904,70453.8,0.058590,,
train,91,2227004,70456.7,0.055780,,
train,91,2227104,70459.5,0.057412,,
train,91,2227204,70462.4,0.059314,,
train,91,2227304,70465.2,0.060816,,
train,91,2227404,70468.0,0.054430,,
train,91,2227504,70470.9,0.053698,,
train,91,2227604,70473.7,0.059608,,
train,91,2227704,70476.5,0.054309,,
train,91,2227804,70479.4,0.061097,,
train,91,2227904,70482.2,0.060576,,
train,91,2228004,70485.1,0.061707,,
train,91,2228104,70487.9,0.059523,,
train,91,2228204,70490.7,0.063341,,
train,91,2228304,70493.6,0.055245,,
train,91,2228404,70496.4,0.058977,,
train,91,2228504,70499.3,0.059081,,
train,91,2228604,70502.1,0.055432,,
train,91,2228704,70505.0,0.058846,,
train,91,2228804,70507.8,0.056786,,
train,91,2228904,70510.7,0.057524,,
train,91,2229004,70513.5,0.057238,,
train,91,2229104,70516.4,0.058744,,
train,91,2229204,70519.2,0.056067,,
train,91,2229304,70522.0,0.060303,,
train,91,2229404,70524.9,0.053907,,
train,91,2229504,70527.7,0.060155,,
train,91,2229604,70530.6,0.060465,,
train,91,2229704,70533.4,0.058890,,
train,91,2229804,70536.2,0.060965,,
train,91,2229904,70539.1,0.057898,,
train,91,2230004,70541.9,0.056935,,
train,91,2230104,70544.7,0.056635,,
train,91,2230204,70547.6,0.058130,,
train,91,2230304,70550.4,0.050788,,
train,91,2230404,70553.3,0.057067,,
train,91,2230504,70556.1,0.057418,,
train,91,2230604,70558.9,0.059602,,
train,91,2230704,70561.8,0.061048,,
train,91,2230804,70564.6,0.056248,,
train,91,2230904,70567.5,0.055262,,
train,91,2231004,70570.3,0.060240,,
train,91,2231104,70573.1,0.056660,,
train,91,2231204,70576.0,0.062744,,
train,91,2231304,70578.8,0.058864,,
train,91,2231404,70581.7,0.057986,,
train,91,2231504,70584.5,0.059778,,
train,91,2231604,70587.4,0.058484,,
train,91,2231704,70590.2,0.060412,,
train,91,2231804,70593.0,0.058058,,
train,91,2231904,70595.9,0.054878,,
train,91,2232004,70598.7,0.057333,,
train,91,2232104,70601.6,0.059470,,
train,91,2232204,70604.4,0.059568,,
train,91,2232304,70607.3,0.055738,,
train,91,2232404,70610.1,0.059604,,
train,91,2232504,70612.9,0.059962,,
train,91,2232604,70615.8,0.056426,,
train,91,2232704,70618.6,0.058374,,
train,91,2232804,70621.5,0.057523,,
train,91,2232904,70624.3,0.054943,,
train,91,2233004,70627.1,0.059257,,
train,91,2233104,70630.0,0.060929,,
train,91,2233204,70632.8,0.060206,,
train,91,2233304,70635.7,0.057861,,
train,91,2233404,70638.5,0.059215,,
train,91,2233504,70641.3,0.058558,,
train,91,2233604,70644.2,0.061881,,
train,91,2233704,70647.0,0.056831,,
train,91,2233804,70649.9,0.056837,,
train,91,2233904,70652.7,0.058141,,
train,91,2234004,70655.5,0.058507,,
train,91,2234104,70658.4,0.056098,,
train,91,2234204,70661.2,0.061810,,
train,91,2234304,70664.2,0.058596,,
train,91,2234404,70667.2,0.054866,,
train,91,2234504,70670.0,0.056395,,
train,91,2234604,70672.9,0.057753,,
train,91,2234704,70675.7,0.056618,,
train,91,2234804,70678.5,0.057426,,
train,91,2234904,70681.4,0.059308,,
train,91,2235004,70684.2,0.060477,,
train,91,2235104,70687.1,0.061912,,
train,91,2235204,70689.9,0.053862,,
train,91,2235304,70692.7,0.060996,,
train,91,2235404,70695.6,0.061768,,
train,91,2235504,70698.4,0.058501,,
train,91,2235604,70701.3,0.057821,,
train,91,2235704,70704.1,0.061066,,
train,91,2235804,70706.9,0.058107,,
train,91,2235904,70709.8,0.053353,,
train,91,2236004,70712.6,0.060104,,
train,91,2236104,70715.5,0.057594,,
train,91,2236204,70718.3,0.056076,,
train,91,2236304,70721.1,0.055975,,
train,91,2236404,70724.0,0.060245,,
train,91,2236504,70726.8,0.062788,,
train,91,2236604,70729.7,0.057254,,
train,91,2236704,70732.5,0.056714,,
train,91,2236804,70735.3,0.054869,,
train,91,2236904,70738.2,0.058811,,
train,91,2237004,70741.0,0.060036,,
train,91,2237104,70743.9,0.057654,,
train,91,2237204,70746.7,0.057817,,
train,91,2237304,70749.6,0.059741,,
train,91,2237404,70752.4,0.063220,,
train,91,2237504,70755.2,0.060657,,
train,91,2237604,70758.1,0.059126,,
train,91,2237704,70760.9,0.061446,,
train,91,2237804,70763.7,0.057503,,
train,91,2237904,70766.6,0.059263,,
train,91,2238004,70769.4,0.055731,,
train,91,2238104,70772.3,0.057543,,
train,91,2238204,70775.1,0.058439,,
train,91,2238304,70777.9,0.058898,,
train,91,2238404,70780.8,0.054321,,
train,91,2238504,70783.6,0.057202,,
train,91,2238604,70786.5,0.061345,,
train,91,2238704,70789.3,0.063817,,
train,91,2238804,70792.1,0.057861,,
train,91,2238904,70795.0,0.059690,,
train,91,2239004,70797.8,0.058416,,
train,91,2239104,70800.7,0.059521,,
train,91,2239204,70803.5,0.063091,,
train,91,2239304,70806.4,0.057175,,
train,91,2239404,70809.2,0.060310,,
train,91,2239504,70812.0,0.062695,,
train,91,2239604,70814.9,0.058143,,
train,91,2239704,70817.7,0.060080,,
train,91,2239804,70820.6,0.058358,,
train,91,2239904,70823.4,0.060387,,
train,91,2240004,70826.2,0.059941,,
train,91,2240104,70829.1,0.059096,,
train,91,2240204,70832.2,0.057587,,
train,91,2240304,70835.4,0.053980,,
train,91,2240404,70838.2,0.056574,,
train,91,2240504,70841.1,0.057054,,
train,91,2240604,70843.9,0.059494,,
train,91,2240704,70846.7,0.062877,,
train,91,2240804,70849.6,0.060928,,
train,91,2240904,70852.4,0.061167,,
train,91,2241004,70855.3,0.056009,,
train,91,2241104,70858.1,0.058784,,
train,91,2241204,70861.0,0.059507,,
train,91,2241304,70863.8,0.061495,,
train,91,2241404,70866.6,0.058546,,
train,91,2241504,70869.5,0.060891,,
train,91,2241604,70872.3,0.059155,,
train,91,2241704,70875.2,0.059491,,
train,91,2241804,70878.0,0.061228,,
train,91,2241904,70880.8,nan,,
train,91,2242004,70883.7,0.058460,,
train,91,2242104,70886.5,0.060554,,
train,91,2242204,70889.4,0.057357,,
train,91,2242304,70892.2,0.058653,,
train,91,2242404,70895.0,0.057822,,
train,91,2242504,70897.9,0.056806,,
train,91,2242604,70900.7,0.063073,,
train,91,2242704,70903.6,0.060647,,
train,91,2242804,70906.4,0.059126,,
train,91,2242904,70909.3,0.060929,,
train,91,2243004,70912.1,0.056961,,
train,91,2243104,70914.9,0.056164,,
train,91,2243204,70917.8,0.057325,,
train,91,2243304,70920.6,0.060668,,
train,91,2243404,70923.5,0.063803,,
train,91,2243504,70926.3,0.057184,,
train,91,2243604,70929.1,0.053007,,
train,91,2243704,70932.0,0.060635,,
train,91,2243804,70934.8,0.062056,,
train,91,2243904,70937.7,0.057794,,
train,91,2244004,70940.5,0.062239,,
train,91,2244104,70943.3,0.058315,,
train,91,2244204,70946.2,0.055724,,
train,91,2244304,70949.0,0.060784,,
train,91,2244404,70951.9,0.059690,,
train,91,2244504,70954.7,0.064883,,
train,91,2244604,70957.5,0.057663,,
train,91,2244704,70960.4,0.061529,,
train,91,2244804,70963.2,0.056844,,
train,91,2244904,70966.1,0.061585,,
train,91,2245004,70968.9,0.057295,,
train,91,2245104,70971.7,0.060896,,
train,91,2245204,70974.6,0.056186,,
train,91,2245304,70977.4,0.057117,,
train,91,2245404,70980.3,0.061855,,
train,91,2245504,70983.1,0.064296,,
train,91,2245604,70985.9,0.056195,,
train,91,2245704,70988.8,0.055464,,
train,91,2245804,70991.6,0.059930,,
train,91,2245904,70994.5,0.056839,,
train,91,2246004,70997.3,0.058716,,
train,91,2246104,71000.2,0.060479,,
train,91,2246204,71003.0,0.057380,,
train,91,2246304,71005.9,0.059952,,
train,91,2246404,71008.7,0.059692,,
train,91,2246504,71011.5,0.058294,,
train,91,2246604,71014.4,0.064607,,
train,91,2246704,71017.2,0.061862,,
train,91,2246804,71020.1,0.061466,,
train,91,2246904,71022.9,0.058087,,
train,91,2247004,71025.7,0.058397,,
train,91,2247104,71028.6,0.059658,,
train,91,2247204,71031.4,0.056325,,
train,91,2247304,71034.3,0.065044,,
train,91,2247404,71037.1,0.057075,,
train,91,2247504,71039.9,0.056240,,
train,91,2247604,71042.8,0.065074,,
train,91,2247704,71045.6,0.055536,,
train,91,2247804,71048.5,0.057653,,
train,91,2247904,71051.3,0.061226,,
train,91,2248004,71054.1,0.056360,,
train,91,2248104,71057.0,0.057003,,
train,91,2248204,71059.8,0.056713,,
train,91,2248304,71062.7,0.059316,,
train,91,2248404,71065.5,0.061359,,
train,91,2248504,71068.3,0.061198,,
train,91,2248604,71071.2,0.059046,,
train,91,2248704,71074.0,0.058517,,
train,91,2248804,71076.9,0.060177,,
val,91,,71158.0,0.055260,0.003905,0.000032
train,92,2248948,71161.6,0.060929,,
train,92,2249048,71164.4,0.058828,,
train,92,2249148,71167.3,0.056083,,
train,92,2249248,71170.1,0.057958,,
train,92,2249348,71173.0,0.058119,,
train,92,2249448,71175.8,0.059668,,
train,92,2249548,71178.6,0.055943,,
train,92,2249648,71181.5,0.059488,,
train,92,2249748,71184.3,0.058376,,
train,92,2249848,71187.2,0.058668,,
train,92,2249948,71190.0,0.060994,,
train,92,2250048,71192.9,0.057725,,
train,92,2250148,71195.7,0.062441,,
train,92,2250248,71198.5,0.057563,,
train,92,2250348,71201.4,0.061447,,
train,92,2250448,71204.2,0.058276,,
train,92,2250548,71207.1,0.055032,,
train,92,2250648,71209.9,0.059757,,
train,92,2250748,71212.7,0.053215,,
train,92,2250848,71215.6,0.054871,,
train,92,2250948,71218.4,0.059269,,
train,92,2251048,71221.3,0.061550,,
train,92,2251148,71224.1,0.060289,,
train,92,2251248,71226.9,0.056469,,
train,92,2251348,71229.8,0.060131,,
train,92,2251448,71232.6,0.059449,,
train,92,2251548,71235.5,0.057587,,
train,92,2251648,71238.3,0.060543,,
train,92,2251748,71241.1,0.057784,,
train,92,2251848,71244.0,0.059264,,
train,92,2251948,71246.8,0.056076,,
train,92,2252048,71249.7,0.060742,,
train,92,2252148,71252.5,0.058792,,
train,92,2252248,71255.3,0.058831,,
train,92,2252348,71258.2,0.058703,,
train,92,2252448,71261.0,0.059327,,
train,92,2252548,71263.9,0.054262,,
train,92,2252648,71266.7,0.058844,,
train,92,2252748,71269.5,0.057719,,
train,92,2252848,71272.4,0.059363,,
train,92,2252948,71275.2,0.056967,,
train,92,2253048,71278.0,0.057517,,
train,92,2253148,71280.9,0.056334,,
train,92,2253248,71283.7,0.058371,,
train,92,2253348,71286.6,0.057741,,
train,92,2253448,71289.4,0.056199,,
train,92,2253548,71292.3,0.056967,,
train,92,2253648,71295.1,0.060011,,
train,92,2253748,71298.0,0.061955,,
train,92,2253848,71300.8,0.061302,,
train,92,2253948,71303.6,0.061479,,
train,92,2254048,71306.5,0.059729,,
train,92,2254148,71309.3,0.059227,,
train,92,2254248,71312.2,0.056469,,
train,92,2254348,71315.1,0.060618,,
train,92,2254448,71317.9,0.058707,,
train,92,2254548,71320.8,0.056087,,
train,92,2254648,71323.6,0.058901,,
train,92,2254748,71326.4,0.060242,,
train,92,2254848,71329.3,0.062807,,
train,92,2254948,71332.1,0.061553,,
train,92,2255048,71335.0,0.055992,,
train,92,2255148,71337.8,0.057100,,
train,92,2255248,71340.6,0.064397,,
train,92,2255348,71343.5,0.057857,,
train,92,2255448,71346.3,0.056412,,
train,92,2255548,71349.1,0.058678,,
train,92,2255648,71352.0,0.057477,,
train,92,2255748,71354.8,0.056340,,
train,92,2255848,71357.7,0.056846,,
train,92,2255948,71360.5,0.060943,,
train,92,2256048,71363.3,0.055457,,
train,92,2256148,71366.2,0.059141,,
train,92,2256248,71369.0,0.059511,,
train,92,2256348,71371.9,0.058675,,
train,92,2256448,71374.7,0.058578,,
train,92,2256548,71377.5,0.058550,,
train,92,2256648,71380.4,0.063198,,
train,92,2256748,71383.2,0.056292,,
train,92,2256848,71386.1,0.057386,,
train,92,2256948,71388.9,0.061681,,
train,92,2257048,71391.7,0.057527,,
train,92,2257148,71394.6,0.055588,,
train,92,2257248,71397.4,0.060199,,
train,92,2257348,71400.3,0.057520,,
train,92,2257448,71403.1,0.055241,,
train,92,2257548,71405.9,0.060563,,
train,92,2257648,71408.8,0.060565,,
train,92,2257748,71411.6,0.057172,,
train,92,2257848,71414.5,0.062306,,
train,92,2257948,71417.3,0.061440,,
train,92,2258048,71420.1,0.062481,,
train,92,2258148,71423.0,0.057087,,
train,92,2258248,71425.8,0.059351,,
train,92,2258348,71428.7,0.055272,,
train,92,2258448,71431.5,0.056435,,
train,92,2258548,71434.3,0.059028,,
train,92,2258648,71437.2,0.059694,,
train,92,2258748,71440.0,0.057917,,
train,92,2258848,71442.9,0.059865,,
train,92,2258948,71445.7,0.056680,,
train,92,2259048,71448.5,0.060300,,
train,92,2259148,71451.4,0.057130,,
train,92,2259248,71454.2,0.060770,,
train,92,2259348,71457.0,0.057628,,
train,92,2259448,71459.9,0.056294,,
train,92,2259548,71462.7,0.054263,,
train,92,2259648,71465.6,0.057272,,
train,92,2259748,71468.4,0.061720,,
train,92,2259848,71471.3,0.061825,,
train,92,2259948,71474.1,0.058781,,
train,92,2260048,71476.9,0.059949,,
train,92,2260148,71479.8,0.059157,,
train,92,2260248,71482.6,0.058851,,
train,92,2260348,71485.5,0.059298,,
train,92,2260448,71488.3,0.060210,,
train,92,2260548,71491.1,0.056089,,
train,92,2260648,71494.0,0.057476,,
train,92,2260748,71496.8,0.057835,,
train,92,2260848,71499.7,0.063502,,
train,92,2260948,71502.5,0.060570,,
train,92,2261048,71505.3,0.061360,,
train,92,2261148,71508.2,0.058511,,
train,92,2261248,71511.0,0.060250,,
train,92,2261348,71513.9,0.059153,,
train,92,2261448,71516.7,0.060630,,
train,92,2261548,71519.5,0.060409,,
train,92,2261648,71522.4,0.060814,,
train,92,2261748,71525.2,0.056662,,
train,92,2261848,71528.1,0.055780,,
train,92,2261948,71530.9,0.061910,,
train,92,2262048,71533.8,0.062786,,
train,92,2262148,71536.6,0.055692,,
train,92,2262248,71539.5,0.059842,,
train,92,2262348,71542.3,0.059962,,
train,92,2262448,71545.1,0.060925,,
train,92,2262548,71548.0,0.057554,,
train,92,2262648,71550.8,0.059004,,
train,92,2262748,71553.7,0.057212,,
train,92,2262848,71556.5,0.058822,,
train,92,2262948,71559.4,0.060612,,
train,92,2263048,71562.2,0.056152,,
train,92,2263148,71565.0,0.057726,,
train,92,2263248,71567.9,0.060885,,
train,92,2263348,71570.7,0.059806,,
train,92,2263448,71573.6,0.060889,,
train,92,2263548,71576.4,0.062015,,
train,92,2263648,71579.3,0.054780,,
train,92,2263748,71582.1,0.059810,,
train,92,2263848,71584.9,0.057376,,
train,92,2263948,71587.8,0.057476,,
train,92,2264048,71590.6,0.056498,,
train,92,2264148,71593.5,0.061301,,
train,92,2264248,71596.3,0.059188,,
train,92,2264348,71599.2,nan,,
train,92,2264448,71602.0,0.060046,,
train,92,2264548,71604.8,0.056470,,
train,92,2264648,71607.7,0.059111,,
train,92,2264748,71610.5,0.055048,,
train,92,2264848,71613.4,0.059378,,
train,92,2264948,71616.2,0.057813,,
train,92,2265048,71619.1,0.059814,,
train,92,2265148,71621.9,0.059582,,
train,92,2265248,71624.7,0.056661,,
train,92,2265348,71627.6,0.057043,,
train,92,2265448,71630.4,0.057936,,
train,92,2265548,71633.3,0.056660,,
train,92,2265648,71636.1,0.056597,,
train,92,2265748,71638.9,0.056683,,
train,92,2265848,71641.8,0.057585,,
train,92,2265948,71644.6,0.059874,,
train,92,2266048,71647.5,0.061405,,
train,92,2266148,71650.3,0.061167,,
train,92,2266248,71653.1,0.058397,,
train,92,2266348,71656.0,0.057095,,
train,92,2266448,71658.8,0.059241,,
train,92,2266548,71661.7,0.059614,,
train,92,2266648,71664.5,0.062175,,
train,92,2266748,71667.3,0.062003,,
train,92,2266848,71670.2,0.057472,,
train,92,2266948,71673.0,0.061568,,
train,92,2267048,71675.9,0.054206,,
train,92,2267148,71678.7,0.058578,,
train,92,2267248,71681.5,0.059124,,
train,92,2267348,71684.4,0.062173,,
train,92,2267448,71687.2,0.062856,,
train,92,2267548,71690.0,0.056174,,
train,92,2267648,71692.9,0.059365,,
train,92,2267748,71695.7,0.058635,,
train,92,2267848,71698.6,0.060706,,
train,92,2267948,71701.4,0.054700,,
train,92,2268048,71704.7,0.061137,,
train,92,2268148,71708.2,0.056094,,
train,92,2268248,71711.1,0.058286,,
train,92,2268348,71713.9,0.053841,,
train,92,2268448,71716.7,0.065534,,
train,92,2268548,71719.6,0.057132,,
train,92,2268648,71722.4,0.061033,,
train,92,2268748,71725.3,0.058702,,
train,92,2268848,71728.1,0.057720,,
train,92,2268948,71730.9,0.058386,,
train,92,2269048,71733.8,0.063443,,
train,92,2269148,71736.6,0.060405,,
train,92,2269248,71739.5,0.060923,,
train,92,2269348,71742.3,0.060196,,
train,92,2269448,71745.1,0.057454,,
train,92,2269548,71748.0,0.057414,,
train,92,2269648,71750.8,0.054471,,
train,92,2269748,71753.7,0.060964,,
train,92,2269848,71756.5,0.066036,,
train,92,2269948,71759.4,0.055483,,
train,92,2270048,71762.2,0.058851,,
train,92,2270148,71765.0,0.058596,,
train,92,2270248,71767.9,0.058367,,
train,92,2270348,71770.7,0.056450,,
train,92,2270448,71773.6,0.058758,,
train,92,2270548,71776.4,0.053902,,
train,92,2270648,71779.3,0.063867,,
train,92,2270748,71782.1,0.057039,,
train,92,2270848,71784.9,0.060682,,
train,92,2270948,71787.8,0.058530,,
train,92,2271048,71790.6,0.058927,,
train,92,2271148,71793.5,0.061035,,
train,92,2271248,71796.3,0.060783,,
train,92,2271348,71799.2,0.053743,,
train,92,2271448,71802.0,0.055145,,
train,92,2271548,71804.8,0.058984,,
train,92,2271648,71807.7,0.052147,,
train,92,2271748,71810.5,0.053698,,
train,92,2271848,71813.4,0.060157,,
train,92,2271948,71816.2,0.061295,,
train,92,2272048,71819.0,0.057819,,
train,92,2272148,71821.9,0.058030,,
train,92,2272248,71824.7,0.057639,,
train,92,2272348,71827.5,0.057065,,
train,92,2272448,71830.4,0.061302,,
train,92,2272548,71833.2,0.056429,,
train,92,2272648,71836.1,0.059739,,
train,92,2272748,71838.9,0.057328,,
train,92,2272848,71841.7,0.059253,,
train,92,2272948,71844.6,0.056203,,
train,92,2273048,71847.4,0.056606,,
train,92,2273148,71850.2,0.060113,,
train,92,2273248,71853.1,0.056342,,
val,92,,71932.2,0.055026,0.003905,0.000032
train,93,2273392,71936.2,0.053321,,
train,93,2273492,71939.1,0.059754,,
train,93,2273592,71941.9,0.054372,,
train,93,2273692,71944.7,0.060770,,
train,93,2273792,71947.6,0.057662,,
train,93,2273892,71950.4,0.058538,,
train,93,2273992,71953.3,0.058290,,
train,93,2274092,71956.1,0.055906,,
train,93,2274192,71959.0,0.060052,,
train,93,2274292,71961.8,0.056523,,
train,93,2274392,71964.7,0.059459,,
train,93,2274492,71967.5,0.059109,,
train,93,2274592,71970.3,0.059857,,
train,93,2274692,71973.2,0.055464,,
train,93,2274792,71976.0,0.054887,,
train,93,2274892,71978.9,0.057283,,
train,93,2274992,71981.7,0.053578,,
train,93,2275092,71984.6,0.059881,,
train,93,2275192,71987.4,0.056073,,
train,93,2275292,71990.2,0.057620,,
train,93,2275392,71993.1,0.058403,,
train,93,2275492,71995.9,0.059312,,
train,93,2275592,71998.8,0.058732,,
train,93,2275692,72001.6,0.056640,,
train,93,2275792,72004.5,0.055705,,
train,93,2275892,72007.3,0.061904,,
train,93,2275992,72010.1,0.060856,,
train,93,2276092,72013.0,0.056259,,
train,93,2276192,72015.8,0.058867,,
train,93,2276292,72018.7,0.055593,,
train,93,2276392,72021.5,0.060224,,
train,93,2276492,72024.3,0.055598,,
train,93,2276592,72027.2,0.061424,,
train,93,2276692,72030.1,0.058071,,
train,93,2276792,72032.9,0.059595,,
train,93,2276892,72035.8,0.059022,,
train,93,2276992,72038.6,0.059434,,
train,93,2277092,72041.4,0.059711,,
train,93,2277192,72044.3,0.058441,,
train,93,2277292,72047.1,0.057343,,
train,93,2277392,72050.0,0.059630,,
train,93,2277492,72052.8,0.061662,,
train,93,2277592,72055.7,0.058115,,
train,93,2277692,72058.5,0.060870,,
train,93,2277792,72061.4,0.056602,,
train,93,2277892,72064.2,0.059008,,
train,93,2277992,72067.1,0.064398,,
train,93,2278092,72069.9,0.057526,,
train,93,2278192,72072.7,0.058762,,
train,93,2278292,72075.6,0.060843,,
train,93,2278392,72078.4,0.059402,,
train,93,2278492,72081.3,0.057547,,
train,93,2278592,72084.1,0.057282,,
train,93,2278692,72086.9,0.057261,,
train,93,2278792,72089.8,0.055673,,
train,93,2278892,72092.6,0.057723,,
train,93,2278992,72095.5,0.056614,,
train,93,2279092,72098.3,0.058894,,
train,93,2279192,72101.2,0.055743,,
train,93,2279292,72104.0,0.061225,,
train,93,2279392,72106.8,0.059716,,
train,93,2279492,72109.7,0.058481,,
train,93,2279592,72112.5,0.060293,,
train,93,2279692,72115.4,0.059275,,
train,93,2279792,72118.2,0.061012,,
train,93,2279892,72121.1,0.053401,,
train,93,2279992,72123.9,0.062417,,
train,93,2280092,72126.7,0.056244,,
train,93,2280192,72129.6,0.062087,,
train,93,2280292,72132.4,0.059030,,
train,93,2280392,72135.3,0.058352,,
train,93,2280492,72138.1,0.058474,,
train,93,2280592,72141.0,0.057066,,
train,93,2280692,72143.8,0.058809,,
train,93,2280792,72146.7,0.063232,,
train,93,2280892,72149.5,0.059677,,
train,93,2280992,72152.3,0.055861,,
train,93,2281092,72155.2,0.060311,,
train,93,2281192,72158.0,0.058884,,
train,93,2281292,72160.9,0.059248,,
train,93,2281392,72163.7,0.052693,,
train,93,2281492,72166.6,0.058368,,
train,93,2281592,72169.4,0.056440,,
train,93,2281692,72172.3,0.059341,,
train,93,2281792,72175.1,0.060533,,
train,93,2281892,72177.9,0.059833,,
train,93,2281992,72180.8,0.061047,,
train,93,2282092,72183.6,0.056906,,
train,93,2282192,72186.5,0.059910,,
train,93,2282292,72189.3,0.057742,,
train,93,2282392,72192.2,0.056669,,
train,93,2282492,72195.0,0.061684,,
train,93,2282592,72197.9,0.059971,,
train,93,2282692,72200.8,0.057682,,
train,93,2282792,72203.7,0.058046,,
train,93,2282892,72206.6,0.059636,,
train,93,2282992,72209.4,0.055245,,
train,93,2283092,72212.3,0.061937,,
train,93,2283192,72215.1,0.059468,,
train,93,2283292,72217.9,0.055977,,
train,93,2283392,72220.8,0.057678,,
train,93,2283492,72223.6,0.065317,,
train,93,2283592,72226.5,0.060807,,
train,93,2283692,72229.3,0.057646,,
train,93,2283792,72232.1,0.056565,,
train,93,2283892,72235.0,0.059024,,
train,93,2283992,72237.8,0.057937,,
train,93,2284092,72240.7,0.056906,,
train,93,2284192,72243.5,0.060354,,
train,93,2284292,72246.3,0.056212,,
train,93,2284392,72249.2,0.054741,,
train,93,2284492,72252.0,0.053068,,
train,93,2284592,72254.9,0.058070,,
train,93,2284692,72257.7,0.060665,,
train,93,2284792,72260.6,0.059996,,
train,93,2284892,72263.4,0.062576,,
train,93,2284992,72266.2,0.063259,,
train,93,2285092,72269.1,0.060002,,
train,93,2285192,72271.9,0.060335,,
train,93,2285292,72274.8,0.059511,,
train,93,2285392,72277.6,0.056959,,
train,93,2285492,72280.4,0.056495,,
train,93,2285592,72283.3,0.058049,,
train,93,2285692,72286.1,0.058047,,
train,93,2285792,72289.0,0.057180,,
train,93,2285892,72291.8,0.053030,,
train,93,2285992,72294.6,0.059303,,
train,93,2286092,72297.5,0.053234,,
train,93,2286192,72300.3,0.061495,,
train,93,2286292,72303.2,0.056936,,
train,93,2286392,72306.0,0.058800,,
train,93,2286492,72308.9,0.056710,,
train,93,2286592,72311.7,0.061293,,
train,93,2286692,72314.5,0.060683,,
train,93,2286792,72317.4,0.057571,,
train,93,2286892,72320.2,0.063388,,
train,93,2286992,72323.1,0.060258,,
train,93,2287092,72325.9,0.058326,,
train,93,2287192,72328.8,0.056040,,
train,93,2287292,72331.6,0.054788,,
train,93,2287392,72334.5,0.056928,,
train,93,2287492,72337.3,0.057148,,
train,93,2287592,72340.1,0.061698,,
train,93,2287692,72343.0,0.055315,,
train,93,2287792,72345.8,0.060691,,
train,93,2287892,72348.7,0.061136,,
train,93,2287992,72351.5,0.060133,,
train,93,2288092,72354.5,0.059779,,
train,93,2288192,72358.1,0.060610,,
train,93,2288292,72362.0,0.062906,,
train,93,2288392,72364.9,0.056849,,
train,93,2288492,72367.8,0.059680,,
train,93,2288592,72370.6,0.062966,,
train,93,2288692,72373.4,0.059854,,
train,93,2288792,72376.3,0.057623,,
train,93,2288892,72379.1,0.057443,,
train,93,2288992,72382.0,0.061898,,
train,93,2289092,72384.8,0.057833,,
train,93,2289192,72387.7,0.060163,,
train,93,2289292,72390.5,0.058893,,
train,93,2289392,72393.3,0.058383,,
train,93,2289492,72396.2,0.057676,,
train,93,2289592,72399.0,0.057854,,
train,93,2289692,72401.9,0.057834,,
train,93,2289792,72404.7,0.059482,,
train,93,2289892,72407.6,0.057422,,
train,93,2289992,72410.4,0.056210,,
train,93,2290092,72413.2,0.056026,,
train,93,2290192,72416.1,0.057705,,
train,93,2290292,72418.9,0.060438,,
train,93,2290392,72421.8,0.056694,,
train,93,2290492,72424.6,0.059675,,
train,93,2290592,72427.5,0.058221,,
train,93,2290692,72430.3,0.059715,,
train,93,2290792,72433.2,0.055806,,
train,93,2290892,72436.0,0.058673,,
train,93,2290992,72438.8,0.062482,,
train,93,2291092,72441.7,0.058143,,
train,93,2291192,72444.5,0.061761,,
train,93,2291292,72447.4,0.055281,,
train,93,2291392,72450.2,0.058849,,
train,93,2291492,72453.1,0.058917,,
train,93,2291592,72455.9,0.056709,,
train,93,2291692,72458.7,0.055347,,
train,93,2291792,72461.6,0.055518,,
train,93,2291892,72464.4,0.057878,,
train,93,2291992,72467.3,0.057671,,
train,93,2292092,72470.1,0.059527,,
train,93,2292192,72473.0,0.056684,,
train,93,2292292,72475.8,0.060582,,
train,93,2292392,72478.7,0.057046,,
train,93,2292492,72481.5,0.058203,,
train,93,2292592,72484.3,0.057682,,
train,93,2292692,72487.2,0.057569,,
train,93,2292792,72490.0,0.059684,,
train,93,2292892,72492.9,0.067125,,
train,93,2292992,72495.7,0.056568,,
train,93,2293092,72498.6,nan,,
train,93,2293192,72501.4,0.056423,,
train,93,2293292,72504.3,0.056910,,
train,93,2293392,72507.1,0.062254,,
train,93,2293492,72510.0,0.060161,,
train,93,2293592,72512.8,0.056593,,
train,93,2293692,72515.6,0.061775,,
train,93,2293792,72518.5,0.055983,,
train,93,2293892,72521.4,0.062123,,
train,93,2293992,72524.2,0.056109,,
train,93,2294092,72527.1,0.063836,,
train,93,2294192,72529.9,0.059940,,
train,93,2294292,72532.7,0.058270,,
train,93,2294392,72535.6,0.059277,,
train,93,2294492,72538.4,0.055487,,
train,93,2294592,72541.3,0.058140,,
train,93,2294692,72544.1,0.053945,,
train,93,2294792,72547.0,0.059948,,
train,93,2294892,72549.8,0.058372,,
train,93,2294992,72552.7,0.056002,,
train,93,2295092,72555.5,0.058687,,
train,93,2295192,72558.3,0.056817,,
train,93,2295292,72561.2,0.056710,,
train,93,2295392,72564.0,0.058871,,
train,93,2295492,72566.9,0.055333,,
train,93,2295592,72569.7,0.062488,,
train,93,2295692,72572.6,0.062275,,
train,93,2295792,72575.4,0.056939,,
train,93,2295892,72578.3,0.057712,,
train,93,2295992,72581.1,0.057339,,
train,93,2296092,72583.9,0.063301,,
train,93,2296192,72586.8,0.059318,,
train,93,2296292,72589.6,0.059014,,
train,93,2296392,72592.5,0.056975,,
train,93,2296492,72595.3,0.055210,,
train,93,2296592,72598.1,0.058710,,
train,93,2296692,72601.0,0.059399,,
train,93,2296792,72603.8,0.058459,,
train,93,2296892,72606.7,0.058357,,
train,93,2296992,72609.5,0.059547,,
train,93,2297092,72612.4,0.060276,,
train,93,2297192,72615.2,0.055482,,
train,93,2297292,72618.1,0.058389,,
train,93,2297392,72620.9,0.053830,,
train,93,2297492,72623.7,0.056026,,
train,93,2297592,72626.6,0.060186,,
train,93,2297692,72629.4,0.058702,,
val,93,,72708.6,0.055175,0.003904,0.000032
train,94,2297836,72712.2,0.053846,,
train,94,2297936,72715.0,0.056381,,
train,94,2298036,72717.8,0.054915,,
train,94,2298136,72720.7,0.058866,,
train,94,2298236,72723.5,0.054123,,
train,94,2298336,72726.4,0.061185,,
train,94,2298436,72729.2,0.056424,,
train,94,2298536,72732.0,0.054951,,
train,94,2298636,72734.9,0.057879,,
train,94,2298736,72737.7,0.057629,,
train,94,2298836,72740.6,0.060749,,
train,94,2298936,72743.4,0.059657,,
train,94,2299036,72746.3,0.059209,,
train,94,2299136,72749.1,0.061121,,
train,94,2299236,72752.0,0.061205,,
train,94,2299336,72754.8,0.055628,,
train,94,2299436,72757.6,0.059692,,
train,94,2299536,72760.5,0.057292,,
train,94,2299636,72763.3,0.058283,,
train,94,2299736,72766.2,0.054537,,
train,94,2299836,72769.8,0.063065,,
train,94,2299936,72773.3,0.058846,,
train,94,2300036,72776.4,0.057070,,
train,94,2300136,72779.2,0.056430,,
train,94,2300236,72782.1,0.060735,,
train,94,2300336,72784.9,0.061242,,
train,94,2300436,72787.8,0.059102,,
train,94,2300536,72790.6,0.055500,,
train,94,2300636,72793.4,0.061683,,
train,94,2300736,72796.3,0.058494,,
train,94,2300836,72799.1,0.057062,,
train,94,2300936,72802.0,0.059707,,
train,94,2301036,72804.8,0.055295,,
train,94,2301136,72807.6,0.055461,,
train,94,2301236,72810.5,0.056500,,
train,94,2301336,72813.3,0.060277,,
train,94,2301436,72816.2,0.057709,,
train,94,2301536,72819.0,0.066333,,
train,94,2301636,72821.9,0.058351,,
train,94,2301736,72824.7,0.063077,,
train,94,2301836,72827.5,0.059941,,
train,94,2301936,72830.4,0.057667,,
train,94,2302036,72833.2,0.059070,,
train,94,2302136,72836.1,0.060285,,
train,94,2302236,72838.9,0.060360,,
train,94,2302336,72841.7,0.057614,,
train,94,2302436,72844.6,0.057606,,
train,94,2302536,72847.4,0.060987,,
train,94,2302636,72850.3,0.060287,,
train,94,2302736,72853.1,0.058027,,
train,94,2302836,72855.9,0.062206,,
train,94,2302936,72858.8,0.060700,,
train,94,2303036,72861.6,0.056566,,
train,94,2303136,72864.5,0.062025,,
train,94,2303236,72867.3,0.061601,,
train,94,2303336,72870.2,0.055256,,
train,94,2303436,72873.0,0.062628,,
train,94,2303536,72875.8,0.055429,,
train,94,2303636,72878.7,0.059915,,
train,94,2303736,72881.5,0.059139,,
train,94,2303836,72884.4,0.059951,,
train,94,2303936,72887.2,0.058625,,
train,94,2304036,72890.1,0.060325,,
train,94,2304136,72892.9,0.057147,,
train,94,2304236,72895.8,0.055373,,
train,94,2304336,72898.6,0.059763,,
train,94,2304436,72901.4,0.058860,,
train,94,2304536,72904.3,0.060784,,
train,94,2304636,72907.1,0.056208,,
train,94,2304736,72910.0,0.064982,,
train,94,2304836,72912.8,0.057535,,
train,94,2304936,72915.7,0.061145,,
train,94,2305036,72918.5,0.055833,,
train,94,2305136,72921.3,0.057712,,
train,94,2305236,72924.7,0.058108,,
train,94,2305336,72928.2,0.058890,,
train,94,2305436,72931.4,0.063587,,
train,94,2305536,72934.2,0.063296,,
train,94,2305636,72937.1,0.059441,,
train,94,2305736,72939.9,0.059328,,
train,94,2305836,72942.8,nan,,
train,94,2305936,72945.6,0.060223,,
train,94,2306036,72948.4,0.053197,,
train,94,2306136,72951.3,0.060446,,
train,94,2306236,72954.1,0.059866,,
train,94,2306336,72957.0,0.054835,,
train,94,2306436,72959.8,0.052706,,
train,94,2306536,72962.7,0.061163,,
train,94,2306636,72965.5,0.054212,,
train,94,2306736,72968.4,0.058596,,
train,94,2306836,72971.2,0.059270,,
train,94,2306936,72974.0,0.058202,,
train,94,2307036,72976.9,0.057677,,
train,94,2307136,72979.7,0.060478,,
train,94,2307236,72982.6,0.059964,,
train,94,2307336,72985.4,0.057825,,
train,94,2307436,72988.2,0.063909,,
train,94,2307536,72991.1,0.058475,,
train,94,2307636,72993.9,0.059385,,
train,94,2307736,72996.8,0.060727,,
train,94,2307836,72999.6,0.054132,,
train,94,2307936,73002.5,0.058998,,
train,94,2308036,73005.3,0.058141,,
train,94,2308136,73008.1,0.057738,,
train,94,2308236,73011.0,0.059324,,
train,94,2308336,73013.8,0.060415,,
train,94,2308436,73016.7,0.060725,,
train,94,2308536,73019.5,0.059288,,
train,94,2308636,73022.4,0.061103,,
train,94,2308736,73025.2,0.061384,,
train,94,2308836,73028.0,0.058494,,
train,94,2308936,73030.9,0.057637,,
train,94,2309036,73033.7,0.060847,,
train,94,2309136,73036.6,0.059406,,
train,94,2309236,73039.4,0.060263,,
train,94,2309336,73042.3,0.059825,,
train,94,2309436,73045.1,0.056908,,
train,94,2309536,73047.9,0.058609,,
train,94,2309636,73050.8,0.057065,,
train,94,2309736,73053.6,0.060057,,
train,94,2309836,73056.5,0.051829,,
train,94,2309936,73059.3,0.061993,,
train,94,2310036,73062.1,0.056353,,
train,94,2310136,73065.0,0.059101,,
train,94,2310236,73067.8,0.056208,,
train,94,2310336,73070.7,0.056638,,
train,94,2310436,73073.5,0.060205,,
train,94,2310536,73076.4,0.055868,,
train,94,2310636,73079.2,0.059645,,
train,94,2310736,73082.1,0.055247,,
train,94,2310836,73084.9,0.059536,,
train,94,2310936,73087.7,0.058557,,
train,94,2311036,73090.6,0.060234,,
train,94,2311136,73093.4,0.057271,,
train,94,2311236,73096.3,0.061377,,
train,94,2311336,73099.1,0.057047,,
train,94,2311436,73102.0,0.057930,,
train,94,2311536,73104.8,0.057667,,
train,94,2311636,73107.7,0.057507,,
train,94,2311736,73110.5,0.057767,,
train,94,2311836,73113.3,0.058014,,
train,94,2311936,73116.2,0.059100,,
train,94,2312036,73119.0,0.063040,,
train,94,2312136,73121.9,0.059271,,
train,94,2312236,73124.7,0.059551,,
train,94,2312336,73127.6,0.055081,,
train,94,2312436,73130.4,0.056733,,
train,94,2312536,73133.3,0.058982,,
train,94,2312636,73136.1,0.058515,,
train,94,2312736,73138.9,0.055279,,
train,94,2312836,73141.8,0.057583,,
train,94,2312936,73144.6,0.059064,,
train,94,2313036,73147.5,0.056392,,
train,94,2313136,73150.3,0.057391,,
train,94,2313236,73153.2,0.056998,,
train,94,2313336,73156.0,0.060126,,
train,94,2313436,73158.9,0.056530,,
train,94,2313536,73161.7,0.061450,,
train,94,2313636,73164.5,0.055862,,
train,94,2313736,73167.4,0.060751,,
train,94,2313836,73170.2,0.060094,,
train,94,2313936,73173.1,0.058139,,
train,94,2314036,73175.9,0.061024,,
train,94,2314136,73178.7,0.058412,,
train,94,2314236,73181.6,0.059894,,
train,94,2314336,73184.4,0.056178,,
train,94,2314436,73187.3,0.057859,,
train,94,2314536,73190.1,0.057218,,
train,94,2314636,73193.0,0.057005,,
train,94,2314736,73195.8,0.061304,,
train,94,2314836,73198.6,0.055300,,
train,94,2314936,73201.5,0.058417,,
train,94,2315036,73204.3,0.055503,,
train,94,2315136,73207.2,0.056912,,
train,94,2315236,73210.0,0.056669,,
train,94,2315336,73212.8,0.060346,,
train,94,2315436,73215.7,0.058240,,
train,94,2315536,73218.5,0.056670,,
train,94,2315636,73221.4,0.058429,,
train,94,2315736,73224.2,0.061264,,
train,94,2315836,73227.1,0.056490,,
train,94,2315936,73229.9,0.061229,,
train,94,2316036,73232.8,0.061349,,
train,94,2316136,73235.6,0.058200,,
train,94,2316236,73238.4,0.060108,,
train,94,2316336,73241.3,0.054974,,
train,94,2316436,73244.1,0.060019,,
train,94,2316536,73247.0,0.056566,,
train,94,2316636,73249.8,0.061285,,
train,94,2316736,73252.7,0.056122,,
train,94,2316836,73255.5,0.058611,,
train,94,2316936,73258.4,0.061265,,
train,94,2317036,73261.2,0.063429,,
train,94,2317136,73264.1,0.058343,,
train,94,2317236,73266.9,0.058684,,
train,94,2317336,73269.7,0.057805,,
train,94,2317436,73272.6,0.056009,,
train,94,2317536,73275.4,0.056274,,
train,94,2317636,73278.3,0.056498,,
train,94,2317736,73281.1,0.058199,,
train,94,2317836,73284.0,0.061235,,
train,94,2317936,73286.8,0.056884,,
train,94,2318036,73289.7,0.055547,,
train,94,2318136,73292.5,0.055188,,
train,94,2318236,73295.3,0.060992,,
train,94,2318336,73298.2,0.061016,,
train,94,2318436,73301.0,0.055472,,
train,94,2318536,73303.9,0.061111,,
train,94,2318636,73306.7,0.059867,,
train,94,2318736,73309.6,0.058896,,
train,94,2318836,73312.4,0.061283,,
train,94,2318936,73315.3,0.054142,,
train,94,2319036,73318.1,0.058793,,
train,94,2319136,73320.9,0.056048,,
train,94,2319236,73323.8,0.059823,,
train,94,2319336,73326.6,0.063404,,
train,94,2319436,73329.5,0.063690,,
train,94,2319536,73332.3,0.058237,,
train,94,2319636,73335.2,0.053926,,
train,94,2319736,73338.0,0.058305,,
train,94,2319836,73340.9,0.061220,,
train,94,2319936,73343.7,0.058433,,
train,94,2320036,73346.5,0.057025,,
train,94,2320136,73349.4,0.057026,,
train,94,2320236,73352.2,0.062934,,
train,94,2320336,73355.1,0.056559,,
train,94,2320436,73357.9,0.058206,,
train,94,2320536,73360.8,0.057681,,
train,94,2320636,73363.6,0.060557,,
train,94,2320736,73366.4,0.051738,,
train,94,2320836,73369.3,0.056818,,
train,94,2320936,73372.1,0.055505,,
train,94,2321036,73375.0,0.058893,,
train,94,2321136,73377.8,0.052581,,
train,94,2321236,73380.6,0.061593,,
train,94,2321336,73383.5,0.059311,,
train,94,2321436,73386.3,0.059699,,
train,94,2321536,73389.2,0.054491,,
train,94,2321636,73392.0,0.060604,,
train,94,2321736,73394.8,0.060740,,
train,94,2321836,73397.7,0.055858,,
train,94,2321936,73400.5,0.057890,,
train,94,2322036,73403.4,0.057236,,
train,94,2322136,73406.2,0.061065,,
val,94,,73485.4,0.055201,0.003904,0.000032
train,95,2322280,73489.0,0.058654,,
train,95,2322380,73491.8,0.060718,,
train,95,2322480,73494.7,0.058933,,
train,95,2322580,73497.5,0.062029,,
train,95,2322680,73500.4,0.058058,,
train,95,2322780,73503.2,0.056566,,
train,95,2322880,73506.0,0.056668,,
train,95,2322980,73508.9,0.061920,,
train,95,2323080,73511.7,0.058646,,
train,95,2323180,73514.6,0.057835,,
train,95,2323280,73517.4,0.056328,,
train,95,2323380,73520.2,0.058034,,
train,95,2323480,73523.1,0.057545,,
train,95,2323580,73525.9,0.056242,,
train,95,2323680,73528.8,0.061872,,
train,95,2323780,73531.6,0.060194,,
train,95,2323880,73534.5,0.059054,,
train,95,2323980,73537.3,0.058299,,
train,95,2324080,73540.1,0.058255,,
train,95,2324180,73543.0,0.061509,,
train,95,2324280,73545.8,0.060918,,
train,95,2324380,73548.7,0.053074,,
train,95,2324480,73551.5,0.059015,,
train,95,2324580,73554.4,0.056584,,
train,95,2324680,73557.2,0.054830,,
train,95,2324780,73560.0,0.056773,,
train,95,2324880,73562.9,0.057590,,
train,95,2324980,73565.7,0.056953,,
train,95,2325080,73568.6,0.057651,,
train,95,2325180,73571.4,0.060878,,
train,95,2325280,73574.3,0.057880,,
train,95,2325380,73577.1,0.056953,,
train,95,2325480,73580.0,0.055890,,
train,95,2325580,73582.8,0.056542,,
train,95,2325680,73585.7,0.054417,,
train,95,2325780,73588.5,0.056193,,
train,95,2325880,73591.4,0.060442,,
train,95,2325980,73594.2,0.058891,,
train,95,2326080,73597.1,0.059594,,
train,95,2326180,73599.9,0.060468,,
train,95,2326280,73603.1,0.059135,,
train,95,2326380,73606.5,0.060621,,
train,95,2326480,73609.3,0.058562,,
train,95,2326580,73612.2,0.059600,,
train,95,2326680,73615.0,0.056767,,
train,95,2326780,73617.9,0.064245,,
train,95,2326880,73620.7,0.056337,,
train,95,2326980,73623.5,0.058003,,
train,95,2327080,73626.4,0.060227,,
train,95,2327180,73629.2,0.058220,,
train,95,2327280,73632.1,0.058302,,
train,95,2327380,73634.9,0.059838,,
train,95,2327480,73637.8,0.057354,,
train,95,2327580,73640.6,0.059162,,
train,95,2327680,73643.4,0.056426,,
train,95,2327780,73646.3,0.059478,,
train,95,2327880,73649.1,0.058270,,
train,95,2327980,73652.0,0.053787,,
train,95,2328080,73654.8,0.057967,,
train,95,2328180,73657.6,0.060716,,
train,95,2328280,73660.5,0.065977,,
train,95,2328380,73663.3,0.055272,,
train,95,2328480,73666.2,0.055762,,
train,95,2328580,73669.0,0.054380,,
train,95,2328680,73671.9,0.057141,,
train,95,2328780,73674.7,0.056678,,
train,95,2328880,73677.5,0.057028,,
train,95,2328980,73680.4,0.059518,,
train,95,2329080,73683.2,0.059737,,
train,95,2329180,73686.1,0.058302,,
train,95,2329280,73688.9,0.053836,,
train,95,2329380,73691.7,0.057829,,
train,95,2329480,73694.6,0.059832,,
train,95,2329580,73697.4,0.060455,,
train,95,2329680,73700.3,0.055842,,
train,95,2329780,73703.1,0.062968,,
train,95,2329880,73706.0,0.056091,,
train,95,2329980,73708.8,0.064979,,
train,95,2330080,73711.7,0.056858,,
train,95,2330180,73714.5,0.054033,,
train,95,2330280,73717.4,0.056791,,
train,95,2330380,73720.2,0.058178,,
train,95,2330480,73723.1,0.062332,,
train,95,2330580,73725.9,0.060451,,
train,95,2330680,73728.7,0.056591,,
train,95,2330780,73731.6,0.060252,,
train,95,2330880,73734.4,0.057475,,
train,95,2330980,73737.3,0.059196,,
train,95,2331080,73740.1,0.059935,,
train,95,2331180,73743.0,0.053920,,
train,95,2331280,73745.8,0.057545,,
train,95,2331380,73748.6,0.060664,,
train,95,2331480,73751.5,0.057343,,
train,95,2331580,73754.3,0.058898,,
train,95,2331680,73757.2,0.061427,,
train,95,2331780,73760.0,nan,,
train,95,2331880,73762.9,0.058523,,
train,95,2331980,73765.7,0.064637,,
train,95,2332080,73768.7,0.057677,,
train,95,2332180,73771.5,0.056157,,
train,95,2332280,73774.4,0.059584,,
train,95,2332380,73777.2,0.055477,,
train,95,2332480,73780.1,0.058491,,
train,95,2332580,73782.9,0.056334,,
train,95,2332680,73785.8,0.058925,,
train,95,2332780,73788.6,0.057647,,
train,95,2332880,73791.4,0.060994,,
train,95,2332980,73794.3,0.059380,,
train,95,2333080,73797.1,0.057704,,
train,95,2333180,73800.0,0.056695,,
train,95,2333280,73802.8,0.058299,,
train,95,2333380,73805.6,0.058441,,
train,95,2333480,73808.5,0.057608,,
train,95,2333580,73811.5,0.057040,,
train,95,2333680,73814.6,0.060194,,
train,95,2333780,73817.5,0.061682,,
train,95,2333880,73820.3,0.058562,,
train,95,2333980,73823.2,0.058546,,
train,95,2334080,73826.0,0.054828,,
train,95,2334180,73828.9,0.058213,,
train,95,2334280,73831.7,0.064034,,
train,95,2334380,73834.6,0.053866,,
train,95,2334480,73837.4,0.059780,,
train,95,2334580,73840.3,0.053684,,
train,95,2334680,73843.1,0.061977,,
train,95,2334780,73845.9,0.059655,,
train,95,2334880,73848.8,0.061391,,
train,95,2334980,73851.6,0.059925,,
train,95,2335080,73854.5,0.059335,,
train,95,2335180,73857.3,0.055778,,
train,95,2335280,73860.2,0.061284,,
train,95,2335380,73863.0,0.058047,,
train,95,2335480,73865.8,0.057254,,
train,95,2335580,73868.7,0.055862,,
train,95,2335680,73871.5,0.055515,,
train,95,2335780,73874.4,0.058179,,
train,95,2335880,73877.2,0.060150,,
train,95,2335980,73880.0,0.060900,,
train,95,2336080,73882.9,0.059330,,
train,95,2336180,73885.7,0.059731,,
train,95,2336280,73888.6,0.058618,,
train,95,2336380,73891.4,0.058119,,
train,95,2336480,73894.3,0.063069,,
train,95,2336580,73897.1,0.060062,,
train,95,2336680,73899.9,0.060262,,
train,95,2336780,73902.8,0.057674,,
train,95,2336880,73905.6,0.054234,,
train,95,2336980,73908.5,0.061352,,
train,95,2337080,73911.3,0.057238,,
train,95,2337180,73914.2,0.059683,,
train,95,2337280,73917.0,0.053755,,
train,95,2337380,73919.9,0.055292,,
train,95,2337480,73922.7,0.059442,,
train,95,2337580,73925.5,0.057592,,
train,95,2337680,73928.4,0.062423,,
train,95,2337780,73931.2,0.060977,,
train,95,2337880,73934.5,0.059425,,
train,95,2337980,73937.6,0.058358,,
train,95,2338080,73940.4,0.056326,,
train,95,2338180,73943.3,0.058240,,
train,95,2338280,73946.1,0.059377,,
train,95,2338380,73949.0,0.060231,,
train,95,2338480,73951.8,0.060780,,
train,95,2338580,73954.6,0.061242,,
train,95,2338680,73957.5,0.056190,,
train,95,2338780,73960.3,0.056733,,
train,95,2338880,73963.2,0.055092,,
train,95,2338980,73966.0,0.059960,,
train,95,2339080,73968.9,0.059349,,
train,95,2339180,73971.7,0.057332,,
train,95,2339280,73974.5,0.057838,,
train,95,2339380,73977.4,0.057930,,
train,95,2339480,73980.2,0.062983,,
train,95,2339580,73983.1,0.055133,,
train,95,2339680,73985.9,0.061820,,
train,95,2339780,73988.7,0.055621,,
train,95,2339880,73991.6,0.059617,,
train,95,2339980,73994.4,0.058855,,
train,95,2340080,73997.3,0.058640,,
train,95,2340180,74000.1,0.061431,,
train,95,2340280,74003.0,0.056486,,
train,95,2340380,74005.8,0.057705,,
train,95,2340480,74008.6,0.061186,,
train,95,2340580,74011.5,0.057304,,
train,95,2340680,74014.3,0.058761,,
train,95,2340780,74017.2,0.057218,,
train,95,2340880,74020.0,0.057899,,
train,95,2340980,74022.8,0.061123,,
train,95,2341080,74025.7,0.061516,,
train,95,2341180,74028.5,0.061757,,
train,95,2341280,74031.4,0.059754,,
train,95,2341380,74034.2,0.063601,,
train,95,2341480,74037.1,0.059931,,
train,95,2341580,74039.9,0.060687,,
train,95,2341680,74042.7,0.058008,,
train,95,2341780,74045.6,0.055508,,
train,95,2341880,74048.4,0.053168,,
train,95,2341980,74051.3,0.058254,,
train,95,2342080,74054.1,0.056936,,
train,95,2342180,74057.0,0.054637,,
train,95,2342280,74059.8,0.063438,,
train,95,2342380,74062.7,0.055883,,
train,95,2342480,74065.5,0.056894,,
train,95,2342580,74068.3,0.061027,,
train,95,2342680,74071.2,0.055911,,
train,95,2342780,74074.0,0.057200,,
train,95,2342880,74076.9,0.061058,,
train,95,2342980,74079.7,0.057694,,
train,95,2343080,74082.6,0.063682,,
train,95,2343180,74085.4,0.062208,,
train,95,2343280,74088.2,0.064305,,
train,95,2343380,74091.1,0.059495,,
train,95,2343480,74093.9,0.057060,,
train,95,2343580,74096.8,0.059815,,
train,95,2343680,74099.6,0.058907,,
train,95,2343780,74102.4,0.057691,,
train,95,2343880,74105.3,0.058641,,
train,95,2343980,74108.1,0.055216,,
train,95,2344080,74111.0,0.061809,,
train,95,2344180,74113.8,0.060732,,
train,95,2344280,74116.7,0.064942,,
train,95,2344380,74119.5,0.061336,,
train,95,2344480,74122.4,0.055236,,
train,95,2344580,74125.2,0.060598,,
train,95,2344680,74128.1,0.058671,,
train,95,2344780,74130.9,0.056061,,
train,95,2344880,74133.7,0.055168,,
train,95,2344980,74136.6,0.060645,,
train,95,2345080,74139.4,0.057808,,
train,95,2345180,74142.3,0.057579,,
train,95,2345280,74145.1,0.059582,,
train,95,2345380,74147.9,0.056229,,
train,95,2345480,74150.8,0.058425,,
train,95,2345580,74153.6,0.054447,,
train,95,2345680,74156.5,0.061932,,
train,95,2345780,74159.3,0.058287,,
train,95,2345880,74162.1,0.057905,,
train,95,2345980,74165.0,0.059818,,
train,95,2346080,74167.8,0.054741,,
train,95,2346180,74170.7,0.057381,,
train,95,2346280,74173.5,0.055212,,
train,95,2346380,74176.3,0.062895,,
train,95,2346480,74179.2,0.059751,,
train,95,2346580,74182.0,0.057366,,
val,95,,74261.2,0.055142,0.003903,0.000032
train,96,2346724,74264.8,0.060049,,
train,96,2346824,74267.6,0.061780,,
train,96,2346924,74270.5,0.055126,,
train,96,2347024,74273.3,0.057270,,
train,96,2347124,74276.2,0.056706,,
train,96,2347224,74279.0,0.060133,,
train,96,2347324,74281.9,0.055879,,
train,96,2347424,74284.7,0.056382,,
train,96,2347524,74287.5,0.055337,,
train,96,2347624,74290.4,0.057540,,
train,96,2347724,74293.2,0.057787,,
train,96,2347824,74296.1,0.055105,,
train,96,2347924,74298.9,0.061528,,
train,96,2348024,74301.8,0.057556,,
train,96,2348124,74304.6,0.057468,,
train,96,2348224,74307.4,0.057954,,
train,96,2348324,74310.3,0.063027,,
train,96,2348424,74313.1,0.060033,,
train,96,2348524,74316.0,0.061400,,
train,96,2348624,74318.8,0.060305,,
train,96,2348724,74321.7,0.059225,,
train,96,2348824,74324.5,0.056972,,
train,96,2348924,74327.4,0.056721,,
train,96,2349024,74330.2,0.060886,,
train,96,2349124,74333.1,0.058644,,
train,96,2349224,74335.9,0.055079,,
train,96,2349324,74338.7,0.060631,,
train,96,2349424,74341.6,0.056795,,
train,96,2349524,74344.4,0.058408,,
train,96,2349624,74347.3,0.058558,,
train,96,2349724,74350.1,0.060027,,
train,96,2349824,74353.0,0.059399,,
train,96,2349924,74355.8,0.057934,,
train,96,2350024,74358.6,0.059358,,
train,96,2350124,74361.5,0.056049,,
train,96,2350224,74364.3,0.060276,,
train,96,2350324,74367.2,0.059160,,
train,96,2350424,74370.0,0.057259,,
train,96,2350524,74372.8,0.057024,,
train,96,2350624,74375.7,0.058349,,
train,96,2350724,74378.5,0.057908,,
train,96,2350824,74381.4,0.059405,,
train,96,2350924,74384.2,0.063576,,
train,96,2351024,74387.0,0.058126,,
train,96,2351124,74389.9,0.058192,,
train,96,2351224,74392.7,0.058386,,
train,96,2351324,74395.6,0.058666,,
train,96,2351424,74398.4,0.058022,,
train,96,2351524,74401.3,0.059898,,
train,96,2351624,74404.1,0.055025,,
train,96,2351724,74406.9,0.056233,,
train,96,2351824,74409.8,0.057164,,
train,96,2351924,74412.6,0.059978,,
train,96,2352024,74415.5,0.055665,,
train,96,2352124,74418.3,0.057121,,
train,96,2352224,74421.2,0.059063,,
train,96,2352324,74424.0,0.056853,,
train,96,2352424,74426.8,0.057574,,
train,96,2352524,74429.7,0.056603,,
train,96,2352624,74432.5,0.056466,,
train,96,2352724,74435.4,0.060417,,
train,96,2352824,74438.2,0.059005,,
train,96,2352924,74441.0,0.055915,,
train,96,2353024,74443.9,0.058332,,
train,96,2353124,74446.7,0.062075,,
train,96,2353224,74449.6,0.055415,,
train,96,2353324,74452.4,0.054663,,
train,96,2353424,74455.3,0.058431,,
train,96,2353524,74458.1,0.060279,,
train,96,2353624,74460.9,0.056633,,
train,96,2353724,74463.8,0.057159,,
train,96,2353824,74466.6,0.060619,,
train,96,2353924,74469.5,0.057422,,
train,96,2354024,74472.3,0.056997,,
train,96,2354124,74475.2,0.056919,,
train,96,2354224,74478.0,0.059298,,
train,96,2354324,74480.8,0.057723,,
train,96,2354424,74483.7,0.056865,,
train,96,2354524,74486.5,0.057422,,
train,96,2354624,74489.4,0.059460,,
train,96,2354724,74492.2,0.061119,,
train,96,2354824,74495.0,0.061555,,
train,96,2354924,74497.9,0.061229,,
train,96,2355024,74500.7,0.056073,,
train,96,2355124,74503.6,0.055263,,
train,96,2355224,74506.4,0.058772,,
train,96,2355324,74509.2,0.062586,,
train,96,2355424,74512.1,0.059508,,
train,96,2355524,74514.9,0.058501,,
train,96,2355624,74517.8,0.054342,,
train,96,2355724,74520.6,0.055619,,
train,96,2355824,74523.5,0.058094,,
train,96,2355924,74526.9,0.055577,,
train,96,2356024,74530.3,0.059127,,
train,96,2356124,74533.6,0.057977,,
train,96,2356224,74536.5,0.060351,,
train,96,2356324,74539.4,0.062088,,
train,96,2356424,74542.2,0.058079,,
train,96,2356524,74545.0,0.055908,,
train,96,2356624,74547.9,0.060559,,
train,96,2356724,74550.7,0.058188,,
train,96,2356824,74553.6,0.056801,,
train,96,2356924,74556.4,0.055877,,
train,96,2357024,74559.3,0.055181,,
train,96,2357124,74562.1,0.057048,,
train,96,2357224,74565.0,0.057114,,
train,96,2357324,74567.8,0.059954,,
train,96,2357424,74570.6,0.055771,,
train,96,2357524,74573.5,0.056769,,
train,96,2357624,74576.3,0.059194,,
train,96,2357724,74579.2,0.057928,,
train,96,2357824,74582.0,0.057270,,
train,96,2357924,74584.9,0.063447,,
train,96,2358024,74587.7,0.056101,,
train,96,2358124,74590.6,0.060979,,
train,96,2358224,74593.4,0.060031,,
train,96,2358324,74596.3,0.061539,,
train,96,2358424,74599.1,0.056563,,
train,96,2358524,74602.0,0.056205,,
train,96,2358624,74604.8,0.060273,,
train,96,2358724,74607.6,0.060941,,
train,96,2358824,74610.5,0.055871,,
train,96,2358924,74613.3,0.055200,,
train,96,2359024,74616.2,0.058608,,
train,96,2359124,74619.0,0.056801,,
train,96,2359224,74621.9,0.061721,,
train,96,2359324,74624.7,0.060127,,
train,96,2359424,74627.5,0.060579,,
train,96,2359524,74630.4,0.059098,,
train,96,2359624,74633.2,0.059003,,
train,96,2359724,74636.1,0.058161,,
train,96,2359824,74638.9,0.057562,,
train,96,2359924,74641.8,0.062211,,
train,96,2360024,74644.6,0.057037,,
train,96,2360124,74647.4,0.056181,,
train,96,2360224,74650.3,0.057181,,
train,96,2360324,74653.1,0.056724,,
train,96,2360424,74656.0,0.058219,,
train,96,2360524,74658.8,0.054154,,
train,96,2360624,74661.7,0.059948,,
train,96,2360724,74664.5,0.059418,,
train,96,2360824,74667.3,0.056180,,
train,96,2360924,74670.2,0.059042,,
train,96,2361024,74673.0,0.059787,,
train,96,2361124,74675.9,0.059043,,
train,96,2361224,74678.7,0.060017,,
train,96,2361324,74681.6,0.054020,,
train,96,2361424,74685.0,0.057593,,
train,96,2361524,74688.5,0.061860,,
train,96,2361624,74691.8,0.058137,,
train,96,2361724,74694.7,0.057531,,
train,96,2361824,74697.5,0.058189,,
train,96,2361924,74700.4,0.050925,,
train,96,2362024,74703.2,0.055334,,
train,96,2362124,74706.1,0.060791,,
train,96,2362224,74708.9,0.061743,,
train,96,2362324,74711.7,0.059846,,
train,96,2362424,74714.6,0.056331,,
train,96,2362524,74717.4,0.057275,,
train,96,2362624,74720.3,0.055480,,
train,96,2362724,74723.1,0.059042,,
train,96,2362824,74726.0,0.063393,,
train,96,2362924,74728.8,0.059588,,
train,96,2363024,74731.6,0.060720,,
train,96,2363124,74734.5,0.061898,,
train,96,2363224,74737.3,0.056865,,
train,96,2363324,74740.2,0.056192,,
train,96,2363424,74743.0,0.057398,,
train,96,2363524,74745.8,0.061046,,
train,96,2363624,74748.7,0.061359,,
train,96,2363724,74751.5,0.062287,,
train,96,2363824,74754.4,0.056750,,
train,96,2363924,74757.2,0.057555,,
train,96,2364024,74760.1,0.060985,,
train,96,2364124,74762.9,0.062262,,
train,96,2364224,74765.8,0.061402,,
train,96,2364324,74768.6,0.060370,,
train,96,2364424,74771.4,0.058896,,
train,96,2364524,74774.3,0.057159,,
train,96,2364624,74777.1,0.056779,,
train,96,2364724,74780.0,0.061048,,
train,96,2364824,74782.8,0.057307,,
train,96,2364924,74785.7,0.061920,,
train,96,2365024,74788.5,0.059671,,
train,96,2365124,74791.3,0.057649,,
train,96,2365224,74794.2,0.054380,,
train,96,2365324,74797.0,0.059155,,
train,96,2365424,74799.9,0.059061,,
train,96,2365524,74802.7,0.061443,,
train,96,2365624,74805.5,0.053439,,
train,96,2365724,74808.4,0.060234,,
train,96,2365824,74811.2,0.056904,,
train,96,2365924,74814.1,0.060551,,
train,96,2366024,74816.9,0.062406,,
train,96,2366124,74819.7,0.054589,,
train,96,2366224,74822.6,0.060095,,
train,96,2366324,74825.4,0.060428,,
train,96,2366424,74828.3,0.058957,,
train,96,2366524,74831.1,0.059914,,
train,96,2366624,74834.0,0.059882,,
train,96,2366724,74836.8,0.059208,,
train,96,2366824,74839.7,0.067408,,
train,96,2366924,74842.5,0.060632,,
train,96,2367024,74845.4,0.057633,,
train,96,2367124,74848.2,0.060335,,
train,96,2367224,74851.0,0.056949,,
train,96,2367324,74853.9,0.052433,,
train,96,2367424,74856.9,0.056676,,
train,96,2367524,74859.8,0.057217,,
train,96,2367624,74862.7,0.059431,,
train,96,2367724,74865.5,0.054068,,
train,96,2367824,74868.4,0.060402,,
train,96,2367924,74871.2,0.057228,,
train,96,2368024,74874.0,0.055315,,
train,96,2368124,74876.9,0.055501,,
train,96,2368224,74879.7,0.055371,,
train,96,2368324,74882.6,0.060516,,
train,96,2368424,74885.4,0.057660,,
train,96,2368524,74888.2,0.057079,,
train,96,2368624,74891.1,0.058239,,
train,96,2368724,74893.9,0.058006,,
train,96,2368824,74896.8,0.060004,,
train,96,2368924,74899.6,0.058362,,
train,96,2369024,74902.4,0.055857,,
train,96,2369124,74905.3,0.060400,,
train,96,2369224,74908.1,0.060477,,
train,96,2369324,74911.0,0.056317,,
train,96,2369424,74913.8,0.058586,,
train,96,2369524,74916.7,0.062456,,
train,96,2369624,74919.5,0.060605,,
train,96,2369724,74922.4,0.054900,,
train,96,2369824,74925.2,0.055176,,
train,96,2369924,74928.0,0.058478,,
train,96,2370024,74930.9,0.062882,,
train,96,2370124,74933.7,0.058208,,
train,96,2370224,74936.6,0.062430,,
train,96,2370324,74939.4,nan,,
train,96,2370424,74942.3,0.057632,,
train,96,2370524,74945.1,0.053189,,
train,96,2370624,74947.9,0.053551,,
train,96,2370724,74950.8,0.058144,,
train,96,2370824,74953.6,0.058118,,
train,96,2370924,74956.5,0.056282,,
train,96,2371024,74959.3,0.055319,,
val,96,,75039.3,0.055090,0.003903,0.000032
train,97,2371168,75042.9,0.056518,,
train,97,2371268,75045.8,0.062734,,
train,97,2371368,75048.6,0.062972,,
train,97,2371468,75051.4,0.055005,,
train,97,2371568,75054.3,0.059397,,
train,97,2371668,75057.1,0.062049,,
train,97,2371768,75060.0,0.057709,,
train,97,2371868,75062.8,0.060625,,
train,97,2371968,75065.6,0.057488,,
train,97,2372068,75068.5,0.061906,,
train,97,2372168,75071.3,0.056812,,
train,97,2372268,75074.2,0.062215,,
train,97,2372368,75077.0,0.058872,,
train,97,2372468,75079.9,0.059875,,
train,97,2372568,75082.7,0.060115,,
train,97,2372668,75085.5,0.058363,,
train,97,2372768,75088.4,0.058458,,
train,97,2372868,75091.2,0.063054,,
train,97,2372968,75094.1,0.060393,,
train,97,2373068,75096.9,0.060479,,
train,97,2373168,75099.7,0.056234,,
train,97,2373268,75102.6,0.061982,,
train,97,2373368,75105.4,0.055720,,
train,97,2373468,75108.3,0.059668,,
train,97,2373568,75111.1,0.058705,,
train,97,2373668,75114.0,0.060806,,
train,97,2373768,75116.8,0.057027,,
train,97,2373868,75119.6,0.059160,,
train,97,2373968,75122.5,0.058728,,
train,97,2374068,75125.3,0.060254,,
train,97,2374168,75128.2,0.060770,,
train,97,2374268,75131.0,0.064211,,
train,97,2374368,75133.9,0.058298,,
train,97,2374468,75136.7,0.059580,,
train,97,2374568,75139.5,0.058766,,
train,97,2374668,75142.4,0.056949,,
train,97,2374768,75145.2,0.060150,,
train,97,2374868,75148.1,0.056435,,
train,97,2374968,75150.9,0.057498,,
train,97,2375068,75153.7,0.059142,,
train,97,2375168,75156.6,0.062427,,
train,97,2375268,75159.4,0.058666,,
train,97,2375368,75162.3,0.056959,,
train,97,2375468,75165.1,0.059045,,
train,97,2375568,75168.0,0.059889,,
train,97,2375668,75170.8,0.054734,,
train,97,2375768,75173.7,0.058974,,
train,97,2375868,75176.5,0.056689,,
train,97,2375968,75179.4,0.059075,,
train,97,2376068,75182.2,0.058881,,
train,97,2376168,75185.1,0.057431,,
train,97,2376268,75187.9,0.059805,,
train,97,2376368,75190.7,0.059665,,
train,97,2376468,75193.6,0.057606,,
train,97,2376568,75196.4,0.060331,,
train,97,2376668,75199.3,0.062100,,
train,97,2376768,75202.1,0.060066,,
train,97,2376868,75204.9,0.061116,,
train,97,2376968,75207.8,0.059273,,
train,97,2377068,75210.6,0.058557,,
train,97,2377168,75213.5,0.055713,,
train,97,2377268,75216.3,0.053158,,
train,97,2377368,75219.1,0.062920,,
train,97,2377468,75222.0,0.061410,,
train,97,2377568,75224.8,0.056216,,
train,97,2377668,75227.7,0.058033,,
train,97,2377768,75230.5,0.056088,,
train,97,2377868,75233.3,0.060107,,
train,97,2377968,75236.2,0.056860,,
train,97,2378068,75239.0,0.058735,,
train,97,2378168,75241.9,0.061760,,
train,97,2378268,75244.7,0.059542,,
train,97,2378368,75247.6,0.062839,,
train,97,2378468,75250.4,0.055539,,
train,97,2378568,75253.2,0.057881,,
train,97,2378668,75256.1,0.057410,,
train,97,2378768,75258.9,0.056545,,
train,97,2378868,75261.8,0.061785,,
train,97,2378968,75264.6,0.063306,,
train,97,2379068,75267.4,0.058117,,
train,97,2379168,75270.3,0.057246,,
train,97,2379268,75273.1,0.057390,,
train,97,2379368,75276.0,0.056910,,
train,97,2379468,75278.8,0.055444,,
train,97,2379568,75281.6,0.055662,,
train,97,2379668,75284.5,0.060352,,
train,97,2379768,75287.3,0.056853,,
train,97,2379868,75290.2,0.062022,,
train,97,2379968,75293.0,0.055900,,
train,97,2380068,75295.9,0.059612,,
train,97,2380168,75298.7,0.057568,,
train,97,2380268,75301.6,0.057463,,
train,97,2380368,75304.4,0.060896,,
train,97,2380468,75307.3,0.062887,,
train,97,2380568,75310.1,0.058857,,
train,97,2380668,75312.9,0.056328,,
train,97,2380768,75315.8,0.055148,,
train,97,2380868,75318.6,0.056127,,
train,97,2380968,75321.5,0.061183,,
train,97,2381068,75324.3,0.061544,,
train,97,2381168,75327.2,0.058141,,
train,97,2381268,75330.0,0.058931,,
train,97,2381368,75332.8,0.057806,,
train,97,2381468,75335.7,0.057917,,
train,97,2381568,75338.5,0.060126,,
train,97,2381668,75341.4,0.058618,,
train,97,2381768,75344.2,0.063921,,
train,97,2381868,75347.1,0.060387,,
train,97,2381968,75349.9,0.057874,,
train,97,2382068,75352.7,0.058843,,
train,97,2382168,75355.6,0.059330,,
train,97,2382268,75358.4,0.059439,,
train,97,2382368,75361.3,0.057285,,
train,97,2382468,75364.1,0.061651,,
train,97,2382568,75367.0,0.062753,,
train,97,2382668,75369.8,0.062651,,
train,97,2382768,75372.7,0.056489,,
train,97,2382868,75375.5,0.057501,,
train,97,2382968,75378.3,0.057804,,
train,97,2383068,75381.2,0.061053,,
train,97,2383168,75384.0,0.062199,,
train,97,2383268,75386.9,0.060784,,
train,97,2383368,75389.7,0.057111,,
train,97,2383468,75392.6,0.058402,,
train,97,2383568,75395.4,0.056898,,
train,97,2383668,75398.2,0.058388,,
train,97,2383768,75401.1,0.055897,,
train,97,2383868,75403.9,0.059192,,
train,97,2383968,75406.8,0.058829,,
train,97,2384068,75409.8,0.056854,,
train,97,2384168,75412.7,0.060985,,
train,97,2384268,75415.5,0.057116,,
train,97,2384368,75418.3,0.062194,,
train,97,2384468,75421.2,0.058576,,
train,97,2384568,75424.0,0.062339,,
train,97,2384668,75426.9,0.058193,,
train,97,2384768,75429.7,0.057762,,
train,97,2384868,75432.5,0.057696,,
train,97,2384968,75435.4,0.056883,,
train,97,2385068,75438.2,0.054323,,
train,97,2385168,75441.1,0.055367,,
train,97,2385268,75443.9,0.058405,,
train,97,2385368,75446.8,0.058720,,
train,97,2385468,75449.6,0.057915,,
train,97,2385568,75452.5,0.054808,,
train,97,2385668,75455.5,0.055155,,
train,97,2385768,75458.3,0.056046,,
train,97,2385868,75461.2,0.059232,,
train,97,2385968,75464.0,0.055414,,
train,97,2386068,75466.9,0.061336,,
train,97,2386168,75469.7,0.058401,,
train,97,2386268,75472.5,0.057075,,
train,97,2386368,75475.4,0.060114,,
train,97,2386468,75478.2,0.056132,,
train,97,2386568,75481.1,0.058849,,
train,97,2386668,75483.9,0.057750,,
train,97,2386768,75486.7,0.059718,,
train,97,2386868,75489.6,0.058823,,
train,97,2386968,75492.4,0.056885,,
train,97,2387068,75495.3,0.055886,,
train,97,2387168,75498.1,0.057788,,
train,97,2387268,75501.0,0.058224,,
train,97,2387368,75503.8,0.058830,,
train,97,2387468,75506.6,0.059487,,
train,97,2387568,75509.5,0.057148,,
train,97,2387668,75512.3,0.057700,,
train,97,2387768,75515.2,0.058232,,
train,97,2387868,75518.0,0.055919,,
train,97,2387968,75520.9,0.058786,,
train,97,2388068,75523.7,0.058599,,
train,97,2388168,75526.5,0.058840,,
train,97,2388268,75529.4,0.052834,,
train,97,2388368,75532.2,0.058141,,
train,97,2388468,75535.1,0.058550,,
train,97,2388568,75537.9,0.055885,,
train,97,2388668,75540.7,0.062194,,
train,97,2388768,75543.6,0.056915,,
train,97,2388868,75546.4,0.055611,,
train,97,2388968,75549.3,0.057881,,
train,97,2389068,75552.1,0.061990,,
train,97,2389168,75555.0,0.060379,,
train,97,2389268,75557.8,0.057107,,
train,97,2389368,75560.6,0.057244,,
train,97,2389468,75563.5,0.058328,,
train,97,2389568,75566.3,0.055522,,
train,97,2389668,75569.2,0.062762,,
train,97,2389768,75572.0,0.056527,,
train,97,2389868,75574.9,0.055013,,
train,97,2389968,75577.7,0.057139,,
train,97,2390068,75580.6,0.064233,,
train,97,2390168,75583.4,0.055843,,
train,97,2390268,75586.2,0.056302,,
train,97,2390368,75589.1,0.059075,,
train,97,2390468,75591.9,0.057208,,
train,97,2390568,75594.8,0.056951,,
train,97,2390668,75597.6,0.054663,,
train,97,2390768,75600.4,0.057566,,
train,97,2390868,75603.3,0.057529,,
train,97,2390968,75606.1,0.061720,,
train,97,2391068,75609.0,0.059741,,
train,97,2391168,75611.8,0.056763,,
train,97,2391268,75615.1,0.051049,,
train,97,2391368,75619.5,0.062036,,
train,97,2391468,75623.3,0.057859,,
train,97,2391568,75626.6,0.059916,,
train,97,2391668,75629.4,0.056290,,
train,97,2391768,75632.3,0.060899,,
train,97,2391868,75635.1,0.058891,,
train,97,2391968,75638.0,0.060598,,
train,97,2392068,75640.8,0.055931,,
train,97,2392168,75643.7,0.056252,,
train,97,2392268,75646.5,0.059835,,
train,97,2392368,75649.3,0.058822,,
train,97,2392468,75652.2,0.056677,,
train,97,2392568,75655.0,0.058802,,
train,97,2392668,75657.9,0.060019,,
train,97,2392768,75660.7,0.054984,,
train,97,2392868,75663.5,0.056017,,
train,97,2392968,75666.4,0.056326,,
train,97,2393068,75669.2,0.060103,,
train,97,2393168,75672.1,0.053965,,
train,97,2393268,75674.9,0.058374,,
train,97,2393368,75677.8,0.059891,,
train,97,2393468,75680.6,0.060010,,
train,97,2393568,75683.4,0.055663,,
train,97,2393668,75686.3,0.056054,,
train,97,2393768,75689.1,nan,,
train,97,2393868,75692.0,0.058971,,
train,97,2393968,75694.8,0.061565,,
train,97,2394068,75697.6,0.055622,,
train,97,2394168,75700.5,0.059217,,
train,97,2394268,75703.3,0.059059,,
train,97,2394368,75706.2,0.061862,,
train,97,2394468,75709.0,0.053929,,
train,97,2394568,75711.9,0.062484,,
train,97,2394668,75714.7,0.061300,,
train,97,2394768,75717.6,0.059902,,
train,97,2394868,75720.4,0.056007,,
train,97,2394968,75723.3,0.055359,,
train,97,2395068,75726.1,0.062521,,
train,97,2395168,75728.9,0.063737,,
train,97,2395268,75731.8,0.059896,,
train,97,2395368,75734.6,0.060212,,
train,97,2395468,75737.5,0.055572,,
val,97,,75816.6,0.054733,0.003902,0.000032
train,98,2395612,75820.6,0.058082,,
train,98,2395712,75823.4,0.056650,,
train,98,2395812,75826.3,0.058315,,
train,98,2395912,75829.1,0.060599,,
train,98,2396012,75831.9,0.063992,,
train,98,2396112,75834.8,0.058985,,
train,98,2396212,75837.6,0.056896,,
train,98,2396312,75840.5,0.062041,,
train,98,2396412,75843.3,0.060504,,
train,98,2396512,75846.2,0.056366,,
train,98,2396612,75849.0,0.061195,,
train,98,2396712,75851.8,0.055798,,
train,98,2396812,75854.7,0.060736,,
train,98,2396912,75857.5,0.054695,,
train,98,2397012,75860.4,0.053576,,
train,98,2397112,75863.2,0.056896,,
train,98,2397212,75866.1,0.054092,,
train,98,2397312,75868.9,0.058763,,
train,98,2397412,75871.7,0.057097,,
train,98,2397512,75874.6,0.059242,,
train,98,2397612,75877.4,0.056988,,
train,98,2397712,75880.3,0.057585,,
train,98,2397812,75883.1,0.053925,,
train,98,2397912,75885.9,0.063287,,
train,98,2398012,75888.8,0.059022,,
train,98,2398112,75891.6,0.057902,,
train,98,2398212,75894.5,0.056964,,
train,98,2398312,75897.3,0.060761,,
train,98,2398412,75900.2,0.054638,,
train,98,2398512,75903.0,0.061182,,
train,98,2398612,75905.9,0.057579,,
train,98,2398712,75908.7,0.060327,,
train,98,2398812,75911.5,0.059064,,
train,98,2398912,75914.4,0.062198,,
train,98,2399012,75917.2,0.061985,,
train,98,2399112,75920.1,0.060006,,
train,98,2399212,75922.9,0.059184,,
train,98,2399312,75925.7,0.056568,,
train,98,2399412,75928.6,nan,,
train,98,2399512,75931.4,0.054043,,
train,98,2399612,75934.3,0.058358,,
train,98,2399712,75937.1,0.057367,,
train,98,2399812,75939.9,0.055941,,
train,98,2399912,75942.8,0.054653,,
train,98,2400012,75945.6,0.055248,,
train,98,2400112,75948.5,0.061252,,
train,98,2400212,75951.3,0.058052,,
train,98,2400312,75954.2,0.059032,,
train,98,2400412,75957.0,0.061781,,
train,98,2400512,75959.9,0.058519,,
train,98,2400612,75962.7,0.058952,,
train,98,2400712,75965.6,0.060354,,
train,98,2400812,75968.4,0.057654,,
train,98,2400912,75971.3,0.057818,,
train,98,2401012,75974.1,0.058521,,
train,98,2401112,75977.0,0.055558,,
train,98,2401212,75979.8,0.057367,,
train,98,2401312,75982.6,0.058880,,
train,98,2401412,75985.5,0.060147,,
train,98,2401512,75988.3,0.059803,,
train,98,2401612,75991.2,0.059049,,
train,98,2401712,75994.0,0.058839,,
train,98,2401812,75996.9,0.056494,,
train,98,2401912,75999.7,0.062262,,
train,98,2402012,76002.5,0.058365,,
train,98,2402112,76005.4,0.065209,,
train,98,2402212,76008.2,0.055145,,
train,98,2402312,76011.1,0.056136,,
train,98,2402412,76013.9,0.060676,,
train,98,2402512,76016.7,0.060887,,
train,98,2402612,76019.6,0.057298,,
train,98,2402712,76022.4,0.060063,,
train,98,2402812,76025.3,0.055636,,
train,98,2402912,76028.1,0.057488,,
train,98,2403012,76030.9,0.058683,,
train,98,2403112,76033.8,0.055743,,
train,98,2403212,76036.6,0.060026,,
train,98,2403312,76039.5,0.053644,,
train,98,2403412,76042.3,0.056382,,
train,98,2403512,76045.2,0.055247,,
train,98,2403612,76048.0,0.056289,,
train,98,2403712,76050.8,0.058436,,
train,98,2403812,76053.7,0.059439,,
train,98,2403912,76056.5,0.054841,,
train,98,2404012,76059.4,0.057839,,
train,98,2404112,76062.2,0.056667,,
train,98,2404212,76065.0,0.057043,,
train,98,2404312,76067.9,0.062083,,
train,98,2404412,76070.7,0.058912,,
train,98,2404512,76073.6,0.066141,,
train,98,2404612,76076.4,0.059160,,
train,98,2404712,76079.2,0.058702,,
train,98,2404812,76082.1,0.058036,,
train,98,2404912,76084.9,0.056448,,
train,98,2405012,76087.8,0.058515,,
train,98,2405112,76090.6,0.059518,,
train,98,2405212,76093.5,0.057287,,
train,98,2405312,76096.3,0.056558,,
train,98,2405412,76099.1,0.058996,,
train,98,2405512,76102.0,0.062002,,
train,98,2405612,76104.8,0.056786,,
train,98,2405712,76107.7,0.057361,,
train,98,2405812,76110.5,0.056127,,
train,98,2405912,76113.4,0.055345,,
train,98,2406012,76116.2,0.058768,,
train,98,2406112,76119.0,0.060010,,
train,98,2406212,76121.9,0.058022,,
train,98,2406312,76124.7,0.055151,,
train,98,2406412,76127.6,0.056741,,
train,98,2406512,76130.4,0.060171,,
train,98,2406612,76133.3,0.055814,,
train,98,2406712,76136.1,0.059665,,
train,98,2406812,76139.0,0.059190,,
train,98,2406912,76141.8,0.059416,,
train,98,2407012,76144.6,0.057155,,
train,98,2407112,76147.5,0.060113,,
train,98,2407212,76150.3,0.057115,,
train,98,2407312,76153.2,0.059948,,
train,98,2407412,76156.0,0.056908,,
train,98,2407512,76158.9,0.056179,,
train,98,2407612,76161.7,0.056832,,
train,98,2407712,76164.6,0.055716,,
train,98,2407812,76167.4,0.057733,,
train,98,2407912,76170.3,0.056287,,
train,98,2408012,76173.1,0.058479,,
train,98,2408112,76176.0,0.059943,,
train,98,2408212,76178.8,0.058260,,
train,98,2408312,76181.6,0.057985,,
train,98,2408412,76184.5,0.059782,,
train,98,2408512,76187.3,0.060421,,
train,98,2408612,76190.2,0.056934,,
train,98,2408712,76193.0,0.058998,,
train,98,2408812,76195.9,0.058226,,
train,98,2408912,76198.7,0.058893,,
train,98,2409012,76201.6,0.063238,,
train,98,2409112,76204.4,0.061369,,
train,98,2409212,76207.2,0.055064,,
train,98,2409312,76210.1,0.063462,,
train,98,2409412,76212.9,0.061446,,
train,98,2409512,76215.8,0.057326,,
train,98,2409612,76218.6,0.062618,,
train,98,2409712,76221.5,0.060881,,
train,98,2409812,76224.3,0.061440,,
train,98,2409912,76227.1,0.058357,,
train,98,2410012,76230.0,0.058916,,
train,98,2410112,76232.8,0.057761,,
train,98,2410212,76235.7,0.060456,,
train,98,2410312,76238.5,0.061001,,
train,98,2410412,76241.3,0.055864,,
train,98,2410512,76244.2,0.058476,,
train,98,2410612,76247.0,0.055713,,
train,98,2410712,76249.9,0.059253,,
train,98,2410812,76252.7,0.062691,,
train,98,2410912,76255.5,0.061942,,
train,98,2411012,76258.4,0.059446,,
train,98,2411112,76261.2,0.060822,,
train,98,2411212,76264.1,0.057377,,
train,98,2411312,76266.9,0.059371,,
train,98,2411412,76269.8,0.055542,,
train,98,2411512,76272.6,0.061984,,
train,98,2411612,76275.5,0.056762,,
train,98,2411712,76278.3,0.060409,,
train,98,2411812,76281.2,0.058121,,
train,98,2411912,76284.0,0.056251,,
train,98,2412012,76286.8,0.056309,,
train,98,2412112,76289.7,0.059968,,
train,98,2412212,76292.5,0.058972,,
train,98,2412312,76295.4,0.061450,,
train,98,2412412,76298.2,0.058459,,
train,98,2412512,76301.1,0.064963,,
train,98,2412612,76304.2,0.059201,,
train,98,2412712,76307.0,0.056289,,
train,98,2412812,76309.9,0.055484,,
train,98,2412912,76312.7,0.057281,,
train,98,2413012,76315.6,0.061538,,
train,98,2413112,76318.4,0.058247,,
train,98,2413212,76321.2,0.058397,,
train,98,2413312,76324.1,0.057136,,
train,98,2413412,76326.9,0.058442,,
train,98,2413512,76329.8,0.060457,,
train,98,2413612,76332.6,0.062731,,
train,98,2413712,76335.5,0.060541,,
train,98,2413812,76338.3,0.059721,,
train,98,2413912,76341.1,0.057072,,
train,98,2414012,76344.0,0.060096,,
train,98,2414112,76346.8,0.058666,,
train,98,2414212,76349.7,0.060448,,
train,98,2414312,76352.5,0.057029,,
train,98,2414412,76355.4,0.061359,,
train,98,2414512,76358.2,0.055037,,
train,98,2414612,76361.1,0.059956,,
train,98,2414712,76363.9,0.057080,,
train,98,2414812,76366.7,0.058409,,
train,98,2414912,76369.6,0.058949,,
train,98,2415012,76372.4,0.055885,,
train,98,2415112,76375.3,0.061938,,
train,98,2415212,76378.1,0.059640,,
train,98,2415312,76381.0,0.056905,,
train,98,2415412,76383.8,0.057701,,
train,98,2415512,76386.7,0.057066,,
train,98,2415612,76389.5,0.057258,,
train,98,2415712,76392.4,0.055476,,
train,98,2415812,76395.2,0.060650,,
train,98,2415912,76398.0,0.057385,,
train,98,2416012,76400.9,0.059603,,
train,98,2416112,76403.7,0.060861,,
train,98,2416212,76406.6,0.058174,,
train,98,2416312,76409.4,0.058822,,
train,98,2416412,76412.3,0.055483,,
train,98,2416512,76415.1,0.055951,,
train,98,2416612,76418.0,0.058691,,
train,98,2416712,76420.8,0.059643,,
train,98,2416812,76423.7,0.063026,,
train,98,2416912,76426.5,0.054468,,
train,98,2417012,76429.3,0.056400,,
train,98,2417112,76432.2,0.059311,,
train,98,2417212,76435.0,0.055262,,
train,98,2417312,76437.9,0.062969,,
train,98,2417412,76440.7,0.058113,,
train,98,2417512,76443.5,0.058143,,
train,98,2417612,76446.4,0.057450,,
train,98,2417712,76449.2,0.058449,,
train,98,2417812,76452.1,0.061619,,
train,98,2417912,76454.9,0.058734,,
train,98,2418012,76457.8,0.056343,,
train,98,2418112,76460.6,0.064444,,
train,98,2418212,76463.5,0.058229,,
train,98,2418312,76466.3,0.062980,,
train,98,2418412,76469.1,0.060491,,
train,98,2418512,76472.0,0.061931,,
train,98,2418612,76474.8,0.058338,,
train,98,2418712,76477.7,0.055453,,
train,98,2418812,76480.5,0.060294,,
train,98,2418912,76483.4,0.059201,,
train,98,2419012,76486.2,0.058292,,
train,98,2419112,76489.0,0.058432,,
train,98,2419212,76491.9,0.061555,,
train,98,2419312,76494.7,0.061225,,
train,98,2419412,76497.6,0.057157,,
train,98,2419512,76500.4,0.058813,,
train,98,2419612,76503.3,0.057076,,
train,98,2419712,76506.1,0.063509,,
train,98,2419812,76508.9,0.058388,,
train,98,2419912,76511.8,0.056077,,
val,98,,76590.9,0.055187,0.003902,0.000032
train,99,2420056,76594.5,0.059493,,
train,99,2420156,76597.3,0.062760,,
train,99,2420256,76600.1,0.058653,,
train,99,2420356,76603.0,0.061627,,
train,99,2420456,76605.8,0.060973,,
train,99,2420556,76608.7,0.053163,,
train,99,2420656,76611.5,0.061087,,
train,99,2420756,76614.3,0.060895,,
train,99,2420856,76617.2,0.060628,,
train,99,2420956,76620.0,0.057172,,
train,99,2421056,76622.9,0.060240,,
train,99,2421156,76625.7,0.057320,,
train,99,2421256,76628.5,0.055922,,
train,99,2421356,76631.4,0.060594,,
train,99,2421456,76634.2,0.056965,,
train,99,2421556,76637.1,0.057830,,
train,99,2421656,76639.9,0.058600,,
train,99,2421756,76642.8,0.058642,,
train,99,2421856,76645.6,0.061562,,
train,99,2421956,76648.4,0.057014,,
train,99,2422056,76651.3,0.060881,,
train,99,2422156,76654.1,0.050994,,
train,99,2422256,76657.0,0.057878,,
train,99,2422356,76659.8,0.059673,,
train,99,2422456,76662.6,0.054159,,
train,99,2422556,76665.5,0.058213,,
train,99,2422656,76668.3,0.059808,,
train,99,2422756,76671.2,0.055471,,
train,99,2422856,76674.0,0.061146,,
train,99,2422956,76676.8,0.057688,,
train,99,2423056,76679.7,0.059673,,
train,99,2423156,76682.5,0.059829,,
train,99,2423256,76685.4,0.057803,,
train,99,2423356,76688.2,0.064457,,
train,99,2423456,76691.1,0.056404,,
train,99,2423556,76693.9,0.060263,,
train,99,2423656,76696.8,0.060090,,
train,99,2423756,76699.6,0.056771,,
train,99,2423856,76702.4,0.055178,,
train,99,2423956,76705.3,0.063234,,
train,99,2424056,76708.1,0.058494,,
train,99,2424156,76711.0,0.061694,,
train,99,2424256,76713.8,0.059803,,
train,99,2424356,76716.7,0.059362,,
train,99,2424456,76719.5,0.058227,,
train,99,2424556,76722.5,0.059088,,
train,99,2424656,76725.6,0.057642,,
train,99,2424756,76728.5,0.060453,,
train,99,2424856,76731.3,0.056991,,
train,99,2424956,76734.2,0.060492,,
train,99,2425056,76737.0,0.059481,,
train,99,2425156,76739.8,0.055903,,
train,99,2425256,76742.7,0.058245,,
train,99,2425356,76745.5,0.055760,,
train,99,2425456,76748.4,0.061077,,
train,99,2425556,76751.2,0.059142,,
train,99,2425656,76754.0,0.056766,,
train,99,2425756,76756.9,0.054888,,
train,99,2425856,76759.7,0.058824,,
train,99,2425956,76762.6,0.058085,,
train,99,2426056,76765.4,0.059705,,
train,99,2426156,76768.2,0.059938,,
train,99,2426256,76771.1,0.060625,,
train,99,2426356,76773.9,0.055373,,
train,99,2426456,76776.8,0.057626,,
train,99,2426556,76779.6,0.062778,,
train,99,2426656,76782.4,0.055394,,
train,99,2426756,76785.3,0.060434,,
train,99,2426856,76788.1,0.056405,,
train,99,2426956,76791.0,0.054944,,
train,99,2427056,76793.8,0.059376,,
train,99,2427156,76796.6,0.056316,,
train,99,2427256,76799.5,0.059199,,
train,99,2427356,76802.3,0.058899,,
train,99,2427456,76805.2,0.055962,,
train,99,2427556,76808.0,0.058897,,
train,99,2427656,76810.8,0.058543,,
train,99,2427756,76813.7,0.058659,,
train,99,2427856,76816.5,0.056506,,
train,99,2427956,76819.4,0.056929,,
train,99,2428056,76822.2,0.060207,,
train,99,2428156,76825.1,0.058267,,
train,99,2428256,76827.9,0.055354,,
train,99,2428356,76830.7,0.057586,,
train,99,2428456,76833.6,0.053801,,
train,99,2428556,76836.4,0.058670,,
train,99,2428656,76839.3,0.057075,,
train,99,2428756,76842.1,0.057728,,
train,99,2428856,76844.9,0.058605,,
train,99,2428956,76847.8,0.055049,,
train,99,2429056,76850.6,0.063352,,
train,99,2429156,76853.5,0.057898,,
train,99,2429256,76856.3,0.060847,,
train,99,2429356,76859.1,0.061043,,
train,99,2429456,76862.0,0.061255,,
train,99,2429556,76864.8,0.060162,,
train,99,2429656,76867.7,0.056474,,
train,99,2429756,76870.5,0.054006,,
train,99,2429856,76873.3,0.053484,,
train,99,2429956,76876.2,0.061609,,
train,99,2430056,76879.0,0.060909,,
train,99,2430156,76881.9,0.055826,,
train,99,2430256,76884.7,0.055776,,
train,99,2430356,76887.6,0.055979,,
train,99,2430456,76890.4,0.056758,,
train,99,2430556,76893.3,0.059480,,
train,99,2430656,76896.1,0.060387,,
train,99,2430756,76899.0,0.061018,,
train,99,2430856,76901.8,0.055175,,
train,99,2430956,76904.6,0.058590,,
train,99,2431056,76907.5,0.059360,,
train,99,2431156,76910.3,0.056876,,
train,99,2431256,76913.2,0.056860,,
train,99,2431356,76916.0,0.059353,,
train,99,2431456,76918.8,0.054445,,
train,99,2431556,76921.7,0.059044,,
train,99,2431656,76924.5,0.060533,,
train,99,2431756,76927.4,0.060209,,
train,99,2431856,76930.2,0.060389,,
train,99,2431956,76933.1,0.055056,,
train,99,2432056,76935.9,0.055120,,
train,99,2432156,76938.7,0.056525,,
train,99,2432256,76941.6,0.058297,,
train,99,2432356,76944.4,0.058842,,
train,99,2432456,76947.3,0.056246,,
train,99,2432556,76950.1,0.059956,,
train,99,2432656,76952.9,0.057810,,
train,99,2432756,76955.8,0.056143,,
train,99,2432856,76958.6,0.056067,,
train,99,2432956,76961.5,0.057679,,
train,99,2433056,76964.3,0.053194,,
train,99,2433156,76967.2,0.057071,,
train,99,2433256,76970.0,0.057967,,
train,99,2433356,76972.9,0.058128,,
train,99,2433456,76975.7,0.057089,,
train,99,2433556,76978.5,0.059425,,
train,99,2433656,76981.4,0.057865,,
train,99,2433756,76984.2,0.059320,,
train,99,2433856,76987.1,0.060545,,
train,99,2433956,76989.9,0.061062,,
train,99,2434056,76992.7,0.063401,,
train,99,2434156,76995.6,0.058156,,
train,99,2434256,76998.4,0.060786,,
train,99,2434356,77001.3,0.062972,,
train,99,2434456,77004.1,0.054284,,
train,99,2434556,77006.9,0.059677,,
train,99,2434656,77009.8,0.058580,,
train,99,2434756,77012.6,0.053859,,
train,99,2434856,77015.5,0.057324,,
train,99,2434956,77018.3,0.058451,,
train,99,2435056,77021.2,0.059416,,
train,99,2435156,77024.0,0.061740,,
train,99,2435256,77026.8,0.058402,,
train,99,2435356,77029.7,0.055690,,
train,99,2435456,77032.5,0.058788,,
train,99,2435556,77035.4,0.061869,,
train,99,2435656,77038.2,0.061519,,
train,99,2435756,77041.1,0.055359,,
train,99,2435856,77043.9,0.063389,,
train,99,2435956,77046.7,0.055848,,
train,99,2436056,77049.6,0.061541,,
train,99,2436156,77052.4,0.056249,,
train,99,2436256,77055.3,0.059200,,
train,99,2436356,77058.1,0.059553,,
train,99,2436456,77061.1,0.058111,,
train,99,2436556,77064.1,0.058997,,
train,99,2436656,77067.0,0.061414,,
train,99,2436756,77069.8,0.056139,,
train,99,2436856,77072.7,0.059136,,
train,99,2436956,77075.5,0.059040,,
train,99,2437056,77078.4,0.057244,,
train,99,2437156,77081.2,0.058178,,
train,99,2437256,77084.0,0.058356,,
train,99,2437356,77086.9,0.058243,,
train,99,2437456,77089.7,0.057892,,
train,99,2437556,77092.6,0.058197,,
train,99,2437656,77095.4,0.056034,,
train,99,2437756,77098.3,0.059581,,
train,99,2437856,77101.1,0.059288,,
train,99,2437956,77103.9,0.059002,,
train,99,2438056,77106.8,0.060925,,
train,99,2438156,77109.6,0.055927,,
train,99,2438256,77112.5,0.059576,,
train,99,2438356,77115.3,0.060303,,
train,99,2438456,77118.2,0.062587,,
train,99,2438556,77121.0,0.059803,,
train,99,2438656,77123.8,0.059026,,
train,99,2438756,77126.7,0.056617,,
train,99,2438856,77129.5,0.058175,,
train,99,2438956,77132.4,nan,,
train,99,2439056,77135.2,0.058529,,
train,99,2439156,77138.1,0.057930,,
train,99,2439256,77140.9,0.058351,,
train,99,2439356,77143.7,0.062372,,
train,99,2439456,77146.6,0.056058,,
train,99,2439556,77149.4,0.057830,,
train,99,2439656,77152.3,0.059596,,
train,99,2439756,77155.1,0.058557,,
train,99,2439856,77158.0,0.058764,,
train,99,2439956,77160.8,0.056381,,
train,99,2440056,77163.7,0.055531,,
train,99,2440156,77166.5,0.059220,,
train,99,2440256,77169.4,0.056818,,
train,99,2440356,77172.2,0.057406,,
train,99,2440456,77175.0,0.058438,,
train,99,2440556,77177.9,0.053814,,
train,99,2440656,77180.7,0.061747,,
train,99,2440756,77183.6,0.059141,,
train,99,2440856,77186.4,0.057998,,
train,99,2440956,77189.3,0.055703,,
train,99,2441056,77192.1,0.059493,,
train,99,2441156,77195.0,0.055860,,
train,99,2441256,77198.8,0.062199,,
train,99,2441356,77201.8,0.055473,,
train,99,2441456,77204.6,0.057448,,
train,99,2441556,77207.5,0.056736,,
train,99,2441656,77210.3,0.057096,,
train,99,2441756,77213.1,0.056371,,
train,99,2441856,77216.0,0.060274,,
train,99,2441956,77218.8,0.056565,,
train,99,2442056,77221.7,0.057342,,
train,99,2442156,77224.5,0.059261,,
train,99,2442256,77228.5,0.057458,,
train,99,2442356,77233.4,0.063628,,
train,99,2442456,77238.7,0.060384,,
train,99,2442556,77242.4,0.057466,,
train,99,2442656,77245.3,0.059469,,
train,99,2442756,77248.1,0.060683,,
train,99,2442856,77251.0,0.059664,,
train,99,2442956,77253.8,0.057354,,
train,99,2443056,77256.6,0.056633,,
train,99,2443156,77259.5,0.054711,,
train,99,2443256,77262.4,0.058785,,
train,99,2443356,77265.2,0.053728,,
train,99,2443456,77268.1,0.058908,,
train,99,2443556,77270.9,0.058729,,
train,99,2443656,77273.7,0.057587,,
train,99,2443756,77276.6,0.059205,,
train,99,2443856,77279.4,0.057561,,
train,99,2443956,77282.3,0.060260,,
train,99,2444056,77285.1,0.055646,,
train,99,2444156,77288.0,0.060145,,
train,99,2444256,77290.8,0.057822,,
train,99,2444356,77293.6,0.060058,,
val,99,,77372.8,0.055230,0.003901,0.000032
