phase,epoch,step,elapsed_s,loss,mae_mirror,mse_mirror,mae,sam,psnr,ssim
train,0,100,7.2,0.679353,,,,,,
train,0,200,10.1,0.419431,,,,,,
train,0,300,12.9,0.339232,,,,,,
train,0,400,15.8,0.324449,,,,,,
train,0,500,18.7,0.307638,,,,,,
train,0,600,21.5,0.286482,,,,,,
train,0,700,24.4,0.281618,,,,,,
train,0,800,27.2,0.277509,,,,,,
train,0,900,30.1,0.260467,,,,,,
train,0,1000,32.9,0.286340,,,,,,
train,0,1100,35.8,0.251239,,,,,,
train,0,1200,38.6,0.282601,,,,,,
train,0,1300,41.5,0.253947,,,,,,
train,0,1400,44.3,0.237175,,,,,,
train,0,1500,47.2,0.227076,,,,,,
train,0,1600,50.1,0.234165,,,,,,
train,0,1700,52.9,0.209158,,,,,,
train,0,1800,55.8,0.236006,,,,,,
train,0,1900,58.6,0.210390,,,,,,
train,0,2000,61.5,0.211412,,,,,,
train,0,2100,64.3,0.213990,,,,,,
train,0,2200,67.2,0.219096,,,,,,
train,0,2300,70.0,0.197530,,,,,,
train,0,2400,72.9,0.206642,,,,,,
train,0,2500,75.7,0.190556,,,,,,
train,0,2600,78.6,0.199607,,,,,,
train,0,2700,81.4,0.207765,,,,,,
train,0,2800,84.3,0.192195,,,,,,
train,0,2900,87.1,0.185094,,,,,,
train,0,3000,90.0,0.177857,,,,,,
train,0,3100,92.8,0.191817,,,,,,
train,0,3200,95.7,0.176169,,,,,,
train,0,3300,98.5,0.189927,,,,,,
train,0,3400,101.4,0.184441,,,,,,
train,0,3500,104.2,0.169205,,,,,,
train,0,3600,107.1,0.164593,,,,,,
train,0,3700,109.9,0.170637,,,,,,
train,0,3800,112.7,0.175274,,,,,,
train,0,3900,115.6,0.157823,,,,,,
train,0,4000,118.4,0.168219,,,,,,
train,0,4100,121.3,0.168483,,,,,,
train,0,4200,124.2,0.162514,,,,,,
train,0,4300,127.0,0.157653,,,,,,
train,0,4400,129.9,0.162171,,,,,,
train,0,4500,132.8,0.158881,,,,,,
train,0,4600,135.6,0.160372,,,,,,
train,0,4700,138.5,0.173076,,,,,,
train,0,4800,141.3,0.142872,,,,,,
train,0,4900,144.2,0.160942,,,,,,
train,0,5000,147.0,0.150842,,,,,,
train,0,5100,149.9,0.154991,,,,,,
train,0,5200,152.7,0.149253,,,,,,
train,0,5300,155.6,0.149907,,,,,,
train,0,5400,158.4,0.135301,,,,,,
train,0,5500,161.3,0.155946,,,,,,
train,0,5600,164.1,0.152314,,,,,,
train,0,5700,167.0,0.152251,,,,,,
train,0,5800,169.8,0.146643,,,,,,
train,0,5900,172.7,0.147436,,,,,,
train,0,6000,175.5,0.142438,,,,,,
train,0,6100,178.4,0.147910,,,,,,
train,0,6200,181.2,0.152424,,,,,,
train,0,6300,184.1,0.153826,,,,,,
train,0,6400,186.9,0.145411,,,,,,
train,0,6500,189.8,0.147434,,,,,,
train,0,6600,192.7,0.143054,,,,,,
train,0,6700,195.5,0.136896,,,,,,
train,0,6800,198.4,0.139484,,,,,,
train,0,6900,201.2,0.128746,,,,,,
train,0,7000,204.1,0.140146,,,,,,
train,0,7100,206.9,0.149693,,,,,,
train,0,7200,209.8,0.132178,,,,,,
train,0,7300,212.7,0.143093,,,,,,
train,0,7400,215.5,0.125501,,,,,,
train,0,7500,218.4,0.140918,,,,,,
train,0,7600,221.2,0.129422,,,,,,
train,0,7700,224.1,0.138254,,,,,,
train,0,7800,226.9,0.135857,,,,,,
train,0,7900,229.8,0.126917,,,,,,
train,0,8000,232.6,0.126885,,,,,,
train,0,8100,235.5,0.139220,,,,,,
train,0,8200,238.3,0.125771,,,,,,
train,0,8300,241.2,0.132446,,,,,,
train,0,8400,244.0,0.128628,,,,,,
train,0,8500,246.9,0.138210,,,,,,
train,0,8600,249.7,0.117734,,,,,,
train,0,8700,252.6,0.124861,,,,,,
train,0,8800,255.5,0.137376,,,,,,
train,0,8900,258.3,0.118497,,,,,,
train,0,9000,261.2,0.125574,,,,,,
train,0,9100,264.0,0.133205,,,,,,
train,0,9200,266.9,0.133583,,,,,,
train,0,9300,269.7,0.130977,,,,,,
train,0,9400,272.6,0.117736,,,,,,
train,0,9500,275.4,0.127887,,,,,,
train,0,9600,278.3,0.128648,,,,,,
train,0,9700,281.1,0.128950,,,,,,
train,0,9800,284.1,0.132116,,,,,,
train,0,9900,287.3,0.126124,,,,,,
train,0,10000,290.2,0.116917,,,,,,
train,0,10100,293.0,0.121682,,,,,,
train,0,10200,295.9,0.127397,,,,,,
train,0,10300,298.7,0.132955,,,,,,
train,0,10400,301.6,0.119884,,,,,,
train,0,10500,304.4,0.121204,,,,,,
train,0,10600,307.2,0.134069,,,,,,
train,0,10700,310.1,0.126390,,,,,,
train,0,10800,312.9,0.118558,,,,,,
train,0,10900,315.8,0.130790,,,,,,
train,0,11000,318.6,0.113056,,,,,,
train,0,11100,321.5,0.121140,,,,,,
train,0,11200,324.3,0.123094,,,,,,
train,0,11300,327.2,0.119945,,,,,,
train,0,11400,330.0,0.114246,,,,,,
train,0,11500,332.9,0.127398,,,,,,
train,0,11600,335.7,0.119452,,,,,,
train,0,11700,338.6,0.128650,,,,,,
train,0,11800,341.4,0.119587,,,,,,
train,0,11900,344.3,0.125790,,,,,,
train,0,12000,347.1,0.114077,,,,,,
train,0,12100,350.0,0.108910,,,,,,
train,0,12200,352.9,0.118439,,,,,,
train,0,12300,355.7,0.127468,,,,,,
train,0,12400,358.6,0.113883,,,,,,
train,0,12500,361.4,0.123828,,,,,,
train,0,12600,364.3,0.114004,,,,,,
train,0,12700,367.1,0.117053,,,,,,
train,0,12800,370.0,0.116384,,,,,,
train,0,12900,372.8,0.117124,,,,,,
train,0,13000,375.7,0.114034,,,,,,
train,0,13100,378.5,0.120292,,,,,,
train,0,13200,381.4,0.113853,,,,,,
train,0,13300,384.2,0.119487,,,,,,
train,0,13400,387.1,0.121694,,,,,,
train,0,13500,389.9,0.118701,,,,,,
train,0,13600,392.8,0.120058,,,,,,
train,0,13700,395.6,0.117636,,,,,,
train,0,13800,398.5,0.111872,,,,,,
train,0,13900,401.3,0.127894,,,,,,
train,0,14000,404.2,0.115636,,,,,,
train,0,14100,407.1,0.116627,,,,,,
train,0,14200,409.9,0.117687,,,,,,
train,0,14300,412.8,0.107586,,,,,,
train,0,14400,415.6,0.109186,,,,,,
train,0,14500,418.5,0.112941,,,,,,
train,0,14600,421.3,0.115736,,,,,,
train,0,14700,424.2,0.116776,,,,,,
train,0,14800,427.0,0.114038,,,,,,
train,0,14900,429.9,0.117578,,,,,,
train,0,15000,432.7,0.112813,,,,,,
train,0,15100,435.6,0.119067,,,,,,
train,0,15200,438.4,0.114587,,,,,,
train,0,15300,441.3,0.122078,,,,,,
train,0,15400,444.2,0.112506,,,,,,
train,0,15500,447.0,0.121040,,,,,,
train,0,15600,449.9,0.119660,,,,,,
train,0,15700,452.7,0.115869,,,,,,
train,0,15800,455.6,0.118411,,,,,,
train,0,15900,458.4,0.107359,,,,,,
train,0,16000,461.3,0.118007,,,,,,
train,0,16100,464.1,0.112074,,,,,,
train,0,16200,467.0,0.113414,,,,,,
train,0,16300,469.8,0.122691,,,,,,
train,0,16400,472.7,0.103129,,,,,,
train,0,16500,475.5,0.125943,,,,,,
train,0,16600,478.4,0.104435,,,,,,
train,0,16700,481.3,0.114539,,,,,,
train,0,16800,484.1,0.108864,,,,,,
train,0,16900,487.0,0.112195,,,,,,
train,0,17000,489.8,0.110966,,,,,,
train,0,17100,492.6,0.110779,,,,,,
train,0,17200,495.5,0.102878,,,,,,
train,0,17300,498.3,0.111278,,,,,,
train,0,17400,501.2,0.104194,,,,,,
train,0,17500,504.0,0.113874,,,,,,
train,0,17600,506.9,0.110423,,,,,,
train,0,17700,509.7,0.110284,,,,,,
train,0,17800,512.6,0.111794,,,,,,
train,0,17900,515.4,0.113218,,,,,,
train,0,18000,518.3,0.112268,,,,,,
train,0,18100,521.1,0.116427,,,,,,
train,0,18200,524.0,0.109480,,,,,,
train,0,18300,526.8,0.109406,,,,,,
train,0,18400,529.9,0.104352,,,,,,
train,0,18500,533.1,0.115435,,,,,,
train,0,18600,535.9,0.114618,,,,,,
train,0,18700,538.8,0.116830,,,,,,
train,0,18800,541.6,0.114754,,,,,,
train,0,18900,544.5,0.112159,,,,,,
train,0,19000,547.3,0.113533,,,,,,
train,0,19100,550.2,0.112239,,,,,,
train,0,19200,553.0,0.111297,,,,,,
train,0,19300,555.9,0.111688,,,,,,
train,0,19400,558.8,0.109172,,,,,,
train,0,19500,561.6,0.109632,,,,,,
train,0,19600,564.5,0.105960,,,,,,
train,0,19700,567.3,0.103896,,,,,,
train,0,19800,570.2,0.107210,,,,,,
train,0,19900,573.0,0.106718,,,,,,
train,0,20000,575.9,0.113823,,,,,,
train,0,20100,578.7,0.107692,,,,,,
train,0,20200,581.6,nan,,,,,,
train,0,20300,584.4,0.108252,,,,,,
train,0,20400,587.3,0.102889,,,,,,
train,0,20500,590.1,0.110261,,,,,,
train,0,20600,593.0,0.107305,,,,,,
train,0,20700,595.9,0.116174,,,,,,
train,0,20800,598.7,0.102996,,,,,,
train,0,20900,601.6,0.115274,,,,,,
train,0,21000,604.4,0.103500,,,,,,
train,0,21100,607.3,0.107773,,,,,,
train,0,21200,610.1,0.111118,,,,,,
train,0,21300,613.0,0.102734,,,,,,
train,0,21400,615.8,0.107452,,,,,,
train,0,21500,618.7,0.108534,,,,,,
train,0,21600,621.5,0.111212,,,,,,
train,0,21700,624.4,0.097169,,,,,,
train,0,21800,627.2,0.106710,,,,,,
train,0,21900,630.1,0.114521,,,,,,
train,0,22000,632.9,0.107304,,,,,,
train,0,22100,635.8,0.103264,,,,,,
train,0,22200,638.7,0.110521,,,,,,
train,0,22300,641.5,0.107152,,,,,,
train,0,22400,644.4,0.110733,,,,,,
train,0,22500,647.2,0.100066,,,,,,
train,0,22600,650.1,0.104672,,,,,,
train,0,22700,652.9,0.114296,,,,,,
train,0,22800,655.8,0.105250,,,,,,
train,0,22900,658.6,0.112599,,,,,,
train,0,23000,661.5,0.109632,,,,,,
train,0,23100,664.3,0.109614,,,,,,
train,0,23200,667.2,0.110552,,,,,,
train,0,23300,670.0,0.105243,,,,,,
train,0,23400,672.9,0.104882,,,,,,
train,0,23500,675.7,0.099427,,,,,,
train,0,23600,678.6,0.098472,,,,,,
train,0,23700,681.5,0.096776,,,,,,
train,0,23800,684.3,0.102525,,,,,,
train,0,23900,687.2,0.108568,,,,,,
train,0,24000,690.0,0.110585,,,,,,
train,0,24100,692.8,0.109088,,,,,,
train,0,24200,695.7,0.110018,,,,,,
train,0,24300,698.5,0.101737,,,,,,
train,0,24400,701.4,0.109100,,,,,,
val,0,,849.7,0.095573,0.005224,0.000052,0.013356,0.057181,33.7603,0.936665
train,1,24544,853.7,0.097721,,,,,,
train,1,24644,856.5,0.106434,,,,,,
train,1,24744,859.7,0.101195,,,,,,
train,1,24844,862.6,0.105231,,,,,,
train,1,24944,865.4,0.102913,,,,,,
train,1,25044,868.3,0.105685,,,,,,
train,1,25144,871.1,0.097245,,,,,,
train,1,25244,874.0,0.106125,,,,,,
train,1,25344,876.8,0.109683,,,,,,
train,1,25444,879.7,0.111030,,,,,,
train,1,25544,882.5,0.108806,,,,,,
train,1,25644,885.4,0.102163,,,,,,
train,1,25744,888.2,0.107733,,,,,,
train,1,25844,891.1,0.102072,,,,,,
train,1,25944,893.9,0.100141,,,,,,
train,1,26044,896.8,0.096353,,,,,,
train,1,26144,899.6,0.098926,,,,,,
train,1,26244,902.5,0.113806,,,,,,
train,1,26344,905.3,0.105344,,,,,,
train,1,26444,908.2,0.105587,,,,,,
train,1,26544,911.0,0.103348,,,,,,
train,1,26644,913.9,0.098424,,,,,,
train,1,26744,916.7,0.103095,,,,,,
train,1,26844,919.6,0.102197,,,,,,
train,1,26944,922.4,0.104627,,,,,,
train,1,27044,925.3,0.105879,,,,,,
train,1,27144,928.1,0.099788,,,,,,
train,1,27244,931.0,0.108803,,,,,,
train,1,27344,933.8,0.095399,,,,,,
train,1,27444,936.6,0.097455,,,,,,
train,1,27544,939.5,0.105800,,,,,,
train,1,27644,942.3,0.102686,,,,,,
train,1,27744,945.2,0.097501,,,,,,
train,1,27844,948.0,0.100999,,,,,,
train,1,27944,950.9,0.098543,,,,,,
train,1,28044,953.7,0.102570,,,,,,
train,1,28144,956.6,0.100165,,,,,,
train,1,28244,959.4,0.100073,,,,,,
train,1,28344,962.3,0.102559,,,,,,
train,1,28444,965.1,0.105795,,,,,,
train,1,28544,968.0,0.101138,,,,,,
train,1,28644,970.8,0.100582,,,,,,
train,1,28744,973.7,0.106437,,,,,,
train,1,28844,976.5,0.095258,,,,,,
train,1,28944,979.8,0.109665,,,,,,
train,1,29044,982.6,0.097372,,,,,,
train,1,29144,985.5,0.097943,,,,,,
train,1,29244,988.3,0.094211,,,,,,
train,1,29344,991.2,0.096472,,,,,,
train,1,29444,994.0,0.095901,,,,,,
train,1,29544,996.9,0.101466,,,,,,
train,1,29644,999.7,0.097186,,,,,,
train,1,29744,1002.6,0.105662,,,,,,
train,1,29844,1005.4,0.102628,,,,,,
train,1,29944,1008.2,0.101902,,,,,,
train,1,30044,1011.1,0.095676,,,,,,
train,1,30144,1013.9,0.104047,,,,,,
train,1,30244,1016.8,0.105444,,,,,,
train,1,30344,1019.6,0.105160,,,,,,
train,1,30444,1022.5,0.105340,,,,,,
train,1,30544,1025.3,0.101305,,,,,,
train,1,30644,1028.3,0.094259,,,,,,
train,1,30744,1031.2,0.101286,,,,,,
train,1,30844,1034.1,0.101918,,,,,,
train,1,30944,1036.9,0.101187,,,,,,
train,1,31044,1040.0,0.106719,,,,,,
train,1,31144,1042.8,0.105955,,,,,,
train,1,31244,1045.7,0.099190,,,,,,
train,1,31344,1048.5,0.098099,,,,,,
train,1,31444,1051.4,0.105533,,,,,,
train,1,31544,1054.2,0.098888,,,,,,
train,1,31644,1057.1,0.101366,,,,,,
train,1,31744,1059.9,0.098875,,,,,,
train,1,31844,1062.8,0.103124,,,,,,
train,1,31944,1065.6,0.091087,,,,,,
train,1,32044,1068.5,0.102676,,,,,,
train,1,32144,1071.3,0.108315,,,,,,
train,1,32244,1074.2,0.104466,,,,,,
train,1,32344,1077.0,0.093747,,,,,,
train,1,32444,1079.9,0.102204,,,,,,
train,1,32544,1082.7,0.101175,,,,,,
train,1,32644,1085.6,0.095219,,,,,,
train,1,32744,1088.4,0.103323,,,,,,
train,1,32844,1091.3,0.097345,,,,,,
train,1,32944,1094.1,0.114680,,,,,,
train,1,33044,1097.0,0.098426,,,,,,
train,1,33144,1099.8,0.092424,,,,,,
train,1,33244,1102.7,0.098581,,,,,,
train,1,33344,1105.5,0.091744,,,,,,
train,1,33444,1108.4,0.100947,,,,,,
train,1,33544,1111.2,0.092637,,,,,,
train,1,33644,1114.1,0.103531,,,,,,
train,1,33744,1116.9,0.095848,,,,,,
train,1,33844,1119.8,0.097396,,,,,,
train,1,33944,1123.0,0.089787,,,,,,
train,1,34044,1125.9,0.094651,,,,,,
train,1,34144,1128.7,0.098194,,,,,,
train,1,34244,1131.6,0.103961,,,,,,
train,1,34344,1134.4,0.099095,,,,,,
train,1,34444,1137.3,0.106419,,,,,,
train,1,34544,1140.1,0.099222,,,,,,
train,1,34644,1142.9,0.104026,,,,,,
train,1,34744,1145.8,0.095297,,,,,,
train,1,34844,1148.6,0.087585,,,,,,
train,1,34944,1151.5,0.103208,,,,,,
train,1,35044,1154.3,0.096329,,,,,,
train,1,35144,1157.2,0.098934,,,,,,
train,1,35244,1160.0,0.095090,,,,,,
train,1,35344,1162.9,0.101361,,,,,,
train,1,35444,1165.7,0.099057,,,,,,
train,1,35544,1168.6,0.101765,,,,,,
train,1,35644,1171.4,0.102303,,,,,,
train,1,35744,1174.3,0.105473,,,,,,
train,1,35844,1177.1,nan,,,,,,
train,1,35944,1179.9,0.094997,,,,,,
train,1,36044,1182.8,0.095212,,,,,,
train,1,36144,1185.6,0.094347,,,,,,
train,1,36244,1188.5,0.096483,,,,,,
train,1,36344,1191.3,0.096233,,,,,,
train,1,36444,1194.2,0.094635,,,,,,
train,1,36544,1197.0,0.092814,,,,,,
train,1,36644,1199.9,0.092533,,,,,,
train,1,36744,1202.7,0.097132,,,,,,
train,1,36844,1205.6,0.099276,,,,,,
train,1,36944,1208.4,0.097396,,,,,,
train,1,37044,1211.3,0.094032,,,,,,
train,1,37144,1214.5,0.097746,,,,,,
train,1,37244,1217.3,0.092365,,,,,,
train,1,37344,1220.2,0.098598,,,,,,
train,1,37444,1223.0,0.094467,,,,,,
train,1,37544,1225.9,0.098222,,,,,,
train,1,37644,1228.8,0.100437,,,,,,
train,1,37744,1231.7,0.093569,,,,,,
train,1,37844,1234.5,0.094686,,,,,,
train,1,37944,1237.4,0.095637,,,,,,
train,1,38044,1240.2,0.097093,,,,,,
train,1,38144,1243.1,0.096379,,,,,,
train,1,38244,1245.9,0.090239,,,,,,
train,1,38344,1248.8,0.097114,,,,,,
train,1,38444,1251.6,0.097029,,,,,,
train,1,38544,1254.5,0.103250,,,,,,
train,1,38644,1257.3,0.096352,,,,,,
train,1,38744,1260.2,0.098079,,,,,,
train,1,38844,1263.0,0.100947,,,,,,
train,1,38944,1265.9,0.104340,,,,,,
train,1,39044,1268.8,0.097195,,,,,,
train,1,39144,1271.6,0.097207,,,,,,
train,1,39244,1274.5,0.101345,,,,,,
train,1,39344,1277.3,0.098051,,,,,,
train,1,39444,1280.2,0.100904,,,,,,
train,1,39544,1283.0,0.095658,,,,,,
train,1,39644,1285.9,0.097797,,,,,,
train,1,39744,1288.7,0.101114,,,,,,
train,1,39844,1291.6,0.096190,,,,,,
train,1,39944,1294.4,0.101275,,,,,,
train,1,40044,1297.3,0.095550,,,,,,
train,1,40144,1300.1,0.091096,,,,,,
train,1,40244,1303.0,0.091553,,,,,,
train,1,40344,1305.8,0.087047,,,,,,
train,1,40444,1308.7,0.091761,,,,,,
train,1,40544,1311.5,0.092776,,,,,,
train,1,40644,1314.4,0.093668,,,,,,
train,1,40744,1317.2,0.103754,,,,,,
train,1,40844,1320.1,0.104695,,,,,,
train,1,40944,1322.9,0.098157,,,,,,
train,1,41044,1325.7,0.102978,,,,,,
train,1,41144,1328.6,0.093974,,,,,,
train,1,41244,1331.4,0.086917,,,,,,
train,1,41344,1334.3,0.098377,,,,,,
train,1,41444,1337.1,0.091807,,,,,,
train,1,41544,1340.0,0.092223,,,,,,
train,1,41644,1342.8,0.099813,,,,,,
train,1,41744,1345.7,0.097277,,,,,,
train,1,41844,1348.5,0.096340,,,,,,
train,1,41944,1351.4,0.089384,,,,,,
train,1,42044,1354.2,0.096503,,,,,,
train,1,42144,1357.0,0.090742,,,,,,
train,1,42244,1359.9,0.091985,,,,,,
train,1,42344,1362.7,0.099830,,,,,,
train,1,42444,1365.6,0.101814,,,,,,
train,1,42544,1368.4,0.092618,,,,,,
train,1,42644,1371.3,0.090930,,,,,,
train,1,42744,1374.1,0.097815,,,,,,
train,1,42844,1377.0,0.093239,,,,,,
train,1,42944,1379.8,0.099306,,,,,,
train,1,43044,1382.7,0.092213,,,,,,
train,1,43144,1385.5,0.088620,,,,,,
train,1,43244,1388.4,0.086537,,,,,,
train,1,43344,1391.2,0.101147,,,,,,
train,1,43444,1394.1,0.098450,,,,,,
train,1,43544,1396.9,0.097913,,,,,,
train,1,43644,1399.8,0.091887,,,,,,
train,1,43744,1402.6,0.085672,,,,,,
train,1,43844,1405.5,0.099768,,,,,,
train,1,43944,1408.3,0.093298,,,,,,
train,1,44044,1411.2,0.101568,,,,,,
train,1,44144,1414.0,0.091488,,,,,,
train,1,44244,1416.9,0.105233,,,,,,
train,1,44344,1419.7,0.103125,,,,,,
train,1,44444,1422.6,0.099453,,,,,,
train,1,44544,1425.4,0.084242,,,,,,
train,1,44644,1428.3,0.090455,,,,,,
train,1,44744,1431.1,0.100261,,,,,,
train,1,44844,1434.0,0.093937,,,,,,
train,1,44944,1436.8,0.095060,,,,,,
train,1,45044,1439.7,0.095661,,,,,,
train,1,45144,1442.5,0.088140,,,,,,
train,1,45244,1445.4,0.089379,,,,,,
train,1,45344,1448.2,0.092580,,,,,,
train,1,45444,1451.1,0.091251,,,,,,
train,1,45544,1453.9,0.095144,,,,,,
train,1,45644,1456.8,0.095121,,,,,,
train,1,45744,1459.6,0.089347,,,,,,
train,1,45844,1462.5,0.093692,,,,,,
train,1,45944,1465.3,0.095258,,,,,,
train,1,46044,1468.2,0.092017,,,,,,
train,1,46144,1471.0,0.095175,,,,,,
train,1,46244,1473.9,0.091834,,,,,,
train,1,46344,1476.7,0.086077,,,,,,
train,1,46444,1479.6,0.091513,,,,,,
train,1,46544,1482.4,0.090826,,,,,,
train,1,46644,1485.3,0.095412,,,,,,
train,1,46744,1488.1,0.085516,,,,,,
train,1,46844,1491.0,0.091283,,,,,,
train,1,46944,1493.8,0.088469,,,,,,
train,1,47044,1496.7,0.092911,,,,,,
train,1,47144,1499.5,0.090802,,,,,,
train,1,47244,1502.4,0.091844,,,,,,
train,1,47344,1505.2,0.094243,,,,,,
train,1,47444,1508.1,0.097414,,,,,,
train,1,47544,1510.9,0.091048,,,,,,
train,1,47644,1513.8,0.103489,,,,,,
train,1,47744,1516.6,0.090057,,,,,,
train,1,47844,1519.5,0.098261,,,,,,
train,1,47944,1522.3,0.098618,,,,,,
train,1,48044,1525.2,0.095432,,,,,,
train,1,48144,1528.0,0.091383,,,,,,
train,1,48244,1530.9,0.090283,,,,,,
train,1,48344,1533.7,0.090457,,,,,,
train,1,48444,1536.6,0.097035,,,,,,
train,1,48544,1539.4,0.094429,,,,,,
train,1,48644,1542.3,0.094970,,,,,,
train,1,48744,1545.1,0.087676,,,,,,
train,1,48844,1547.9,0.091090,,,,,,
val,1,,1692.5,0.086934,0.004844,0.000046,0.012181,0.053938,34.5419,0.942977
train,2,48988,1696.5,0.089345,,,,,,
train,2,49088,1699.3,0.087434,,,,,,
train,2,49188,1702.2,0.094364,,,,,,
train,2,49288,1705.0,0.092453,,,,,,
train,2,49388,1707.9,0.099628,,,,,,
train,2,49488,1710.7,0.093318,,,,,,
train,2,49588,1713.6,0.092868,,,,,,
train,2,49688,1716.5,0.091787,,,,,,
train,2,49788,1719.3,0.093782,,,,,,
train,2,49888,1722.2,0.091658,,,,,,
train,2,49988,1725.0,0.091573,,,,,,
train,2,50088,1727.9,0.094109,,,,,,
train,2,50188,1730.8,0.091893,,,,,,
train,2,50288,1733.6,0.088974,,,,,,
train,2,50388,1736.5,0.093801,,,,,,
train,2,50488,1739.3,0.093985,,,,,,
train,2,50588,1742.2,0.093840,,,,,,
train,2,50688,1745.0,0.095983,,,,,,
train,2,50788,1747.9,0.091492,,,,,,
train,2,50888,1750.7,0.097387,,,,,,
train,2,50988,1753.6,0.090581,,,,,,
train,2,51088,1756.4,0.092427,,,,,,
train,2,51188,1759.3,0.091648,,,,,,
train,2,51288,1762.1,0.093053,,,,,,
train,2,51388,1765.0,0.088020,,,,,,
train,2,51488,1767.8,0.092180,,,,,,
train,2,51588,1770.7,0.089261,,,,,,
train,2,51688,1773.5,0.099380,,,,,,
train,2,51788,1776.4,0.085083,,,,,,
train,2,51888,1779.2,0.094695,,,,,,
train,2,51988,1782.1,0.088701,,,,,,
train,2,52088,1785.0,0.089898,,,,,,
train,2,52188,1787.8,0.094881,,,,,,
train,2,52288,1790.7,0.092790,,,,,,
train,2,52388,1793.5,0.092684,,,,,,
train,2,52488,1796.4,0.088631,,,,,,
train,2,52588,1799.3,0.092755,,,,,,
train,2,52688,1802.1,0.090782,,,,,,
train,2,52788,1805.0,0.089923,,,,,,
train,2,52888,1807.8,0.086597,,,,,,
train,2,52988,1810.7,0.097615,,,,,,
train,2,53088,1813.5,0.098256,,,,,,
train,2,53188,1816.4,0.092944,,,,,,
train,2,53288,1819.3,0.089428,,,,,,
train,2,53388,1822.1,0.090131,,,,,,
train,2,53488,1825.0,0.088979,,,,,,
train,2,53588,1827.8,0.092813,,,,,,
train,2,53688,1830.7,0.094303,,,,,,
train,2,53788,1833.5,0.105230,,,,,,
train,2,53888,1836.4,0.090545,,,,,,
train,2,53988,1839.3,0.090719,,,,,,
train,2,54088,1842.1,0.094188,,,,,,
train,2,54188,1845.0,0.095301,,,,,,
train,2,54288,1847.8,0.093692,,,,,,
train,2,54388,1850.7,nan,,,,,,
train,2,54488,1853.6,0.089440,,,,,,
train,2,54588,1856.4,0.092222,,,,,,
train,2,54688,1859.3,0.090683,,,,,,
train,2,54788,1862.1,0.087502,,,,,,
train,2,54888,1865.0,0.087877,,,,,,
train,2,54988,1867.8,0.093825,,,,,,
train,2,55088,1870.7,0.094141,,,,,,
train,2,55188,1873.6,0.087813,,,,,,
train,2,55288,1876.4,0.091231,,,,,,
train,2,55388,1879.3,0.092909,,,,,,
train,2,55488,1882.1,0.089682,,,,,,
train,2,55588,1885.0,0.092763,,,,,,
train,2,55688,1887.8,0.087108,,,,,,
train,2,55788,1890.7,0.090696,,,,,,
train,2,55888,1893.6,0.092987,,,,,,
train,2,55988,1896.4,0.096729,,,,,,
train,2,56088,1899.3,0.087123,,,,,,
train,2,56188,1902.1,0.092091,,,,,,
train,2,56288,1905.0,0.092096,,,,,,
train,2,56388,1907.9,0.093202,,,,,,
train,2,56488,1910.7,0.089495,,,,,,
train,2,56588,1913.6,0.086231,,,,,,
train,2,56688,1916.4,0.087192,,,,,,
train,2,56788,1919.3,0.089711,,,,,,
train,2,56888,1922.2,0.094097,,,,,,
train,2,56988,1925.0,0.092562,,,,,,
train,2,57088,1927.9,0.093604,,,,,,
train,2,57188,1930.7,0.090833,,,,,,
train,2,57288,1933.6,0.097456,,,,,,
train,2,57388,1936.4,0.089464,,,,,,
train,2,57488,1939.3,0.089484,,,,,,
train,2,57588,1942.2,0.087160,,,,,,
train,2,57688,1945.0,0.084834,,,,,,
train,2,57788,1947.9,0.091328,,,,,,
train,2,57888,1950.7,0.097010,,,,,,
train,2,57988,1953.6,0.088536,,,,,,
train,2,58088,1956.4,0.093322,,,,,,
train,2,58188,1959.3,0.092340,,,,,,
train,2,58288,1962.1,0.093031,,,,,,
train,2,58388,1965.0,0.088398,,,,,,
train,2,58488,1967.8,0.093780,,,,,,
train,2,58588,1970.7,0.087678,,,,,,
train,2,58688,1973.5,0.089087,,,,,,
train,2,58788,1976.4,0.092134,,,,,,
train,2,58888,1979.2,0.096957,,,,,,
train,2,58988,1982.1,0.091118,,,,,,
train,2,59088,1984.9,0.093824,,,,,,
train,2,59188,1987.8,0.091204,,,,,,
train,2,59288,1990.7,0.091723,,,,,,
train,2,59388,1993.5,0.089701,,,,,,
train,2,59488,1996.4,0.089634,,,,,,
train,2,59588,1999.2,0.091578,,,,,,
train,2,59688,2002.1,0.089854,,,,,,
train,2,59788,2005.0,0.090375,,,,,,
train,2,59888,2007.8,0.089519,,,,,,
train,2,59988,2010.7,0.091780,,,,,,
train,2,60088,2013.5,0.090360,,,,,,
train,2,60188,2016.4,0.088894,,,,,,
train,2,60288,2019.2,0.091428,,,,,,
train,2,60388,2022.1,0.089782,,,,,,
train,2,60488,2025.0,0.088072,,,,,,
train,2,60588,2027.8,0.087455,,,,,,
train,2,60688,2030.7,0.095962,,,,,,
train,2,60788,2033.5,0.087744,,,,,,
train,2,60888,2036.4,0.092090,,,,,,
train,2,60988,2039.3,0.090629,,,,,,
train,2,61088,2042.1,0.089160,,,,,,
train,2,61188,2045.0,0.087802,,,,,,
train,2,61288,2047.8,0.086903,,,,,,
train,2,61388,2050.7,0.090212,,,,,,
train,2,61488,2053.5,0.092531,,,,,,
train,2,61588,2056.4,0.093967,,,,,,
train,2,61688,2059.3,0.087245,,,,,,
train,2,61788,2062.1,0.084569,,,,,,
train,2,61888,2065.0,0.093472,,,,,,
train,2,61988,2067.9,0.088574,,,,,,
train,2,62088,2070.7,0.086131,,,,,,
train,2,62188,2073.6,0.087486,,,,,,
train,2,62288,2076.4,0.090707,,,,,,
train,2,62388,2079.3,0.088765,,,,,,
train,2,62488,2082.1,0.083808,,,,,,
train,2,62588,2085.0,0.096720,,,,,,
train,2,62688,2087.9,0.089880,,,,,,
train,2,62788,2090.7,0.089748,,,,,,
train,2,62888,2093.6,0.090498,,,,,,
train,2,62988,2096.4,0.093084,,,,,,
train,2,63088,2099.3,0.088497,,,,,,
train,2,63188,2102.2,0.084476,,,,,,
train,2,63288,2105.0,0.091367,,,,,,
train,2,63388,2107.9,0.088989,,,,,,
train,2,63488,2110.7,0.091029,,,,,,
train,2,63588,2113.6,0.088646,,,,,,
train,2,63688,2116.6,0.090394,,,,,,
train,2,63788,2119.4,0.084502,,,,,,
train,2,63888,2122.3,0.094843,,,,,,
train,2,63988,2125.1,0.086455,,,,,,
train,2,64088,2128.0,0.096088,,,,,,
train,2,64188,2130.9,0.096497,,,,,,
train,2,64288,2133.7,0.093019,,,,,,
train,2,64388,2136.6,0.093432,,,,,,
train,2,64488,2139.4,0.090576,,,,,,
train,2,64588,2142.3,0.085949,,,,,,
train,2,64688,2145.1,0.091373,,,,,,
train,2,64788,2148.0,0.086916,,,,,,
train,2,64888,2150.9,0.083836,,,,,,
train,2,64988,2153.8,0.089741,,,,,,
train,2,65088,2156.6,0.087726,,,,,,
train,2,65188,2159.5,0.082124,,,,,,
train,2,65288,2162.3,0.090563,,,,,,
train,2,65388,2165.2,0.088353,,,,,,
train,2,65488,2168.0,0.090189,,,,,,
train,2,65588,2170.9,0.090339,,,,,,
train,2,65688,2173.7,0.090556,,,,,,
train,2,65788,2176.6,0.095146,,,,,,
train,2,65888,2179.5,0.087488,,,,,,
train,2,65988,2182.3,0.088157,,,,,,
train,2,66088,2185.2,0.082171,,,,,,
train,2,66188,2188.0,0.085937,,,,,,
train,2,66288,2190.9,0.086141,,,,,,
train,2,66388,2193.7,0.084119,,,,,,
train,2,66488,2196.6,0.089604,,,,,,
train,2,66588,2199.4,0.083042,,,,,,
train,2,66688,2202.3,0.088204,,,,,,
train,2,66788,2205.1,0.089469,,,,,,
train,2,66888,2208.0,0.093043,,,,,,
train,2,66988,2210.8,0.085814,,,,,,
train,2,67088,2213.7,0.090067,,,,,,
train,2,67188,2216.6,0.092864,,,,,,
train,2,67288,2219.4,0.087964,,,,,,
train,2,67388,2222.3,0.092645,,,,,,
train,2,67488,2225.1,0.089225,,,,,,
train,2,67588,2228.0,0.091937,,,,,,
train,2,67688,2230.8,0.090312,,,,,,
train,2,67788,2233.7,0.093298,,,,,,
train,2,67888,2236.6,0.090206,,,,,,
train,2,67988,2239.4,0.090347,,,,,,
train,2,68088,2242.3,0.090249,,,,,,
train,2,68188,2245.1,0.087469,,,,,,
train,2,68288,2248.0,0.087425,,,,,,
train,2,68388,2250.9,0.089020,,,,,,
train,2,68488,2253.7,0.085264,,,,,,
train,2,68588,2256.6,0.093133,,,,,,
train,2,68688,2259.4,0.095677,,,,,,
train,2,68788,2262.3,0.095538,,,,,,
train,2,68888,2265.2,0.088995,,,,,,
train,2,68988,2268.0,0.083769,,,,,,
train,2,69088,2270.9,0.089101,,,,,,
train,2,69188,2273.7,0.086635,,,,,,
train,2,69288,2276.6,0.088298,,,,,,
train,2,69388,2279.4,0.089048,,,,,,
train,2,69488,2282.3,0.086225,,,,,,
train,2,69588,2285.2,0.087911,,,,,,
train,2,69688,2288.0,0.095675,,,,,,
train,2,69788,2290.9,0.089767,,,,,,
train,2,69888,2293.7,0.091608,,,,,,
train,2,69988,2296.6,0.090909,,,,,,
train,2,70088,2299.5,0.084541,,,,,,
train,2,70188,2302.3,0.089312,,,,,,
train,2,70288,2305.2,0.087513,,,,,,
train,2,70388,2308.0,0.093922,,,,,,
train,2,70488,2310.9,0.089526,,,,,,
train,2,70588,2313.8,0.092554,,,,,,
train,2,70688,2316.6,0.088547,,,,,,
train,2,70788,2319.5,0.084558,,,,,,
train,2,70888,2322.3,0.090075,,,,,,
train,2,70988,2325.2,0.087223,,,,,,
train,2,71088,2328.1,0.085418,,,,,,
train,2,71188,2330.9,0.093122,,,,,,
train,2,71288,2333.8,0.093728,,,,,,
train,2,71388,2336.6,0.089786,,,,,,
train,2,71488,2339.5,0.083218,,,,,,
train,2,71588,2342.4,0.087055,,,,,,
train,2,71688,2345.2,0.085029,,,,,,
train,2,71788,2348.1,0.094654,,,,,,
train,2,71888,2350.9,0.088320,,,,,,
train,2,71988,2353.8,0.087141,,,,,,
train,2,72088,2356.6,0.088150,,,,,,
train,2,72188,2359.5,0.087750,,,,,,
train,2,72288,2362.3,0.088706,,,,,,
train,2,72388,2365.2,0.091463,,,,,,
train,2,72488,2368.1,0.084972,,,,,,
train,2,72588,2370.9,0.089457,,,,,,
train,2,72688,2373.8,0.087441,,,,,,
train,2,72788,2376.6,0.084907,,,,,,
train,2,72888,2379.5,0.095244,,,,,,
train,2,72988,2382.3,0.085287,,,,,,
train,2,73088,2385.2,0.087951,,,,,,
train,2,73188,2388.0,0.084468,,,,,,
train,2,73288,2390.9,0.091363,,,,,,
val,2,,2535.6,0.082131,0.004685,0.000044,0.011758,0.052462,34.8547,0.945571
train,3,73432,2539.6,0.089444,,,,,,
train,3,73532,2542.5,0.086560,,,,,,
train,3,73632,2545.4,0.091893,,,,,,
train,3,73732,2548.2,0.096857,,,,,,
train,3,73832,2551.1,0.083770,,,,,,
train,3,73932,2553.9,0.086805,,,,,,
train,3,74032,2556.8,0.082385,,,,,,
train,3,74132,2559.6,0.089490,,,,,,
train,3,74232,2562.5,0.086846,,,,,,
train,3,74332,2565.4,0.091519,,,,,,
train,3,74432,2568.2,0.081238,,,,,,
train,3,74532,2571.1,0.085437,,,,,,
train,3,74632,2573.9,0.087785,,,,,,
train,3,74732,2576.8,0.083936,,,,,,
train,3,74832,2579.6,0.090735,,,,,,
train,3,74932,2582.5,0.081238,,,,,,
train,3,75032,2585.3,0.093002,,,,,,
train,3,75132,2588.2,0.084129,,,,,,
train,3,75232,2591.0,0.085564,,,,,,
train,3,75332,2593.9,0.085917,,,,,,
train,3,75432,2596.7,0.092205,,,,,,
train,3,75532,2599.6,0.080514,,,,,,
train,3,75632,2602.4,0.075699,,,,,,
train,3,75732,2605.3,0.084172,,,,,,
train,3,75832,2608.1,0.080163,,,,,,
train,3,75932,2611.0,0.090253,,,,,,
train,3,76032,2613.8,0.089056,,,,,,
train,3,76132,2616.7,0.088320,,,,,,
train,3,76232,2619.5,0.087320,,,,,,
train,3,76332,2622.4,0.091570,,,,,,
train,3,76432,2625.2,0.089137,,,,,,
train,3,76532,2628.1,0.088414,,,,,,
train,3,76632,2630.9,0.087408,,,,,,
train,3,76732,2633.8,0.087381,,,,,,
train,3,76832,2636.6,0.090042,,,,,,
train,3,76932,2639.5,0.087235,,,,,,
train,3,77032,2642.4,0.088281,,,,,,
train,3,77132,2645.2,0.084592,,,,,,
train,3,77232,2648.1,0.087069,,,,,,
train,3,77332,2650.9,0.084172,,,,,,
train,3,77432,2653.8,0.089560,,,,,,
train,3,77532,2656.6,0.085273,,,,,,
train,3,77632,2659.5,0.083958,,,,,,
train,3,77732,2662.4,0.095752,,,,,,
train,3,77832,2665.2,0.087153,,,,,,
train,3,77932,2668.1,0.088381,,,,,,
train,3,78032,2670.9,0.086783,,,,,,
train,3,78132,2673.8,0.093712,,,,,,
train,3,78232,2676.6,0.091109,,,,,,
train,3,78332,2679.5,0.084785,,,,,,
train,3,78432,2682.3,0.095535,,,,,,
train,3,78532,2685.2,0.089132,,,,,,
train,3,78632,2688.0,0.084350,,,,,,
train,3,78732,2690.9,0.087318,,,,,,
train,3,78832,2693.8,0.082112,,,,,,
train,3,78932,2696.6,0.082439,,,,,,
train,3,79032,2699.5,0.091119,,,,,,
train,3,79132,2702.3,0.091630,,,,,,
train,3,79232,2705.2,0.084194,,,,,,
train,3,79332,2708.0,0.086293,,,,,,
train,3,79432,2710.9,0.085927,,,,,,
train,3,79532,2713.8,0.084966,,,,,,
train,3,79632,2716.6,0.084995,,,,,,
train,3,79732,2719.5,0.084707,,,,,,
train,3,79832,2722.3,0.087228,,,,,,
train,3,79932,2725.2,0.084382,,,,,,
train,3,80032,2728.1,0.078507,,,,,,
train,3,80132,2730.9,0.081902,,,,,,
train,3,80232,2733.8,0.088860,,,,,,
train,3,80332,2736.6,0.088649,,,,,,
train,3,80432,2739.5,0.086506,,,,,,
train,3,80532,2742.3,0.087026,,,,,,
train,3,80632,2745.2,0.088143,,,,,,
train,3,80732,2748.0,0.091090,,,,,,
train,3,80832,2750.9,0.081488,,,,,,
train,3,80932,2753.8,0.086106,,,,,,
train,3,81032,2756.6,0.087575,,,,,,
train,3,81132,2759.5,0.079595,,,,,,
train,3,81232,2762.3,0.082790,,,,,,
train,3,81332,2765.2,0.083213,,,,,,
train,3,81432,2768.0,0.086763,,,,,,
train,3,81532,2770.9,0.085029,,,,,,
train,3,81632,2774.2,0.083464,,,,,,
train,3,81732,2777.1,0.085614,,,,,,
train,3,81832,2779.9,0.089589,,,,,,
train,3,81932,2782.8,0.084199,,,,,,
train,3,82032,2785.6,0.087395,,,,,,
train,3,82132,2788.5,0.089595,,,,,,
train,3,82232,2791.3,0.087349,,,,,,
train,3,82332,2794.2,0.089788,,,,,,
train,3,82432,2797.1,0.081846,,,,,,
train,3,82532,2799.9,0.086708,,,,,,
train,3,82632,2802.8,0.086704,,,,,,
train,3,82732,2805.6,0.088091,,,,,,
train,3,82832,2808.4,0.086487,,,,,,
train,3,82932,2811.3,nan,,,,,,
train,3,83032,2814.2,0.090967,,,,,,
train,3,83132,2817.0,0.081663,,,,,,
train,3,83232,2819.9,0.088424,,,,,,
train,3,83332,2822.7,0.085677,,,,,,
train,3,83432,2825.6,0.079405,,,,,,
train,3,83532,2828.4,0.083884,,,,,,
train,3,83632,2831.5,0.090551,,,,,,
train,3,83732,2834.4,0.086216,,,,,,
train,3,83832,2837.2,0.083161,,,,,,
train,3,83932,2840.1,0.087607,,,,,,
train,3,84032,2842.9,0.086907,,,,,,
train,3,84132,2845.8,0.088940,,,,,,
train,3,84232,2848.6,0.084481,,,,,,
train,3,84332,2851.5,0.087199,,,,,,
train,3,84432,2854.4,0.083618,,,,,,
train,3,84532,2857.2,0.091479,,,,,,
train,3,84632,2860.1,0.086166,,,,,,
train,3,84732,2862.9,0.084069,,,,,,
train,3,84832,2865.8,0.085687,,,,,,
train,3,84932,2868.6,0.087621,,,,,,
train,3,85032,2871.5,0.085535,,,,,,
train,3,85132,2874.4,0.086294,,,,,,
train,3,85232,2877.2,0.083811,,,,,,
train,3,85332,2880.1,0.086818,,,,,,
train,3,85432,2882.9,0.083941,,,,,,
train,3,85532,2885.8,0.079766,,,,,,
train,3,85632,2888.6,0.092654,,,,,,
train,3,85732,2891.5,0.085685,,,,,,
train,3,85832,2894.3,0.081936,,,,,,
train,3,85932,2897.2,0.091330,,,,,,
train,3,86032,2900.0,0.079364,,,,,,
train,3,86132,2902.9,0.091804,,,,,,
train,3,86232,2905.8,0.088770,,,,,,
train,3,86332,2908.6,0.091579,,,,,,
train,3,86432,2911.5,0.084970,,,,,,
train,3,86532,2914.3,0.088857,,,,,,
train,3,86632,2917.3,0.084795,,,,,,
train,3,86732,2920.1,0.092497,,,,,,
train,3,86832,2923.0,0.085721,,,,,,
train,3,86932,2925.8,0.086407,,,,,,
train,3,87032,2928.7,0.079929,,,,,,
train,3,87132,2931.6,0.083421,,,,,,
train,3,87232,2934.4,0.088206,,,,,,
train,3,87332,2937.3,0.084487,,,,,,
train,3,87432,2940.1,0.085991,,,,,,
train,3,87532,2943.0,0.082642,,,,,,
train,3,87632,2945.8,0.084986,,,,,,
train,3,87732,2948.7,0.083480,,,,,,
train,3,87832,2951.6,0.084314,,,,,,
train,3,87932,2954.4,0.084346,,,,,,
train,3,88032,2957.3,0.086959,,,,,,
train,3,88132,2960.1,0.083079,,,,,,
train,3,88232,2963.0,0.094509,,,,,,
train,3,88332,2965.9,0.087151,,,,,,
train,3,88432,2968.7,0.086787,,,,,,
train,3,88532,2971.6,0.083857,,,,,,
train,3,88632,2974.4,0.091287,,,,,,
train,3,88732,2977.3,0.086779,,,,,,
train,3,88832,2980.1,0.082981,,,,,,
train,3,88932,2983.0,0.080659,,,,,,
train,3,89032,2985.9,0.080906,,,,,,
train,3,89132,2988.7,0.085530,,,,,,
train,3,89232,2991.6,0.089628,,,,,,
train,3,89332,2994.4,0.083838,,,,,,
train,3,89432,2997.3,0.088771,,,,,,
train,3,89532,3000.1,0.084450,,,,,,
train,3,89632,3003.0,0.087271,,,,,,
train,3,89732,3005.8,0.088357,,,,,,
train,3,89832,3008.7,0.081027,,,,,,
train,3,89932,3011.6,0.084095,,,,,,
train,3,90032,3014.4,0.079458,,,,,,
train,3,90132,3017.3,0.085720,,,,,,
train,3,90232,3020.1,0.090630,,,,,,
train,3,90332,3023.0,0.081458,,,,,,
train,3,90432,3025.8,0.085498,,,,,,
train,3,90532,3028.7,0.091971,,,,,,
train,3,90632,3031.5,0.080121,,,,,,
train,3,90732,3034.4,0.083660,,,,,,
train,3,90832,3037.2,0.085352,,,,,,
train,3,90932,3040.1,0.082845,,,,,,
train,3,91032,3043.0,0.085979,,,,,,
train,3,91132,3045.8,0.089195,,,,,,
train,3,91232,3048.7,0.089723,,,,,,
train,3,91332,3051.5,0.094105,,,,,,
train,3,91432,3054.4,0.088528,,,,,,
train,3,91532,3057.2,0.086637,,,,,,
train,3,91632,3060.1,0.085453,,,,,,
train,3,91732,3062.9,0.086889,,,,,,
train,3,91832,3065.8,0.089093,,,,,,
train,3,91932,3068.6,0.080588,,,,,,
train,3,92032,3071.5,0.085547,,,,,,
train,3,92132,3074.4,0.088484,,,,,,
train,3,92232,3077.2,0.084469,,,,,,
train,3,92332,3080.1,0.080388,,,,,,
train,3,92432,3082.9,0.084022,,,,,,
train,3,92532,3085.8,0.084343,,,,,,
train,3,92632,3088.6,0.080000,,,,,,
train,3,92732,3091.5,0.080801,,,,,,
train,3,92832,3094.3,0.083249,,,,,,
train,3,92932,3097.2,0.084768,,,,,,
train,3,93032,3100.0,0.083014,,,,,,
train,3,93132,3102.9,0.087182,,,,,,
train,3,93232,3105.8,0.086385,,,,,,
train,3,93332,3108.6,0.086316,,,,,,
train,3,93432,3111.5,0.086313,,,,,,
train,3,93532,3114.3,0.082111,,,,,,
train,3,93632,3117.2,0.086598,,,,,,
train,3,93732,3120.0,0.087546,,,,,,
train,3,93832,3122.9,0.081034,,,,,,
train,3,93932,3125.7,0.085166,,,,,,
train,3,94032,3128.6,0.086226,,,,,,
train,3,94132,3131.4,0.084150,,,,,,
train,3,94232,3134.3,0.084616,,,,,,
train,3,94332,3137.1,0.087060,,,,,,
train,3,94432,3140.0,0.084761,,,,,,
train,3,94532,3142.9,0.079839,,,,,,
train,3,94632,3145.7,0.083266,,,,,,
train,3,94732,3148.6,0.086892,,,,,,
train,3,94832,3151.4,0.086160,,,,,,
train,3,94932,3154.3,0.086164,,,,,,
train,3,95032,3157.2,0.081002,,,,,,
train,3,95132,3160.0,0.083237,,,,,,
train,3,95232,3162.9,0.086699,,,,,,
train,3,95332,3165.7,0.082709,,,,,,
train,3,95432,3168.6,0.087942,,,,,,
train,3,95532,3171.4,0.082784,,,,,,
train,3,95632,3174.3,0.086009,,,,,,
train,3,95732,3177.2,0.085474,,,,,,
train,3,95832,3180.0,0.083559,,,,,,
train,3,95932,3182.9,0.084371,,,,,,
train,3,96032,3185.7,0.089315,,,,,,
train,3,96132,3188.6,0.086708,,,,,,
train,3,96232,3191.4,0.084369,,,,,,
train,3,96332,3194.3,0.080678,,,,,,
train,3,96432,3197.1,0.087337,,,,,,
train,3,96532,3200.0,0.084633,,,,,,
train,3,96632,3202.9,0.085313,,,,,,
train,3,96732,3205.7,0.089168,,,,,,
train,3,96832,3208.6,0.089183,,,,,,
train,3,96932,3211.4,0.088401,,,,,,
train,3,97032,3214.3,0.087174,,,,,,
train,3,97132,3217.1,0.092600,,,,,,
train,3,97232,3220.0,0.084355,,,,,,
train,3,97332,3222.9,0.088681,,,,,,
train,3,97432,3225.7,0.089574,,,,,,
train,3,97532,3228.6,0.084758,,,,,,
train,3,97632,3231.4,0.081876,,,,,,
train,3,97732,3234.3,0.081966,,,,,,
val,3,,3379.2,0.079262,0.004596,0.000042,0.011596,0.051936,34.9673,0.946898
train,4,97876,3383.2,0.085801,,,,,,
train,4,97976,3386.1,0.079276,,,,,,
train,4,98076,3389.0,0.084142,,,,,,
train,4,98176,3391.8,0.084745,,,,,,
train,4,98276,3394.7,0.084667,,,,,,
train,4,98376,3397.5,0.084622,,,,,,
train,4,98476,3400.4,0.086715,,,,,,
train,4,98576,3403.3,0.086821,,,,,,
train,4,98676,3406.1,0.080294,,,,,,
train,4,98776,3409.0,0.084289,,,,,,
train,4,98876,3411.9,0.080823,,,,,,
train,4,98976,3414.7,0.081197,,,,,,
train,4,99076,3417.6,0.081276,,,,,,
train,4,99176,3420.5,0.085039,,,,,,
train,4,99276,3423.3,0.085366,,,,,,
train,4,99376,3426.2,0.087744,,,,,,
train,4,99476,3429.0,0.081344,,,,,,
train,4,99576,3431.9,0.085606,,,,,,
train,4,99676,3434.8,0.083019,,,,,,
train,4,99776,3437.6,0.085597,,,,,,
train,4,99876,3440.5,0.082446,,,,,,
train,4,99976,3443.3,0.084340,,,,,,
train,4,100076,3446.2,0.079570,,,,,,
train,4,100176,3449.1,0.085195,,,,,,
train,4,100276,3451.9,0.081617,,,,,,
train,4,100376,3454.8,0.081348,,,,,,
train,4,100476,3458.3,0.085960,,,,,,
train,4,100576,3461.2,0.083980,,,,,,
train,4,100676,3464.0,0.084219,,,,,,
train,4,100776,3467.2,0.086832,,,,,,
train,4,100876,3470.1,0.085739,,,,,,
train,4,100976,3472.9,0.079708,,,,,,
train,4,101076,3475.8,0.087891,,,,,,
train,4,101176,3478.6,0.087981,,,,,,
train,4,101276,3481.5,0.082864,,,,,,
train,4,101376,3484.4,0.085318,,,,,,
train,4,101476,3487.2,0.082495,,,,,,
train,4,101576,3490.1,0.080614,,,,,,
train,4,101676,3492.9,0.091296,,,,,,
train,4,101776,3495.8,0.081337,,,,,,
train,4,101876,3498.7,0.088913,,,,,,
train,4,101976,3501.5,0.083798,,,,,,
train,4,102076,3504.4,0.088597,,,,,,
train,4,102176,3507.2,0.081406,,,,,,
train,4,102276,3510.1,0.082141,,,,,,
train,4,102376,3513.0,0.084144,,,,,,
train,4,102476,3515.8,0.079549,,,,,,
train,4,102576,3518.7,0.084588,,,,,,
train,4,102676,3521.5,0.081785,,,,,,
train,4,102776,3524.4,0.085019,,,,,,
train,4,102876,3527.3,0.080834,,,,,,
train,4,102976,3530.1,0.087172,,,,,,
train,4,103076,3533.0,0.086646,,,,,,
train,4,103176,3535.9,0.084838,,,,,,
train,4,103276,3538.7,0.078746,,,,,,
train,4,103376,3541.6,0.085978,,,,,,
train,4,103476,3544.5,0.082357,,,,,,
train,4,103576,3547.3,0.082304,,,,,,
train,4,103676,3550.2,0.081513,,,,,,
train,4,103776,3553.0,0.083672,,,,,,
train,4,103876,3555.9,0.087975,,,,,,
train,4,103976,3558.8,0.085158,,,,,,
train,4,104076,3561.6,0.085794,,,,,,
train,4,104176,3564.5,0.086092,,,,,,
train,4,104276,3567.4,0.082310,,,,,,
train,4,104376,3570.2,0.083035,,,,,,
train,4,104476,3573.1,0.078680,,,,,,
train,4,104576,3575.9,0.083893,,,,,,
train,4,104676,3578.8,0.083686,,,,,,
train,4,104776,3581.7,0.082493,,,,,,
train,4,104876,3584.5,0.082194,,,,,,
train,4,104976,3587.4,0.091120,,,,,,
train,4,105076,3590.3,0.084457,,,,,,
train,4,105176,3593.1,0.082651,,,,,,
train,4,105276,3596.0,0.082807,,,,,,
train,4,105376,3598.8,0.079287,,,,,,
train,4,105476,3601.7,0.081773,,,,,,
train,4,105576,3604.6,0.086733,,,,,,
train,4,105676,3607.4,0.080992,,,,,,
train,4,105776,3610.3,0.082763,,,,,,
train,4,105876,3613.1,0.089621,,,,,,
train,4,105976,3616.0,0.086368,,,,,,
train,4,106076,3618.9,0.084565,,,,,,
train,4,106176,3621.7,0.084782,,,,,,
train,4,106276,3624.6,0.083811,,,,,,
train,4,106376,3627.4,0.084882,,,,,,
train,4,106476,3630.3,0.080714,,,,,,
train,4,106576,3633.2,0.082255,,,,,,
train,4,106676,3636.0,0.082536,,,,,,
train,4,106776,3638.9,0.085622,,,,,,
train,4,106876,3641.7,0.079569,,,,,,
train,4,106976,3644.6,0.083420,,,,,,
train,4,107076,3647.4,0.079741,,,,,,
train,4,107176,3650.3,0.080380,,,,,,
train,4,107276,3653.2,0.083329,,,,,,
train,4,107376,3656.0,0.085718,,,,,,
train,4,107476,3658.9,0.081528,,,,,,
train,4,107576,3661.7,0.078340,,,,,,
train,4,107676,3664.6,0.085273,,,,,,
train,4,107776,3667.5,0.086407,,,,,,
train,4,107876,3670.3,0.090226,,,,,,
train,4,107976,3673.2,0.077184,,,,,,
train,4,108076,3676.0,0.086621,,,,,,
train,4,108176,3678.9,0.087470,,,,,,
train,4,108276,3681.7,0.079056,,,,,,
train,4,108376,3684.6,0.078097,,,,,,
train,4,108476,3687.4,0.087577,,,,,,
train,4,108576,3690.3,0.081735,,,,,,
train,4,108676,3693.9,0.090431,,,,,,
train,4,108776,3696.8,0.076813,,,,,,
train,4,108876,3699.7,0.083774,,,,,,
train,4,108976,3702.5,0.086086,,,,,,
train,4,109076,3705.4,0.085133,,,,,,
train,4,109176,3708.3,0.086094,,,,,,
train,4,109276,3711.2,0.081946,,,,,,
train,4,109376,3714.0,0.085004,,,,,,
train,4,109476,3716.9,0.085870,,,,,,
train,4,109576,3719.7,0.079769,,,,,,
train,4,109676,3722.6,0.085556,,,,,,
train,4,109776,3725.5,0.081433,,,,,,
train,4,109876,3728.3,nan,,,,,,
train,4,109976,3731.2,0.083932,,,,,,
train,4,110076,3734.0,0.085027,,,,,,
train,4,110176,3736.9,0.086493,,,,,,
train,4,110276,3739.8,0.081380,,,,,,
train,4,110376,3742.6,0.084506,,,,,,
train,4,110476,3745.5,0.088781,,,,,,
train,4,110576,3748.4,0.079610,,,,,,
train,4,110676,3751.2,0.082031,,,,,,
train,4,110776,3754.1,0.080720,,,,,,
train,4,110876,3756.9,0.086739,,,,,,
train,4,110976,3759.8,0.078379,,,,,,
train,4,111076,3762.7,0.086005,,,,,,
train,4,111176,3765.5,0.085256,,,,,,
train,4,111276,3768.4,0.088169,,,,,,
train,4,111376,3771.2,0.080811,,,,,,
train,4,111476,3774.1,0.083068,,,,,,
train,4,111576,3777.0,0.076431,,,,,,
train,4,111676,3779.8,0.073949,,,,,,
train,4,111776,3782.7,0.082537,,,,,,
train,4,111876,3785.6,0.088622,,,,,,
train,4,111976,3788.4,0.081634,,,,,,
train,4,112076,3791.3,0.073858,,,,,,
train,4,112176,3794.1,0.080951,,,,,,
train,4,112276,3797.0,0.084883,,,,,,
train,4,112376,3799.9,0.078798,,,,,,
train,4,112476,3802.7,0.083618,,,,,,
train,4,112576,3805.6,0.081053,,,,,,
train,4,112676,3808.4,0.084072,,,,,,
train,4,112776,3811.3,0.082260,,,,,,
train,4,112876,3814.1,0.083628,,,,,,
train,4,112976,3817.0,0.080423,,,,,,
train,4,113076,3819.9,0.084451,,,,,,
train,4,113176,3822.7,0.081356,,,,,,
train,4,113276,3825.6,0.077915,,,,,,
train,4,113376,3828.4,0.086482,,,,,,
train,4,113476,3831.3,0.083806,,,,,,
train,4,113576,3834.1,0.081070,,,,,,
train,4,113676,3837.0,0.084838,,,,,,
train,4,113776,3839.9,0.078682,,,,,,
train,4,113876,3842.7,0.082421,,,,,,
train,4,113976,3845.6,0.087324,,,,,,
train,4,114076,3848.4,0.082351,,,,,,
train,4,114176,3851.3,0.081870,,,,,,
train,4,114276,3854.2,0.088698,,,,,,
train,4,114376,3857.0,0.084963,,,,,,
train,4,114476,3859.9,0.079570,,,,,,
train,4,114576,3862.7,0.087050,,,,,,
train,4,114676,3865.6,0.083862,,,,,,
train,4,114776,3868.5,0.083245,,,,,,
train,4,114876,3871.3,0.084894,,,,,,
train,4,114976,3874.2,0.079441,,,,,,
train,4,115076,3877.0,0.088591,,,,,,
train,4,115176,3879.9,0.086336,,,,,,
train,4,115276,3882.8,0.077677,,,,,,
train,4,115376,3885.6,0.087069,,,,,,
train,4,115476,3888.5,0.081027,,,,,,
train,4,115576,3891.4,0.080004,,,,,,
train,4,115676,3894.2,0.088105,,,,,,
train,4,115776,3897.1,0.079939,,,,,,
train,4,115876,3899.9,0.081422,,,,,,
train,4,115976,3902.8,0.080429,,,,,,
train,4,116076,3905.7,0.075846,,,,,,
train,4,116176,3908.5,0.076395,,,,,,
train,4,116276,3911.6,0.086405,,,,,,
train,4,116376,3914.4,0.076509,,,,,,
train,4,116476,3917.3,0.078460,,,,,,
train,4,116576,3920.2,0.084866,,,,,,
train,4,116676,3923.0,0.085764,,,,,,
train,4,116776,3925.9,0.084118,,,,,,
train,4,116876,3928.7,0.083664,,,,,,
train,4,116976,3931.6,0.078329,,,,,,
train,4,117076,3934.5,0.087736,,,,,,
train,4,117176,3937.3,0.080494,,,,,,
train,4,117276,3940.2,0.083438,,,,,,
train,4,117376,3943.1,0.080229,,,,,,
train,4,117476,3945.9,0.089969,,,,,,
train,4,117576,3948.8,0.081068,,,,,,
train,4,117676,3951.6,0.085760,,,,,,
train,4,117776,3954.5,0.083473,,,,,,
train,4,117876,3957.4,0.079449,,,,,,
train,4,117976,3960.2,0.080919,,,,,,
train,4,118076,3963.1,0.087489,,,,,,
train,4,118176,3966.0,0.077600,,,,,,
train,4,118276,3968.8,0.080422,,,,,,
train,4,118376,3971.7,0.081631,,,,,,
train,4,118476,3974.5,0.082943,,,,,,
train,4,118576,3977.4,0.082952,,,,,,
train,4,118676,3980.3,0.081721,,,,,,
train,4,118776,3983.1,0.081159,,,,,,
train,4,118876,3986.0,0.080642,,,,,,
train,4,118976,3988.8,0.082053,,,,,,
train,4,119076,3991.7,0.082520,,,,,,
train,4,119176,3994.6,0.080698,,,,,,
train,4,119276,3997.4,0.088131,,,,,,
train,4,119376,4000.3,0.083573,,,,,,
train,4,119476,4003.2,0.081906,,,,,,
train,4,119576,4006.0,0.079957,,,,,,
train,4,119676,4008.9,0.089058,,,,,,
train,4,119776,4011.8,0.086627,,,,,,
train,4,119876,4014.6,0.086837,,,,,,
train,4,119976,4017.5,0.084927,,,,,,
train,4,120076,4020.3,0.088522,,,,,,
train,4,120176,4023.2,0.085604,,,,,,
train,4,120276,4026.0,0.081642,,,,,,
train,4,120376,4028.9,0.090461,,,,,,
train,4,120476,4031.8,0.087440,,,,,,
train,4,120576,4034.6,0.087492,,,,,,
train,4,120676,4037.5,0.079581,,,,,,
train,4,120776,4040.3,0.077550,,,,,,
train,4,120876,4043.2,0.081726,,,,,,
train,4,120976,4046.0,0.080255,,,,,,
train,4,121076,4048.9,0.080374,,,,,,
train,4,121176,4051.7,0.075215,,,,,,
train,4,121276,4054.6,0.085900,,,,,,
train,4,121376,4057.5,0.084192,,,,,,
train,4,121476,4060.3,0.081021,,,,,,
train,4,121576,4063.2,0.079019,,,,,,
train,4,121676,4066.0,0.091019,,,,,,
train,4,121776,4068.9,0.079989,,,,,,
train,4,121876,4071.8,0.082833,,,,,,
train,4,121976,4074.6,0.081816,,,,,,
train,4,122076,4077.5,0.085552,,,,,,
train,4,122176,4080.4,0.084431,,,,,,
val,4,,4225.0,0.077122,0.004534,0.000041,0.011465,0.051473,35.0789,0.947930
train,5,122320,4229.0,0.079440,,,,,,
train,5,122420,4231.9,0.081335,,,,,,
train,5,122520,4234.8,0.079327,,,,,,
train,5,122620,4237.6,0.079292,,,,,,
train,5,122720,4240.5,0.081847,,,,,,
train,5,122820,4243.3,0.078428,,,,,,
train,5,122920,4246.2,0.085360,,,,,,
train,5,123020,4249.0,0.078661,,,,,,
train,5,123120,4251.9,0.085543,,,,,,
train,5,123220,4254.8,0.087611,,,,,,
train,5,123320,4257.6,0.086482,,,,,,
train,5,123420,4260.5,0.085023,,,,,,
train,5,123520,4263.3,0.084321,,,,,,
train,5,123620,4266.2,0.085711,,,,,,
train,5,123720,4269.1,0.081561,,,,,,
train,5,123820,4271.9,0.084970,,,,,,
train,5,123920,4274.8,0.078651,,,,,,
train,5,124020,4277.6,0.082246,,,,,,
train,5,124120,4280.5,0.076668,,,,,,
train,5,124220,4283.3,0.079959,,,,,,
train,5,124320,4286.2,0.086110,,,,,,
train,5,124420,4289.1,0.080865,,,,,,
train,5,124520,4291.9,0.088768,,,,,,
train,5,124620,4294.8,0.082626,,,,,,
train,5,124720,4297.6,0.080162,,,,,,
train,5,124820,4300.6,0.083558,,,,,,
train,5,124920,4303.4,0.085078,,,,,,
train,5,125020,4306.3,0.085078,,,,,,
train,5,125120,4309.2,0.076468,,,,,,
train,5,125220,4312.0,0.080306,,,,,,
train,5,125320,4314.9,0.077570,,,,,,
train,5,125420,4317.7,0.081499,,,,,,
train,5,125520,4320.6,0.079120,,,,,,
train,5,125620,4323.5,0.083515,,,,,,
train,5,125720,4326.3,0.086817,,,,,,
train,5,125820,4329.2,0.087803,,,,,,
train,5,125920,4332.0,0.087795,,,,,,
train,5,126020,4334.9,0.078145,,,,,,
train,5,126120,4337.7,0.080132,,,,,,
train,5,126220,4340.6,0.079231,,,,,,
train,5,126320,4343.5,0.077464,,,,,,
train,5,126420,4346.3,0.084837,,,,,,
train,5,126520,4349.2,0.078165,,,,,,
train,5,126620,4352.0,0.080418,,,,,,
train,5,126720,4354.9,0.080500,,,,,,
train,5,126820,4357.7,0.079800,,,,,,
train,5,126920,4360.6,0.076131,,,,,,
train,5,127020,4363.4,0.084608,,,,,,
train,5,127120,4366.3,0.074284,,,,,,
train,5,127220,4369.2,0.080246,,,,,,
train,5,127320,4372.0,0.083090,,,,,,
train,5,127420,4374.9,0.076737,,,,,,
train,5,127520,4377.7,0.083192,,,,,,
train,5,127620,4380.6,0.085245,,,,,,
train,5,127720,4383.4,0.082822,,,,,,
train,5,127820,4386.3,0.082503,,,,,,
train,5,127920,4389.1,0.083271,,,,,,
train,5,128020,4392.0,0.079756,,,,,,
train,5,128120,4394.9,0.084797,,,,,,
train,5,128220,4397.7,0.089003,,,,,,
train,5,128320,4400.6,0.082860,,,,,,
train,5,128420,4403.4,0.082667,,,,,,
train,5,128520,4406.3,0.085259,,,,,,
train,5,128620,4409.1,0.076598,,,,,,
train,5,128720,4412.0,0.082901,,,,,,
train,5,128820,4414.9,0.079645,,,,,,
train,5,128920,4417.7,0.078824,,,,,,
train,5,129020,4420.6,nan,,,,,,
train,5,129120,4423.4,0.080988,,,,,,
train,5,129220,4426.3,0.084225,,,,,,
train,5,129320,4429.2,0.082955,,,,,,
train,5,129420,4432.0,0.080825,,,,,,
train,5,129520,4434.9,0.084571,,,,,,
train,5,129620,4437.7,0.079400,,,,,,
train,5,129720,4440.6,0.083495,,,,,,
train,5,129820,4443.5,0.081514,,,,,,
train,5,129920,4446.4,0.081175,,,,,,
train,5,130020,4449.2,0.085402,,,,,,
train,5,130120,4452.1,0.081469,,,,,,
train,5,130220,4454.9,0.084420,,,,,,
train,5,130320,4457.8,0.077756,,,,,,
train,5,130420,4460.6,0.087434,,,,,,
train,5,130520,4463.5,0.080958,,,,,,
train,5,130620,4466.4,0.082760,,,,,,
train,5,130720,4469.2,0.084022,,,,,,
train,5,130820,4472.1,0.079338,,,,,,
train,5,130920,4474.9,0.080145,,,,,,
train,5,131020,4477.8,0.081463,,,,,,
train,5,131120,4480.6,0.071660,,,,,,
train,5,131220,4483.5,0.085554,,,,,,
train,5,131320,4486.4,0.080034,,,,,,
train,5,131420,4489.2,0.082438,,,,,,
train,5,131520,4492.1,0.084860,,,,,,
train,5,131620,4494.9,0.079136,,,,,,
train,5,131720,4497.8,0.080045,,,,,,
train,5,131820,4500.6,0.088023,,,,,,
train,5,131920,4503.5,0.077624,,,,,,
train,5,132020,4506.5,0.078392,,,,,,
train,5,132120,4509.3,0.074575,,,,,,
train,5,132220,4512.2,0.080503,,,,,,
train,5,132320,4515.0,0.078299,,,,,,
train,5,132420,4517.9,0.078456,,,,,,
train,5,132520,4520.7,0.081368,,,,,,
train,5,132620,4523.6,0.084946,,,,,,
train,5,132720,4526.5,0.081876,,,,,,
train,5,132820,4529.3,0.085107,,,,,,
train,5,132920,4532.2,0.085655,,,,,,
train,5,133020,4535.0,0.083695,,,,,,
train,5,133120,4537.9,0.079977,,,,,,
train,5,133220,4540.7,0.081397,,,,,,
train,5,133320,4543.6,0.086503,,,,,,
train,5,133420,4546.5,0.083949,,,,,,
train,5,133520,4549.3,0.083507,,,,,,
train,5,133620,4552.2,0.078443,,,,,,
train,5,133720,4555.0,0.072076,,,,,,
train,5,133820,4557.9,0.083289,,,,,,
train,5,133920,4560.7,0.081803,,,,,,
train,5,134020,4563.6,0.079124,,,,,,
train,5,134120,4566.5,0.076507,,,,,,
train,5,134220,4569.3,0.083856,,,,,,
train,5,134320,4572.2,0.085310,,,,,,
train,5,134420,4575.0,0.080043,,,,,,
train,5,134520,4577.9,0.081630,,,,,,
train,5,134620,4580.7,0.081113,,,,,,
train,5,134720,4583.6,0.083605,,,,,,
train,5,134820,4586.5,0.077437,,,,,,
train,5,134920,4589.3,0.079988,,,,,,
train,5,135020,4592.2,0.085275,,,,,,
train,5,135120,4595.0,0.077467,,,,,,
train,5,135220,4597.9,0.079246,,,,,,
train,5,135320,4600.8,0.077406,,,,,,
train,5,135420,4603.6,0.078144,,,,,,
train,5,135520,4606.5,0.078780,,,,,,
train,5,135620,4609.3,0.077348,,,,,,
train,5,135720,4612.2,0.077518,,,,,,
train,5,135820,4615.0,0.083337,,,,,,
train,5,135920,4617.9,0.079124,,,,,,
train,5,136020,4620.7,0.088783,,,,,,
train,5,136120,4623.6,0.084697,,,,,,
train,5,136220,4626.5,0.075859,,,,,,
train,5,136320,4629.3,0.079464,,,,,,
train,5,136420,4632.2,0.091092,,,,,,
train,5,136520,4635.0,0.081757,,,,,,
train,5,136620,4637.9,0.083114,,,,,,
train,5,136720,4640.9,0.076339,,,,,,
train,5,136820,4643.8,0.073721,,,,,,
train,5,136920,4646.6,0.075674,,,,,,
train,5,137020,4649.5,0.078162,,,,,,
train,5,137120,4652.4,0.077474,,,,,,
train,5,137220,4655.2,0.079799,,,,,,
train,5,137320,4658.1,0.087412,,,,,,
train,5,137420,4660.9,0.079356,,,,,,
train,5,137520,4663.8,0.080958,,,,,,
train,5,137620,4666.6,0.084071,,,,,,
train,5,137720,4669.5,0.077176,,,,,,
train,5,137820,4672.3,0.078426,,,,,,
train,5,137920,4675.2,0.085248,,,,,,
train,5,138020,4678.0,0.081512,,,,,,
train,5,138120,4680.9,0.087616,,,,,,
train,5,138220,4683.8,0.083481,,,,,,
train,5,138320,4686.6,0.083618,,,,,,
train,5,138420,4689.5,0.086322,,,,,,
train,5,138520,4692.3,0.077189,,,,,,
train,5,138620,4695.2,0.079501,,,,,,
train,5,138720,4698.0,0.082469,,,,,,
train,5,138820,4700.9,0.078160,,,,,,
train,5,138920,4703.7,0.077796,,,,,,
train,5,139020,4706.6,0.083863,,,,,,
train,5,139120,4709.4,0.083794,,,,,,
train,5,139220,4712.3,0.074000,,,,,,
train,5,139320,4715.2,0.085013,,,,,,
train,5,139420,4718.0,0.085135,,,,,,
train,5,139520,4720.9,0.079185,,,,,,
train,5,139620,4723.7,0.084086,,,,,,
train,5,139720,4726.6,0.084115,,,,,,
train,5,139820,4729.4,0.086001,,,,,,
train,5,139920,4732.3,0.080372,,,,,,
train,5,140020,4735.2,0.079327,,,,,,
train,5,140120,4738.0,0.073360,,,,,,
train,5,140220,4740.9,0.087846,,,,,,
train,5,140320,4743.7,0.084317,,,,,,
train,5,140420,4746.6,0.074839,,,,,,
train,5,140520,4749.4,0.076075,,,,,,
train,5,140620,4752.3,0.082490,,,,,,
train,5,140720,4755.1,0.072408,,,,,,
train,5,140820,4758.0,0.081229,,,,,,
train,5,140920,4760.8,0.083473,,,,,,
train,5,141020,4763.7,0.082757,,,,,,
train,5,141120,4766.6,0.078492,,,,,,
train,5,141220,4769.4,0.083683,,,,,,
train,5,141320,4772.3,0.082639,,,,,,
train,5,141420,4775.1,0.084150,,,,,,
train,5,141520,4778.0,0.085368,,,,,,
train,5,141620,4780.9,0.079237,,,,,,
train,5,141720,4783.7,0.083112,,,,,,
train,5,141820,4786.6,0.075517,,,,,,
train,5,141920,4789.4,0.080646,,,,,,
train,5,142020,4792.3,0.080112,,,,,,
train,5,142120,4795.1,0.081272,,,,,,
train,5,142220,4798.0,0.080025,,,,,,
train,5,142320,4800.9,0.078064,,,,,,
train,5,142420,4803.7,0.080493,,,,,,
train,5,142520,4806.6,0.081757,,,,,,
train,5,142620,4809.4,0.079153,,,,,,
train,5,142720,4812.3,0.085687,,,,,,
train,5,142820,4815.2,0.079454,,,,,,
train,5,142920,4818.0,0.077537,,,,,,
train,5,143020,4820.9,0.087835,,,,,,
train,5,143120,4823.7,0.082048,,,,,,
train,5,143220,4826.6,0.081017,,,,,,
train,5,143320,4829.5,0.080161,,,,,,
train,5,143420,4832.3,0.082406,,,,,,
train,5,143520,4835.2,0.083906,,,,,,
train,5,143620,4838.0,0.080006,,,,,,
train,5,143720,4840.9,0.076742,,,,,,
train,5,143820,4843.7,0.077179,,,,,,
train,5,143920,4846.6,0.078585,,,,,,
train,5,144020,4849.5,0.079685,,,,,,
train,5,144120,4852.3,0.081693,,,,,,
train,5,144220,4855.2,0.081855,,,,,,
train,5,144320,4858.0,0.081859,,,,,,
train,5,144420,4860.9,0.084182,,,,,,
train,5,144520,4863.7,0.085329,,,,,,
train,5,144620,4866.6,0.082640,,,,,,
train,5,144720,4869.5,0.084095,,,,,,
train,5,144820,4872.3,0.081226,,,,,,
train,5,144920,4875.2,0.079758,,,,,,
train,5,145020,4878.0,0.078343,,,,,,
train,5,145120,4880.9,0.085036,,,,,,
train,5,145220,4883.7,0.086116,,,,,,
train,5,145320,4886.6,0.074224,,,,,,
train,5,145420,4889.4,0.081353,,,,,,
train,5,145520,4892.3,0.078248,,,,,,
train,5,145620,4895.2,0.078728,,,,,,
train,5,145720,4898.0,0.072809,,,,,,
train,5,145820,4900.9,0.079577,,,,,,
train,5,145920,4903.7,0.080641,,,,,,
train,5,146020,4906.6,0.077645,,,,,,
train,5,146120,4909.4,0.081321,,,,,,
train,5,146220,4912.3,0.074851,,,,,,
train,5,146320,4915.1,0.080217,,,,,,
train,5,146420,4918.0,0.080595,,,,,,
train,5,146520,4920.8,0.084482,,,,,,
train,5,146620,4923.7,0.078430,,,,,,
val,5,,5068.3,0.075831,0.004476,0.000041,0.011419,0.051164,35.1274,0.948635
train,6,146764,5072.3,0.083641,,,,,,
train,6,146864,5075.2,0.075074,,,,,,
train,6,146964,5078.0,0.081954,,,,,,
train,6,147064,5080.9,0.081539,,,,,,
train,6,147164,5083.8,0.076301,,,,,,
train,6,147264,5086.6,0.079114,,,,,,
train,6,147364,5089.5,0.076573,,,,,,
train,6,147464,5092.3,0.081641,,,,,,
train,6,147564,5095.2,0.082365,,,,,,
train,6,147664,5098.0,0.076684,,,,,,
train,6,147764,5100.9,0.087840,,,,,,
train,6,147864,5103.7,0.080975,,,,,,
train,6,147964,5106.6,0.081393,,,,,,
train,6,148064,5109.5,0.082907,,,,,,
train,6,148164,5112.3,0.076630,,,,,,
train,6,148264,5115.2,0.080100,,,,,,
train,6,148364,5118.0,0.088179,,,,,,
train,6,148464,5120.9,0.075772,,,,,,
train,6,148564,5123.7,0.079070,,,,,,
train,6,148664,5126.6,0.084591,,,,,,
train,6,148764,5129.4,0.079674,,,,,,
train,6,148864,5132.3,0.076574,,,,,,
train,6,148964,5135.1,0.087401,,,,,,
train,6,149064,5138.0,0.076469,,,,,,
train,6,149164,5140.8,0.077521,,,,,,
train,6,149264,5143.7,0.078417,,,,,,
train,6,149364,5146.6,0.076107,,,,,,
train,6,149464,5149.5,0.079722,,,,,,
train,6,149564,5152.3,0.082263,,,,,,
train,6,149664,5155.2,0.075625,,,,,,
train,6,149764,5158.2,0.077963,,,,,,
train,6,149864,5161.1,0.076415,,,,,,
train,6,149964,5163.9,0.084399,,,,,,
train,6,150064,5166.8,0.079999,,,,,,
train,6,150164,5169.6,0.077997,,,,,,
train,6,150264,5172.7,0.079926,,,,,,
train,6,150364,5175.5,0.082717,,,,,,
train,6,150464,5178.4,0.078969,,,,,,
train,6,150564,5181.2,0.078745,,,,,,
train,6,150664,5184.1,0.084342,,,,,,
train,6,150764,5186.9,0.084284,,,,,,
train,6,150864,5189.8,0.087449,,,,,,
train,6,150964,5192.7,0.071998,,,,,,
train,6,151064,5195.5,0.082670,,,,,,
train,6,151164,5198.4,0.074726,,,,,,
train,6,151264,5201.2,0.079937,,,,,,
train,6,151364,5204.1,0.077128,,,,,,
train,6,151464,5207.0,0.080095,,,,,,
train,6,151564,5209.8,0.082092,,,,,,
train,6,151664,5212.7,0.076529,,,,,,
train,6,151764,5215.5,0.081164,,,,,,
train,6,151864,5218.4,0.078353,,,,,,
train,6,151964,5221.2,0.081361,,,,,,
train,6,152064,5224.1,0.082624,,,,,,
train,6,152164,5226.9,0.081957,,,,,,
train,6,152264,5229.8,0.080543,,,,,,
train,6,152364,5232.7,0.080192,,,,,,
train,6,152464,5235.5,0.080824,,,,,,
train,6,152564,5238.4,0.084174,,,,,,
train,6,152664,5241.2,0.080434,,,,,,
train,6,152764,5244.1,0.080312,,,,,,
train,6,152864,5247.0,0.077333,,,,,,
train,6,152964,5249.8,0.076773,,,,,,
train,6,153064,5252.7,0.078146,,,,,,
train,6,153164,5255.5,0.075405,,,,,,
train,6,153264,5258.4,0.078673,,,,,,
train,6,153364,5261.3,0.079105,,,,,,
train,6,153464,5264.1,0.075125,,,,,,
train,6,153564,5267.0,0.079624,,,,,,
train,6,153664,5269.8,0.080138,,,,,,
train,6,153764,5272.7,0.081266,,,,,,
train,6,153864,5275.5,0.078199,,,,,,
train,6,153964,5278.4,0.077664,,,,,,
train,6,154064,5281.2,0.083476,,,,,,
train,6,154164,5284.1,0.084846,,,,,,
train,6,154264,5286.9,0.081640,,,,,,
train,6,154364,5289.8,0.079608,,,,,,
train,6,154464,5292.6,0.078471,,,,,,
train,6,154564,5295.5,0.080371,,,,,,
train,6,154664,5298.4,0.080442,,,,,,
train,6,154764,5301.2,0.082405,,,,,,
train,6,154864,5304.1,0.082593,,,,,,
train,6,154964,5306.9,0.082762,,,,,,
train,6,155064,5309.8,0.077876,,,,,,
train,6,155164,5312.7,0.080820,,,,,,
train,6,155264,5315.5,0.075244,,,,,,
train,6,155364,5318.4,0.082750,,,,,,
train,6,155464,5321.2,0.080620,,,,,,
train,6,155564,5324.1,0.084604,,,,,,
train,6,155664,5326.9,0.078614,,,,,,
train,6,155764,5329.8,0.082352,,,,,,
train,6,155864,5332.6,0.077293,,,,,,
train,6,155964,5335.5,0.081168,,,,,,
train,6,156064,5338.3,0.084775,,,,,,
train,6,156164,5341.2,0.081295,,,,,,
train,6,156264,5344.0,0.075425,,,,,,
train,6,156364,5346.9,0.078520,,,,,,
train,6,156464,5349.7,0.075956,,,,,,
train,6,156564,5352.6,0.079771,,,,,,
train,6,156664,5355.4,0.084114,,,,,,
train,6,156764,5358.3,0.074010,,,,,,
train,6,156864,5361.1,0.077655,,,,,,
train,6,156964,5364.0,0.079459,,,,,,
train,6,157064,5366.8,0.078305,,,,,,
train,6,157164,5369.7,0.086985,,,,,,
train,6,157264,5372.5,0.079936,,,,,,
train,6,157364,5375.4,0.080189,,,,,,
train,6,157464,5378.3,0.076416,,,,,,
train,6,157564,5381.1,0.077002,,,,,,
train,6,157664,5384.0,0.080629,,,,,,
train,6,157764,5386.8,0.073442,,,,,,
train,6,157864,5389.7,0.078679,,,,,,
train,6,157964,5392.6,0.081700,,,,,,
train,6,158064,5395.4,0.079031,,,,,,
train,6,158164,5398.3,0.078123,,,,,,
train,6,158264,5401.1,0.080356,,,,,,
train,6,158364,5404.0,0.070638,,,,,,
train,6,158464,5406.8,0.079364,,,,,,
train,6,158564,5409.7,0.081935,,,,,,
train,6,158664,5412.5,0.075338,,,,,,
train,6,158764,5415.4,0.084558,,,,,,
train,6,158864,5418.2,0.083531,,,,,,
train,6,158964,5421.1,0.075059,,,,,,
train,6,159064,5424.0,0.072783,,,,,,
train,6,159164,5426.8,0.076432,,,,,,
train,6,159264,5429.7,0.079756,,,,,,
train,6,159364,5432.5,0.081548,,,,,,
train,6,159464,5435.4,0.079679,,,,,,
train,6,159564,5438.3,0.080969,,,,,,
train,6,159664,5441.1,0.078921,,,,,,
train,6,159764,5444.0,0.083444,,,,,,
train,6,159864,5446.8,0.074820,,,,,,
train,6,159964,5449.7,0.076964,,,,,,
train,6,160064,5452.5,0.080112,,,,,,
train,6,160164,5455.4,0.076289,,,,,,
train,6,160264,5458.2,0.072277,,,,,,
train,6,160364,5461.1,0.085356,,,,,,
train,6,160464,5464.0,0.083269,,,,,,
train,6,160564,5466.8,0.078309,,,,,,
train,6,160664,5469.7,0.083658,,,,,,
train,6,160764,5472.5,0.077184,,,,,,
train,6,160864,5475.4,0.079081,,,,,,
train,6,160964,5478.2,0.080589,,,,,,
train,6,161064,5481.1,0.079852,,,,,,
train,6,161164,5484.0,0.081982,,,,,,
train,6,161264,5486.8,0.081289,,,,,,
train,6,161364,5489.7,0.088451,,,,,,
train,6,161464,5492.5,0.079574,,,,,,
train,6,161564,5495.4,0.074346,,,,,,
train,6,161664,5498.3,0.075227,,,,,,
train,6,161764,5501.1,0.083424,,,,,,
train,6,161864,5504.0,0.077430,,,,,,
train,6,161964,5506.8,0.078463,,,,,,
train,6,162064,5509.7,0.076387,,,,,,
train,6,162164,5512.6,0.074256,,,,,,
train,6,162264,5515.4,0.079050,,,,,,
train,6,162364,5518.3,0.079370,,,,,,
train,6,162464,5521.2,0.080901,,,,,,
train,6,162564,5524.0,0.076464,,,,,,
train,6,162664,5526.9,0.082023,,,,,,
train,6,162764,5529.7,0.075111,,,,,,
train,6,162864,5532.6,0.080831,,,,,,
train,6,162964,5535.4,0.087647,,,,,,
train,6,163064,5538.3,0.081178,,,,,,
train,6,163164,5541.1,0.080950,,,,,,
train,6,163264,5544.0,0.077483,,,,,,
train,6,163364,5546.8,0.080683,,,,,,
train,6,163464,5549.7,0.078077,,,,,,
train,6,163564,5552.5,0.076660,,,,,,
train,6,163664,5555.4,0.086481,,,,,,
train,6,163764,5558.2,0.081973,,,,,,
train,6,163864,5561.1,0.078881,,,,,,
train,6,163964,5563.9,0.081553,,,,,,
train,6,164064,5566.8,0.075865,,,,,,
train,6,164164,5569.6,0.076923,,,,,,
train,6,164264,5572.5,0.082342,,,,,,
train,6,164364,5575.4,0.075069,,,,,,
train,6,164464,5578.2,0.083185,,,,,,
train,6,164564,5581.1,0.081819,,,,,,
train,6,164664,5583.9,0.074617,,,,,,
train,6,164764,5586.8,0.079852,,,,,,
train,6,164864,5589.6,0.079395,,,,,,
train,6,164964,5592.5,0.077392,,,,,,
train,6,165064,5595.3,0.078027,,,,,,
train,6,165164,5598.2,0.072870,,,,,,
train,6,165264,5601.1,0.079947,,,,,,
train,6,165364,5603.9,0.082377,,,,,,
train,6,165464,5606.8,0.079534,,,,,,
train,6,165564,5609.6,0.079647,,,,,,
train,6,165664,5612.5,0.080078,,,,,,
train,6,165764,5615.4,0.088380,,,,,,
train,6,165864,5618.2,0.080994,,,,,,
train,6,165964,5621.1,0.076486,,,,,,
train,6,166064,5624.1,0.076620,,,,,,
train,6,166164,5626.9,0.075245,,,,,,
train,6,166264,5629.8,0.077543,,,,,,
train,6,166364,5632.6,0.080439,,,,,,
train,6,166464,5635.5,0.085721,,,,,,
train,6,166564,5638.3,0.079935,,,,,,
train,6,166664,5641.2,0.082769,,,,,,
train,6,166764,5644.8,0.084442,,,,,,
train,6,166864,5647.7,0.076428,,,,,,
train,6,166964,5650.6,0.074129,,,,,,
train,6,167064,5653.4,0.083439,,,,,,
train,6,167164,5656.3,0.081712,,,,,,
train,6,167264,5659.2,0.079486,,,,,,
train,6,167364,5662.0,0.074664,,,,,,
train,6,167464,5664.9,0.081440,,,,,,
train,6,167564,5667.7,0.076034,,,,,,
train,6,167664,5670.6,0.078610,,,,,,
train,6,167764,5673.4,0.080442,,,,,,
train,6,167864,5676.3,0.078124,,,,,,
train,6,167964,5679.1,0.077916,,,,,,
train,6,168064,5682.0,0.081610,,,,,,
train,6,168164,5684.9,nan,,,,,,
train,6,168264,5687.7,0.081168,,,,,,
train,6,168364,5690.6,0.079437,,,,,,
train,6,168464,5693.4,0.081591,,,,,,
train,6,168564,5696.3,0.073664,,,,,,
train,6,168664,5699.2,0.076391,,,,,,
train,6,168764,5702.0,0.075864,,,,,,
train,6,168864,5704.9,0.082294,,,,,,
train,6,168964,5707.7,0.077757,,,,,,
train,6,169064,5710.6,0.077365,,,,,,
train,6,169164,5713.4,0.079677,,,,,,
train,6,169264,5716.3,0.083011,,,,,,
train,6,169364,5719.2,0.075015,,,,,,
train,6,169464,5722.0,0.080857,,,,,,
train,6,169564,5724.9,0.076469,,,,,,
train,6,169664,5727.7,0.075594,,,,,,
train,6,169764,5730.6,0.081651,,,,,,
train,6,169864,5733.4,0.076918,,,,,,
train,6,169964,5736.3,0.076016,,,,,,
train,6,170064,5739.1,0.082171,,,,,,
train,6,170164,5742.0,0.074085,,,,,,
train,6,170264,5744.8,0.088326,,,,,,
train,6,170364,5747.7,0.083188,,,,,,
train,6,170464,5750.5,0.075450,,,,,,
train,6,170564,5753.5,0.073748,,,,,,
train,6,170664,5756.4,0.083516,,,,,,
train,6,170764,5759.2,0.077799,,,,,,
train,6,170864,5762.1,0.078677,,,,,,
train,6,170964,5765.0,0.079316,,,,,,
train,6,171064,5767.8,0.077102,,,,,,
val,6,,5912.3,0.074543,0.004434,0.000040,0.011327,0.050968,35.1941,0.949158
train,7,171208,5916.3,0.076792,,,,,,
train,7,171308,5919.2,0.076697,,,,,,
train,7,171408,5922.0,0.079667,,,,,,
train,7,171508,5924.9,0.074318,,,,,,
train,7,171608,5927.7,0.071955,,,,,,
train,7,171708,5930.6,0.080857,,,,,,
train,7,171808,5933.5,0.073846,,,,,,
train,7,171908,5936.3,0.078740,,,,,,
train,7,172008,5939.2,0.076003,,,,,,
train,7,172108,5942.0,0.081654,,,,,,
train,7,172208,5944.9,0.080967,,,,,,
train,7,172308,5947.7,0.076519,,,,,,
train,7,172408,5950.7,0.078824,,,,,,
train,7,172508,5953.5,0.073686,,,,,,
train,7,172608,5956.5,0.080619,,,,,,
train,7,172708,5959.4,0.076262,,,,,,
train,7,172808,5962.2,0.079490,,,,,,
train,7,172908,5965.1,0.075906,,,,,,
train,7,173008,5968.0,0.079674,,,,,,
train,7,173108,5970.8,0.078322,,,,,,
train,7,173208,5973.7,nan,,,,,,
train,7,173308,5976.5,0.071719,,,,,,
train,7,173408,5979.4,0.077755,,,,,,
train,7,173508,5982.2,0.077536,,,,,,
train,7,173608,5985.1,0.078631,,,,,,
train,7,173708,5988.0,0.075871,,,,,,
train,7,173808,5990.8,0.075272,,,,,,
train,7,173908,5993.7,0.075545,,,,,,
train,7,174008,5996.5,0.080818,,,,,,
train,7,174108,5999.4,0.078554,,,,,,
train,7,174208,6002.3,0.081395,,,,,,
train,7,174308,6005.1,0.075155,,,,,,
train,7,174408,6008.0,0.084368,,,,,,
train,7,174508,6010.8,0.081305,,,,,,
train,7,174608,6013.7,0.078395,,,,,,
train,7,174708,6016.5,0.077270,,,,,,
train,7,174808,6019.4,0.082730,,,,,,
train,7,174908,6022.3,0.076477,,,,,,
train,7,175008,6025.1,0.075853,,,,,,
train,7,175108,6028.0,0.078044,,,,,,
train,7,175208,6030.8,0.078967,,,,,,
train,7,175308,6033.7,0.079896,,,,,,
train,7,175408,6036.5,0.081545,,,,,,
train,7,175508,6039.4,0.079306,,,,,,
train,7,175608,6042.3,0.081010,,,,,,
train,7,175708,6045.1,0.075944,,,,,,
train,7,175808,6048.0,0.074557,,,,,,
train,7,175908,6050.8,0.082588,,,,,,
train,7,176008,6053.7,0.080336,,,,,,
train,7,176108,6056.5,0.082138,,,,,,
train,7,176208,6059.4,0.083341,,,,,,
train,7,176308,6062.3,0.077539,,,,,,
train,7,176408,6065.1,0.078839,,,,,,
train,7,176508,6068.0,0.079405,,,,,,
train,7,176608,6070.8,0.072522,,,,,,
train,7,176708,6073.7,0.078452,,,,,,
train,7,176808,6076.5,0.077420,,,,,,
train,7,176908,6079.4,0.079667,,,,,,
train,7,177008,6082.2,0.076099,,,,,,
train,7,177108,6085.1,0.078284,,,,,,
train,7,177208,6088.0,0.077115,,,,,,
train,7,177308,6090.9,0.079625,,,,,,
train,7,177408,6093.7,0.079493,,,,,,
train,7,177508,6096.6,0.076394,,,,,,
train,7,177608,6099.5,0.076326,,,,,,
train,7,177708,6102.3,0.080351,,,,,,
train,7,177808,6105.2,0.081960,,,,,,
train,7,177908,6108.0,0.078140,,,,,,
train,7,178008,6110.9,0.069479,,,,,,
train,7,178108,6113.7,0.074865,,,,,,
train,7,178208,6116.6,0.077868,,,,,,
train,7,178308,6119.4,0.071864,,,,,,
train,7,178408,6122.3,0.075622,,,,,,
train,7,178508,6125.1,0.078851,,,,,,
train,7,178608,6128.0,0.078490,,,,,,
train,7,178708,6130.8,0.073031,,,,,,
train,7,178808,6133.7,0.077741,,,,,,
train,7,178908,6136.5,0.079649,,,,,,
train,7,179008,6139.4,0.071256,,,,,,
train,7,179108,6142.3,0.083215,,,,,,
train,7,179208,6145.1,0.074854,,,,,,
train,7,179308,6148.0,0.075576,,,,,,
train,7,179408,6150.8,0.076508,,,,,,
train,7,179508,6153.7,0.076450,,,,,,
train,7,179608,6156.5,0.079966,,,,,,
train,7,179708,6159.4,0.081347,,,,,,
train,7,179808,6162.2,0.075789,,,,,,
train,7,179908,6165.1,0.079296,,,,,,
train,7,180008,6168.0,0.083731,,,,,,
train,7,180108,6170.8,0.079668,,,,,,
train,7,180208,6173.7,0.078985,,,,,,
train,7,180308,6176.5,0.076396,,,,,,
train,7,180408,6179.4,0.077500,,,,,,
train,7,180508,6182.2,0.081739,,,,,,
train,7,180608,6185.1,0.074375,,,,,,
train,7,180708,6187.9,0.075717,,,,,,
train,7,180808,6190.8,0.073845,,,,,,
train,7,180908,6193.6,0.084166,,,,,,
train,7,181008,6196.5,0.079339,,,,,,
train,7,181108,6199.3,0.078744,,,,,,
train,7,181208,6202.2,0.076347,,,,,,
train,7,181308,6205.1,0.078840,,,,,,
train,7,181408,6207.9,0.076949,,,,,,
train,7,181508,6210.8,0.079311,,,,,,
train,7,181608,6213.6,0.075797,,,,,,
train,7,181708,6216.5,0.077076,,,,,,
train,7,181808,6219.4,0.079734,,,,,,
train,7,181908,6222.2,0.076958,,,,,,
train,7,182008,6225.1,0.076601,,,,,,
train,7,182108,6227.9,0.075731,,,,,,
train,7,182208,6230.8,0.078656,,,,,,
train,7,182308,6233.7,0.077489,,,,,,
train,7,182408,6236.5,0.080758,,,,,,
train,7,182508,6239.4,0.082166,,,,,,
train,7,182608,6242.2,0.080261,,,,,,
train,7,182708,6245.1,0.078954,,,,,,
train,7,182808,6248.0,0.078948,,,,,,
train,7,182908,6250.8,0.082598,,,,,,
train,7,183008,6253.7,0.080100,,,,,,
train,7,183108,6256.5,0.080072,,,,,,
train,7,183208,6259.4,0.076317,,,,,,
train,7,183308,6262.2,0.080213,,,,,,
train,7,183408,6265.1,0.084304,,,,,,
train,7,183508,6268.0,0.082803,,,,,,
train,7,183608,6270.8,0.075359,,,,,,
train,7,183708,6273.7,0.079287,,,,,,
train,7,183808,6276.5,0.075936,,,,,,
train,7,183908,6279.4,0.079768,,,,,,
train,7,184008,6282.2,0.071007,,,,,,
train,7,184108,6285.1,0.073490,,,,,,
train,7,184208,6288.0,0.074235,,,,,,
train,7,184308,6290.8,0.078391,,,,,,
train,7,184408,6293.7,0.077924,,,,,,
train,7,184508,6296.5,0.087457,,,,,,
train,7,184608,6299.4,0.077573,,,,,,
train,7,184708,6302.3,0.079145,,,,,,
train,7,184808,6305.1,0.079106,,,,,,
train,7,184908,6308.0,0.078142,,,,,,
train,7,185008,6310.8,0.080434,,,,,,
train,7,185108,6313.7,0.078661,,,,,,
train,7,185208,6316.5,0.075409,,,,,,
train,7,185308,6319.4,0.074697,,,,,,
train,7,185408,6322.2,0.077461,,,,,,
train,7,185508,6325.1,0.079092,,,,,,
train,7,185608,6327.9,0.080467,,,,,,
train,7,185708,6330.8,0.081527,,,,,,
train,7,185808,6333.7,0.076129,,,,,,
train,7,185908,6336.5,0.077773,,,,,,
train,7,186008,6339.4,0.077704,,,,,,
train,7,186108,6342.2,0.077805,,,,,,
train,7,186208,6345.1,0.077776,,,,,,
train,7,186308,6347.9,0.073038,,,,,,
train,7,186408,6350.9,0.082698,,,,,,
train,7,186508,6354.2,0.081574,,,,,,
train,7,186608,6357.0,0.078549,,,,,,
train,7,186708,6359.9,0.080589,,,,,,
train,7,186808,6362.7,0.074638,,,,,,
train,7,186908,6365.6,0.081691,,,,,,
train,7,187008,6368.5,0.073663,,,,,,
train,7,187108,6371.3,0.079275,,,,,,
train,7,187208,6374.2,0.080921,,,,,,
train,7,187308,6377.2,0.077645,,,,,,
train,7,187408,6380.0,0.077646,,,,,,
train,7,187508,6382.9,0.079900,,,,,,
train,7,187608,6385.8,0.081819,,,,,,
train,7,187708,6388.6,0.075165,,,,,,
train,7,187808,6391.5,0.078680,,,,,,
train,7,187908,6394.3,0.078740,,,,,,
train,7,188008,6397.2,0.079237,,,,,,
train,7,188108,6400.1,0.082673,,,,,,
train,7,188208,6402.9,0.080823,,,,,,
train,7,188308,6405.8,0.076986,,,,,,
train,7,188408,6408.6,0.078951,,,,,,
train,7,188508,6411.5,0.078787,,,,,,
train,7,188608,6414.5,0.076820,,,,,,
train,7,188708,6417.3,0.069388,,,,,,
train,7,188808,6420.2,0.079691,,,,,,
train,7,188908,6423.1,0.078902,,,,,,
train,7,189008,6425.9,0.079913,,,,,,
train,7,189108,6428.8,0.077498,,,,,,
train,7,189208,6431.9,0.073111,,,,,,
train,7,189308,6434.7,0.077267,,,,,,
train,7,189408,6437.6,0.072510,,,,,,
train,7,189508,6440.5,0.077746,,,,,,
train,7,189608,6443.3,0.077504,,,,,,
train,7,189708,6446.2,0.076134,,,,,,
train,7,189808,6449.0,0.078136,,,,,,
train,7,189908,6451.9,0.075380,,,,,,
train,7,190008,6454.8,0.069803,,,,,,
train,7,190108,6457.6,0.073282,,,,,,
train,7,190208,6460.5,0.079563,,,,,,
train,7,190308,6463.3,0.079665,,,,,,
train,7,190408,6466.2,0.078709,,,,,,
train,7,190508,6469.1,0.081004,,,,,,
train,7,190608,6471.9,0.080642,,,,,,
train,7,190708,6474.8,0.080086,,,,,,
train,7,190808,6477.6,0.073830,,,,,,
train,7,190908,6480.5,0.071086,,,,,,
train,7,191008,6483.3,0.076751,,,,,,
train,7,191108,6486.2,0.077140,,,,,,
train,7,191208,6489.1,0.077573,,,,,,
train,7,191308,6491.9,0.073953,,,,,,
train,7,191408,6494.8,0.083324,,,,,,
train,7,191508,6497.6,0.077010,,,,,,
train,7,191608,6500.5,0.079459,,,,,,
train,7,191708,6503.4,0.079480,,,,,,
train,7,191808,6506.2,0.081392,,,,,,
train,7,191908,6509.1,0.074703,,,,,,
train,7,192008,6512.0,0.073775,,,,,,
train,7,192108,6514.8,0.073416,,,,,,
train,7,192208,6517.7,0.082174,,,,,,
train,7,192308,6520.5,0.081146,,,,,,
train,7,192408,6523.4,0.076393,,,,,,
train,7,192508,6526.3,0.081183,,,,,,
train,7,192608,6529.1,0.076291,,,,,,
train,7,192708,6532.0,0.074789,,,,,,
train,7,192808,6534.8,0.070864,,,,,,
train,7,192908,6537.7,0.073248,,,,,,
train,7,193008,6540.6,0.080293,,,,,,
train,7,193108,6543.4,0.074865,,,,,,
train,7,193208,6546.3,0.076513,,,,,,
train,7,193308,6549.1,0.084134,,,,,,
train,7,193408,6552.0,0.077758,,,,,,
train,7,193508,6554.9,0.075857,,,,,,
train,7,193608,6557.7,0.073927,,,,,,
train,7,193708,6560.6,0.077193,,,,,,
train,7,193808,6563.5,0.070939,,,,,,
train,7,193908,6566.3,0.074545,,,,,,
train,7,194008,6569.2,0.074949,,,,,,
train,7,194108,6572.0,0.071267,,,,,,
train,7,194208,6574.9,0.080872,,,,,,
train,7,194308,6577.8,0.078017,,,,,,
train,7,194408,6580.6,0.072325,,,,,,
train,7,194508,6583.5,0.080000,,,,,,
train,7,194608,6586.3,0.083002,,,,,,
train,7,194708,6589.2,0.078463,,,,,,
train,7,194808,6592.0,0.073841,,,,,,
train,7,194908,6594.9,0.074473,,,,,,
train,7,195008,6597.8,0.077731,,,,,,
train,7,195108,6600.6,0.077424,,,,,,
train,7,195208,6603.5,0.081718,,,,,,
train,7,195308,6606.3,0.080710,,,,,,
train,7,195408,6609.2,0.074300,,,,,,
train,7,195508,6612.0,0.076489,,,,,,
val,7,,6756.6,0.073104,0.004397,0.000039,0.011282,0.050795,35.2398,0.949685
train,8,195652,6760.6,0.076181,,,,,,
train,8,195752,6763.5,0.081817,,,,,,
train,8,195852,6766.3,0.071648,,,,,,
train,8,195952,6769.2,0.080326,,,,,,
train,8,196052,6772.1,0.076063,,,,,,
train,8,196152,6774.9,0.074321,,,,,,
train,8,196252,6777.7,0.080193,,,,,,
train,8,196352,6780.6,0.087453,,,,,,
train,8,196452,6783.4,0.083327,,,,,,
train,8,196552,6786.3,0.077469,,,,,,
train,8,196652,6789.2,0.078637,,,,,,
train,8,196752,6792.0,0.079511,,,,,,
train,8,196852,6794.9,0.080956,,,,,,
train,8,196952,6797.7,0.078578,,,,,,
train,8,197052,6800.6,0.077091,,,,,,
train,8,197152,6803.4,0.083427,,,,,,
train,8,197252,6806.3,0.075315,,,,,,
train,8,197352,6809.1,0.081853,,,,,,
train,8,197452,6812.0,0.076769,,,,,,
train,8,197552,6814.8,0.073271,,,,,,
train,8,197652,6817.7,0.071980,,,,,,
train,8,197752,6820.5,0.074818,,,,,,
train,8,197852,6823.3,0.073834,,,,,,
train,8,197952,6826.2,0.075643,,,,,,
train,8,198052,6829.0,0.072672,,,,,,
train,8,198152,6831.9,0.076238,,,,,,
train,8,198252,6834.7,0.077112,,,,,,
train,8,198352,6837.6,0.085457,,,,,,
train,8,198452,6840.4,0.078504,,,,,,
train,8,198552,6843.3,0.079353,,,,,,
train,8,198652,6846.1,0.076841,,,,,,
train,8,198752,6849.0,nan,,,,,,
train,8,198852,6851.8,0.077329,,,,,,
train,8,198952,6854.7,0.073462,,,,,,
train,8,199052,6857.5,0.074106,,,,,,
train,8,199152,6860.4,0.080045,,,,,,
train,8,199252,6863.2,0.076460,,,,,,
train,8,199352,6866.1,0.079114,,,,,,
train,8,199452,6868.9,0.078174,,,,,,
train,8,199552,6871.8,0.083244,,,,,,
train,8,199652,6874.7,0.076980,,,,,,
train,8,199752,6877.5,0.080508,,,,,,
train,8,199852,6880.4,0.070051,,,,,,
train,8,199952,6883.2,0.075461,,,,,,
train,8,200052,6886.1,0.080040,,,,,,
train,8,200152,6888.9,0.077468,,,,,,
train,8,200252,6891.8,0.074187,,,,,,
train,8,200352,6894.6,0.073599,,,,,,
train,8,200452,6897.5,0.086100,,,,,,
train,8,200552,6900.3,0.073334,,,,,,
train,8,200652,6903.2,0.071217,,,,,,
train,8,200752,6906.0,0.080453,,,,,,
train,8,200852,6908.9,0.080552,,,,,,
train,8,200952,6911.8,0.075347,,,,,,
train,8,201052,6914.6,0.076247,,,,,,
train,8,201152,6917.5,0.076586,,,,,,
train,8,201252,6920.3,0.082062,,,,,,
train,8,201352,6923.2,0.080625,,,,,,
train,8,201452,6926.0,0.072583,,,,,,
train,8,201552,6928.9,0.078618,,,,,,
train,8,201652,6931.7,0.084702,,,,,,
train,8,201752,6934.6,0.084074,,,,,,
train,8,201852,6937.4,0.073700,,,,,,
train,8,201952,6940.3,0.071679,,,,,,
train,8,202052,6943.1,0.076779,,,,,,
train,8,202152,6946.0,0.077742,,,,,,
train,8,202252,6948.8,0.075750,,,,,,
train,8,202352,6951.7,0.078082,,,,,,
train,8,202452,6954.5,0.076151,,,,,,
train,8,202552,6957.4,0.079721,,,,,,
train,8,202652,6960.2,0.080732,,,,,,
train,8,202752,6963.1,0.082579,,,,,,
train,8,202852,6965.9,0.074637,,,,,,
train,8,202952,6968.8,0.075139,,,,,,
train,8,203052,6971.6,0.087156,,,,,,
train,8,203152,6974.6,0.071210,,,,,,
train,8,203252,6977.5,0.079216,,,,,,
train,8,203352,6980.3,0.069050,,,,,,
train,8,203452,6983.2,0.075870,,,,,,
train,8,203552,6986.0,0.073889,,,,,,
train,8,203652,6988.9,0.081721,,,,,,
train,8,203752,6991.7,0.082863,,,,,,
train,8,203852,6994.6,0.080024,,,,,,
train,8,203952,6997.4,0.077167,,,,,,
train,8,204052,7000.3,0.075614,,,,,,
train,8,204152,7003.2,0.076038,,,,,,
train,8,204252,7006.0,0.079897,,,,,,
train,8,204352,7008.9,0.074919,,,,,,
train,8,204452,7011.7,0.076028,,,,,,
train,8,204552,7014.6,0.075887,,,,,,
train,8,204652,7017.4,0.075848,,,,,,
train,8,204752,7020.3,0.074927,,,,,,
train,8,204852,7023.1,0.081175,,,,,,
train,8,204952,7026.0,0.075371,,,,,,
train,8,205052,7028.8,0.070947,,,,,,
train,8,205152,7031.7,0.076866,,,,,,
train,8,205252,7034.6,0.080449,,,,,,
train,8,205352,7037.4,0.070978,,,,,,
train,8,205452,7040.3,0.075423,,,,,,
train,8,205552,7043.1,0.073720,,,,,,
train,8,205652,7046.6,0.069339,,,,,,
train,8,205752,7049.4,0.081565,,,,,,
train,8,205852,7052.3,0.085219,,,,,,
train,8,205952,7055.2,0.075366,,,,,,
train,8,206052,7058.0,0.075473,,,,,,
train,8,206152,7060.9,0.074373,,,,,,
train,8,206252,7063.7,0.074543,,,,,,
train,8,206352,7066.6,0.080778,,,,,,
train,8,206452,7069.4,0.071649,,,,,,
train,8,206552,7072.3,0.074478,,,,,,
train,8,206652,7075.1,0.074441,,,,,,
train,8,206752,7078.0,0.078116,,,,,,
train,8,206852,7080.8,0.074446,,,,,,
train,8,206952,7083.7,0.080226,,,,,,
train,8,207052,7086.5,0.076451,,,,,,
train,8,207152,7089.4,0.077087,,,,,,
train,8,207252,7092.2,0.069932,,,,,,
train,8,207352,7095.1,0.071599,,,,,,
train,8,207452,7097.9,0.076524,,,,,,
train,8,207552,7100.8,0.079086,,,,,,
train,8,207652,7103.6,0.077114,,,,,,
train,8,207752,7106.5,0.073011,,,,,,
train,8,207852,7109.3,0.079917,,,,,,
train,8,207952,7112.2,0.068112,,,,,,
train,8,208052,7115.0,0.076309,,,,,,
train,8,208152,7117.9,0.079470,,,,,,
train,8,208252,7120.8,0.077623,,,,,,
train,8,208352,7123.7,0.081503,,,,,,
train,8,208452,7126.5,0.077674,,,,,,
train,8,208552,7129.4,0.082225,,,,,,
train,8,208652,7132.2,0.076114,,,,,,
train,8,208752,7135.1,0.080362,,,,,,
train,8,208852,7137.9,0.072472,,,,,,
train,8,208952,7140.8,0.071796,,,,,,
train,8,209052,7143.6,0.074796,,,,,,
train,8,209152,7146.5,0.072339,,,,,,
train,8,209252,7149.3,0.078777,,,,,,
train,8,209352,7152.2,0.075773,,,,,,
train,8,209452,7155.0,0.082283,,,,,,
train,8,209552,7157.9,0.078189,,,,,,
train,8,209652,7160.7,0.074928,,,,,,
train,8,209752,7163.6,0.074918,,,,,,
train,8,209852,7166.4,0.082590,,,,,,
train,8,209952,7169.3,0.077161,,,,,,
train,8,210052,7172.2,0.072794,,,,,,
train,8,210152,7175.0,0.075168,,,,,,
train,8,210252,7177.9,0.080016,,,,,,
train,8,210352,7180.7,0.075425,,,,,,
train,8,210452,7183.6,0.082451,,,,,,
train,8,210552,7186.4,0.074937,,,,,,
train,8,210652,7189.3,0.074937,,,,,,
train,8,210752,7192.1,0.075145,,,,,,
train,8,210852,7195.0,0.074799,,,,,,
train,8,210952,7197.8,0.074622,,,,,,
train,8,211052,7200.7,0.074883,,,,,,
train,8,211152,7203.5,0.073678,,,,,,
train,8,211252,7206.4,0.071336,,,,,,
train,8,211352,7209.2,0.077572,,,,,,
train,8,211452,7212.2,0.080413,,,,,,
train,8,211552,7215.1,0.082039,,,,,,
train,8,211652,7218.0,0.078966,,,,,,
train,8,211752,7220.8,0.074397,,,,,,
train,8,211852,7223.7,0.076193,,,,,,
train,8,211952,7226.5,0.072901,,,,,,
train,8,212052,7229.4,0.077697,,,,,,
train,8,212152,7232.2,0.079366,,,,,,
train,8,212252,7235.1,0.072743,,,,,,
train,8,212352,7237.9,0.077368,,,,,,
train,8,212452,7240.8,0.079083,,,,,,
train,8,212552,7243.6,0.075445,,,,,,
train,8,212652,7246.5,0.077104,,,,,,
train,8,212752,7249.3,0.078814,,,,,,
train,8,212852,7252.2,0.070777,,,,,,
train,8,212952,7255.1,0.075306,,,,,,
train,8,213052,7257.9,0.078152,,,,,,
train,8,213152,7260.8,0.079209,,,,,,
train,8,213252,7263.6,0.074257,,,,,,
train,8,213352,7266.5,0.073713,,,,,,
train,8,213452,7269.3,0.077845,,,,,,
train,8,213552,7272.2,0.078303,,,,,,
train,8,213652,7275.0,0.075893,,,,,,
train,8,213752,7277.9,0.077937,,,,,,
train,8,213852,7280.7,0.071776,,,,,,
train,8,213952,7283.5,0.076073,,,,,,
train,8,214052,7286.4,0.080240,,,,,,
train,8,214152,7289.2,0.079451,,,,,,
train,8,214252,7292.1,0.072127,,,,,,
train,8,214352,7295.0,0.074954,,,,,,
train,8,214452,7297.8,0.083014,,,,,,
train,8,214552,7300.7,0.074470,,,,,,
train,8,214652,7303.5,0.076849,,,,,,
train,8,214752,7306.4,0.075845,,,,,,
train,8,214852,7309.2,0.078484,,,,,,
train,8,214952,7312.1,0.079040,,,,,,
train,8,215052,7315.1,0.076457,,,,,,
train,8,215152,7317.9,0.077724,,,,,,
train,8,215252,7320.8,0.074276,,,,,,
train,8,215352,7323.6,0.073333,,,,,,
train,8,215452,7326.5,0.080998,,,,,,
train,8,215552,7329.3,0.081515,,,,,,
train,8,215652,7332.2,0.080506,,,,,,
train,8,215752,7335.0,0.078864,,,,,,
train,8,215852,7337.9,0.075426,,,,,,
train,8,215952,7340.7,0.072747,,,,,,
train,8,216052,7343.6,0.078041,,,,,,
train,8,216152,7346.4,0.082136,,,,,,
train,8,216252,7349.4,0.075862,,,,,,
train,8,216352,7352.2,0.085540,,,,,,
train,8,216452,7355.3,0.077249,,,,,,
train,8,216552,7358.1,0.085288,,,,,,
train,8,216652,7360.9,0.071642,,,,,,
train,8,216752,7363.9,0.073568,,,,,,
train,8,216852,7366.7,0.073200,,,,,,
train,8,216952,7369.6,0.076994,,,,,,
train,8,217052,7372.4,0.074653,,,,,,
train,8,217152,7375.3,0.076191,,,,,,
train,8,217252,7378.1,0.071465,,,,,,
train,8,217352,7381.0,0.077698,,,,,,
train,8,217452,7383.8,0.076401,,,,,,
train,8,217552,7386.7,0.079299,,,,,,
train,8,217652,7389.5,0.076967,,,,,,
train,8,217752,7392.4,0.068641,,,,,,
train,8,217852,7395.2,0.076391,,,,,,
train,8,217952,7398.1,0.076123,,,,,,
train,8,218052,7400.9,0.074495,,,,,,
train,8,218152,7403.8,0.072947,,,,,,
train,8,218252,7406.6,0.070141,,,,,,
train,8,218352,7409.5,0.078605,,,,,,
train,8,218452,7412.3,0.069866,,,,,,
train,8,218552,7415.2,0.079435,,,,,,
train,8,218652,7418.0,0.075092,,,,,,
train,8,218752,7420.9,0.075157,,,,,,
train,8,218852,7423.7,0.079819,,,,,,
train,8,218952,7426.6,0.081516,,,,,,
train,8,219052,7429.4,0.072167,,,,,,
train,8,219152,7432.3,0.073739,,,,,,
train,8,219252,7435.1,0.076964,,,,,,
train,8,219352,7438.0,0.077899,,,,,,
train,8,219452,7440.8,0.073280,,,,,,
train,8,219552,7443.7,0.075001,,,,,,
train,8,219652,7446.5,0.080834,,,,,,
train,8,219752,7449.4,0.079970,,,,,,
train,8,219852,7452.2,0.072545,,,,,,
train,8,219952,7455.1,0.077149,,,,,,
val,8,,7599.8,0.072155,0.004369,0.000039,0.011240,0.050714,35.2470,0.949965
train,9,220096,7603.9,0.073343,,,,,,
train,9,220196,7606.9,0.077175,,,,,,
train,9,220296,7609.8,0.078048,,,,,,
train,9,220396,7612.7,0.074777,,,,,,
train,9,220496,7615.6,0.076437,,,,,,
train,9,220596,7618.4,0.074550,,,,,,
train,9,220696,7621.3,0.075119,,,,,,
train,9,220796,7624.1,0.078533,,,,,,
train,9,220896,7627.0,0.076258,,,,,,
train,9,220996,7629.8,0.076887,,,,,,
train,9,221096,7632.7,0.075416,,,,,,
train,9,221196,7635.5,0.069862,,,,,,
train,9,221296,7638.4,0.080607,,,,,,
train,9,221396,7641.3,0.080094,,,,,,
train,9,221496,7644.1,0.071254,,,,,,
train,9,221596,7647.0,0.074356,,,,,,
train,9,221696,7649.9,0.070468,,,,,,
train,9,221796,7652.7,0.077677,,,,,,
train,9,221896,7655.6,0.077443,,,,,,
train,9,221996,7658.4,0.075742,,,,,,
train,9,222096,7661.3,0.075798,,,,,,
train,9,222196,7664.2,0.076014,,,,,,
train,9,222296,7667.0,0.071020,,,,,,
train,9,222396,7669.9,0.077898,,,,,,
train,9,222496,7672.7,0.076046,,,,,,
train,9,222596,7675.6,0.073290,,,,,,
train,9,222696,7678.5,0.069769,,,,,,
train,9,222796,7681.3,0.082466,,,,,,
train,9,222896,7684.2,0.075497,,,,,,
train,9,222996,7687.0,0.073160,,,,,,
train,9,223096,7689.9,0.081263,,,,,,
train,9,223196,7692.8,0.072772,,,,,,
train,9,223296,7695.6,0.074239,,,,,,
train,9,223396,7698.5,0.074000,,,,,,
train,9,223496,7701.3,0.076391,,,,,,
train,9,223596,7704.2,0.074903,,,,,,
train,9,223696,7707.1,0.073047,,,,,,
train,9,223796,7709.9,0.079907,,,,,,
train,9,223896,7712.8,0.075113,,,,,,
train,9,223996,7715.6,0.080009,,,,,,
train,9,224096,7718.5,0.076305,,,,,,
train,9,224196,7721.4,0.074016,,,,,,
train,9,224296,7724.2,nan,,,,,,
train,9,224396,7727.1,0.082212,,,,,,
train,9,224496,7729.9,0.073980,,,,,,
train,9,224596,7732.8,0.074854,,,,,,
train,9,224696,7735.7,0.074553,,,,,,
train,9,224796,7738.6,0.076375,,,,,,
train,9,224896,7741.5,0.074102,,,,,,
train,9,224996,7744.3,0.074099,,,,,,
train,9,225096,7747.2,0.076776,,,,,,
train,9,225196,7750.0,0.075191,,,,,,
train,9,225296,7752.9,0.078086,,,,,,
train,9,225396,7755.8,0.080032,,,,,,
train,9,225496,7758.6,0.068082,,,,,,
train,9,225596,7761.5,0.080127,,,,,,
train,9,225696,7764.3,0.076090,,,,,,
train,9,225796,7767.2,0.079201,,,,,,
train,9,225896,7770.1,0.076759,,,,,,
train,9,225996,7772.9,0.077857,,,,,,
train,9,226096,7775.8,0.080073,,,,,,
train,9,226196,7778.7,0.075271,,,,,,
train,9,226296,7781.5,0.074708,,,,,,
train,9,226396,7784.4,0.077470,,,,,,
train,9,226496,7787.2,0.074301,,,,,,
train,9,226596,7790.1,0.077011,,,,,,
train,9,226696,7793.0,0.076742,,,,,,
train,9,226796,7795.8,0.078804,,,,,,
train,9,226896,7798.7,0.078432,,,,,,
train,9,226996,7801.6,0.079793,,,,,,
train,9,227096,7804.4,0.078139,,,,,,
train,9,227196,7807.3,0.078153,,,,,,
train,9,227296,7810.1,0.077753,,,,,,
train,9,227396,7813.0,0.081280,,,,,,
train,9,227496,7815.8,0.075739,,,,,,
train,9,227596,7818.7,0.080274,,,,,,
train,9,227696,7821.5,0.080394,,,,,,
train,9,227796,7824.4,0.073969,,,,,,
train,9,227896,7827.3,0.076490,,,,,,
train,9,227996,7830.1,0.074234,,,,,,
train,9,228096,7833.0,0.074098,,,,,,
train,9,228196,7835.8,0.078013,,,,,,
train,9,228296,7838.7,0.073459,,,,,,
train,9,228396,7841.6,0.080153,,,,,,
train,9,228496,7844.4,0.075281,,,,,,
train,9,228596,7847.3,0.077019,,,,,,
train,9,228696,7850.2,0.076318,,,,,,
train,9,228796,7853.0,0.076447,,,,,,
train,9,228896,7856.1,0.069224,,,,,,
train,9,228996,7858.9,0.076247,,,,,,
train,9,229096,7861.8,0.073323,,,,,,
train,9,229196,7864.7,0.071785,,,,,,
train,9,229296,7867.5,0.080454,,,,,,
train,9,229396,7870.4,0.072516,,,,,,
train,9,229496,7873.2,0.077367,,,,,,
train,9,229596,7876.1,0.077153,,,,,,
train,9,229696,7879.0,0.077720,,,,,,
train,9,229796,7881.8,0.073417,,,,,,
train,9,229896,7884.7,0.079493,,,,,,
train,9,229996,7887.6,0.072583,,,,,,
train,9,230096,7890.4,0.074443,,,,,,
train,9,230196,7893.3,0.073073,,,,,,
train,9,230296,7896.1,0.075544,,,,,,
train,9,230396,7899.0,0.078359,,,,,,
train,9,230496,7901.9,0.078107,,,,,,
train,9,230596,7904.7,0.075556,,,,,,
train,9,230696,7907.6,0.071437,,,,,,
train,9,230796,7910.4,0.077992,,,,,,
train,9,230896,7913.3,0.073326,,,,,,
train,9,230996,7916.1,0.072635,,,,,,
train,9,231096,7919.0,0.078548,,,,,,
train,9,231196,7921.9,0.072815,,,,,,
train,9,231296,7924.7,0.075492,,,,,,
train,9,231396,7927.6,0.081214,,,,,,
train,9,231496,7930.5,0.074719,,,,,,
train,9,231596,7933.3,0.074085,,,,,,
train,9,231696,7936.2,0.071741,,,,,,
train,9,231796,7939.0,0.075936,,,,,,
train,9,231896,7941.9,0.078776,,,,,,
train,9,231996,7944.8,0.076943,,,,,,
train,9,232096,7947.6,0.077924,,,,,,
train,9,232196,7950.5,0.073556,,,,,,
train,9,232296,7953.3,0.073056,,,,,,
train,9,232396,7956.2,0.073232,,,,,,
train,9,232496,7959.1,0.074834,,,,,,
train,9,232596,7961.9,0.072452,,,,,,
train,9,232696,7964.8,0.078043,,,,,,
train,9,232796,7967.7,0.078117,,,,,,
train,9,232896,7970.5,0.080878,,,,,,
train,9,232996,7973.5,0.071124,,,,,,
train,9,233096,7976.4,0.076487,,,,,,
train,9,233196,7979.3,0.076021,,,,,,
train,9,233296,7982.1,0.075121,,,,,,
train,9,233396,7985.0,0.079416,,,,,,
train,9,233496,7987.9,0.074912,,,,,,
train,9,233596,7990.7,0.072730,,,,,,
train,9,233696,7993.6,0.078097,,,,,,
train,9,233796,7996.4,0.074008,,,,,,
train,9,233896,7999.3,0.070772,,,,,,
train,9,233996,8002.1,0.072183,,,,,,
train,9,234096,8005.0,0.073954,,,,,,
train,9,234196,8007.8,0.075679,,,,,,
train,9,234296,8010.7,0.072791,,,,,,
train,9,234396,8013.6,0.078410,,,,,,
train,9,234496,8016.4,0.073055,,,,,,
train,9,234596,8019.3,0.077334,,,,,,
train,9,234696,8022.1,0.080449,,,,,,
train,9,234796,8025.0,0.074730,,,,,,
train,9,234896,8027.8,0.072497,,,,,,
train,9,234996,8030.7,0.079309,,,,,,
train,9,235096,8033.6,0.076540,,,,,,
train,9,235196,8036.4,0.072157,,,,,,
train,9,235296,8039.3,0.076008,,,,,,
train,9,235396,8042.1,0.075929,,,,,,
train,9,235496,8045.0,0.073286,,,,,,
train,9,235596,8047.8,0.071479,,,,,,
train,9,235696,8050.7,0.072103,,,,,,
train,9,235796,8053.6,0.080980,,,,,,
train,9,235896,8056.4,0.076967,,,,,,
train,9,235996,8059.3,0.071822,,,,,,
train,9,236096,8062.1,0.078182,,,,,,
train,9,236196,8065.0,0.073995,,,,,,
train,9,236296,8067.8,0.085837,,,,,,
train,9,236396,8070.7,0.069872,,,,,,
train,9,236496,8073.6,0.071918,,,,,,
train,9,236596,8076.4,0.073213,,,,,,
train,9,236696,8079.3,0.077977,,,,,,
train,9,236796,8082.1,0.073355,,,,,,
train,9,236896,8085.0,0.077780,,,,,,
train,9,236996,8087.9,0.070542,,,,,,
train,9,237096,8090.7,0.077971,,,,,,
train,9,237196,8093.6,0.077168,,,,,,
train,9,237296,8096.4,0.072335,,,,,,
train,9,237396,8099.3,0.075919,,,,,,
train,9,237496,8102.2,0.077173,,,,,,
train,9,237596,8105.0,0.079043,,,,,,
train,9,237696,8107.9,0.068630,,,,,,
train,9,237796,8110.7,0.073425,,,,,,
train,9,237896,8113.6,0.074696,,,,,,
train,9,237996,8116.5,0.074604,,,,,,
train,9,238096,8119.3,0.071426,,,,,,
train,9,238196,8122.2,0.077112,,,,,,
train,9,238296,8125.0,0.075911,,,,,,
train,9,238396,8127.9,0.075112,,,,,,
train,9,238496,8130.8,0.074230,,,,,,
train,9,238596,8133.7,0.077220,,,,,,
train,9,238696,8136.5,0.076873,,,,,,
train,9,238796,8139.4,0.076456,,,,,,
train,9,238896,8142.2,0.072205,,,,,,
train,9,238996,8145.1,0.074368,,,,,,
train,9,239096,8148.0,0.075488,,,,,,
train,9,239196,8150.8,0.078735,,,,,,
train,9,239296,8153.7,0.076348,,,,,,
train,9,239396,8156.5,0.075400,,,,,,
train,9,239496,8159.4,0.071494,,,,,,
train,9,239596,8162.3,0.073471,,,,,,
train,9,239696,8165.1,0.074077,,,,,,
train,9,239796,8168.0,0.075239,,,,,,
train,9,239896,8170.9,0.072926,,,,,,
train,9,239996,8173.7,0.075414,,,,,,
train,9,240096,8176.6,0.079356,,,,,,
train,9,240196,8179.4,0.075794,,,,,,
train,9,240296,8182.3,0.078150,,,,,,
train,9,240396,8185.2,0.084093,,,,,,
train,9,240496,8188.0,0.078809,,,,,,
train,9,240596,8190.9,0.072241,,,,,,
train,9,240696,8194.1,0.074176,,,,,,
train,9,240796,8196.9,0.073472,,,,,,
train,9,240896,8199.8,0.079431,,,,,,
train,9,240996,8202.6,0.075037,,,,,,
train,9,241096,8205.5,0.073443,,,,,,
train,9,241196,8208.3,0.077115,,,,,,
train,9,241296,8211.2,0.069906,,,,,,
train,9,241396,8214.1,0.078275,,,,,,
train,9,241496,8216.9,0.075495,,,,,,
train,9,241596,8219.8,0.074222,,,,,,
train,9,241696,8222.6,0.072008,,,,,,
train,9,241796,8225.5,0.077500,,,,,,
train,9,241896,8228.3,0.072975,,,,,,
train,9,241996,8231.2,0.070530,,,,,,
train,9,242096,8234.1,0.073007,,,,,,
train,9,242196,8236.9,0.079729,,,,,,
train,9,242296,8239.8,0.073482,,,,,,
train,9,242396,8242.6,0.077111,,,,,,
train,9,242496,8245.5,0.073848,,,,,,
train,9,242596,8248.4,0.075736,,,,,,
train,9,242696,8251.2,0.078818,,,,,,
train,9,242796,8254.1,0.076389,,,,,,
train,9,242896,8256.9,0.075687,,,,,,
train,9,242996,8259.8,0.076361,,,,,,
train,9,243096,8262.7,0.071159,,,,,,
train,9,243196,8265.5,0.066016,,,,,,
train,9,243296,8268.4,0.080640,,,,,,
train,9,243396,8271.2,0.072459,,,,,,
train,9,243496,8274.1,0.077405,,,,,,
train,9,243596,8276.9,0.070464,,,,,,
train,9,243696,8279.8,0.081869,,,,,,
train,9,243796,8282.7,0.082326,,,,,,
train,9,243896,8285.5,0.074243,,,,,,
train,9,243996,8288.4,0.080577,,,,,,
train,9,244096,8291.2,0.072293,,,,,,
train,9,244196,8294.1,0.070490,,,,,,
train,9,244296,8297.0,0.078627,,,,,,
train,9,244396,8299.8,0.073704,,,,,,
val,9,,8444.6,0.071397,0.004342,0.000039,0.011183,0.050440,35.3053,0.950374
train,10,244540,8448.6,0.073538,,,,,,
train,10,244640,8451.4,0.080286,,,,,,
train,10,244740,8454.3,0.073722,,,,,,
train,10,244840,8457.1,0.073505,,,,,,
train,10,244940,8460.0,0.075725,,,,,,
train,10,245040,8462.8,0.078577,,,,,,
train,10,245140,8465.7,0.070549,,,,,,
train,10,245240,8468.6,0.074553,,,,,,
train,10,245340,8471.4,0.073968,,,,,,
train,10,245440,8474.3,0.077043,,,,,,
train,10,245540,8477.1,0.075091,,,,,,
train,10,245640,8480.0,0.078053,,,,,,
train,10,245740,8482.8,0.075583,,,,,,
train,10,245840,8485.7,0.073366,,,,,,
train,10,245940,8488.5,0.075195,,,,,,
train,10,246040,8491.4,0.073421,,,,,,
train,10,246140,8494.3,0.072193,,,,,,
train,10,246240,8497.1,0.072526,,,,,,
train,10,246340,8500.0,0.075280,,,,,,
train,10,246440,8502.8,0.074457,,,,,,
train,10,246540,8505.7,0.073344,,,,,,
train,10,246640,8508.5,0.073914,,,,,,
train,10,246740,8511.4,0.078326,,,,,,
train,10,246840,8514.3,0.075002,,,,,,
train,10,246940,8517.1,0.072786,,,,,,
train,10,247040,8520.0,0.084298,,,,,,
train,10,247140,8522.8,0.072012,,,,,,
train,10,247240,8525.7,0.078664,,,,,,
train,10,247340,8528.5,0.073235,,,,,,
train,10,247440,8531.4,0.075782,,,,,,
train,10,247540,8534.2,0.077263,,,,,,
train,10,247640,8537.1,0.076192,,,,,,
train,10,247740,8540.1,0.072600,,,,,,
train,10,247840,8543.3,0.080956,,,,,,
train,10,247940,8546.2,0.078852,,,,,,
train,10,248040,8549.0,0.073389,,,,,,
train,10,248140,8551.9,0.071086,,,,,,
train,10,248240,8554.7,0.075163,,,,,,
train,10,248340,8557.6,0.073602,,,,,,
train,10,248440,8560.4,0.074846,,,,,,
train,10,248540,8563.3,0.072758,,,,,,
train,10,248640,8566.2,0.079067,,,,,,
train,10,248740,8569.0,0.074322,,,,,,
train,10,248840,8571.9,0.079199,,,,,,
train,10,248940,8574.7,0.077234,,,,,,
train,10,249040,8577.6,0.081305,,,,,,
train,10,249140,8580.5,0.080502,,,,,,
train,10,249240,8583.3,0.076661,,,,,,
train,10,249340,8586.2,0.074364,,,,,,
train,10,249440,8589.0,0.072123,,,,,,
train,10,249540,8591.9,0.079359,,,,,,
train,10,249640,8594.7,0.069644,,,,,,
train,10,249740,8597.6,0.070340,,,,,,
train,10,249840,8600.4,0.069661,,,,,,
train,10,249940,8603.3,0.076384,,,,,,
train,10,250040,8606.2,0.077306,,,,,,
train,10,250140,8609.0,0.072412,,,,,,
train,10,250240,8612.2,0.073566,,,,,,
train,10,250340,8615.0,0.076495,,,,,,
train,10,250440,8617.9,0.075449,,,,,,
train,10,250540,8620.7,0.077443,,,,,,
train,10,250640,8623.6,0.073142,,,,,,
train,10,250740,8626.4,0.074804,,,,,,
train,10,250840,8629.3,0.072655,,,,,,
train,10,250940,8632.1,0.077478,,,,,,
train,10,251040,8635.0,0.077499,,,,,,
train,10,251140,8637.8,0.078375,,,,,,
train,10,251240,8640.7,0.074258,,,,,,
train,10,251340,8643.6,0.075890,,,,,,
train,10,251440,8646.4,0.076987,,,,,,
train,10,251540,8649.3,0.074733,,,,,,
train,10,251640,8652.1,0.073815,,,,,,
train,10,251740,8655.0,0.069833,,,,,,
train,10,251840,8657.8,0.078097,,,,,,
train,10,251940,8660.7,0.081203,,,,,,
train,10,252040,8663.5,0.077690,,,,,,
train,10,252140,8666.4,0.076864,,,,,,
train,10,252240,8669.2,0.074893,,,,,,
train,10,252340,8672.1,0.077062,,,,,,
train,10,252440,8674.9,0.074461,,,,,,
train,10,252540,8677.8,0.076879,,,,,,
train,10,252640,8680.6,0.074432,,,,,,
train,10,252740,8683.5,0.078289,,,,,,
train,10,252840,8686.4,0.074644,,,,,,
train,10,252940,8689.2,0.077180,,,,,,
train,10,253040,8692.1,0.079510,,,,,,
train,10,253140,8694.9,0.070783,,,,,,
train,10,253240,8697.8,0.075565,,,,,,
train,10,253340,8700.6,0.077018,,,,,,
train,10,253440,8703.5,0.076907,,,,,,
train,10,253540,8706.4,0.074560,,,,,,
train,10,253640,8709.2,0.075272,,,,,,
train,10,253740,8712.1,0.066870,,,,,,
train,10,253840,8714.9,0.076361,,,,,,
train,10,253940,8717.8,0.073570,,,,,,
train,10,254040,8720.7,0.074385,,,,,,
train,10,254140,8723.5,0.073997,,,,,,
train,10,254240,8726.4,0.077091,,,,,,
train,10,254340,8729.2,0.076070,,,,,,
train,10,254440,8732.1,0.073819,,,,,,
train,10,254540,8734.9,0.078509,,,,,,
train,10,254640,8737.8,0.074829,,,,,,
train,10,254740,8740.7,0.072389,,,,,,
train,10,254840,8743.5,0.075150,,,,,,
train,10,254940,8746.4,0.072372,,,,,,
train,10,255040,8749.2,0.079360,,,,,,
train,10,255140,8752.1,0.082068,,,,,,
train,10,255240,8754.9,0.076151,,,,,,
train,10,255340,8757.8,0.075377,,,,,,
train,10,255440,8760.7,0.075304,,,,,,
train,10,255540,8763.5,0.072065,,,,,,
train,10,255640,8766.4,0.078284,,,,,,
train,10,255740,8769.2,0.078441,,,,,,
train,10,255840,8772.1,0.070076,,,,,,
train,10,255940,8774.9,0.077914,,,,,,
train,10,256040,8777.8,0.074812,,,,,,
train,10,256140,8780.6,0.078501,,,,,,
train,10,256240,8783.5,0.072271,,,,,,
train,10,256340,8786.3,0.075903,,,,,,
train,10,256440,8789.2,0.073088,,,,,,
train,10,256540,8792.0,0.073601,,,,,,
train,10,256640,8794.9,0.075092,,,,,,
train,10,256740,8797.8,0.070126,,,,,,
train,10,256840,8800.6,0.071558,,,,,,
train,10,256940,8803.5,0.072003,,,,,,
train,10,257040,8806.3,0.077402,,,,,,
train,10,257140,8809.2,0.073423,,,,,,
train,10,257240,8812.0,0.072607,,,,,,
train,10,257340,8814.9,0.073816,,,,,,
train,10,257440,8817.7,0.076145,,,,,,
train,10,257540,8820.6,0.074952,,,,,,
train,10,257640,8823.5,0.072591,,,,,,
train,10,257740,8826.3,0.077188,,,,,,
train,10,257840,8829.2,0.072041,,,,,,
train,10,257940,8832.0,0.076188,,,,,,
train,10,258040,8834.9,0.073850,,,,,,
train,10,258140,8837.7,0.080609,,,,,,
train,10,258240,8840.6,0.076226,,,,,,
train,10,258340,8843.4,0.078179,,,,,,
train,10,258440,8846.3,0.075294,,,,,,
train,10,258540,8849.1,0.081085,,,,,,
train,10,258640,8852.0,0.075886,,,,,,
train,10,258740,8854.8,0.074608,,,,,,
train,10,258840,8857.7,0.080378,,,,,,
train,10,258940,8860.5,0.074228,,,,,,
train,10,259040,8863.4,0.075491,,,,,,
train,10,259140,8866.2,0.072145,,,,,,
train,10,259240,8869.1,0.069542,,,,,,
train,10,259340,8871.9,0.072132,,,,,,
train,10,259440,8874.8,0.073776,,,,,,
train,10,259540,8877.7,0.073078,,,,,,
train,10,259640,8880.5,0.075974,,,,,,
train,10,259740,8883.4,0.076423,,,,,,
train,10,259840,8886.2,0.072387,,,,,,
train,10,259940,8889.1,0.072450,,,,,,
train,10,260040,8891.9,0.076243,,,,,,
train,10,260140,8894.8,0.069576,,,,,,
train,10,260240,8897.6,0.076620,,,,,,
train,10,260340,8900.5,0.075571,,,,,,
train,10,260440,8903.3,0.072230,,,,,,
train,10,260540,8906.2,0.074112,,,,,,
train,10,260640,8909.1,0.072278,,,,,,
train,10,260740,8911.9,0.072229,,,,,,
train,10,260840,8914.8,0.075494,,,,,,
train,10,260940,8917.6,0.070618,,,,,,
train,10,261040,8920.5,0.076106,,,,,,
train,10,261140,8923.3,0.071278,,,,,,
train,10,261240,8926.2,0.076100,,,,,,
train,10,261340,8929.0,0.073701,,,,,,
train,10,261440,8931.9,0.078438,,,,,,
train,10,261540,8934.8,0.069243,,,,,,
train,10,261640,8937.6,0.071494,,,,,,
train,10,261740,8940.5,0.076729,,,,,,
train,10,261840,8943.3,0.073713,,,,,,
train,10,261940,8946.2,0.072637,,,,,,
train,10,262040,8949.0,0.073448,,,,,,
train,10,262140,8952.2,0.077416,,,,,,
train,10,262240,8955.1,0.069587,,,,,,
train,10,262340,8957.9,0.074824,,,,,,
train,10,262440,8960.8,0.074824,,,,,,
train,10,262540,8963.7,0.073219,,,,,,
train,10,262640,8966.5,0.071893,,,,,,
train,10,262740,8969.4,0.068692,,,,,,
train,10,262840,8972.2,0.072491,,,,,,
train,10,262940,8975.1,0.080148,,,,,,
train,10,263040,8977.9,0.081231,,,,,,
train,10,263140,8980.8,0.077884,,,,,,
train,10,263240,8983.6,0.075085,,,,,,
train,10,263340,8986.5,0.080291,,,,,,
train,10,263440,8989.4,0.075398,,,,,,
train,10,263540,8992.2,0.070478,,,,,,
train,10,263640,8995.1,0.076431,,,,,,
train,10,263740,8997.9,0.076249,,,,,,
train,10,263840,9000.8,0.072069,,,,,,
train,10,263940,9003.6,0.082444,,,,,,
train,10,264040,9006.5,0.078008,,,,,,
train,10,264140,9009.3,0.079255,,,,,,
train,10,264240,9012.2,0.076485,,,,,,
train,10,264340,9015.1,0.075075,,,,,,
train,10,264440,9017.9,0.075717,,,,,,
train,10,264540,9020.8,nan,,,,,,
train,10,264640,9023.6,0.078056,,,,,,
train,10,264740,9026.5,0.071985,,,,,,
train,10,264840,9029.4,0.070757,,,,,,
train,10,264940,9032.2,0.072869,,,,,,
train,10,265040,9035.1,0.074372,,,,,,
train,10,265140,9037.9,0.070780,,,,,,
train,10,265240,9040.8,0.075111,,,,,,
train,10,265340,9043.6,0.076345,,,,,,
train,10,265440,9046.4,0.079145,,,,,,
train,10,265540,9049.3,0.073440,,,,,,
train,10,265640,9052.2,0.073429,,,,,,
train,10,265740,9055.0,0.071614,,,,,,
train,10,265840,9057.9,0.068973,,,,,,
train,10,265940,9060.7,0.069687,,,,,,
train,10,266040,9063.6,0.079749,,,,,,
train,10,266140,9066.4,0.073533,,,,,,
train,10,266240,9069.3,0.074447,,,,,,
train,10,266340,9072.1,0.067366,,,,,,
train,10,266440,9075.0,0.079263,,,,,,
train,10,266540,9077.8,0.074995,,,,,,
train,10,266640,9080.7,0.075383,,,,,,
train,10,266740,9083.5,0.074390,,,,,,
train,10,266840,9086.4,0.072127,,,,,,
train,10,266940,9089.2,0.074369,,,,,,
train,10,267040,9092.1,0.074283,,,,,,
train,10,267140,9094.9,0.072720,,,,,,
train,10,267240,9097.8,0.072398,,,,,,
train,10,267340,9100.6,0.075735,,,,,,
train,10,267440,9103.5,0.077016,,,,,,
train,10,267540,9106.3,0.071913,,,,,,
train,10,267640,9109.2,0.073143,,,,,,
train,10,267740,9112.0,0.084307,,,,,,
train,10,267840,9114.9,0.071854,,,,,,
train,10,267940,9117.8,0.075378,,,,,,
train,10,268040,9120.6,0.072447,,,,,,
train,10,268140,9123.5,0.078831,,,,,,
train,10,268240,9126.3,0.077063,,,,,,
train,10,268340,9129.2,0.066244,,,,,,
train,10,268440,9132.0,0.072055,,,,,,
train,10,268540,9134.9,0.074160,,,,,,
train,10,268640,9137.8,0.076860,,,,,,
train,10,268740,9140.6,0.075953,,,,,,
train,10,268840,9143.5,0.072718,,,,,,
val,10,,9288.1,0.070437,0.004315,0.000038,0.011153,0.050391,35.3210,0.950656
train,11,268984,9292.1,0.078904,,,,,,
train,11,269084,9294.9,0.073430,,,,,,
train,11,269184,9297.8,0.073367,,,,,,
train,11,269284,9300.6,0.069571,,,,,,
train,11,269384,9303.5,0.075437,,,,,,
train,11,269484,9306.3,0.074580,,,,,,
train,11,269584,9309.2,0.074130,,,,,,
train,11,269684,9312.0,0.072887,,,,,,
train,11,269784,9314.9,0.076446,,,,,,
train,11,269884,9317.7,0.074422,,,,,,
train,11,269984,9320.6,0.072355,,,,,,
train,11,270084,9323.4,0.078445,,,,,,
train,11,270184,9326.2,0.077234,,,,,,
train,11,270284,9329.1,0.077634,,,,,,
train,11,270384,9331.9,0.070758,,,,,,
train,11,270484,9334.8,0.071595,,,,,,
train,11,270584,9337.7,0.074788,,,,,,
train,11,270684,9340.5,0.070543,,,,,,
train,11,270784,9343.4,0.072878,,,,,,
train,11,270884,9346.2,0.076173,,,,,,
train,11,270984,9349.0,0.076321,,,,,,
train,11,271084,9351.9,0.070780,,,,,,
train,11,271184,9354.7,0.073905,,,,,,
train,11,271284,9357.6,0.071293,,,,,,
train,11,271384,9360.7,0.077825,,,,,,
train,11,271484,9363.7,0.080367,,,,,,
train,11,271584,9366.5,0.071094,,,,,,
train,11,271684,9369.4,0.073194,,,,,,
train,11,271784,9372.2,0.074572,,,,,,
train,11,271884,9375.1,0.078486,,,,,,
train,11,271984,9377.9,0.074134,,,,,,
train,11,272084,9380.7,0.071988,,,,,,
train,11,272184,9383.6,0.071191,,,,,,
train,11,272284,9386.4,0.072352,,,,,,
train,11,272384,9389.3,0.070889,,,,,,
train,11,272484,9392.1,0.072532,,,,,,
train,11,272584,9395.0,0.070589,,,,,,
train,11,272684,9397.8,0.075430,,,,,,
train,11,272784,9400.7,0.069759,,,,,,
train,11,272884,9403.5,0.075662,,,,,,
train,11,272984,9406.4,0.070888,,,,,,
train,11,273084,9409.2,0.075659,,,,,,
train,11,273184,9412.1,0.075049,,,,,,
train,11,273284,9414.9,0.077449,,,,,,
train,11,273384,9417.8,0.075756,,,,,,
train,11,273484,9420.6,0.072318,,,,,,
train,11,273584,9423.5,0.073104,,,,,,
train,11,273684,9426.3,0.073422,,,,,,
train,11,273784,9429.2,0.074526,,,,,,
train,11,273884,9432.0,0.072909,,,,,,
train,11,273984,9434.8,0.075009,,,,,,
train,11,274084,9437.7,0.067670,,,,,,
train,11,274184,9440.6,0.067813,,,,,,
train,11,274284,9443.4,0.074593,,,,,,
train,11,274384,9446.2,0.070895,,,,,,
train,11,274484,9449.1,0.075501,,,,,,
train,11,274584,9452.0,0.073038,,,,,,
train,11,274684,9454.8,0.074058,,,,,,
train,11,274784,9457.7,0.070613,,,,,,
train,11,274884,9460.5,0.078265,,,,,,
train,11,274984,9463.3,0.073833,,,,,,
train,11,275084,9466.2,0.070608,,,,,,
train,11,275184,9469.0,0.072438,,,,,,
train,11,275284,9471.9,0.075282,,,,,,
train,11,275384,9474.8,0.068378,,,,,,
train,11,275484,9477.6,0.076628,,,,,,
train,11,275584,9480.4,0.072911,,,,,,
train,11,275684,9483.3,0.076985,,,,,,
train,11,275784,9486.1,0.076579,,,,,,
train,11,275884,9489.0,0.073449,,,,,,
train,11,275984,9491.8,0.071527,,,,,,
train,11,276084,9494.7,0.073803,,,,,,
train,11,276184,9497.5,0.076577,,,,,,
train,11,276284,9500.4,0.075093,,,,,,
train,11,276384,9503.3,0.074538,,,,,,
train,11,276484,9506.1,0.072086,,,,,,
train,11,276584,9509.0,0.070639,,,,,,
train,11,276684,9511.8,0.074762,,,,,,
train,11,276784,9514.7,0.075254,,,,,,
train,11,276884,9517.5,0.076809,,,,,,
train,11,276984,9520.4,0.070542,,,,,,
train,11,277084,9523.2,0.079689,,,,,,
train,11,277184,9526.0,0.076466,,,,,,
train,11,277284,9528.9,0.072135,,,,,,
train,11,277384,9531.7,0.071745,,,,,,
train,11,277484,9534.6,0.074058,,,,,,
train,11,277584,9537.4,0.072894,,,,,,
train,11,277684,9540.3,0.078268,,,,,,
train,11,277784,9543.1,0.073549,,,,,,
train,11,277884,9546.0,0.077159,,,,,,
train,11,277984,9548.9,0.071768,,,,,,
train,11,278084,9551.7,0.074731,,,,,,
train,11,278184,9554.6,0.074409,,,,,,
train,11,278284,9557.4,0.082253,,,,,,
train,11,278384,9560.3,0.070965,,,,,,
train,11,278484,9563.1,0.077065,,,,,,
train,11,278584,9566.0,0.077140,,,,,,
train,11,278684,9568.8,0.075824,,,,,,
train,11,278784,9571.7,0.073560,,,,,,
train,11,278884,9574.6,0.072666,,,,,,
train,11,278984,9577.4,0.072635,,,,,,
train,11,279084,9580.3,0.078174,,,,,,
train,11,279184,9583.1,0.071464,,,,,,
train,11,279284,9586.0,0.071909,,,,,,
train,11,279384,9588.8,0.069161,,,,,,
train,11,279484,9591.7,0.072067,,,,,,
train,11,279584,9594.5,0.074843,,,,,,
train,11,279684,9597.4,0.076716,,,,,,
train,11,279784,9600.2,0.073013,,,,,,
train,11,279884,9603.1,0.073418,,,,,,
train,11,279984,9605.9,0.075586,,,,,,
train,11,280084,9608.8,0.076059,,,,,,
train,11,280184,9611.6,0.070289,,,,,,
train,11,280284,9614.5,0.073857,,,,,,
train,11,280384,9617.3,0.070465,,,,,,
train,11,280484,9620.4,0.079437,,,,,,
train,11,280584,9623.3,0.078170,,,,,,
train,11,280684,9626.1,0.073506,,,,,,
train,11,280784,9629.0,0.070954,,,,,,
train,11,280884,9631.8,0.076263,,,,,,
train,11,280984,9634.7,0.070225,,,,,,
train,11,281084,9637.5,0.074709,,,,,,
train,11,281184,9640.4,0.070513,,,,,,
train,11,281284,9643.2,0.070934,,,,,,
train,11,281384,9646.0,0.069806,,,,,,
train,11,281484,9648.9,0.074423,,,,,,
train,11,281584,9651.7,0.069601,,,,,,
train,11,281684,9654.6,0.076491,,,,,,
train,11,281784,9657.4,0.076414,,,,,,
train,11,281884,9660.3,0.070946,,,,,,
train,11,281984,9663.1,0.074440,,,,,,
train,11,282084,9666.0,0.071697,,,,,,
train,11,282184,9668.8,0.077115,,,,,,
train,11,282284,9671.7,0.070827,,,,,,
train,11,282384,9674.5,0.070597,,,,,,
train,11,282484,9677.4,0.075166,,,,,,
train,11,282584,9680.2,0.074347,,,,,,
train,11,282684,9683.0,0.080197,,,,,,
train,11,282784,9685.9,0.074407,,,,,,
train,11,282884,9688.7,0.070341,,,,,,
train,11,282984,9691.7,0.071940,,,,,,
train,11,283084,9694.7,0.075208,,,,,,
train,11,283184,9697.5,0.078318,,,,,,
train,11,283284,9700.4,0.075688,,,,,,
train,11,283384,9703.2,0.069206,,,,,,
train,11,283484,9706.1,0.073326,,,,,,
train,11,283584,9708.9,0.077344,,,,,,
train,11,283684,9711.8,0.070451,,,,,,
train,11,283784,9714.6,0.077022,,,,,,
train,11,283884,9717.5,0.079424,,,,,,
train,11,283984,9720.3,0.073556,,,,,,
train,11,284084,9723.2,0.072917,,,,,,
train,11,284184,9726.0,0.069426,,,,,,
train,11,284284,9728.8,0.077055,,,,,,
train,11,284384,9731.7,0.075540,,,,,,
train,11,284484,9734.5,0.074778,,,,,,
train,11,284584,9737.4,0.072957,,,,,,
train,11,284684,9740.2,0.071456,,,,,,
train,11,284784,9743.1,nan,,,,,,
train,11,284884,9745.9,0.072625,,,,,,
train,11,284984,9748.8,0.077642,,,,,,
train,11,285084,9751.6,0.067816,,,,,,
train,11,285184,9754.5,0.067002,,,,,,
train,11,285284,9757.3,0.071376,,,,,,
train,11,285384,9760.2,0.073555,,,,,,
train,11,285484,9763.0,0.078864,,,,,,
train,11,285584,9765.9,0.074305,,,,,,
train,11,285684,9768.7,0.072116,,,,,,
train,11,285784,9771.6,0.071701,,,,,,
train,11,285884,9774.4,0.072158,,,,,,
train,11,285984,9777.3,0.078386,,,,,,
train,11,286084,9780.1,0.075598,,,,,,
train,11,286184,9783.0,0.070124,,,,,,
train,11,286284,9785.8,0.074154,,,,,,
train,11,286384,9788.7,0.079038,,,,,,
train,11,286484,9791.5,0.071470,,,,,,
train,11,286584,9794.4,0.071064,,,,,,
train,11,286684,9797.2,0.070278,,,,,,
train,11,286784,9800.1,0.072495,,,,,,
train,11,286884,9802.9,0.074114,,,,,,
train,11,286984,9805.8,0.067391,,,,,,
train,11,287084,9808.6,0.076388,,,,,,
train,11,287184,9811.5,0.074634,,,,,,
train,11,287284,9814.3,0.076585,,,,,,
train,11,287384,9817.2,0.072286,,,,,,
train,11,287484,9820.0,0.070454,,,,,,
train,11,287584,9822.9,0.069061,,,,,,
train,11,287684,9825.7,0.075174,,,,,,
train,11,287784,9828.6,0.072438,,,,,,
train,11,287884,9831.4,0.075260,,,,,,
train,11,287984,9834.3,0.070300,,,,,,
train,11,288084,9837.1,0.074917,,,,,,
train,11,288184,9840.0,0.079590,,,,,,
train,11,288284,9842.9,0.072810,,,,,,
train,11,288384,9845.8,0.072895,,,,,,
train,11,288484,9848.6,0.071002,,,,,,
train,11,288584,9851.5,0.074251,,,,,,
train,11,288684,9854.3,0.075008,,,,,,
train,11,288784,9857.2,0.072535,,,,,,
train,11,288884,9860.0,0.077562,,,,,,
train,11,288984,9862.9,0.077124,,,,,,
train,11,289084,9865.7,0.075552,,,,,,
train,11,289184,9868.6,0.072141,,,,,,
train,11,289284,9871.4,0.074524,,,,,,
train,11,289384,9874.3,0.068330,,,,,,
train,11,289484,9877.1,0.077508,,,,,,
train,11,289584,9880.0,0.074256,,,,,,
train,11,289684,9882.8,0.073052,,,,,,
train,11,289784,9885.7,0.069076,,,,,,
train,11,289884,9888.5,0.078546,,,,,,
train,11,289984,9891.3,0.081104,,,,,,
train,11,290084,9894.2,0.079891,,,,,,
train,11,290184,9897.0,0.075484,,,,,,
train,11,290284,9899.9,0.075719,,,,,,
train,11,290384,9902.7,0.075414,,,,,,
train,11,290484,9905.6,0.073927,,,,,,
train,11,290584,9908.4,0.076060,,,,,,
train,11,290684,9911.3,0.073854,,,,,,
train,11,290784,9914.1,0.074437,,,,,,
train,11,290884,9917.0,0.076293,,,,,,
train,11,290984,9919.8,0.074330,,,,,,
train,11,291084,9922.7,0.071968,,,,,,
train,11,291184,9925.5,0.072504,,,,,,
train,11,291284,9928.4,0.073246,,,,,,
train,11,291384,9931.2,0.068710,,,,,,
train,11,291484,9934.1,0.074167,,,,,,
train,11,291584,9936.9,0.070990,,,,,,
train,11,291684,9939.8,0.069445,,,,,,
train,11,291784,9942.6,0.076927,,,,,,
train,11,291884,9945.5,0.073118,,,,,,
train,11,291984,9948.3,0.077329,,,,,,
train,11,292084,9951.2,0.075187,,,,,,
train,11,292184,9954.0,0.068348,,,,,,
train,11,292284,9956.9,0.077678,,,,,,
train,11,292384,9959.7,0.076295,,,,,,
train,11,292484,9962.6,0.072416,,,,,,
train,11,292584,9965.4,0.071470,,,,,,
train,11,292684,9968.3,0.071702,,,,,,
train,11,292784,9971.1,0.069716,,,,,,
train,11,292884,9974.0,0.075572,,,,,,
train,11,292984,9976.8,0.073073,,,,,,
train,11,293084,9979.7,0.075101,,,,,,
train,11,293184,9982.5,0.067620,,,,,,
train,11,293284,9985.4,0.070170,,,,,,
val,11,,10130.1,0.070068,0.004294,0.000038,0.011085,0.050282,35.3739,0.950911
train,12,293428,10134.1,0.073907,,,,,,
train,12,293528,10137.0,0.072965,,,,,,
train,12,293628,10139.9,0.076743,,,,,,
train,12,293728,10142.7,0.070640,,,,,,
train,12,293828,10145.6,0.076113,,,,,,
train,12,293928,10148.4,0.074176,,,,,,
train,12,294028,10151.3,0.077647,,,,,,
train,12,294128,10154.2,0.070460,,,,,,
train,12,294228,10157.0,0.070984,,,,,,
train,12,294328,10159.9,0.075224,,,,,,
train,12,294428,10162.7,0.070990,,,,,,
train,12,294528,10165.6,0.075769,,,,,,
train,12,294628,10168.5,0.069837,,,,,,
train,12,294728,10171.3,0.078083,,,,,,
train,12,294828,10174.2,0.074199,,,,,,
train,12,294928,10177.0,0.075895,,,,,,
train,12,295028,10179.9,0.069965,,,,,,
train,12,295128,10182.7,0.071850,,,,,,
train,12,295228,10185.6,0.067012,,,,,,
train,12,295328,10188.5,0.076094,,,,,,
train,12,295428,10191.4,0.072203,,,,,,
train,12,295528,10194.2,0.069966,,,,,,
train,12,295628,10197.1,0.073360,,,,,,
train,12,295728,10200.0,0.073014,,,,,,
train,12,295828,10202.8,0.070125,,,,,,
train,12,295928,10205.7,0.077423,,,,,,
train,12,296028,10208.5,0.079741,,,,,,
train,12,296128,10211.4,0.069013,,,,,,
train,12,296228,10214.3,0.075354,,,,,,
train,12,296328,10217.1,0.071435,,,,,,
train,12,296428,10220.0,0.072251,,,,,,
train,12,296528,10222.9,0.071480,,,,,,
train,12,296628,10225.7,0.073109,,,,,,
train,12,296728,10228.6,0.073853,,,,,,
train,12,296828,10231.4,0.071939,,,,,,
train,12,296928,10234.3,0.072908,,,,,,
train,12,297028,10237.2,0.079043,,,,,,
train,12,297128,10240.0,0.072831,,,,,,
train,12,297228,10242.9,0.078997,,,,,,
train,12,297328,10245.7,0.074921,,,,,,
train,12,297428,10248.6,0.073828,,,,,,
train,12,297528,10251.5,0.076740,,,,,,
train,12,297628,10254.3,0.069991,,,,,,
train,12,297728,10257.2,0.074075,,,,,,
train,12,297828,10260.1,0.077465,,,,,,
train,12,297928,10262.9,0.076932,,,,,,
train,12,298028,10265.8,0.074757,,,,,,
train,12,298128,10268.6,0.073462,,,,,,
train,12,298228,10271.5,0.072052,,,,,,
train,12,298328,10274.4,0.068926,,,,,,
train,12,298428,10277.2,0.069566,,,,,,
train,12,298528,10280.1,0.071895,,,,,,
train,12,298628,10282.9,0.074782,,,,,,
train,12,298728,10285.8,0.076012,,,,,,
train,12,298828,10288.7,0.073111,,,,,,
train,12,298928,10291.5,0.069778,,,,,,
train,12,299028,10294.4,0.070691,,,,,,
train,12,299128,10297.2,0.074070,,,,,,
train,12,299228,10300.1,0.070059,,,,,,
train,12,299328,10303.0,0.068975,,,,,,
train,12,299428,10305.8,0.070748,,,,,,
train,12,299528,10308.7,0.073959,,,,,,
train,12,299628,10311.5,0.070067,,,,,,
train,12,299728,10314.4,0.076177,,,,,,
train,12,299828,10317.3,0.071044,,,,,,
train,12,299928,10320.1,0.065759,,,,,,
train,12,300028,10323.0,0.067481,,,,,,
train,12,300128,10325.9,0.077688,,,,,,
train,12,300228,10328.7,0.076361,,,,,,
train,12,300328,10331.6,0.078466,,,,,,
train,12,300428,10334.4,0.076012,,,,,,
train,12,300528,10337.3,0.075677,,,,,,
train,12,300628,10340.2,0.074660,,,,,,
train,12,300728,10343.0,0.078405,,,,,,
train,12,300828,10345.9,0.073451,,,,,,
train,12,300928,10348.7,0.075309,,,,,,
train,12,301028,10351.6,0.074936,,,,,,
train,12,301128,10354.5,0.071829,,,,,,
train,12,301228,10357.3,0.070906,,,,,,
train,12,301328,10360.2,0.070470,,,,,,
train,12,301428,10363.0,0.077031,,,,,,
train,12,301528,10365.9,0.074857,,,,,,
train,12,301628,10368.8,0.077167,,,,,,
train,12,301728,10371.6,0.082374,,,,,,
train,12,301828,10374.5,0.068327,,,,,,
train,12,301928,10377.3,0.074091,,,,,,
train,12,302028,10380.2,0.074627,,,,,,
train,12,302128,10383.0,0.071824,,,,,,
train,12,302228,10385.9,0.072478,,,,,,
train,12,302328,10388.7,0.075337,,,,,,
train,12,302428,10391.6,0.072262,,,,,,
train,12,302528,10394.5,0.070113,,,,,,
train,12,302628,10397.3,0.075711,,,,,,
train,12,302728,10400.2,0.071029,,,,,,
train,12,302828,10403.0,0.076893,,,,,,
train,12,302928,10406.7,0.072363,,,,,,
train,12,303028,10409.6,0.077574,,,,,,
train,12,303128,10412.4,0.081286,,,,,,
train,12,303228,10415.3,0.075095,,,,,,
train,12,303328,10418.1,0.076170,,,,,,
train,12,303428,10421.0,0.072270,,,,,,
train,12,303528,10423.9,0.066655,,,,,,
train,12,303628,10426.7,0.074100,,,,,,
train,12,303728,10429.6,0.073052,,,,,,
train,12,303828,10432.4,0.071793,,,,,,
train,12,303928,10435.3,0.069166,,,,,,
train,12,304028,10438.2,0.069122,,,,,,
train,12,304128,10441.0,0.067552,,,,,,
train,12,304228,10443.9,0.067210,,,,,,
train,12,304328,10446.8,0.076170,,,,,,
train,12,304428,10449.6,0.073389,,,,,,
train,12,304528,10452.5,0.078667,,,,,,
train,12,304628,10455.3,nan,,,,,,
train,12,304728,10458.2,0.077660,,,,,,
train,12,304828,10461.1,0.073079,,,,,,
train,12,304928,10463.9,0.076478,,,,,,
train,12,305028,10466.8,0.073157,,,,,,
train,12,305128,10469.7,0.075395,,,,,,
train,12,305228,10472.5,0.070630,,,,,,
train,12,305328,10475.4,0.072737,,,,,,
train,12,305428,10478.2,0.074586,,,,,,
train,12,305528,10481.1,0.072375,,,,,,
train,12,305628,10483.9,0.077505,,,,,,
train,12,305728,10486.8,0.071966,,,,,,
train,12,305828,10489.7,0.071985,,,,,,
train,12,305928,10492.5,0.068963,,,,,,
train,12,306028,10495.4,0.070932,,,,,,
train,12,306128,10498.2,0.071327,,,,,,
train,12,306228,10501.1,0.072064,,,,,,
train,12,306328,10504.0,0.071943,,,,,,
train,12,306428,10506.8,0.070269,,,,,,
train,12,306528,10509.7,0.070507,,,,,,
train,12,306628,10512.6,0.075132,,,,,,
train,12,306728,10515.4,0.075567,,,,,,
train,12,306828,10518.3,0.074942,,,,,,
train,12,306928,10521.2,0.073539,,,,,,
train,12,307028,10524.0,0.072354,,,,,,
train,12,307128,10526.9,0.078318,,,,,,
train,12,307228,10529.7,0.073347,,,,,,
train,12,307328,10532.6,0.075516,,,,,,
train,12,307428,10535.5,0.078239,,,,,,
train,12,307528,10538.3,0.077268,,,,,,
train,12,307628,10541.2,0.072222,,,,,,
train,12,307728,10544.0,0.069366,,,,,,
train,12,307828,10546.9,0.074720,,,,,,
train,12,307928,10549.8,0.064523,,,,,,
train,12,308028,10552.6,0.073168,,,,,,
train,12,308128,10555.5,0.072689,,,,,,
train,12,308228,10558.3,0.071033,,,,,,
train,12,308328,10561.2,0.081292,,,,,,
train,12,308428,10564.0,0.079336,,,,,,
train,12,308528,10566.9,0.073242,,,,,,
train,12,308628,10569.8,0.070505,,,,,,
train,12,308728,10572.6,0.075890,,,,,,
train,12,308828,10575.5,0.080499,,,,,,
train,12,308928,10578.3,0.071445,,,,,,
train,12,309028,10581.2,0.072791,,,,,,
train,12,309128,10584.0,0.069013,,,,,,
train,12,309228,10586.9,0.073852,,,,,,
train,12,309328,10589.8,0.070451,,,,,,
train,12,309428,10592.6,0.071035,,,,,,
train,12,309528,10595.5,0.072335,,,,,,
train,12,309628,10598.3,0.070131,,,,,,
train,12,309728,10601.2,0.072558,,,,,,
train,12,309828,10604.1,0.070424,,,,,,
train,12,309928,10606.9,0.078176,,,,,,
train,12,310028,10609.8,0.073045,,,,,,
train,12,310128,10612.7,0.072327,,,,,,
train,12,310228,10615.5,0.082088,,,,,,
train,12,310328,10618.4,0.073687,,,,,,
train,12,310428,10621.2,0.072777,,,,,,
train,12,310528,10624.1,0.079279,,,,,,
train,12,310628,10627.0,0.076869,,,,,,
train,12,310728,10629.8,0.075859,,,,,,
train,12,310828,10632.7,0.078023,,,,,,
train,12,310928,10635.5,0.071520,,,,,,
train,12,311028,10638.4,0.074338,,,,,,
train,12,311128,10641.3,0.075016,,,,,,
train,12,311228,10644.1,0.076016,,,,,,
train,12,311328,10647.0,0.071411,,,,,,
train,12,311428,10649.8,0.068851,,,,,,
train,12,311528,10652.7,0.077417,,,,,,
train,12,311628,10655.6,0.075406,,,,,,
train,12,311728,10658.4,0.077288,,,,,,
train,12,311828,10661.4,0.077074,,,,,,
train,12,311928,10664.3,0.071199,,,,,,
train,12,312028,10667.2,0.070722,,,,,,
train,12,312128,10670.0,0.070971,,,,,,
train,12,312228,10672.9,0.066981,,,,,,
train,12,312328,10675.7,0.069546,,,,,,
train,12,312428,10678.6,0.075844,,,,,,
train,12,312528,10681.5,0.074165,,,,,,
train,12,312628,10684.3,0.072496,,,,,,
train,12,312728,10687.2,0.071302,,,,,,
train,12,312828,10690.0,0.066633,,,,,,
train,12,312928,10692.9,0.072018,,,,,,
train,12,313028,10695.8,0.073988,,,,,,
train,12,313128,10698.6,0.072690,,,,,,
train,12,313228,10701.5,0.075569,,,,,,
train,12,313328,10704.4,0.072261,,,,,,
train,12,313428,10707.2,0.073903,,,,,,
train,12,313528,10710.1,0.077552,,,,,,
train,12,313628,10712.9,0.071463,,,,,,
train,12,313728,10715.8,0.069756,,,,,,
train,12,313828,10718.7,0.072871,,,,,,
train,12,313928,10721.5,0.072054,,,,,,
train,12,314028,10724.4,0.073325,,,,,,
train,12,314128,10727.2,0.075548,,,,,,
train,12,314228,10730.1,0.070375,,,,,,
train,12,314328,10733.0,0.070279,,,,,,
train,12,314428,10735.8,0.074237,,,,,,
train,12,314528,10738.7,0.074493,,,,,,
train,12,314628,10741.5,0.070894,,,,,,
train,12,314728,10744.4,0.073583,,,,,,
train,12,314828,10747.3,0.069278,,,,,,
train,12,314928,10750.1,0.074867,,,,,,
train,12,315028,10753.0,0.073941,,,,,,
train,12,315128,10755.8,0.078130,,,,,,
train,12,315228,10758.7,0.074881,,,,,,
train,12,315328,10761.6,0.073851,,,,,,
train,12,315428,10764.4,0.072422,,,,,,
train,12,315528,10767.3,0.072086,,,,,,
train,12,315628,10770.1,0.075415,,,,,,
train,12,315728,10773.0,0.072338,,,,,,
train,12,315828,10775.8,0.070991,,,,,,
train,12,315928,10778.7,0.068660,,,,,,
train,12,316028,10781.5,0.075052,,,,,,
train,12,316128,10784.4,0.073459,,,,,,
train,12,316228,10787.3,0.070816,,,,,,
train,12,316328,10790.1,0.073054,,,,,,
train,12,316428,10793.0,0.069381,,,,,,
train,12,316528,10795.8,0.078837,,,,,,
train,12,316628,10798.7,0.075631,,,,,,
train,12,316728,10801.5,0.076579,,,,,,
train,12,316828,10804.4,0.069469,,,,,,
train,12,316928,10807.3,0.075967,,,,,,
train,12,317028,10810.6,0.063411,,,,,,
train,12,317128,10813.4,0.074849,,,,,,
train,12,317228,10816.3,0.073267,,,,,,
train,12,317328,10819.2,0.071825,,,,,,
train,12,317428,10822.0,0.077092,,,,,,
train,12,317528,10824.9,0.076403,,,,,,
train,12,317628,10827.7,0.079771,,,,,,
train,12,317728,10830.6,0.073680,,,,,,
val,12,,10975.4,0.069142,0.004281,0.000038,0.011131,0.050209,35.3388,0.951120
train,13,317872,10979.4,0.068528,,,,,,
train,13,317972,10982.3,0.073709,,,,,,
train,13,318072,10985.1,0.070955,,,,,,
train,13,318172,10988.0,0.068212,,,,,,
train,13,318272,10990.8,0.073570,,,,,,
train,13,318372,10993.7,0.072724,,,,,,
train,13,318472,10996.5,0.071710,,,,,,
train,13,318572,10999.4,0.074148,,,,,,
train,13,318672,11002.2,0.071161,,,,,,
train,13,318772,11005.1,0.074976,,,,,,
train,13,318872,11007.9,0.069532,,,,,,
train,13,318972,11010.8,0.077490,,,,,,
train,13,319072,11013.6,0.075685,,,,,,
train,13,319172,11016.5,0.071903,,,,,,
train,13,319272,11019.4,0.073009,,,,,,
train,13,319372,11022.2,0.075986,,,,,,
train,13,319472,11025.1,0.073038,,,,,,
train,13,319572,11027.9,0.073924,,,,,,
train,13,319672,11030.8,0.074195,,,,,,
train,13,319772,11033.6,0.073923,,,,,,
train,13,319872,11036.5,0.071756,,,,,,
train,13,319972,11039.3,0.068534,,,,,,
train,13,320072,11042.2,0.074738,,,,,,
train,13,320172,11045.0,0.074989,,,,,,
train,13,320272,11047.9,0.073391,,,,,,
train,13,320372,11050.7,0.074985,,,,,,
train,13,320472,11053.6,0.070210,,,,,,
train,13,320572,11056.5,0.072242,,,,,,
train,13,320672,11059.3,0.071949,,,,,,
train,13,320772,11062.2,0.075861,,,,,,
train,13,320872,11065.0,0.067583,,,,,,
train,13,320972,11067.9,0.069915,,,,,,
train,13,321072,11070.7,0.065963,,,,,,
train,13,321172,11073.6,0.071296,,,,,,
train,13,321272,11076.4,0.074443,,,,,,
train,13,321372,11079.3,0.075587,,,,,,
train,13,321472,11082.1,0.070001,,,,,,
train,13,321572,11085.0,0.077090,,,,,,
train,13,321672,11087.8,0.072840,,,,,,
train,13,321772,11090.7,0.069376,,,,,,
train,13,321872,11093.5,0.077621,,,,,,
train,13,321972,11096.4,0.075397,,,,,,
train,13,322072,11099.3,0.068625,,,,,,
train,13,322172,11102.1,0.069799,,,,,,
train,13,322272,11105.0,0.067358,,,,,,
train,13,322372,11107.8,0.071091,,,,,,
train,13,322472,11110.7,0.076745,,,,,,
train,13,322572,11113.5,0.071235,,,,,,
train,13,322672,11116.4,0.075704,,,,,,
train,13,322772,11119.2,0.077017,,,,,,
train,13,322872,11122.1,0.076765,,,,,,
train,13,322972,11124.9,0.071227,,,,,,
train,13,323072,11127.8,0.071899,,,,,,
train,13,323172,11130.6,0.066149,,,,,,
train,13,323272,11133.5,0.064150,,,,,,
train,13,323372,11136.4,0.074892,,,,,,
train,13,323472,11139.2,0.070496,,,,,,
train,13,323572,11142.1,0.071313,,,,,,
train,13,323672,11144.9,0.074197,,,,,,
train,13,323772,11147.8,0.073373,,,,,,
train,13,323872,11150.6,0.070401,,,,,,
train,13,323972,11153.5,0.070970,,,,,,
train,13,324072,11156.3,0.068334,,,,,,
train,13,324172,11159.2,0.070332,,,,,,
train,13,324272,11162.0,0.078106,,,,,,
train,13,324372,11164.9,0.073890,,,,,,
train,13,324472,11167.7,0.073779,,,,,,
train,13,324572,11170.6,0.071295,,,,,,
train,13,324672,11173.4,0.074490,,,,,,
train,13,324772,11176.3,0.071685,,,,,,
train,13,324872,11179.1,0.071708,,,,,,
train,13,324972,11182.0,0.072164,,,,,,
train,13,325072,11184.8,0.071529,,,,,,
train,13,325172,11187.7,0.071101,,,,,,
train,13,325272,11190.5,0.075412,,,,,,
train,13,325372,11193.4,0.076507,,,,,,
train,13,325472,11196.2,0.068417,,,,,,
train,13,325572,11199.1,0.074300,,,,,,
train,13,325672,11201.9,0.071917,,,,,,
train,13,325772,11204.8,0.068691,,,,,,
train,13,325872,11207.6,0.071734,,,,,,
train,13,325972,11210.5,0.068194,,,,,,
train,13,326072,11213.3,0.070755,,,,,,
train,13,326172,11216.2,0.071581,,,,,,
train,13,326272,11219.0,0.074429,,,,,,
train,13,326372,11221.9,0.069689,,,,,,
train,13,326472,11224.7,0.075538,,,,,,
train,13,326572,11227.6,0.068920,,,,,,
train,13,326672,11230.4,0.069311,,,,,,
train,13,326772,11233.3,0.072942,,,,,,
train,13,326872,11236.1,0.070339,,,,,,
train,13,326972,11239.0,0.075064,,,,,,
train,13,327072,11241.8,0.075207,,,,,,
train,13,327172,11244.7,0.072323,,,,,,
train,13,327272,11248.3,0.071695,,,,,,
train,13,327372,11251.1,0.074356,,,,,,
train,13,327472,11254.0,0.067396,,,,,,
train,13,327572,11256.8,0.072889,,,,,,
train,13,327672,11259.7,0.079832,,,,,,
train,13,327772,11262.5,0.070289,,,,,,
train,13,327872,11265.4,0.071245,,,,,,
train,13,327972,11268.3,0.071975,,,,,,
train,13,328072,11271.1,0.073497,,,,,,
train,13,328172,11274.0,0.073500,,,,,,
train,13,328272,11276.8,0.064264,,,,,,
train,13,328372,11279.7,0.069724,,,,,,
train,13,328472,11282.5,0.075446,,,,,,
train,13,328572,11285.4,0.071323,,,,,,
train,13,328672,11288.2,0.077506,,,,,,
train,13,328772,11291.1,0.066776,,,,,,
train,13,328872,11293.9,0.071628,,,,,,
train,13,328972,11296.8,0.075080,,,,,,
train,13,329072,11299.8,0.069892,,,,,,
train,13,329172,11302.7,0.078858,,,,,,
train,13,329272,11305.5,0.070976,,,,,,
train,13,329372,11308.4,0.070199,,,,,,
train,13,329472,11311.4,0.072853,,,,,,
train,13,329572,11314.2,nan,,,,,,
train,13,329672,11317.1,0.072085,,,,,,
train,13,329772,11319.9,0.069958,,,,,,
train,13,329872,11322.8,0.070796,,,,,,
train,13,329972,11325.6,0.077037,,,,,,
train,13,330072,11328.5,0.071286,,,,,,
train,13,330172,11331.3,0.076048,,,,,,
train,13,330272,11334.2,0.069737,,,,,,
train,13,330372,11337.0,0.071944,,,,,,
train,13,330472,11339.9,0.076135,,,,,,
train,13,330572,11342.7,0.072162,,,,,,
train,13,330672,11345.6,0.068866,,,,,,
train,13,330772,11348.4,0.068417,,,,,,
train,13,330872,11351.3,0.073950,,,,,,
train,13,330972,11354.1,0.071983,,,,,,
train,13,331072,11357.0,0.069858,,,,,,
train,13,331172,11359.8,0.068698,,,,,,
train,13,331272,11362.7,0.075094,,,,,,
train,13,331372,11365.5,0.070817,,,,,,
train,13,331472,11368.4,0.076928,,,,,,
train,13,331572,11371.2,0.072522,,,,,,
train,13,331672,11374.1,0.076243,,,,,,
train,13,331772,11376.9,0.075438,,,,,,
train,13,331872,11379.8,0.075451,,,,,,
train,13,331972,11382.6,0.069594,,,,,,
train,13,332072,11385.5,0.071769,,,,,,
train,13,332172,11388.3,0.074264,,,,,,
train,13,332272,11391.2,0.077861,,,,,,
train,13,332372,11394.0,0.070199,,,,,,
train,13,332472,11396.9,0.072350,,,,,,
train,13,332572,11399.8,0.070326,,,,,,
train,13,332672,11402.6,0.074266,,,,,,
train,13,332772,11405.5,0.072627,,,,,,
train,13,332872,11408.3,0.075407,,,,,,
train,13,332972,11411.2,0.068372,,,,,,
train,13,333072,11414.0,0.074852,,,,,,
train,13,333172,11416.9,0.075775,,,,,,
train,13,333272,11419.7,0.073123,,,,,,
train,13,333372,11422.6,0.076892,,,,,,
train,13,333472,11425.4,0.069231,,,,,,
train,13,333572,11428.3,0.071147,,,,,,
train,13,333672,11431.1,0.075422,,,,,,
train,13,333772,11434.0,0.074303,,,,,,
train,13,333872,11436.8,0.075636,,,,,,
train,13,333972,11439.7,0.072125,,,,,,
train,13,334072,11442.6,0.075532,,,,,,
train,13,334172,11445.4,0.074657,,,,,,
train,13,334272,11448.3,0.069590,,,,,,
train,13,334372,11451.1,0.068588,,,,,,
train,13,334472,11454.0,0.073046,,,,,,
train,13,334572,11456.8,0.067011,,,,,,
train,13,334672,11459.7,0.073537,,,,,,
train,13,334772,11462.5,0.073544,,,,,,
train,13,334872,11465.4,0.071385,,,,,,
train,13,334972,11468.2,0.072571,,,,,,
train,13,335072,11471.1,0.069536,,,,,,
train,13,335172,11474.0,0.075389,,,,,,
train,13,335272,11476.8,0.071112,,,,,,
train,13,335372,11479.7,0.071695,,,,,,
train,13,335472,11482.5,0.076487,,,,,,
train,13,335572,11485.4,0.072360,,,,,,
train,13,335672,11488.2,0.067817,,,,,,
train,13,335772,11491.1,0.073986,,,,,,
train,13,335872,11493.9,0.067413,,,,,,
train,13,335972,11496.8,0.074338,,,,,,
train,13,336072,11499.8,0.072612,,,,,,
train,13,336172,11502.6,0.075740,,,,,,
train,13,336272,11505.5,0.068576,,,,,,
train,13,336372,11508.3,0.072042,,,,,,
train,13,336472,11511.2,0.068960,,,,,,
train,13,336572,11514.1,0.073266,,,,,,
train,13,336672,11516.9,0.072104,,,,,,
train,13,336772,11519.8,0.070674,,,,,,
train,13,336872,11522.6,0.064176,,,,,,
train,13,336972,11525.5,0.074799,,,,,,
train,13,337072,11528.3,0.075428,,,,,,
train,13,337172,11531.2,0.071155,,,,,,
train,13,337272,11534.0,0.072258,,,,,,
train,13,337372,11536.9,0.070134,,,,,,
train,13,337472,11539.7,0.069138,,,,,,
train,13,337572,11542.6,0.070239,,,,,,
train,13,337672,11545.4,0.076165,,,,,,
train,13,337772,11548.3,0.070276,,,,,,
train,13,337872,11551.1,0.074405,,,,,,
train,13,337972,11554.0,0.070704,,,,,,
train,13,338072,11556.8,0.074854,,,,,,
train,13,338172,11559.7,0.074237,,,,,,
train,13,338272,11562.5,0.073261,,,,,,
train,13,338372,11565.4,0.071384,,,,,,
train,13,338472,11568.2,0.072916,,,,,,
train,13,338572,11571.1,0.070483,,,,,,
train,13,338672,11573.9,0.076233,,,,,,
train,13,338772,11576.8,0.079395,,,,,,
train,13,338872,11579.6,0.074760,,,,,,
train,13,338972,11582.5,0.065328,,,,,,
train,13,339072,11585.4,0.072886,,,,,,
train,13,339172,11588.2,0.076019,,,,,,
train,13,339272,11591.1,0.070521,,,,,,
train,13,339372,11593.9,0.069722,,,,,,
train,13,339472,11596.8,0.071359,,,,,,
train,13,339572,11599.6,0.070814,,,,,,
train,13,339672,11602.5,0.071139,,,,,,
train,13,339772,11605.3,0.076018,,,,,,
train,13,339872,11608.2,0.067110,,,,,,
train,13,339972,11611.0,0.073613,,,,,,
train,13,340072,11613.9,0.076293,,,,,,
train,13,340172,11616.7,0.071835,,,,,,
train,13,340272,11619.6,0.074085,,,,,,
train,13,340372,11622.4,0.073197,,,,,,
train,13,340472,11625.3,0.065833,,,,,,
train,13,340572,11628.2,0.070737,,,,,,
train,13,340672,11631.0,0.076001,,,,,,
train,13,340772,11633.9,0.076497,,,,,,
train,13,340872,11636.7,0.074019,,,,,,
train,13,340972,11639.6,0.068748,,,,,,
train,13,341072,11642.4,0.075439,,,,,,
train,13,341172,11645.3,0.073401,,,,,,
train,13,341272,11648.1,0.069725,,,,,,
train,13,341372,11651.0,0.072287,,,,,,
train,13,341472,11653.8,0.074293,,,,,,
train,13,341572,11656.7,0.075530,,,,,,
train,13,341672,11659.6,0.078019,,,,,,
train,13,341772,11662.4,0.072379,,,,,,
train,13,341872,11665.3,0.075081,,,,,,
train,13,341972,11668.1,0.068015,,,,,,
train,13,342072,11671.0,0.075771,,,,,,
train,13,342172,11673.8,0.070442,,,,,,
val,13,,11818.4,0.069122,0.004261,0.000037,0.011095,0.050121,35.3942,0.951302
train,14,342316,11822.5,0.072335,,,,,,
train,14,342416,11825.3,0.070775,,,,,,
train,14,342516,11828.2,0.068927,,,,,,
train,14,342616,11831.1,0.068630,,,,,,
train,14,342716,11833.9,0.071064,,,,,,
train,14,342816,11836.8,0.070667,,,,,,
train,14,342916,11839.7,0.075447,,,,,,
train,14,343016,11842.5,0.073610,,,,,,
train,14,343116,11845.4,0.078551,,,,,,
train,14,343216,11848.3,0.066796,,,,,,
train,14,343316,11851.1,0.075198,,,,,,
train,14,343416,11854.0,0.072029,,,,,,
train,14,343516,11856.8,0.069979,,,,,,
train,14,343616,11859.7,0.070372,,,,,,
train,14,343716,11862.6,0.073960,,,,,,
train,14,343816,11865.5,0.066981,,,,,,
train,14,343916,11868.3,0.074234,,,,,,
train,14,344016,11871.2,0.068324,,,,,,
train,14,344116,11874.1,0.070655,,,,,,
train,14,344216,11876.9,0.071964,,,,,,
train,14,344316,11879.8,0.075676,,,,,,
train,14,344416,11882.6,0.069139,,,,,,
train,14,344516,11885.5,0.075683,,,,,,
train,14,344616,11888.4,0.076585,,,,,,
train,14,344716,11891.2,0.066727,,,,,,
train,14,344816,11894.1,0.070969,,,,,,
train,14,344916,11897.0,0.069774,,,,,,
train,14,345016,11899.8,0.068960,,,,,,
train,14,345116,11902.7,0.068867,,,,,,
train,14,345216,11905.5,0.073309,,,,,,
train,14,345316,11908.4,0.071607,,,,,,
train,14,345416,11911.3,0.069917,,,,,,
train,14,345516,11914.1,0.071319,,,,,,
train,14,345616,11917.2,0.075130,,,,,,
train,14,345716,11920.4,0.066515,,,,,,
train,14,345816,11923.3,0.076118,,,,,,
train,14,345916,11926.1,0.070118,,,,,,
train,14,346016,11929.0,0.072751,,,,,,
train,14,346116,11931.9,0.069952,,,,,,
train,14,346216,11934.7,0.066327,,,,,,
train,14,346316,11937.6,0.075634,,,,,,
train,14,346416,11940.4,0.065561,,,,,,
train,14,346516,11943.3,0.073801,,,,,,
train,14,346616,11946.2,0.074535,,,,,,
train,14,346716,11949.0,0.070822,,,,,,
train,14,346816,11951.9,0.068015,,,,,,
train,14,346916,11954.7,0.070595,,,,,,
train,14,347016,11957.6,0.072190,,,,,,
train,14,347116,11960.5,0.072967,,,,,,
train,14,347216,11963.3,0.072861,,,,,,
train,14,347316,11966.2,nan,,,,,,
train,14,347416,11969.0,0.065374,,,,,,
train,14,347516,11971.9,0.071351,,,,,,
train,14,347616,11974.8,0.068068,,,,,,
train,14,347716,11977.6,0.068241,,,,,,
train,14,347816,11980.5,0.074269,,,,,,
train,14,347916,11983.4,0.070910,,,,,,
train,14,348016,11986.2,0.079108,,,,,,
train,14,348116,11989.1,0.071019,,,,,,
train,14,348216,11992.0,0.071725,,,,,,
train,14,348316,11994.8,0.071338,,,,,,
train,14,348416,11997.7,0.072244,,,,,,
train,14,348516,12000.5,0.070769,,,,,,
train,14,348616,12003.4,0.071245,,,,,,
train,14,348716,12006.3,0.071367,,,,,,
train,14,348816,12009.1,0.073709,,,,,,
train,14,348916,12012.0,0.078842,,,,,,
train,14,349016,12014.9,0.073477,,,,,,
train,14,349116,12017.7,0.068672,,,,,,
train,14,349216,12020.6,0.070580,,,,,,
train,14,349316,12023.5,0.070837,,,,,,
train,14,349416,12026.3,0.066578,,,,,,
train,14,349516,12029.2,0.071122,,,,,,
train,14,349616,12032.1,0.079022,,,,,,
train,14,349716,12034.9,0.072008,,,,,,
train,14,349816,12037.8,0.072471,,,,,,
train,14,349916,12040.6,0.071867,,,,,,
train,14,350016,12043.5,0.070290,,,,,,
train,14,350116,12046.4,0.074992,,,,,,
train,14,350216,12049.2,0.071174,,,,,,
train,14,350316,12052.1,0.073554,,,,,,
train,14,350416,12055.0,0.066792,,,,,,
train,14,350516,12057.8,0.074617,,,,,,
train,14,350616,12060.7,0.071718,,,,,,
train,14,350716,12063.6,0.071440,,,,,,
train,14,350816,12066.5,0.067638,,,,,,
train,14,350916,12069.4,0.070677,,,,,,
train,14,351016,12072.2,0.071196,,,,,,
train,14,351116,12075.1,0.073153,,,,,,
train,14,351216,12078.0,0.067189,,,,,,
train,14,351316,12080.8,0.074202,,,,,,
train,14,351416,12083.7,0.071268,,,,,,
train,14,351516,12086.5,0.075066,,,,,,
train,14,351616,12089.4,0.076915,,,,,,
train,14,351716,12092.3,0.073354,,,,,,
train,14,351816,12095.1,0.075926,,,,,,
train,14,351916,12098.0,0.072919,,,,,,
train,14,352016,12100.9,0.074436,,,,,,
train,14,352116,12103.7,0.073214,,,,,,
train,14,352216,12106.6,0.072207,,,,,,
train,14,352316,12109.5,0.076157,,,,,,
train,14,352416,12112.3,0.072288,,,,,,
train,14,352516,12115.2,0.074150,,,,,,
train,14,352616,12118.0,0.071439,,,,,,
train,14,352716,12120.9,0.073597,,,,,,
train,14,352816,12123.9,0.075487,,,,,,
train,14,352916,12126.8,0.070612,,,,,,
train,14,353016,12129.6,0.073922,,,,,,
train,14,353116,12132.5,0.067827,,,,,,
train,14,353216,12135.4,0.072672,,,,,,
train,14,353316,12138.2,0.070650,,,,,,
train,14,353416,12141.1,0.073031,,,,,,
train,14,353516,12144.0,0.068241,,,,,,
train,14,353616,12146.8,0.074385,,,,,,
train,14,353716,12149.7,0.074017,,,,,,
train,14,353816,12152.6,0.072436,,,,,,
train,14,353916,12155.4,0.068667,,,,,,
train,14,354016,12158.3,0.074680,,,,,,
train,14,354116,12161.1,0.076510,,,,,,
train,14,354216,12164.0,0.073849,,,,,,
train,14,354316,12166.9,0.069871,,,,,,
train,14,354416,12169.7,0.070864,,,,,,
train,14,354516,12172.6,0.076668,,,,,,
train,14,354616,12175.5,0.071472,,,,,,
train,14,354716,12178.3,0.072826,,,,,,
train,14,354816,12181.2,0.072262,,,,,,
train,14,354916,12184.0,0.070672,,,,,,
train,14,355016,12186.9,0.068998,,,,,,
train,14,355116,12189.8,0.071618,,,,,,
train,14,355216,12192.6,0.074332,,,,,,
train,14,355316,12195.5,0.071413,,,,,,
train,14,355416,12198.4,0.072612,,,,,,
train,14,355516,12201.2,0.069747,,,,,,
train,14,355616,12204.1,0.076550,,,,,,
train,14,355716,12206.9,0.069144,,,,,,
train,14,355816,12209.8,0.073805,,,,,,
train,14,355916,12212.7,0.074249,,,,,,
train,14,356016,12215.5,0.073122,,,,,,
train,14,356116,12218.4,0.077723,,,,,,
train,14,356216,12221.3,0.078710,,,,,,
train,14,356316,12224.1,0.070310,,,,,,
train,14,356416,12227.0,0.072791,,,,,,
train,14,356516,12229.9,0.071390,,,,,,
train,14,356616,12232.7,0.069867,,,,,,
train,14,356716,12235.6,0.077410,,,,,,
train,14,356816,12238.4,0.066150,,,,,,
train,14,356916,12241.3,0.073415,,,,,,
train,14,357016,12244.2,0.073286,,,,,,
train,14,357116,12247.0,0.070556,,,,,,
train,14,357216,12249.9,0.067546,,,,,,
train,14,357316,12252.8,0.073643,,,,,,
train,14,357416,12255.6,0.068390,,,,,,
train,14,357516,12258.5,0.071451,,,,,,
train,14,357616,12261.3,0.073658,,,,,,
train,14,357716,12264.2,0.071130,,,,,,
train,14,357816,12267.1,0.073816,,,,,,
train,14,357916,12269.9,0.073470,,,,,,
train,14,358016,12272.8,0.072031,,,,,,
train,14,358116,12275.7,0.067481,,,,,,
train,14,358216,12278.5,0.074316,,,,,,
train,14,358316,12281.4,0.066335,,,,,,
train,14,358416,12284.4,0.070339,,,,,,
train,14,358516,12287.3,0.074209,,,,,,
train,14,358616,12290.1,0.072106,,,,,,
train,14,358716,12293.0,0.069844,,,,,,
train,14,358816,12295.9,0.071818,,,,,,
train,14,358916,12298.7,0.072726,,,,,,
train,14,359016,12301.6,0.074736,,,,,,
train,14,359116,12304.5,0.065133,,,,,,
train,14,359216,12307.3,0.073467,,,,,,
train,14,359316,12310.2,0.074169,,,,,,
train,14,359416,12313.1,0.067063,,,,,,
train,14,359516,12315.9,0.075087,,,,,,
train,14,359616,12318.8,0.068100,,,,,,
train,14,359716,12321.6,0.069177,,,,,,
train,14,359816,12324.5,0.070089,,,,,,
train,14,359916,12327.4,0.069809,,,,,,
train,14,360016,12330.2,0.069363,,,,,,
train,14,360116,12333.1,0.074878,,,,,,
train,14,360216,12336.0,0.069135,,,,,,
train,14,360316,12338.8,0.070717,,,,,,
train,14,360416,12341.7,0.071337,,,,,,
train,14,360516,12344.5,0.068216,,,,,,
train,14,360616,12347.4,0.070686,,,,,,
train,14,360716,12350.3,0.070200,,,,,,
train,14,360816,12353.1,0.069892,,,,,,
train,14,360916,12356.0,0.072141,,,,,,
train,14,361016,12358.8,0.066313,,,,,,
train,14,361116,12361.7,0.076574,,,,,,
train,14,361216,12364.6,0.073077,,,,,,
train,14,361316,12367.4,0.068349,,,,,,
train,14,361416,12370.3,0.072727,,,,,,
train,14,361516,12373.2,0.067660,,,,,,
train,14,361616,12376.0,0.070959,,,,,,
train,14,361716,12378.9,0.072612,,,,,,
train,14,361816,12381.8,0.069961,,,,,,
train,14,361916,12384.6,0.064653,,,,,,
train,14,362016,12387.5,0.070616,,,,,,
train,14,362116,12390.3,0.071776,,,,,,
train,14,362216,12393.2,0.076609,,,,,,
train,14,362316,12396.1,0.073975,,,,,,
train,14,362416,12398.9,0.070645,,,,,,
train,14,362516,12401.8,0.070826,,,,,,
train,14,362616,12404.7,0.072207,,,,,,
train,14,362716,12407.5,0.070462,,,,,,
train,14,362816,12410.4,0.071629,,,,,,
train,14,362916,12413.3,0.069948,,,,,,
train,14,363016,12416.1,0.073794,,,,,,
train,14,363116,12419.0,0.075396,,,,,,
train,14,363216,12422.0,0.070545,,,,,,
train,14,363316,12424.8,0.077540,,,,,,
train,14,363416,12427.7,0.068780,,,,,,
train,14,363516,12430.6,0.074239,,,,,,
train,14,363616,12433.4,0.072834,,,,,,
train,14,363716,12436.3,0.068716,,,,,,
train,14,363816,12439.2,0.069915,,,,,,
train,14,363916,12442.0,0.082056,,,,,,
train,14,364016,12444.9,0.070115,,,,,,
train,14,364116,12447.8,0.071322,,,,,,
train,14,364216,12450.6,0.072078,,,,,,
train,14,364316,12453.5,0.068404,,,,,,
train,14,364416,12456.4,0.072391,,,,,,
train,14,364516,12459.2,0.077746,,,,,,
train,14,364616,12462.1,0.068553,,,,,,
train,14,364716,12465.1,0.069282,,,,,,
train,14,364816,12468.0,0.075818,,,,,,
train,14,364916,12470.8,0.069878,,,,,,
train,14,365016,12473.7,0.076312,,,,,,
train,14,365116,12476.6,0.069535,,,,,,
train,14,365216,12479.4,0.065829,,,,,,
train,14,365316,12482.3,0.075429,,,,,,
train,14,365416,12485.2,0.070279,,,,,,
train,14,365516,12488.0,0.070595,,,,,,
train,14,365616,12490.9,0.075686,,,,,,
train,14,365716,12493.7,0.074746,,,,,,
train,14,365816,12496.6,0.071847,,,,,,
train,14,365916,12499.5,0.068960,,,,,,
train,14,366016,12502.3,0.070596,,,,,,
train,14,366116,12505.2,0.072948,,,,,,
train,14,366216,12508.0,0.070801,,,,,,
train,14,366316,12510.9,0.068524,,,,,,
train,14,366416,12513.9,0.068511,,,,,,
train,14,366516,12516.8,0.075877,,,,,,
train,14,366616,12519.7,0.069131,,,,,,
val,14,,12664.3,0.068698,0.004244,0.000037,0.011060,0.049972,35.4059,0.951491
train,15,366760,12668.3,0.070176,,,,,,
train,15,366860,12671.2,0.070773,,,,,,
train,15,366960,12674.0,0.073833,,,,,,
train,15,367060,12676.9,0.074894,,,,,,
train,15,367160,12679.8,0.070320,,,,,,
train,15,367260,12682.6,0.070241,,,,,,
train,15,367360,12685.5,0.072817,,,,,,
train,15,367460,12688.3,0.070803,,,,,,
train,15,367560,12691.2,0.072362,,,,,,
train,15,367660,12694.0,0.075486,,,,,,
train,15,367760,12696.9,0.069891,,,,,,
train,15,367860,12699.8,0.069361,,,,,,
train,15,367960,12702.6,0.069434,,,,,,
train,15,368060,12705.5,0.072177,,,,,,
train,15,368160,12708.3,0.076089,,,,,,
train,15,368260,12711.2,0.069965,,,,,,
train,15,368360,12714.0,0.071876,,,,,,
train,15,368460,12716.9,0.074500,,,,,,
train,15,368560,12719.8,0.069445,,,,,,
train,15,368660,12722.6,0.069192,,,,,,
train,15,368760,12725.5,0.074562,,,,,,
train,15,368860,12728.3,0.072849,,,,,,
train,15,368960,12731.2,0.068562,,,,,,
train,15,369060,12734.1,0.072314,,,,,,
train,15,369160,12736.9,0.069363,,,,,,
train,15,369260,12739.8,0.072755,,,,,,
train,15,369360,12742.6,0.068384,,,,,,
train,15,369460,12745.5,0.073901,,,,,,
train,15,369560,12748.4,0.071007,,,,,,
train,15,369660,12751.2,0.062914,,,,,,
train,15,369760,12754.1,0.072270,,,,,,
train,15,369860,12756.9,0.064273,,,,,,
train,15,369960,12759.8,0.074059,,,,,,
train,15,370060,12762.7,0.069506,,,,,,
train,15,370160,12765.5,0.073471,,,,,,
train,15,370260,12768.4,0.072506,,,,,,
train,15,370360,12771.2,0.073418,,,,,,
train,15,370460,12774.1,0.069744,,,,,,
train,15,370560,12777.0,0.070628,,,,,,
train,15,370660,12779.8,0.072479,,,,,,
train,15,370760,12782.7,0.074069,,,,,,
train,15,370860,12785.5,0.077056,,,,,,
train,15,370960,12788.4,0.067213,,,,,,
train,15,371060,12791.3,0.071947,,,,,,
train,15,371160,12794.1,0.069815,,,,,,
train,15,371260,12797.0,0.069147,,,,,,
train,15,371360,12799.8,0.069462,,,,,,
train,15,371460,12802.7,0.073932,,,,,,
train,15,371560,12805.5,0.072775,,,,,,
train,15,371660,12808.4,0.065660,,,,,,
train,15,371760,12811.3,0.073167,,,,,,
train,15,371860,12814.1,0.067204,,,,,,
train,15,371960,12817.0,0.071470,,,,,,
train,15,372060,12819.8,0.076870,,,,,,
train,15,372160,12822.7,0.072399,,,,,,
train,15,372260,12825.5,0.069880,,,,,,
train,15,372360,12828.4,0.074789,,,,,,
train,15,372460,12831.2,0.079011,,,,,,
train,15,372560,12834.1,0.075550,,,,,,
train,15,372660,12836.9,0.068315,,,,,,
train,15,372760,12839.8,0.070072,,,,,,
train,15,372860,12842.6,0.074825,,,,,,
train,15,372960,12845.5,0.069548,,,,,,
train,15,373060,12848.3,0.072492,,,,,,
train,15,373160,12851.2,0.075947,,,,,,
train,15,373260,12854.1,0.071186,,,,,,
train,15,373360,12856.9,0.066158,,,,,,
train,15,373460,12859.8,0.072400,,,,,,
train,15,373560,12862.6,0.068213,,,,,,
train,15,373660,12865.5,0.068444,,,,,,
train,15,373760,12868.3,0.076230,,,,,,
train,15,373860,12871.2,0.069849,,,,,,
train,15,373960,12874.0,0.076208,,,,,,
train,15,374060,12876.9,0.071064,,,,,,
train,15,374160,12879.8,0.066320,,,,,,
train,15,374260,12882.6,0.068048,,,,,,
train,15,374360,12885.5,0.072729,,,,,,
train,15,374460,12888.3,0.070280,,,,,,
train,15,374560,12891.2,0.069622,,,,,,
train,15,374660,12894.0,0.075044,,,,,,
train,15,374760,12896.9,0.068843,,,,,,
train,15,374860,12899.7,0.071601,,,,,,
train,15,374960,12902.6,0.071929,,,,,,
train,15,375060,12905.4,0.069756,,,,,,
train,15,375160,12908.3,0.071571,,,,,,
train,15,375260,12911.2,0.067067,,,,,,
train,15,375360,12914.0,0.074809,,,,,,
train,15,375460,12916.9,0.068140,,,,,,
train,15,375560,12919.7,0.072874,,,,,,
train,15,375660,12922.6,0.069675,,,,,,
train,15,375760,12925.4,0.071520,,,,,,
train,15,375860,12928.3,0.069481,,,,,,
train,15,375960,12931.2,0.068417,,,,,,
train,15,376060,12934.0,0.069532,,,,,,
train,15,376160,12936.9,0.068287,,,,,,
train,15,376260,12939.7,0.067185,,,,,,
train,15,376360,12942.6,0.076226,,,,,,
train,15,376460,12945.5,0.074432,,,,,,
train,15,376560,12948.3,0.073052,,,,,,
train,15,376660,12951.2,0.077420,,,,,,
train,15,376760,12954.0,0.074456,,,,,,
train,15,376860,12956.9,0.075368,,,,,,
train,15,376960,12959.7,0.072578,,,,,,
train,15,377060,12962.6,0.078041,,,,,,
train,15,377160,12965.5,0.068599,,,,,,
train,15,377260,12968.3,0.072243,,,,,,
train,15,377360,12971.2,0.069104,,,,,,
train,15,377460,12974.0,0.074030,,,,,,
train,15,377560,12976.9,0.075123,,,,,,
train,15,377660,12979.7,0.066173,,,,,,
train,15,377760,12982.6,0.071123,,,,,,
train,15,377860,12985.5,0.071080,,,,,,
train,15,377960,12988.5,0.068217,,,,,,
train,15,378060,12991.3,0.072966,,,,,,
train,15,378160,12994.2,0.073964,,,,,,
train,15,378260,12997.1,0.071018,,,,,,
train,15,378360,12999.9,0.072305,,,,,,
train,15,378460,13002.8,0.071396,,,,,,
train,15,378560,13005.6,0.072669,,,,,,
train,15,378660,13008.5,0.072456,,,,,,
train,15,378760,13011.3,0.070940,,,,,,
train,15,378860,13014.5,0.066928,,,,,,
train,15,378960,13017.3,0.070475,,,,,,
train,15,379060,13020.2,0.068168,,,,,,
train,15,379160,13023.0,0.068910,,,,,,
train,15,379260,13025.9,0.067140,,,,,,
train,15,379360,13028.8,0.071906,,,,,,
train,15,379460,13031.6,0.070277,,,,,,
train,15,379560,13034.5,0.071859,,,,,,
train,15,379660,13037.3,0.073571,,,,,,
train,15,379760,13040.2,0.071445,,,,,,
train,15,379860,13043.0,0.071900,,,,,,
train,15,379960,13045.9,0.068580,,,,,,
train,15,380060,13048.8,0.071232,,,,,,
train,15,380160,13051.6,0.068158,,,,,,
train,15,380260,13054.5,0.070763,,,,,,
train,15,380360,13057.3,0.072272,,,,,,
train,15,380460,13060.2,0.074779,,,,,,
train,15,380560,13063.0,0.065285,,,,,,
train,15,380660,13065.9,0.071659,,,,,,
train,15,380760,13068.7,0.065583,,,,,,
train,15,380860,13071.6,0.071868,,,,,,
train,15,380960,13074.4,0.073475,,,,,,
train,15,381060,13077.3,0.079027,,,,,,
train,15,381160,13080.2,0.070275,,,,,,
train,15,381260,13083.0,0.068047,,,,,,
train,15,381360,13085.9,0.068760,,,,,,
train,15,381460,13088.7,0.073588,,,,,,
train,15,381560,13091.6,0.067981,,,,,,
train,15,381660,13094.4,0.067743,,,,,,
train,15,381760,13097.3,0.074630,,,,,,
train,15,381860,13100.2,0.073853,,,,,,
train,15,381960,13103.0,0.069080,,,,,,
train,15,382060,13105.9,0.063707,,,,,,
train,15,382160,13108.7,0.078588,,,,,,
train,15,382260,13111.6,0.070330,,,,,,
train,15,382360,13114.5,0.067872,,,,,,
train,15,382460,13117.3,0.074037,,,,,,
train,15,382560,13120.2,0.070119,,,,,,
train,15,382660,13123.0,0.071570,,,,,,
train,15,382760,13125.9,0.074894,,,,,,
train,15,382860,13128.8,0.073714,,,,,,
train,15,382960,13131.6,0.071165,,,,,,
train,15,383060,13134.5,0.069268,,,,,,
train,15,383160,13137.3,0.068420,,,,,,
train,15,383260,13140.2,0.069536,,,,,,
train,15,383360,13143.0,0.070237,,,,,,
train,15,383460,13145.9,0.071277,,,,,,
train,15,383560,13148.7,0.070401,,,,,,
train,15,383660,13151.6,0.070382,,,,,,
train,15,383760,13154.5,0.069647,,,,,,
train,15,383860,13157.3,0.075429,,,,,,
train,15,383960,13160.2,nan,,,,,,
train,15,384060,13163.0,0.070590,,,,,,
train,15,384160,13165.9,0.068422,,,,,,
train,15,384260,13168.8,0.071928,,,,,,
train,15,384360,13171.6,0.070166,,,,,,
train,15,384460,13174.5,0.069572,,,,,,
train,15,384560,13177.4,0.070124,,,,,,
train,15,384660,13180.2,0.069340,,,,,,
train,15,384760,13183.2,0.069961,,,,,,
train,15,384860,13186.1,0.070529,,,,,,
train,15,384960,13188.9,0.069843,,,,,,
train,15,385060,13191.8,0.071875,,,,,,
train,15,385160,13194.6,0.071178,,,,,,
train,15,385260,13197.5,0.071870,,,,,,
train,15,385360,13200.3,0.069865,,,,,,
train,15,385460,13203.2,0.071071,,,,,,
train,15,385560,13206.0,0.073625,,,,,,
train,15,385660,13208.9,0.078115,,,,,,
train,15,385760,13211.7,0.075097,,,,,,
train,15,385860,13214.6,0.072583,,,,,,
train,15,385960,13217.5,0.074753,,,,,,
train,15,386060,13220.3,0.069603,,,,,,
train,15,386160,13223.2,0.069252,,,,,,
train,15,386260,13226.1,0.071151,,,,,,
train,15,386360,13229.0,0.067963,,,,,,
train,15,386460,13231.8,0.068609,,,,,,
train,15,386560,13234.7,0.074278,,,,,,
train,15,386660,13237.5,0.072728,,,,,,
train,15,386760,13240.4,0.073807,,,,,,
train,15,386860,13243.2,0.075715,,,,,,
train,15,386960,13246.1,0.071096,,,,,,
train,15,387060,13248.9,0.071463,,,,,,
train,15,387160,13251.8,0.067572,,,,,,
train,15,387260,13254.6,0.071873,,,,,,
train,15,387360,13257.5,0.077926,,,,,,
train,15,387460,13260.4,0.067980,,,,,,
train,15,387560,13263.2,0.073362,,,,,,
train,15,387660,13266.1,0.069380,,,,,,
train,15,387760,13268.9,0.070130,,,,,,
train,15,387860,13271.8,0.069710,,,,,,
train,15,387960,13274.6,0.070984,,,,,,
train,15,388060,13277.5,0.068219,,,,,,
train,15,388160,13280.4,0.065059,,,,,,
train,15,388260,13283.2,0.066304,,,,,,
train,15,388360,13286.1,0.073751,,,,,,
train,15,388460,13289.0,0.072576,,,,,,
train,15,388560,13291.8,0.074601,,,,,,
train,15,388660,13294.7,0.068459,,,,,,
train,15,388760,13297.5,0.070540,,,,,,
train,15,388860,13300.4,0.068332,,,,,,
train,15,388960,13303.2,0.066203,,,,,,
train,15,389060,13306.1,0.074124,,,,,,
train,15,389160,13309.0,0.072678,,,,,,
train,15,389260,13311.8,0.073441,,,,,,
train,15,389360,13314.7,0.070308,,,,,,
train,15,389460,13317.5,0.066870,,,,,,
train,15,389560,13320.4,0.068287,,,,,,
train,15,389660,13323.3,0.066713,,,,,,
train,15,389760,13326.1,0.074168,,,,,,
train,15,389860,13329.0,0.065161,,,,,,
train,15,389960,13331.9,0.073834,,,,,,
train,15,390060,13334.8,0.067212,,,,,,
train,15,390160,13337.6,0.070026,,,,,,
train,15,390260,13340.5,0.073337,,,,,,
train,15,390360,13343.3,0.075994,,,,,,
train,15,390460,13346.2,0.076518,,,,,,
train,15,390560,13349.1,0.076194,,,,,,
train,15,390660,13351.9,0.068523,,,,,,
train,15,390760,13354.8,0.067039,,,,,,
train,15,390860,13357.6,0.070663,,,,,,
train,15,390960,13360.5,0.070920,,,,,,
train,15,391060,13363.3,0.069915,,,,,,
val,15,,13508.1,0.067925,0.004231,0.000037,0.011056,0.049964,35.4082,0.951611
train,16,391204,13512.2,0.067412,,,,,,
train,16,391304,13515.0,0.071701,,,,,,
train,16,391404,13517.9,0.068573,,,,,,
train,16,391504,13520.7,0.071705,,,,,,
train,16,391604,13524.2,0.071934,,,,,,
train,16,391704,13527.2,0.069958,,,,,,
train,16,391804,13530.1,0.073635,,,,,,
train,16,391904,13532.9,0.068905,,,,,,
train,16,392004,13535.8,0.073957,,,,,,
train,16,392104,13538.7,0.069533,,,,,,
train,16,392204,13541.5,0.072249,,,,,,
train,16,392304,13544.4,0.067088,,,,,,
train,16,392404,13547.2,0.068473,,,,,,
train,16,392504,13550.1,0.079149,,,,,,
train,16,392604,13553.0,0.069446,,,,,,
train,16,392704,13555.8,0.078010,,,,,,
train,16,392804,13558.7,0.068250,,,,,,
train,16,392904,13561.5,0.070970,,,,,,
train,16,393004,13564.4,0.074520,,,,,,
train,16,393104,13567.2,0.067924,,,,,,
train,16,393204,13570.1,0.067267,,,,,,
train,16,393304,13572.9,0.068014,,,,,,
train,16,393404,13575.8,0.076915,,,,,,
train,16,393504,13578.6,0.071280,,,,,,
train,16,393604,13581.5,0.068863,,,,,,
train,16,393704,13584.3,0.070973,,,,,,
train,16,393804,13587.2,0.071702,,,,,,
train,16,393904,13590.1,0.074803,,,,,,
train,16,394004,13592.9,0.068582,,,,,,
train,16,394104,13595.8,0.073579,,,,,,
train,16,394204,13598.6,0.068923,,,,,,
train,16,394304,13601.5,0.070427,,,,,,
train,16,394404,13604.3,0.070882,,,,,,
train,16,394504,13607.2,0.064067,,,,,,
train,16,394604,13610.0,0.071446,,,,,,
train,16,394704,13612.9,0.069225,,,,,,
train,16,394804,13615.7,0.070221,,,,,,
train,16,394904,13618.6,0.077367,,,,,,
train,16,395004,13621.4,0.069115,,,,,,
train,16,395104,13624.3,0.070280,,,,,,
train,16,395204,13627.2,0.071782,,,,,,
train,16,395304,13630.0,0.068267,,,,,,
train,16,395404,13632.9,0.070293,,,,,,
train,16,395504,13635.7,0.072128,,,,,,
train,16,395604,13638.6,0.072402,,,,,,
train,16,395704,13641.5,0.068500,,,,,,
train,16,395804,13644.4,0.067327,,,,,,
train,16,395904,13647.2,0.072351,,,,,,
train,16,396004,13650.1,0.062718,,,,,,
train,16,396104,13653.0,0.069742,,,,,,
train,16,396204,13655.8,0.067706,,,,,,
train,16,396304,13658.7,0.074190,,,,,,
train,16,396404,13661.5,0.069837,,,,,,
train,16,396504,13664.4,0.072793,,,,,,
train,16,396604,13667.2,0.075323,,,,,,
train,16,396704,13670.1,0.075020,,,,,,
train,16,396804,13673.0,0.074391,,,,,,
train,16,396904,13675.8,0.070585,,,,,,
train,16,397004,13678.7,0.070085,,,,,,
train,16,397104,13681.5,0.076990,,,,,,
train,16,397204,13684.4,0.070562,,,,,,
train,16,397304,13687.2,0.069891,,,,,,
train,16,397404,13690.1,0.068650,,,,,,
train,16,397504,13693.0,0.072320,,,,,,
train,16,397604,13695.8,0.063876,,,,,,
train,16,397704,13698.7,0.070744,,,,,,
train,16,397804,13701.5,0.066266,,,,,,
train,16,397904,13704.4,0.072199,,,,,,
train,16,398004,13707.2,0.076396,,,,,,
train,16,398104,13710.1,0.073134,,,,,,
train,16,398204,13713.0,0.068763,,,,,,
train,16,398304,13715.8,0.070620,,,,,,
train,16,398404,13718.7,0.076195,,,,,,
train,16,398504,13721.5,0.069898,,,,,,
train,16,398604,13724.4,0.066409,,,,,,
train,16,398704,13727.3,0.070959,,,,,,
train,16,398804,13730.1,0.070111,,,,,,
train,16,398904,13733.0,0.072559,,,,,,
train,16,399004,13735.8,0.069893,,,,,,
train,16,399104,13738.7,0.070962,,,,,,
train,16,399204,13741.5,0.073552,,,,,,
train,16,399304,13744.4,0.069441,,,,,,
train,16,399404,13747.2,0.073214,,,,,,
train,16,399504,13750.1,0.072033,,,,,,
train,16,399604,13752.9,0.072808,,,,,,
train,16,399704,13755.8,0.069858,,,,,,
train,16,399804,13758.6,0.075226,,,,,,
train,16,399904,13761.5,0.066178,,,,,,
train,16,400004,13764.3,0.066936,,,,,,
train,16,400104,13767.2,0.072223,,,,,,
train,16,400204,13770.0,0.070225,,,,,,
train,16,400304,13772.9,0.066338,,,,,,
train,16,400404,13775.8,0.073096,,,,,,
train,16,400504,13778.6,0.072801,,,,,,
train,16,400604,13781.5,0.065962,,,,,,
train,16,400704,13784.3,0.072564,,,,,,
train,16,400804,13787.2,0.070285,,,,,,
train,16,400904,13790.0,0.076873,,,,,,
train,16,401004,13792.9,0.062375,,,,,,
train,16,401104,13795.7,0.073960,,,,,,
train,16,401204,13798.6,0.067174,,,,,,
train,16,401304,13801.5,0.068827,,,,,,
train,16,401404,13804.3,0.071381,,,,,,
train,16,401504,13807.2,0.070509,,,,,,
train,16,401604,13810.0,0.073585,,,,,,
train,16,401704,13812.9,0.068900,,,,,,
train,16,401804,13815.7,0.074931,,,,,,
train,16,401904,13818.6,0.069677,,,,,,
train,16,402004,13821.4,0.074415,,,,,,
train,16,402104,13824.3,0.070722,,,,,,
train,16,402204,13827.1,0.070508,,,,,,
train,16,402304,13830.0,0.071736,,,,,,
train,16,402404,13832.9,0.068915,,,,,,
train,16,402504,13835.7,0.071899,,,,,,
train,16,402604,13838.6,0.071313,,,,,,
train,16,402704,13841.4,0.068221,,,,,,
train,16,402804,13844.3,0.073643,,,,,,
train,16,402904,13847.2,0.075823,,,,,,
train,16,403004,13850.0,0.071843,,,,,,
train,16,403104,13852.9,0.072775,,,,,,
train,16,403204,13855.7,0.073066,,,,,,
train,16,403304,13858.6,0.069775,,,,,,
train,16,403404,13861.5,0.067922,,,,,,
train,16,403504,13864.3,0.063480,,,,,,
train,16,403604,13867.2,0.075022,,,,,,
train,16,403704,13870.0,0.072935,,,,,,
train,16,403804,13872.9,0.072287,,,,,,
train,16,403904,13875.7,0.072063,,,,,,
train,16,404004,13878.6,0.073416,,,,,,
train,16,404104,13881.5,0.070256,,,,,,
train,16,404204,13884.3,0.070602,,,,,,
train,16,404304,13887.2,0.068556,,,,,,
train,16,404404,13890.0,0.070601,,,,,,
train,16,404504,13892.9,0.070759,,,,,,
train,16,404604,13895.8,0.073034,,,,,,
train,16,404704,13898.6,0.070546,,,,,,
train,16,404804,13901.5,0.067769,,,,,,
train,16,404904,13904.3,0.073276,,,,,,
train,16,405004,13907.2,0.070934,,,,,,
train,16,405104,13910.0,0.072925,,,,,,
train,16,405204,13912.9,0.069821,,,,,,
train,16,405304,13915.8,0.074198,,,,,,
train,16,405404,13918.6,0.071718,,,,,,
train,16,405504,13921.5,0.070665,,,,,,
train,16,405604,13924.3,0.066480,,,,,,
train,16,405704,13927.2,0.072076,,,,,,
train,16,405804,13930.0,0.070660,,,,,,
train,16,405904,13932.9,0.070021,,,,,,
train,16,406004,13935.7,0.071146,,,,,,
train,16,406104,13938.6,0.073181,,,,,,
train,16,406204,13941.4,0.073157,,,,,,
train,16,406304,13944.3,0.075048,,,,,,
train,16,406404,13947.1,0.069573,,,,,,
train,16,406504,13950.0,0.065317,,,,,,
train,16,406604,13952.8,0.073324,,,,,,
train,16,406704,13955.7,0.072034,,,,,,
train,16,406804,13958.6,0.072304,,,,,,
train,16,406904,13961.4,0.071293,,,,,,
train,16,407004,13964.3,0.068007,,,,,,
train,16,407104,13967.1,0.065496,,,,,,
train,16,407204,13970.0,0.073344,,,,,,
train,16,407304,13972.8,0.069945,,,,,,
train,16,407404,13975.7,0.065134,,,,,,
train,16,407504,13978.5,0.071352,,,,,,
train,16,407604,13981.4,0.073748,,,,,,
train,16,407704,13984.3,0.073589,,,,,,
train,16,407804,13987.1,0.072547,,,,,,
train,16,407904,13990.0,0.070604,,,,,,
train,16,408004,13992.8,0.072441,,,,,,
train,16,408104,13995.7,0.070015,,,,,,
train,16,408204,13998.5,0.067487,,,,,,
train,16,408304,14001.4,0.067763,,,,,,
train,16,408404,14004.2,0.070054,,,,,,
train,16,408504,14007.1,0.068939,,,,,,
train,16,408604,14010.0,0.069689,,,,,,
train,16,408704,14012.8,0.074552,,,,,,
train,16,408804,14015.7,0.069334,,,,,,
train,16,408904,14018.5,0.068190,,,,,,
train,16,409004,14021.4,0.065128,,,,,,
train,16,409104,14024.2,0.070300,,,,,,
train,16,409204,14027.1,0.074174,,,,,,
train,16,409304,14030.0,0.071823,,,,,,
train,16,409404,14032.8,0.071625,,,,,,
train,16,409504,14035.7,0.075029,,,,,,
train,16,409604,14038.5,0.069119,,,,,,
train,16,409704,14041.4,0.066275,,,,,,
train,16,409804,14044.2,0.069992,,,,,,
train,16,409904,14047.1,0.067027,,,,,,
train,16,410004,14049.9,0.071495,,,,,,
train,16,410104,14052.8,0.076768,,,,,,
train,16,410204,14055.7,0.073202,,,,,,
train,16,410304,14058.5,0.062468,,,,,,
train,16,410404,14061.4,0.075199,,,,,,
train,16,410504,14064.2,0.070358,,,,,,
train,16,410604,14067.1,0.065808,,,,,,
train,16,410704,14069.9,0.070278,,,,,,
train,16,410804,14072.8,0.074106,,,,,,
train,16,410904,14075.7,0.071746,,,,,,
train,16,411004,14078.5,0.068664,,,,,,
train,16,411104,14081.4,0.073955,,,,,,
train,16,411204,14084.2,nan,,,,,,
train,16,411304,14087.1,0.075408,,,,,,
train,16,411404,14090.0,0.067332,,,,,,
train,16,411504,14092.8,0.072228,,,,,,
train,16,411604,14095.7,0.071078,,,,,,
train,16,411704,14098.5,0.073697,,,,,,
train,16,411804,14101.4,0.066094,,,,,,
train,16,411904,14104.2,0.077552,,,,,,
train,16,412004,14107.1,0.073724,,,,,,
train,16,412104,14109.9,0.072316,,,,,,
train,16,412204,14112.8,0.069101,,,,,,
train,16,412304,14115.7,0.069442,,,,,,
train,16,412404,14118.5,0.071452,,,,,,
train,16,412504,14121.4,0.070973,,,,,,
train,16,412604,14124.2,0.073802,,,,,,
train,16,412704,14127.1,0.067753,,,,,,
train,16,412804,14129.9,0.067640,,,,,,
train,16,412904,14132.8,0.069198,,,,,,
train,16,413004,14135.6,0.070215,,,,,,
train,16,413104,14138.5,0.073073,,,,,,
train,16,413204,14141.3,0.064554,,,,,,
train,16,413304,14144.2,0.068786,,,,,,
train,16,413404,14147.0,0.067933,,,,,,
train,16,413504,14149.9,0.068716,,,,,,
train,16,413604,14152.8,0.076073,,,,,,
train,16,413704,14155.6,0.068093,,,,,,
train,16,413804,14158.5,0.070809,,,,,,
train,16,413904,14161.3,0.068345,,,,,,
train,16,414004,14164.2,0.072556,,,,,,
train,16,414104,14167.0,0.068421,,,,,,
train,16,414204,14169.9,0.066526,,,,,,
train,16,414304,14172.8,0.065338,,,,,,
train,16,414404,14175.6,0.073224,,,,,,
train,16,414504,14178.5,0.071728,,,,,,
train,16,414604,14181.3,0.073314,,,,,,
train,16,414704,14184.2,0.071416,,,,,,
train,16,414804,14187.0,0.074207,,,,,,
train,16,414904,14189.9,0.073881,,,,,,
train,16,415004,14192.7,0.070507,,,,,,
train,16,415104,14195.6,0.073467,,,,,,
train,16,415204,14198.4,0.071384,,,,,,
train,16,415304,14201.3,0.071772,,,,,,
train,16,415404,14204.1,0.066075,,,,,,
train,16,415504,14207.0,0.067306,,,,,,
val,16,,14351.8,0.067603,0.004214,0.000037,0.011004,0.049842,35.4603,0.951844
train,17,415648,14355.8,0.063668,,,,,,
train,17,415748,14358.7,0.072129,,,,,,
train,17,415848,14361.5,0.067919,,,,,,
train,17,415948,14364.4,0.074432,,,,,,
train,17,416048,14367.2,0.075040,,,,,,
train,17,416148,14370.1,0.067154,,,,,,
train,17,416248,14373.0,0.064713,,,,,,
train,17,416348,14375.8,0.071910,,,,,,
train,17,416448,14378.7,0.074686,,,,,,
train,17,416548,14381.5,0.066939,,,,,,
train,17,416648,14384.4,0.069036,,,,,,
train,17,416748,14387.3,0.073125,,,,,,
train,17,416848,14390.1,0.070220,,,,,,
train,17,416948,14393.0,0.071168,,,,,,
train,17,417048,14395.9,0.069198,,,,,,
train,17,417148,14398.7,0.073527,,,,,,
train,17,417248,14401.6,0.066357,,,,,,
train,17,417348,14404.4,0.072617,,,,,,
train,17,417448,14407.3,0.069692,,,,,,
train,17,417548,14410.1,0.069842,,,,,,
train,17,417648,14413.0,0.078926,,,,,,
train,17,417748,14415.9,0.068377,,,,,,
train,17,417848,14418.7,0.066834,,,,,,
train,17,417948,14421.6,0.068214,,,,,,
train,17,418048,14424.4,0.070176,,,,,,
train,17,418148,14427.3,0.067411,,,,,,
train,17,418248,14430.2,0.070751,,,,,,
train,17,418348,14433.0,0.072195,,,,,,
train,17,418448,14435.9,0.064108,,,,,,
train,17,418548,14438.7,0.077832,,,,,,
train,17,418648,14441.6,0.067181,,,,,,
train,17,418748,14444.5,0.076740,,,,,,
train,17,418848,14447.3,0.072783,,,,,,
train,17,418948,14450.2,0.067942,,,,,,
train,17,419048,14453.1,0.067541,,,,,,
train,17,419148,14455.9,0.067149,,,,,,
train,17,419248,14458.8,0.069134,,,,,,
train,17,419348,14461.6,0.075954,,,,,,
train,17,419448,14464.5,0.069679,,,,,,
train,17,419548,14467.4,0.076033,,,,,,
train,17,419648,14470.2,0.074149,,,,,,
train,17,419748,14473.1,0.073211,,,,,,
train,17,419848,14475.9,0.064012,,,,,,
train,17,419948,14478.8,0.073658,,,,,,
train,17,420048,14481.7,0.061706,,,,,,
train,17,420148,14484.5,0.071874,,,,,,
train,17,420248,14487.4,0.066522,,,,,,
train,17,420348,14490.3,0.070877,,,,,,
train,17,420448,14493.1,0.064881,,,,,,
train,17,420548,14496.0,0.068726,,,,,,
train,17,420648,14498.8,0.072206,,,,,,
train,17,420748,14501.7,0.071191,,,,,,
train,17,420848,14504.5,0.070815,,,,,,
train,17,420948,14507.4,0.070492,,,,,,
train,17,421048,14510.2,0.067904,,,,,,
train,17,421148,14513.1,0.069471,,,,,,
train,17,421248,14516.0,0.073632,,,,,,
train,17,421348,14518.8,0.069538,,,,,,
train,17,421448,14521.7,0.072078,,,,,,
train,17,421548,14524.5,0.075409,,,,,,
train,17,421648,14527.4,0.070841,,,,,,
train,17,421748,14530.3,0.065407,,,,,,
train,17,421848,14533.1,0.067290,,,,,,
train,17,421948,14536.0,0.070713,,,,,,
train,17,422048,14538.8,0.063468,,,,,,
train,17,422148,14541.7,0.065638,,,,,,
train,17,422248,14544.6,0.063711,,,,,,
train,17,422348,14547.5,0.073002,,,,,,
train,17,422448,14550.5,0.070364,,,,,,
train,17,422548,14553.3,0.069327,,,,,,
train,17,422648,14556.2,0.069546,,,,,,
train,17,422748,14559.1,0.075073,,,,,,
train,17,422848,14561.9,0.068780,,,,,,
train,17,422948,14564.8,0.072459,,,,,,
train,17,423048,14567.7,0.067007,,,,,,
train,17,423148,14570.5,0.072365,,,,,,
train,17,423248,14573.4,0.064525,,,,,,
train,17,423348,14576.2,0.070421,,,,,,
train,17,423448,14579.1,0.068158,,,,,,
train,17,423548,14582.0,0.076210,,,,,,
train,17,423648,14584.8,0.072510,,,,,,
train,17,423748,14587.7,0.065233,,,,,,
train,17,423848,14590.5,0.067769,,,,,,
train,17,423948,14593.4,0.070555,,,,,,
train,17,424048,14596.3,0.069167,,,,,,
train,17,424148,14599.1,0.069184,,,,,,
train,17,424248,14602.0,0.071188,,,,,,
train,17,424348,14604.9,0.070775,,,,,,
train,17,424448,14607.7,0.073579,,,,,,
train,17,424548,14610.6,0.072599,,,,,,
train,17,424648,14613.4,0.066335,,,,,,
train,17,424748,14616.3,0.065144,,,,,,
train,17,424848,14619.1,0.065594,,,,,,
train,17,424948,14622.0,0.075726,,,,,,
train,17,425048,14624.9,0.068531,,,,,,
train,17,425148,14627.7,0.078084,,,,,,
train,17,425248,14630.6,0.069182,,,,,,
train,17,425348,14633.4,0.068662,,,,,,
train,17,425448,14636.3,0.067723,,,,,,
train,17,425548,14639.2,0.068819,,,,,,
train,17,425648,14642.0,0.068150,,,,,,
train,17,425748,14644.9,0.070417,,,,,,
train,17,425848,14647.7,0.073343,,,,,,
train,17,425948,14650.6,0.069681,,,,,,
train,17,426048,14653.5,0.071848,,,,,,
train,17,426148,14656.3,0.070211,,,,,,
train,17,426248,14659.2,0.069090,,,,,,
train,17,426348,14662.0,0.073614,,,,,,
train,17,426448,14664.9,0.069365,,,,,,
train,17,426548,14667.8,0.069529,,,,,,
train,17,426648,14670.6,0.068985,,,,,,
train,17,426748,14673.5,0.071448,,,,,,
train,17,426848,14676.4,0.072468,,,,,,
train,17,426948,14679.2,0.070347,,,,,,
train,17,427048,14682.1,0.071774,,,,,,
train,17,427148,14684.9,0.068302,,,,,,
train,17,427248,14687.8,0.072188,,,,,,
train,17,427348,14690.7,0.068596,,,,,,
train,17,427448,14693.5,0.072219,,,,,,
train,17,427548,14696.4,0.065849,,,,,,
train,17,427648,14699.3,0.065668,,,,,,
train,17,427748,14702.1,0.072127,,,,,,
train,17,427848,14705.0,0.069853,,,,,,
train,17,427948,14707.8,0.070675,,,,,,
train,17,428048,14710.7,0.069939,,,,,,
train,17,428148,14713.6,0.067977,,,,,,
train,17,428248,14716.5,0.071064,,,,,,
train,17,428348,14719.3,0.067957,,,,,,
train,17,428448,14722.2,0.068110,,,,,,
train,17,428548,14725.0,0.073433,,,,,,
train,17,428648,14727.9,0.066488,,,,,,
train,17,428748,14730.8,0.070924,,,,,,
train,17,428848,14733.6,0.071480,,,,,,
train,17,428948,14736.8,0.069287,,,,,,
train,17,429048,14739.8,0.073951,,,,,,
train,17,429148,14742.7,0.073380,,,,,,
train,17,429248,14745.5,0.068811,,,,,,
train,17,429348,14748.4,0.072471,,,,,,
train,17,429448,14751.3,0.075001,,,,,,
train,17,429548,14754.1,0.065407,,,,,,
train,17,429648,14757.0,nan,,,,,,
train,17,429748,14759.8,0.070091,,,,,,
train,17,429848,14762.7,0.069922,,,,,,
train,17,429948,14765.6,0.070804,,,,,,
train,17,430048,14768.4,0.070344,,,,,,
train,17,430148,14771.3,0.066986,,,,,,
train,17,430248,14774.1,0.072261,,,,,,
train,17,430348,14777.0,0.069757,,,,,,
train,17,430448,14779.9,0.067704,,,,,,
train,17,430548,14782.7,0.073526,,,,,,
train,17,430648,14785.6,0.068379,,,,,,
train,17,430748,14788.4,0.065114,,,,,,
train,17,430848,14791.3,0.067302,,,,,,
train,17,430948,14794.2,0.070718,,,,,,
train,17,431048,14797.0,0.070421,,,,,,
train,17,431148,14799.9,0.065366,,,,,,
train,17,431248,14802.7,0.073190,,,,,,
train,17,431348,14805.6,0.074263,,,,,,
train,17,431448,14808.5,0.070811,,,,,,
train,17,431548,14811.3,0.071010,,,,,,
train,17,431648,14814.2,0.069891,,,,,,
train,17,431748,14817.0,0.068316,,,,,,
train,17,431848,14819.9,0.071130,,,,,,
train,17,431948,14822.8,0.072497,,,,,,
train,17,432048,14825.6,0.068947,,,,,,
train,17,432148,14828.5,0.070816,,,,,,
train,17,432248,14831.4,0.077394,,,,,,
train,17,432348,14834.2,0.064889,,,,,,
train,17,432448,14837.1,0.069814,,,,,,
train,17,432548,14839.9,0.069384,,,,,,
train,17,432648,14842.8,0.073467,,,,,,
train,17,432748,14845.7,0.066882,,,,,,
train,17,432848,14848.5,0.071400,,,,,,
train,17,432948,14851.9,0.073869,,,,,,
train,17,433048,14854.8,0.075548,,,,,,
train,17,433148,14857.7,0.071682,,,,,,
train,17,433248,14860.5,0.069388,,,,,,
train,17,433348,14863.4,0.065658,,,,,,
train,17,433448,14866.2,0.069656,,,,,,
train,17,433548,14869.1,0.070179,,,,,,
train,17,433648,14871.9,0.071793,,,,,,
train,17,433748,14874.8,0.068203,,,,,,
train,17,433848,14877.7,0.074890,,,,,,
train,17,433948,14880.5,0.071008,,,,,,
train,17,434048,14883.4,0.069344,,,,,,
train,17,434148,14886.3,0.072421,,,,,,
train,17,434248,14889.1,0.069008,,,,,,
train,17,434348,14892.0,0.068227,,,,,,
train,17,434448,14894.8,0.067812,,,,,,
train,17,434548,14897.7,0.068052,,,,,,
train,17,434648,14900.6,0.070535,,,,,,
train,17,434748,14903.4,0.074246,,,,,,
train,17,434848,14906.3,0.071953,,,,,,
train,17,434948,14909.2,0.070718,,,,,,
train,17,435048,14912.0,0.069923,,,,,,
train,17,435148,14914.9,0.067091,,,,,,
train,17,435248,14917.7,0.074983,,,,,,
train,17,435348,14920.6,0.070107,,,,,,
train,17,435448,14923.5,0.073710,,,,,,
train,17,435548,14926.3,0.072717,,,,,,
train,17,435648,14929.2,0.067422,,,,,,
train,17,435748,14932.0,0.069922,,,,,,
train,17,435848,14934.9,0.072970,,,,,,
train,17,435948,14937.7,0.072035,,,,,,
train,17,436048,14940.6,0.070643,,,,,,
train,17,436148,14943.5,0.068261,,,,,,
train,17,436248,14946.3,0.069765,,,,,,
train,17,436348,14949.2,0.075832,,,,,,
train,17,436448,14952.0,0.076021,,,,,,
train,17,436548,14954.9,0.069032,,,,,,
train,17,436648,14957.8,0.071262,,,,,,
train,17,436748,14960.6,0.071296,,,,,,
train,17,436848,14963.5,0.066464,,,,,,
train,17,436948,14966.3,0.069015,,,,,,
train,17,437048,14969.2,0.066786,,,,,,
train,17,437148,14972.0,0.068090,,,,,,
train,17,437248,14974.9,0.070569,,,,,,
train,17,437348,14977.8,0.069689,,,,,,
train,17,437448,14980.6,0.065469,,,,,,
train,17,437548,14983.5,0.071485,,,,,,
train,17,437648,14986.3,0.069535,,,,,,
train,17,437748,14989.2,0.069649,,,,,,
train,17,437848,14992.1,0.073891,,,,,,
train,17,437948,14994.9,0.068120,,,,,,
train,17,438048,14997.8,0.070493,,,,,,
train,17,438148,15000.6,0.070348,,,,,,
train,17,438248,15003.5,0.074509,,,,,,
train,17,438348,15006.5,0.067864,,,,,,
train,17,438448,15009.4,0.068230,,,,,,
train,17,438548,15012.3,0.067305,,,,,,
train,17,438648,15015.1,0.070323,,,,,,
train,17,438748,15018.0,0.066260,,,,,,
train,17,438848,15020.8,0.066942,,,,,,
train,17,438948,15023.7,0.069934,,,,,,
train,17,439048,15026.6,0.072777,,,,,,
train,17,439148,15029.4,0.069012,,,,,,
train,17,439248,15032.3,0.066444,,,,,,
train,17,439348,15035.1,0.067387,,,,,,
train,17,439448,15038.0,0.069504,,,,,,
train,17,439548,15040.9,0.066861,,,,,,
train,17,439648,15043.7,0.072543,,,,,,
train,17,439748,15046.6,0.069584,,,,,,
train,17,439848,15049.4,0.071862,,,,,,
train,17,439948,15052.3,0.070001,,,,,,
val,17,,15196.8,0.067170,0.004199,0.000036,0.010983,0.049790,35.4546,0.951931
train,18,440092,15200.8,0.071527,,,,,,
train,18,440192,15203.6,0.070389,,,,,,
train,18,440292,15206.5,0.069706,,,,,,
train,18,440392,15209.3,0.066962,,,,,,
train,18,440492,15212.2,0.066702,,,,,,
train,18,440592,15215.1,0.067088,,,,,,
train,18,440692,15217.9,0.069075,,,,,,
train,18,440792,15220.8,0.067398,,,,,,
train,18,440892,15223.6,0.070407,,,,,,
train,18,440992,15226.5,0.068951,,,,,,
train,18,441092,15229.4,0.064985,,,,,,
train,18,441192,15232.2,0.066938,,,,,,
train,18,441292,15235.1,0.069490,,,,,,
train,18,441392,15237.9,0.067209,,,,,,
train,18,441492,15240.8,0.070902,,,,,,
train,18,441592,15243.6,0.067969,,,,,,
train,18,441692,15246.5,0.076008,,,,,,
train,18,441792,15249.4,0.067375,,,,,,
train,18,441892,15252.2,0.067573,,,,,,
train,18,441992,15255.1,0.070796,,,,,,
train,18,442092,15257.9,0.070399,,,,,,
train,18,442192,15260.8,0.067196,,,,,,
train,18,442292,15263.6,0.068380,,,,,,
train,18,442392,15266.5,0.067111,,,,,,
train,18,442492,15269.3,0.071052,,,,,,
train,18,442592,15272.2,0.068739,,,,,,
train,18,442692,15275.1,0.065148,,,,,,
train,18,442792,15277.9,0.063680,,,,,,
train,18,442892,15280.8,0.071597,,,,,,
train,18,442992,15283.6,0.069281,,,,,,
train,18,443092,15286.5,0.069108,,,,,,
train,18,443192,15289.6,0.069344,,,,,,
train,18,443292,15292.5,0.073132,,,,,,
train,18,443392,15295.3,0.073455,,,,,,
train,18,443492,15298.2,0.066763,,,,,,
train,18,443592,15301.1,0.069716,,,,,,
train,18,443692,15303.9,0.069305,,,,,,
train,18,443792,15306.8,0.068377,,,,,,
train,18,443892,15309.6,0.072142,,,,,,
train,18,443992,15312.5,0.068825,,,,,,
train,18,444092,15315.3,0.069926,,,,,,
train,18,444192,15318.2,0.072590,,,,,,
train,18,444292,15321.1,0.068045,,,,,,
train,18,444392,15323.9,0.070807,,,,,,
train,18,444492,15326.8,0.070339,,,,,,
train,18,444592,15329.6,0.061945,,,,,,
train,18,444692,15332.5,0.072774,,,,,,
train,18,444792,15335.3,0.069934,,,,,,
train,18,444892,15338.2,0.065461,,,,,,
train,18,444992,15341.1,0.071166,,,,,,
train,18,445092,15343.9,nan,,,,,,
train,18,445192,15346.8,0.068010,,,,,,
train,18,445292,15349.6,0.070237,,,,,,
train,18,445392,15352.5,0.066417,,,,,,
train,18,445492,15355.3,0.070847,,,,,,
train,18,445592,15358.2,0.069456,,,,,,
train,18,445692,15361.1,0.072138,,,,,,
train,18,445792,15363.9,0.075225,,,,,,
train,18,445892,15366.8,0.072526,,,,,,
train,18,445992,15369.6,0.070769,,,,,,
train,18,446092,15372.5,0.067966,,,,,,
train,18,446192,15375.3,0.069374,,,,,,
train,18,446292,15378.2,0.071618,,,,,,
train,18,446392,15381.1,0.063372,,,,,,
train,18,446492,15383.9,0.067752,,,,,,
train,18,446592,15386.8,0.073521,,,,,,
train,18,446692,15389.6,0.068502,,,,,,
train,18,446792,15392.5,0.070195,,,,,,
train,18,446892,15395.3,0.069888,,,,,,
train,18,446992,15398.2,0.069876,,,,,,
train,18,447092,15401.0,0.072862,,,,,,
train,18,447192,15403.9,0.069402,,,,,,
train,18,447292,15406.8,0.067469,,,,,,
train,18,447392,15409.6,0.071710,,,,,,
train,18,447492,15412.5,0.068794,,,,,,
train,18,447592,15415.3,0.072989,,,,,,
train,18,447692,15418.2,0.072256,,,,,,
train,18,447792,15421.0,0.070051,,,,,,
train,18,447892,15423.9,0.066790,,,,,,
train,18,447992,15426.8,0.072512,,,,,,
train,18,448092,15429.6,0.066562,,,,,,
train,18,448192,15432.5,0.068173,,,,,,
train,18,448292,15435.4,0.067176,,,,,,
train,18,448392,15438.2,0.067623,,,,,,
train,18,448492,15441.1,0.072846,,,,,,
train,18,448592,15443.9,0.069502,,,,,,
train,18,448692,15446.8,0.067358,,,,,,
train,18,448792,15449.6,0.073670,,,,,,
train,18,448892,15452.5,0.072174,,,,,,
train,18,448992,15455.4,0.070817,,,,,,
train,18,449092,15458.4,0.068561,,,,,,
train,18,449192,15461.2,0.071679,,,,,,
train,18,449292,15464.1,0.065580,,,,,,
train,18,449392,15467.0,0.066291,,,,,,
train,18,449492,15469.8,0.067858,,,,,,
train,18,449592,15472.7,0.067559,,,,,,
train,18,449692,15475.5,0.073584,,,,,,
train,18,449792,15478.4,0.070380,,,,,,
train,18,449892,15481.2,0.069956,,,,,,
train,18,449992,15484.1,0.070157,,,,,,
train,18,450092,15487.0,0.069108,,,,,,
train,18,450192,15489.8,0.068860,,,,,,
train,18,450292,15492.7,0.071667,,,,,,
train,18,450392,15495.5,0.072347,,,,,,
train,18,450492,15498.4,0.062858,,,,,,
train,18,450592,15501.3,0.067019,,,,,,
train,18,450692,15504.1,0.076346,,,,,,
train,18,450792,15507.0,0.069216,,,,,,
train,18,450892,15509.8,0.070092,,,,,,
train,18,450992,15512.7,0.070293,,,,,,
train,18,451092,15515.5,0.068283,,,,,,
train,18,451192,15518.4,0.067997,,,,,,
train,18,451292,15521.3,0.070535,,,,,,
train,18,451392,15524.5,0.070320,,,,,,
train,18,451492,15527.3,0.074435,,,,,,
train,18,451592,15530.2,0.068436,,,,,,
train,18,451692,15533.0,0.068418,,,,,,
train,18,451792,15535.9,0.066030,,,,,,
train,18,451892,15538.7,0.066158,,,,,,
train,18,451992,15541.6,0.071040,,,,,,
train,18,452092,15544.5,0.072960,,,,,,
train,18,452192,15547.3,0.072409,,,,,,
train,18,452292,15550.2,0.070687,,,,,,
train,18,452392,15553.0,0.070803,,,,,,
train,18,452492,15555.9,0.073306,,,,,,
train,18,452592,15558.7,0.071016,,,,,,
train,18,452692,15561.6,0.067460,,,,,,
train,18,452792,15564.4,0.072737,,,,,,
train,18,452892,15567.3,0.070818,,,,,,
train,18,452992,15570.2,0.072390,,,,,,
train,18,453092,15573.0,0.068463,,,,,,
train,18,453192,15575.9,0.068159,,,,,,
train,18,453292,15578.7,0.069005,,,,,,
train,18,453392,15581.6,0.069151,,,,,,
train,18,453492,15584.4,0.071743,,,,,,
train,18,453592,15587.3,0.068450,,,,,,
train,18,453692,15590.2,0.068193,,,,,,
train,18,453792,15593.0,0.077685,,,,,,
train,18,453892,15595.9,0.071570,,,,,,
train,18,453992,15598.7,0.070236,,,,,,
train,18,454092,15601.6,0.066463,,,,,,
train,18,454192,15604.4,0.071204,,,,,,
train,18,454292,15607.3,0.071842,,,,,,
train,18,454392,15610.2,0.067858,,,,,,
train,18,454492,15613.0,0.069757,,,,,,
train,18,454592,15615.9,0.074678,,,,,,
train,18,454692,15618.7,0.064321,,,,,,
train,18,454792,15621.6,0.070980,,,,,,
train,18,454892,15624.4,0.067566,,,,,,
train,18,454992,15627.3,0.073668,,,,,,
train,18,455092,15630.2,0.067210,,,,,,
train,18,455192,15633.0,0.069490,,,,,,
train,18,455292,15635.9,0.066517,,,,,,
train,18,455392,15638.7,0.070255,,,,,,
train,18,455492,15641.6,0.065556,,,,,,
train,18,455592,15644.4,0.069383,,,,,,
train,18,455692,15647.3,0.066935,,,,,,
train,18,455792,15650.2,0.070323,,,,,,
train,18,455892,15653.0,0.072417,,,,,,
train,18,455992,15655.9,0.066764,,,,,,
train,18,456092,15658.7,0.069091,,,,,,
train,18,456192,15661.6,0.069551,,,,,,
train,18,456292,15664.5,0.068136,,,,,,
train,18,456392,15667.3,0.071176,,,,,,
train,18,456492,15670.2,0.067471,,,,,,
train,18,456592,15673.0,0.070127,,,,,,
train,18,456692,15675.9,0.066936,,,,,,
train,18,456792,15678.7,0.070413,,,,,,
train,18,456892,15681.6,0.068896,,,,,,
train,18,456992,15684.5,0.067851,,,,,,
train,18,457092,15687.3,0.070932,,,,,,
train,18,457192,15690.2,0.075547,,,,,,
train,18,457292,15693.0,0.068799,,,,,,
train,18,457392,15695.9,0.065700,,,,,,
train,18,457492,15698.7,0.067912,,,,,,
train,18,457592,15701.6,0.071539,,,,,,
train,18,457692,15704.4,0.065319,,,,,,
train,18,457792,15707.3,0.067075,,,,,,
train,18,457892,15710.2,0.070836,,,,,,
train,18,457992,15713.0,0.069157,,,,,,
train,18,458092,15715.9,0.068930,,,,,,
train,18,458192,15718.7,0.070651,,,,,,
train,18,458292,15721.6,0.068705,,,,,,
train,18,458392,15724.4,0.066151,,,,,,
train,18,458492,15727.3,0.073626,,,,,,
train,18,458592,15730.2,0.070530,,,,,,
train,18,458692,15733.0,0.070152,,,,,,
train,18,458792,15735.9,0.065505,,,,,,
train,18,458892,15738.7,0.069223,,,,,,
train,18,458992,15741.6,0.066740,,,,,,
train,18,459092,15744.5,0.070887,,,,,,
train,18,459192,15747.4,0.071767,,,,,,
train,18,459292,15750.2,0.073057,,,,,,
train,18,459392,15753.1,0.070317,,,,,,
train,18,459492,15755.9,0.068108,,,,,,
train,18,459592,15758.8,0.066678,,,,,,
train,18,459692,15761.7,0.068844,,,,,,
train,18,459792,15764.5,0.069229,,,,,,
train,18,459892,15767.4,0.067534,,,,,,
train,18,459992,15770.2,0.069983,,,,,,
train,18,460092,15773.1,0.065999,,,,,,
train,18,460192,15775.9,0.070698,,,,,,
train,18,460292,15778.8,0.071309,,,,,,
train,18,460392,15781.6,0.067064,,,,,,
train,18,460492,15784.5,0.071600,,,,,,
train,18,460592,15787.3,0.066034,,,,,,
train,18,460692,15790.2,0.068229,,,,,,
train,18,460792,15793.0,0.074409,,,,,,
train,18,460892,15795.9,0.070387,,,,,,
train,18,460992,15798.8,0.072199,,,,,,
train,18,461092,15801.6,0.068593,,,,,,
train,18,461192,15804.5,0.066143,,,,,,
train,18,461292,15807.3,0.069227,,,,,,
train,18,461392,15810.2,0.069376,,,,,,
train,18,461492,15813.1,0.069132,,,,,,
train,18,461592,15815.9,0.067006,,,,,,
train,18,461692,15818.8,0.068853,,,,,,
train,18,461792,15821.6,0.070995,,,,,,
train,18,461892,15824.5,0.076801,,,,,,
train,18,461992,15827.3,0.068513,,,,,,
train,18,462092,15830.2,0.069331,,,,,,
train,18,462192,15833.1,0.064408,,,,,,
train,18,462292,15835.9,0.061791,,,,,,
train,18,462392,15838.8,0.069337,,,,,,
train,18,462492,15841.6,0.064925,,,,,,
train,18,462592,15844.5,0.068169,,,,,,
train,18,462692,15847.6,0.074368,,,,,,
train,18,462792,15850.4,0.073041,,,,,,
train,18,462892,15853.3,0.071833,,,,,,
train,18,462992,15856.1,0.065721,,,,,,
train,18,463092,15859.0,0.067241,,,,,,
train,18,463192,15861.8,0.069072,,,,,,
train,18,463292,15864.7,0.068991,,,,,,
train,18,463392,15867.6,0.068390,,,,,,
train,18,463492,15870.4,0.069739,,,,,,
train,18,463592,15873.3,0.068739,,,,,,
train,18,463692,15876.2,0.073025,,,,,,
train,18,463792,15879.0,0.067309,,,,,,
train,18,463892,15881.9,0.065409,,,,,,
train,18,463992,15884.7,0.068556,,,,,,
train,18,464092,15887.6,0.065277,,,,,,
train,18,464192,15890.5,0.069226,,,,,,
train,18,464292,15893.3,0.067920,,,,,,
train,18,464392,15896.2,0.072613,,,,,,
val,18,,16040.9,0.066725,0.004189,0.000036,0.010974,0.049752,35.4670,0.952021
train,19,464536,16044.9,0.064870,,,,,,
train,19,464636,16047.8,0.069636,,,,,,
train,19,464736,16050.6,0.068037,,,,,,
train,19,464836,16053.5,0.068013,,,,,,
train,19,464936,16056.4,0.070992,,,,,,
train,19,465036,16059.2,0.067450,,,,,,
train,19,465136,16062.1,0.064691,,,,,,
train,19,465236,16064.9,0.071160,,,,,,
train,19,465336,16067.8,0.071271,,,,,,
train,19,465436,16070.7,0.072366,,,,,,
train,19,465536,16073.5,0.080148,,,,,,
train,19,465636,16076.4,0.070394,,,,,,
train,19,465736,16079.2,0.065107,,,,,,
train,19,465836,16082.1,0.067865,,,,,,
train,19,465936,16085.0,0.063302,,,,,,
train,19,466036,16087.8,0.076047,,,,,,
train,19,466136,16090.7,0.070016,,,,,,
train,19,466236,16093.5,0.065051,,,,,,
train,19,466336,16096.4,0.072080,,,,,,
train,19,466436,16099.3,0.070006,,,,,,
train,19,466536,16102.1,0.063979,,,,,,
train,19,466636,16105.0,0.067680,,,,,,
train,19,466736,16107.8,0.066420,,,,,,
train,19,466836,16110.7,0.073977,,,,,,
train,19,466936,16113.6,0.064504,,,,,,
train,19,467036,16116.4,0.071498,,,,,,
train,19,467136,16119.3,0.065202,,,,,,
train,19,467236,16122.1,0.068891,,,,,,
train,19,467336,16125.0,0.064704,,,,,,
train,19,467436,16127.8,0.071808,,,,,,
train,19,467536,16130.7,0.073982,,,,,,
train,19,467636,16133.5,0.071408,,,,,,
train,19,467736,16136.4,0.068273,,,,,,
train,19,467836,16139.3,0.068699,,,,,,
train,19,467936,16142.1,0.067649,,,,,,
train,19,468036,16145.0,0.073920,,,,,,
train,19,468136,16147.9,0.067648,,,,,,
train,19,468236,16150.7,0.070797,,,,,,
train,19,468336,16153.6,0.072846,,,,,,
train,19,468436,16156.5,0.070090,,,,,,
train,19,468536,16159.5,0.068182,,,,,,
train,19,468636,16162.7,0.063070,,,,,,
train,19,468736,16165.6,0.067877,,,,,,
train,19,468836,16168.4,0.066620,,,,,,
train,19,468936,16171.3,0.074945,,,,,,
train,19,469036,16174.2,0.070744,,,,,,
train,19,469136,16177.0,0.072357,,,,,,
train,19,469236,16179.9,0.065589,,,,,,
train,19,469336,16182.7,0.064591,,,,,,
train,19,469436,16185.6,0.070736,,,,,,
train,19,469536,16188.5,0.066433,,,,,,
train,19,469636,16191.3,0.067723,,,,,,
train,19,469736,16194.2,0.070441,,,,,,
train,19,469836,16197.1,0.072258,,,,,,
train,19,469936,16199.9,0.066713,,,,,,
train,19,470036,16202.8,0.070332,,,,,,
train,19,470136,16205.6,0.068229,,,,,,
train,19,470236,16208.5,0.069948,,,,,,
train,19,470336,16211.4,0.073611,,,,,,
train,19,470436,16214.2,0.076618,,,,,,
train,19,470536,16217.1,0.071920,,,,,,
train,19,470636,16220.0,0.068440,,,,,,
train,19,470736,16222.8,0.068809,,,,,,
train,19,470836,16225.7,0.068086,,,,,,
train,19,470936,16228.5,0.067857,,,,,,
train,19,471036,16231.4,0.069661,,,,,,
train,19,471136,16234.3,0.070050,,,,,,
train,19,471236,16237.1,0.071975,,,,,,
train,19,471336,16240.0,0.072099,,,,,,
train,19,471436,16242.9,0.066610,,,,,,
train,19,471536,16245.7,0.073092,,,,,,
train,19,471636,16248.6,0.072682,,,,,,
train,19,471736,16251.5,0.070699,,,,,,
train,19,471836,16254.4,0.067435,,,,,,
train,19,471936,16257.3,0.066641,,,,,,
train,19,472036,16260.1,0.068163,,,,,,
train,19,472136,16263.0,0.071793,,,,,,
train,19,472236,16265.9,0.068709,,,,,,
train,19,472336,16268.7,0.069799,,,,,,
train,19,472436,16271.6,0.068078,,,,,,
train,19,472536,16274.5,0.072826,,,,,,
train,19,472636,16277.3,0.073304,,,,,,
train,19,472736,16280.2,0.065243,,,,,,
train,19,472836,16283.0,0.069388,,,,,,
train,19,472936,16285.9,0.075733,,,,,,
train,19,473036,16288.7,0.067260,,,,,,
train,19,473136,16291.6,0.069100,,,,,,
train,19,473236,16294.5,0.074123,,,,,,
train,19,473336,16297.3,0.071723,,,,,,
train,19,473436,16300.2,0.065584,,,,,,
train,19,473536,16303.0,0.071090,,,,,,
train,19,473636,16305.9,0.070795,,,,,,
train,19,473736,16308.7,0.069069,,,,,,
train,19,473836,16311.6,0.069585,,,,,,
train,19,473936,16314.5,0.073236,,,,,,
train,19,474036,16317.3,0.067168,,,,,,
train,19,474136,16320.2,0.066378,,,,,,
train,19,474236,16323.0,0.069749,,,,,,
train,19,474336,16325.9,0.070481,,,,,,
train,19,474436,16328.8,0.066585,,,,,,
train,19,474536,16331.6,0.065360,,,,,,
train,19,474636,16334.5,0.064437,,,,,,
train,19,474736,16337.4,0.071649,,,,,,
train,19,474836,16340.2,0.068575,,,,,,
train,19,474936,16343.1,0.068610,,,,,,
train,19,475036,16345.9,0.071421,,,,,,
train,19,475136,16348.8,0.069624,,,,,,
train,19,475236,16351.7,0.064486,,,,,,
train,19,475336,16354.5,0.065128,,,,,,
train,19,475436,16357.4,0.063468,,,,,,
train,19,475536,16360.2,0.070838,,,,,,
train,19,475636,16363.1,0.073624,,,,,,
train,19,475736,16366.0,0.068260,,,,,,
train,19,475836,16368.8,0.073393,,,,,,
train,19,475936,16371.7,0.070038,,,,,,
train,19,476036,16374.5,0.066160,,,,,,
train,19,476136,16377.4,0.074593,,,,,,
train,19,476236,16380.3,0.068303,,,,,,
train,19,476336,16383.1,0.066467,,,,,,
train,19,476436,16386.0,0.067438,,,,,,
train,19,476536,16388.9,0.066967,,,,,,
train,19,476636,16391.7,0.063145,,,,,,
train,19,476736,16394.6,0.074231,,,,,,
train,19,476836,16397.4,0.064155,,,,,,
train,19,476936,16400.3,0.069556,,,,,,
train,19,477036,16403.2,0.070541,,,,,,
train,19,477136,16406.0,0.067829,,,,,,
train,19,477236,16408.9,0.068437,,,,,,
train,19,477336,16411.8,0.069229,,,,,,
train,19,477436,16414.6,0.063332,,,,,,
train,19,477536,16417.5,0.069977,,,,,,
train,19,477636,16420.3,0.068862,,,,,,
train,19,477736,16423.2,0.066179,,,,,,
train,19,477836,16426.1,0.069442,,,,,,
train,19,477936,16428.9,0.072916,,,,,,
train,19,478036,16431.8,0.070101,,,,,,
train,19,478136,16434.7,0.064476,,,,,,
train,19,478236,16437.5,0.072545,,,,,,
train,19,478336,16440.4,0.065900,,,,,,
train,19,478436,16443.3,0.070585,,,,,,
train,19,478536,16446.1,0.074831,,,,,,
train,19,478636,16449.0,0.069578,,,,,,
train,19,478736,16451.8,0.071098,,,,,,
train,19,478836,16454.7,0.066954,,,,,,
train,19,478936,16457.5,0.071064,,,,,,
train,19,479036,16460.4,0.064356,,,,,,
train,19,479136,16463.3,0.071296,,,,,,
train,19,479236,16466.1,0.069820,,,,,,
train,19,479336,16469.0,0.066212,,,,,,
train,19,479436,16471.9,0.072067,,,,,,
train,19,479536,16474.7,0.069317,,,,,,
train,19,479636,16477.6,0.067216,,,,,,
train,19,479736,16480.4,0.072864,,,,,,
train,19,479836,16483.3,0.070230,,,,,,
train,19,479936,16486.2,0.071113,,,,,,
train,19,480036,16489.0,0.064735,,,,,,
train,19,480136,16491.9,0.066859,,,,,,
train,19,480236,16494.8,0.072971,,,,,,
train,19,480336,16497.6,0.072319,,,,,,
train,19,480436,16500.5,0.072443,,,,,,
train,19,480536,16503.3,0.069570,,,,,,
train,19,480636,16506.2,0.072274,,,,,,
train,19,480736,16509.1,0.077180,,,,,,
train,19,480836,16511.9,0.065043,,,,,,
train,19,480936,16514.8,0.072566,,,,,,
train,19,481036,16517.6,0.073896,,,,,,
train,19,481136,16520.5,0.067192,,,,,,
train,19,481236,16523.3,0.070365,,,,,,
train,19,481336,16526.2,0.072142,,,,,,
train,19,481436,16529.1,0.070693,,,,,,
train,19,481536,16531.9,0.067853,,,,,,
train,19,481636,16534.8,0.067506,,,,,,
train,19,481736,16537.6,0.068828,,,,,,
train,19,481836,16540.5,0.072145,,,,,,
train,19,481936,16543.4,0.069807,,,,,,
train,19,482036,16546.2,0.071978,,,,,,
train,19,482136,16549.1,0.066955,,,,,,
train,19,482236,16551.9,0.063329,,,,,,
train,19,482336,16554.8,0.067711,,,,,,
train,19,482436,16557.7,0.070497,,,,,,
train,19,482536,16560.5,0.077987,,,,,,
train,19,482636,16563.4,0.074254,,,,,,
train,19,482736,16566.3,0.070035,,,,,,
train,19,482836,16569.1,0.072131,,,,,,
train,19,482936,16572.0,0.071181,,,,,,
train,19,483036,16574.8,0.069527,,,,,,
train,19,483136,16577.7,0.067438,,,,,,
train,19,483236,16580.6,0.072747,,,,,,
train,19,483336,16583.4,0.066874,,,,,,
train,19,483436,16586.3,0.074054,,,,,,
train,19,483536,16589.1,0.074135,,,,,,
train,19,483636,16592.0,0.066153,,,,,,
train,19,483736,16594.9,0.070724,,,,,,
train,19,483836,16597.7,0.071677,,,,,,
train,19,483936,16600.6,0.068534,,,,,,
train,19,484036,16603.4,0.071488,,,,,,
train,19,484136,16606.3,0.070106,,,,,,
train,19,484236,16609.2,0.072170,,,,,,
train,19,484336,16612.0,0.064409,,,,,,
train,19,484436,16614.9,0.067747,,,,,,
train,19,484536,16617.7,0.071492,,,,,,
train,19,484636,16620.6,0.069217,,,,,,
train,19,484736,16623.5,0.061476,,,,,,
train,19,484836,16626.3,0.072887,,,,,,
train,19,484936,16629.2,0.072111,,,,,,
train,19,485036,16632.0,0.068916,,,,,,
train,19,485136,16634.9,0.067650,,,,,,
train,19,485236,16637.8,0.066352,,,,,,
train,19,485336,16640.6,0.066700,,,,,,
train,19,485436,16643.5,0.069302,,,,,,
train,19,485536,16646.3,0.065393,,,,,,
train,19,485636,16649.2,0.065368,,,,,,
train,19,485736,16652.1,0.067922,,,,,,
train,19,485836,16654.9,0.065685,,,,,,
train,19,485936,16657.8,0.070704,,,,,,
train,19,486036,16660.7,0.066692,,,,,,
train,19,486136,16663.5,0.068782,,,,,,
train,19,486236,16666.4,0.067205,,,,,,
train,19,486336,16669.2,0.068620,,,,,,
train,19,486436,16672.1,0.070201,,,,,,
train,19,486536,16675.0,0.070100,,,,,,
train,19,486636,16677.8,0.061915,,,,,,
train,19,486736,16680.7,nan,,,,,,
train,19,486836,16683.6,0.070569,,,,,,
train,19,486936,16686.4,0.067832,,,,,,
train,19,487036,16689.3,0.068668,,,,,,
train,19,487136,16692.1,0.071975,,,,,,
train,19,487236,16695.0,0.068806,,,,,,
train,19,487336,16697.8,0.069935,,,,,,
train,19,487436,16700.7,0.069764,,,,,,
train,19,487536,16703.6,0.074007,,,,,,
train,19,487636,16706.4,0.071079,,,,,,
train,19,487736,16709.3,0.072263,,,,,,
train,19,487836,16712.1,0.071834,,,,,,
train,19,487936,16715.0,0.063851,,,,,,
train,19,488036,16717.9,0.063792,,,,,,
train,19,488136,16720.7,0.067382,,,,,,
train,19,488236,16723.6,0.069905,,,,,,
train,19,488336,16726.4,0.070158,,,,,,
train,19,488436,16729.3,0.069126,,,,,,
train,19,488536,16732.2,0.065895,,,,,,
train,19,488636,16735.0,0.066677,,,,,,
train,19,488736,16737.9,0.066844,,,,,,
train,19,488836,16740.8,0.062353,,,,,,
val,19,,16885.5,0.066542,0.004177,0.000036,0.010999,0.049718,35.4532,0.952132
train,20,488980,16889.5,0.073812,,,,,,
train,20,489080,16892.4,0.069503,,,,,,
train,20,489180,16895.2,0.067649,,,,,,
train,20,489280,16898.1,0.068968,,,,,,
train,20,489380,16900.9,0.073513,,,,,,
train,20,489480,16903.8,0.065383,,,,,,
train,20,489580,16906.6,0.073373,,,,,,
train,20,489680,16909.5,0.071229,,,,,,
train,20,489780,16912.3,0.070268,,,,,,
train,20,489880,16915.2,0.069335,,,,,,
train,20,489980,16918.0,0.065391,,,,,,
train,20,490080,16920.9,0.069594,,,,,,
train,20,490180,16923.7,0.068646,,,,,,
train,20,490280,16926.6,0.074014,,,,,,
train,20,490380,16929.4,0.072182,,,,,,
train,20,490480,16932.3,0.066161,,,,,,
train,20,490580,16935.1,0.070042,,,,,,
train,20,490680,16938.0,0.069341,,,,,,
train,20,490780,16940.8,0.071632,,,,,,
train,20,490880,16943.7,0.066193,,,,,,
train,20,490980,16946.5,0.071101,,,,,,
train,20,491080,16949.4,0.069411,,,,,,
train,20,491180,16952.2,0.069489,,,,,,
train,20,491280,16955.1,0.071766,,,,,,
train,20,491380,16957.9,0.064418,,,,,,
train,20,491480,16960.8,0.068273,,,,,,
train,20,491580,16963.6,0.063226,,,,,,
train,20,491680,16966.5,0.069493,,,,,,
train,20,491780,16969.3,0.070555,,,,,,
train,20,491880,16972.2,0.067732,,,,,,
train,20,491980,16975.0,0.068179,,,,,,
train,20,492080,16977.9,0.071774,,,,,,
train,20,492180,16980.7,0.066942,,,,,,
train,20,492280,16983.6,0.065006,,,,,,
train,20,492380,16986.4,0.070503,,,,,,
train,20,492480,16989.3,0.064194,,,,,,
train,20,492580,16992.1,0.064597,,,,,,
train,20,492680,16995.0,0.072911,,,,,,
train,20,492780,16997.8,0.065840,,,,,,
train,20,492880,17000.7,0.070061,,,,,,
train,20,492980,17003.5,0.065622,,,,,,
train,20,493080,17006.4,0.067164,,,,,,
train,20,493180,17009.2,0.076645,,,,,,
train,20,493280,17012.1,0.066976,,,,,,
train,20,493380,17014.9,0.069197,,,,,,
train,20,493480,17017.8,0.068641,,,,,,
train,20,493580,17020.6,0.064627,,,,,,
train,20,493680,17023.5,0.070071,,,,,,
train,20,493780,17026.3,0.067975,,,,,,
train,20,493880,17029.2,0.066449,,,,,,
train,20,493980,17032.0,0.067140,,,,,,
train,20,494080,17034.9,0.062759,,,,,,
train,20,494180,17037.7,0.071336,,,,,,
train,20,494280,17040.6,0.069183,,,,,,
train,20,494380,17043.4,0.066597,,,,,,
train,20,494480,17046.3,0.067489,,,,,,
train,20,494580,17049.1,0.065473,,,,,,
train,20,494680,17052.0,0.067336,,,,,,
train,20,494780,17054.8,0.069465,,,,,,
train,20,494880,17057.7,0.069220,,,,,,
train,20,494980,17060.5,0.072369,,,,,,
train,20,495080,17063.4,0.075571,,,,,,
train,20,495180,17066.2,0.070643,,,,,,
train,20,495280,17069.1,0.066017,,,,,,
train,20,495380,17071.9,0.073330,,,,,,
train,20,495480,17074.8,0.068597,,,,,,
train,20,495580,17077.6,0.069996,,,,,,
train,20,495680,17080.4,0.070078,,,,,,
train,20,495780,17083.3,0.069833,,,,,,
train,20,495880,17086.1,0.073168,,,,,,
train,20,495980,17089.0,0.065942,,,,,,
train,20,496080,17091.8,0.070554,,,,,,
train,20,496180,17094.7,0.062197,,,,,,
train,20,496280,17097.5,0.064086,,,,,,
train,20,496380,17100.4,0.068448,,,,,,
train,20,496480,17103.2,0.069495,,,,,,
train,20,496580,17106.7,0.069672,,,,,,
train,20,496680,17109.6,0.065914,,,,,,
train,20,496780,17112.4,0.072452,,,,,,
train,20,496880,17115.3,0.076792,,,,,,
train,20,496980,17118.1,0.067980,,,,,,
train,20,497080,17121.0,0.068721,,,,,,
train,20,497180,17123.8,0.072486,,,,,,
train,20,497280,17126.6,0.069978,,,,,,
train,20,497380,17129.5,0.068513,,,,,,
train,20,497480,17132.3,0.068833,,,,,,
train,20,497580,17135.2,0.071875,,,,,,
train,20,497680,17138.0,0.069873,,,,,,
train,20,497780,17140.9,0.077297,,,,,,
train,20,497880,17143.7,0.066354,,,,,,
train,20,497980,17146.6,0.068644,,,,,,
train,20,498080,17149.4,0.066684,,,,,,
train,20,498180,17152.3,0.062141,,,,,,
train,20,498280,17155.1,0.067810,,,,,,
train,20,498380,17158.0,0.070955,,,,,,
train,20,498480,17160.8,0.068701,,,,,,
train,20,498580,17163.7,0.070522,,,,,,
train,20,498680,17166.5,0.070598,,,,,,
train,20,498780,17169.4,0.070641,,,,,,
train,20,498880,17172.3,0.070588,,,,,,
train,20,498980,17175.1,0.069418,,,,,,
train,20,499080,17178.0,0.067386,,,,,,
train,20,499180,17180.8,0.070089,,,,,,
train,20,499280,17183.7,0.062748,,,,,,
train,20,499380,17186.5,0.068361,,,,,,
train,20,499480,17189.4,0.067225,,,,,,
train,20,499580,17192.2,0.068463,,,,,,
train,20,499680,17195.1,0.069699,,,,,,
train,20,499780,17197.9,0.067525,,,,,,
train,20,499880,17200.8,0.066086,,,,,,
train,20,499980,17203.6,0.067443,,,,,,
train,20,500080,17206.5,0.069400,,,,,,
train,20,500180,17209.3,nan,,,,,,
train,20,500280,17212.2,0.071196,,,,,,
train,20,500380,17215.0,0.071551,,,,,,
train,20,500480,17217.9,0.071812,,,,,,
train,20,500580,17220.7,0.068679,,,,,,
train,20,500680,17223.6,0.067743,,,,,,
train,20,500780,17226.5,0.065679,,,,,,
train,20,500880,17229.3,0.065188,,,,,,
train,20,500980,17232.2,0.067460,,,,,,
train,20,501080,17235.0,0.066578,,,,,,
train,20,501180,17237.9,0.067195,,,,,,
train,20,501280,17240.7,0.074573,,,,,,
train,20,501380,17243.6,0.068269,,,,,,
train,20,501480,17246.4,0.071086,,,,,,
train,20,501580,17249.3,0.068003,,,,,,
train,20,501680,17252.1,0.067128,,,,,,
train,20,501780,17255.0,0.067673,,,,,,
train,20,501880,17257.8,0.067738,,,,,,
train,20,501980,17260.7,0.072464,,,,,,
train,20,502080,17263.5,0.070577,,,,,,
train,20,502180,17266.4,0.072699,,,,,,
train,20,502280,17269.2,0.069699,,,,,,
train,20,502380,17272.1,0.072473,,,,,,
train,20,502480,17274.9,0.069064,,,,,,
train,20,502580,17277.8,0.068930,,,,,,
train,20,502680,17280.6,0.072283,,,,,,
train,20,502780,17283.5,0.065201,,,,,,
train,20,502880,17286.3,0.072382,,,,,,
train,20,502980,17289.2,0.069080,,,,,,
train,20,503080,17292.0,0.065140,,,,,,
train,20,503180,17294.9,0.065580,,,,,,
train,20,503280,17297.7,0.069511,,,,,,
train,20,503380,17300.6,0.066974,,,,,,
train,20,503480,17303.4,0.065394,,,,,,
train,20,503580,17306.3,0.070532,,,,,,
train,20,503680,17309.1,0.071763,,,,,,
train,20,503780,17312.0,0.065715,,,,,,
train,20,503880,17314.8,0.070138,,,,,,
train,20,503980,17317.7,0.066336,,,,,,
train,20,504080,17320.5,0.065444,,,,,,
train,20,504180,17323.4,0.068219,,,,,,
train,20,504280,17326.2,0.070137,,,,,,
train,20,504380,17329.1,0.072346,,,,,,
train,20,504480,17331.9,0.066310,,,,,,
train,20,504580,17334.8,0.068913,,,,,,
train,20,504680,17337.6,0.066206,,,,,,
train,20,504780,17340.5,0.067545,,,,,,
train,20,504880,17343.7,0.065596,,,,,,
train,20,504980,17346.6,0.069339,,,,,,
train,20,505080,17349.4,0.065435,,,,,,
train,20,505180,17352.3,0.075627,,,,,,
train,20,505280,17355.1,0.071679,,,,,,
train,20,505380,17358.0,0.067789,,,,,,
train,20,505480,17360.8,0.070601,,,,,,
train,20,505580,17363.7,0.065946,,,,,,
train,20,505680,17366.5,0.067141,,,,,,
train,20,505780,17369.4,0.068901,,,,,,
train,20,505880,17372.2,0.067729,,,,,,
train,20,505980,17375.1,0.069145,,,,,,
train,20,506080,17377.9,0.073101,,,,,,
train,20,506180,17380.8,0.067128,,,,,,
train,20,506280,17383.6,0.071523,,,,,,
train,20,506380,17386.5,0.069716,,,,,,
train,20,506480,17389.3,0.067478,,,,,,
train,20,506580,17392.2,0.066853,,,,,,
train,20,506680,17395.0,0.066197,,,,,,
train,20,506780,17397.9,0.066971,,,,,,
train,20,506880,17400.7,0.070881,,,,,,
train,20,506980,17403.6,0.069779,,,,,,
train,20,507080,17406.4,0.065904,,,,,,
train,20,507180,17409.3,0.069109,,,,,,
train,20,507280,17412.1,0.071398,,,,,,
train,20,507380,17415.0,0.065937,,,,,,
train,20,507480,17417.8,0.065756,,,,,,
train,20,507580,17420.7,0.070668,,,,,,
train,20,507680,17423.5,0.064899,,,,,,
train,20,507780,17426.4,0.067671,,,,,,
train,20,507880,17429.2,0.071976,,,,,,
train,20,507980,17432.1,0.065235,,,,,,
train,20,508080,17434.9,0.064930,,,,,,
train,20,508180,17437.8,0.070261,,,,,,
train,20,508280,17440.6,0.067965,,,,,,
train,20,508380,17443.5,0.067189,,,,,,
train,20,508480,17446.3,0.072003,,,,,,
train,20,508580,17449.2,0.067506,,,,,,
train,20,508680,17452.0,0.068525,,,,,,
train,20,508780,17454.9,0.067306,,,,,,
train,20,508880,17457.7,0.069369,,,,,,
train,20,508980,17460.6,0.070197,,,,,,
train,20,509080,17463.4,0.067754,,,,,,
train,20,509180,17466.2,0.067938,,,,,,
train,20,509280,17469.1,0.068826,,,,,,
train,20,509380,17471.9,0.067107,,,,,,
train,20,509480,17475.0,0.066590,,,,,,
train,20,509580,17477.8,0.069270,,,,,,
train,20,509680,17480.7,0.064100,,,,,,
train,20,509780,17483.5,0.068470,,,,,,
train,20,509880,17486.4,0.064807,,,,,,
train,20,509980,17489.2,0.067544,,,,,,
train,20,510080,17492.1,0.067699,,,,,,
train,20,510180,17494.9,0.071400,,,,,,
train,20,510280,17497.8,0.066230,,,,,,
train,20,510380,17500.6,0.066860,,,,,,
train,20,510480,17503.5,0.068279,,,,,,
train,20,510580,17506.3,0.069366,,,,,,
train,20,510680,17509.2,0.068879,,,,,,
train,20,510780,17512.0,0.069615,,,,,,
train,20,510880,17514.9,0.063204,,,,,,
train,20,510980,17517.7,0.069822,,,,,,
train,20,511080,17520.6,0.069229,,,,,,
train,20,511180,17523.4,0.069086,,,,,,
train,20,511280,17526.3,0.072505,,,,,,
train,20,511380,17529.1,0.068218,,,,,,
train,20,511480,17532.0,0.064792,,,,,,
train,20,511580,17534.8,0.073383,,,,,,
train,20,511680,17537.7,0.071189,,,,,,
train,20,511780,17540.5,0.072027,,,,,,
train,20,511880,17543.4,0.063671,,,,,,
train,20,511980,17546.2,0.070223,,,,,,
train,20,512080,17549.1,0.068028,,,,,,
train,20,512180,17551.9,0.068591,,,,,,
train,20,512280,17554.8,0.065315,,,,,,
train,20,512380,17557.6,0.071593,,,,,,
train,20,512480,17560.5,0.069885,,,,,,
train,20,512580,17563.3,0.066154,,,,,,
train,20,512680,17566.2,0.069609,,,,,,
train,20,512780,17569.0,0.072781,,,,,,
train,20,512880,17571.9,0.069160,,,,,,
train,20,512980,17574.8,0.072901,,,,,,
train,20,513080,17577.6,0.067489,,,,,,
train,20,513180,17580.5,0.069106,,,,,,
train,20,513280,17583.3,0.067644,,,,,,
val,20,,17728.0,0.066204,0.004167,0.000036,0.010962,0.049726,35.4747,0.952211
train,21,513424,17732.1,0.069525,,,,,,
train,21,513524,17734.9,0.066155,,,,,,
train,21,513624,17737.8,0.069146,,,,,,
train,21,513724,17740.7,0.070937,,,,,,
train,21,513824,17743.5,0.067434,,,,,,
train,21,513924,17746.4,0.067496,,,,,,
train,21,514024,17749.3,0.069799,,,,,,
train,21,514124,17752.1,0.065642,,,,,,
train,21,514224,17755.0,0.069864,,,,,,
train,21,514324,17757.9,0.066078,,,,,,
train,21,514424,17760.7,0.065375,,,,,,
train,21,514524,17763.6,0.070160,,,,,,
train,21,514624,17766.5,0.065759,,,,,,
train,21,514724,17769.4,0.069125,,,,,,
train,21,514824,17772.2,0.071191,,,,,,
train,21,514924,17775.1,0.065397,,,,,,
train,21,515024,17778.0,0.066850,,,,,,
train,21,515124,17780.8,0.074345,,,,,,
train,21,515224,17783.7,0.067979,,,,,,
train,21,515324,17786.6,0.062738,,,,,,
train,21,515424,17789.4,0.068687,,,,,,
train,21,515524,17792.3,0.066550,,,,,,
train,21,515624,17795.2,0.067619,,,,,,
train,21,515724,17798.0,0.062885,,,,,,
train,21,515824,17800.9,0.068981,,,,,,
train,21,515924,17803.8,0.072726,,,,,,
train,21,516024,17806.7,0.067751,,,,,,
train,21,516124,17809.5,0.068982,,,,,,
train,21,516224,17812.4,0.071019,,,,,,
train,21,516324,17815.2,0.071449,,,,,,
train,21,516424,17818.1,0.071111,,,,,,
train,21,516524,17821.0,0.069766,,,,,,
train,21,516624,17823.8,0.066712,,,,,,
train,21,516724,17826.7,0.069702,,,,,,
train,21,516824,17829.6,0.071852,,,,,,
train,21,516924,17832.4,0.069297,,,,,,
train,21,517024,17835.3,0.072355,,,,,,
train,21,517124,17838.2,0.071670,,,,,,
train,21,517224,17841.0,0.068797,,,,,,
train,21,517324,17843.9,0.071876,,,,,,
train,21,517424,17846.8,0.071013,,,,,,
train,21,517524,17849.6,0.070085,,,,,,
train,21,517624,17852.5,0.071058,,,,,,
train,21,517724,17856.3,0.071131,,,,,,
train,21,517824,17859.2,0.067722,,,,,,
train,21,517924,17862.1,0.070896,,,,,,
train,21,518024,17864.9,0.070999,,,,,,
train,21,518124,17867.8,0.072178,,,,,,
train,21,518224,17870.7,0.074176,,,,,,
train,21,518324,17873.5,0.071679,,,,,,
train,21,518424,17876.4,0.069166,,,,,,
train,21,518524,17879.3,0.067176,,,,,,
train,21,518624,17882.1,0.069484,,,,,,
train,21,518724,17885.0,0.065960,,,,,,
train,21,518824,17887.9,0.065759,,,,,,
train,21,518924,17890.7,0.064525,,,,,,
train,21,519024,17893.6,0.070690,,,,,,
train,21,519124,17896.5,0.065828,,,,,,
train,21,519224,17899.3,0.071443,,,,,,
train,21,519324,17902.2,0.066545,,,,,,
train,21,519424,17905.1,0.067233,,,,,,
train,21,519524,17907.9,0.070144,,,,,,
train,21,519624,17910.8,0.068833,,,,,,
train,21,519724,17913.7,0.070191,,,,,,
train,21,519824,17916.5,0.069414,,,,,,
train,21,519924,17919.4,0.068079,,,,,,
train,21,520024,17922.3,0.068524,,,,,,
train,21,520124,17925.1,0.068863,,,,,,
train,21,520224,17928.0,0.068525,,,,,,
train,21,520324,17930.9,0.067610,,,,,,
train,21,520424,17933.8,0.064558,,,,,,
train,21,520524,17936.6,0.066455,,,,,,
train,21,520624,17939.5,0.065251,,,,,,
train,21,520724,17942.4,0.068731,,,,,,
train,21,520824,17945.2,0.067125,,,,,,
train,21,520924,17948.1,0.068920,,,,,,
train,21,521024,17951.0,0.067213,,,,,,
train,21,521124,17953.8,0.072109,,,,,,
train,21,521224,17956.7,nan,,,,,,
train,21,521324,17959.6,0.068480,,,,,,
train,21,521424,17962.4,0.070522,,,,,,
train,21,521524,17965.3,0.065720,,,,,,
train,21,521624,17968.6,0.071282,,,,,,
train,21,521724,17971.5,0.065460,,,,,,
train,21,521824,17974.4,0.064983,,,,,,
train,21,521924,17977.2,0.066536,,,,,,
train,21,522024,17980.1,0.067863,,,,,,
train,21,522124,17983.0,0.068310,,,,,,
train,21,522224,17985.8,0.067355,,,,,,
train,21,522324,17988.7,0.068786,,,,,,
train,21,522424,17991.6,0.068304,,,,,,
train,21,522524,17994.5,0.070567,,,,,,
train,21,522624,17997.3,0.072273,,,,,,
train,21,522724,18000.2,0.069087,,,,,,
train,21,522824,18003.1,0.067655,,,,,,
train,21,522924,18005.9,0.068090,,,,,,
train,21,523024,18008.8,0.065024,,,,,,
train,21,523124,18011.7,0.069051,,,,,,
train,21,523224,18014.5,0.066850,,,,,,
train,21,523324,18017.4,0.067828,,,,,,
train,21,523424,18020.3,0.065178,,,,,,
train,21,523524,18023.1,0.068126,,,,,,
train,21,523624,18026.0,0.068210,,,,,,
train,21,523724,18028.9,0.063708,,,,,,
train,21,523824,18031.7,0.064528,,,,,,
train,21,523924,18034.6,0.069116,,,,,,
train,21,524024,18037.5,0.064649,,,,,,
train,21,524124,18040.3,0.066953,,,,,,
train,21,524224,18043.2,0.071142,,,,,,
train,21,524324,18046.0,0.065853,,,,,,
train,21,524424,18048.9,0.070838,,,,,,
train,21,524524,18051.8,0.069668,,,,,,
train,21,524624,18054.6,0.064626,,,,,,
train,21,524724,18057.5,0.069409,,,,,,
train,21,524824,18060.4,0.064074,,,,,,
train,21,524924,18063.2,0.073411,,,,,,
train,21,525024,18066.1,0.069382,,,,,,
train,21,525124,18069.0,0.074750,,,,,,
train,21,525224,18071.8,0.062720,,,,,,
train,21,525324,18074.7,0.070631,,,,,,
train,21,525424,18077.6,0.072884,,,,,,
train,21,525524,18080.4,0.067874,,,,,,
train,21,525624,18083.3,0.072557,,,,,,
train,21,525724,18086.2,0.063727,,,,,,
train,21,525824,18089.0,0.069609,,,,,,
train,21,525924,18091.9,0.070530,,,,,,
train,21,526024,18094.8,0.073977,,,,,,
train,21,526124,18097.6,0.069863,,,,,,
train,21,526224,18100.5,0.069522,,,,,,
train,21,526324,18103.4,0.067185,,,,,,
train,21,526424,18106.2,0.067022,,,,,,
train,21,526524,18109.1,0.067424,,,,,,
train,21,526624,18112.0,0.068973,,,,,,
train,21,526724,18114.9,0.070457,,,,,,
train,21,526824,18117.8,0.072090,,,,,,
train,21,526924,18120.6,0.067332,,,,,,
train,21,527024,18123.5,0.069623,,,,,,
train,21,527124,18126.4,0.071957,,,,,,
train,21,527224,18129.3,0.070535,,,,,,
train,21,527324,18132.1,0.067167,,,,,,
train,21,527424,18135.0,0.066472,,,,,,
train,21,527524,18137.9,0.070224,,,,,,
train,21,527624,18140.7,0.069378,,,,,,
train,21,527724,18143.6,0.065941,,,,,,
train,21,527824,18146.5,0.065379,,,,,,
train,21,527924,18149.3,0.066282,,,,,,
train,21,528024,18152.2,0.066167,,,,,,
train,21,528124,18155.1,0.064868,,,,,,
train,21,528224,18157.9,0.065625,,,,,,
train,21,528324,18160.8,0.072070,,,,,,
train,21,528424,18163.7,0.066978,,,,,,
train,21,528524,18166.5,0.073515,,,,,,
train,21,528624,18169.4,0.066051,,,,,,
train,21,528724,18172.3,0.066386,,,,,,
train,21,528824,18175.1,0.072409,,,,,,
train,21,528924,18178.0,0.067052,,,,,,
train,21,529024,18180.9,0.072237,,,,,,
train,21,529124,18183.8,0.065791,,,,,,
train,21,529224,18186.6,0.069665,,,,,,
train,21,529324,18189.5,0.068344,,,,,,
train,21,529424,18192.4,0.070659,,,,,,
train,21,529524,18195.2,0.069348,,,,,,
train,21,529624,18198.1,0.066835,,,,,,
train,21,529724,18200.9,0.065155,,,,,,
train,21,529824,18203.8,0.071046,,,,,,
train,21,529924,18206.7,0.067753,,,,,,
train,21,530024,18209.5,0.072733,,,,,,
train,21,530124,18212.4,0.067264,,,,,,
train,21,530224,18215.3,0.065601,,,,,,
train,21,530324,18218.1,0.066274,,,,,,
train,21,530424,18221.1,0.068283,,,,,,
train,21,530524,18223.9,0.066256,,,,,,
train,21,530624,18226.8,0.070170,,,,,,
train,21,530724,18229.7,0.069315,,,,,,
train,21,530824,18232.5,0.073908,,,,,,
train,21,530924,18235.4,0.058671,,,,,,
train,21,531024,18238.3,0.070664,,,,,,
train,21,531124,18241.1,0.069299,,,,,,
train,21,531224,18244.0,0.066914,,,,,,
train,21,531324,18246.9,0.067177,,,,,,
train,21,531424,18249.7,0.066474,,,,,,
train,21,531524,18252.6,0.067786,,,,,,
train,21,531624,18255.5,0.073222,,,,,,
train,21,531724,18258.4,0.065274,,,,,,
train,21,531824,18261.2,0.065235,,,,,,
train,21,531924,18264.1,0.069003,,,,,,
train,21,532024,18267.0,0.066233,,,,,,
train,21,532124,18269.8,0.071194,,,,,,
train,21,532224,18272.7,0.073564,,,,,,
train,21,532324,18275.6,0.068238,,,,,,
train,21,532424,18278.4,0.072511,,,,,,
train,21,532524,18281.4,0.070925,,,,,,
train,21,532624,18284.2,0.073377,,,,,,
train,21,532724,18287.1,0.073429,,,,,,
train,21,532824,18290.0,0.069803,,,,,,
train,21,532924,18292.9,0.071478,,,,,,
train,21,533024,18295.7,0.072477,,,,,,
train,21,533124,18298.6,0.065497,,,,,,
train,21,533224,18301.5,0.069092,,,,,,
train,21,533324,18304.3,0.069013,,,,,,
train,21,533424,18307.2,0.067220,,,,,,
train,21,533524,18310.1,0.068137,,,,,,
train,21,533624,18312.9,0.064056,,,,,,
train,21,533724,18315.8,0.068635,,,,,,
train,21,533824,18318.7,0.070503,,,,,,
train,21,533924,18321.5,0.069760,,,,,,
train,21,534024,18324.4,0.064750,,,,,,
train,21,534124,18327.3,0.072212,,,,,,
train,21,534224,18330.1,0.064643,,,,,,
train,21,534324,18333.0,0.069748,,,,,,
train,21,534424,18335.9,0.069529,,,,,,
train,21,534524,18338.7,0.073562,,,,,,
train,21,534624,18341.6,0.069383,,,,,,
train,21,534724,18344.5,0.065797,,,,,,
train,21,534824,18347.3,0.065634,,,,,,
train,21,534924,18350.2,0.061547,,,,,,
train,21,535024,18353.1,0.070775,,,,,,
train,21,535124,18356.0,0.068335,,,,,,
train,21,535224,18358.8,0.069747,,,,,,
train,21,535324,18361.7,0.070807,,,,,,
train,21,535424,18364.6,0.068747,,,,,,
train,21,535524,18367.4,0.071020,,,,,,
train,21,535624,18370.3,0.070274,,,,,,
train,21,535724,18373.1,0.065791,,,,,,
train,21,535824,18376.0,0.067221,,,,,,
train,21,535924,18378.9,0.068409,,,,,,
train,21,536024,18381.7,0.066920,,,,,,
train,21,536124,18384.6,0.069302,,,,,,
train,21,536224,18387.5,0.068087,,,,,,
train,21,536324,18390.3,0.065810,,,,,,
train,21,536424,18393.2,0.065138,,,,,,
train,21,536524,18396.1,0.065617,,,,,,
train,21,536624,18399.0,0.066423,,,,,,
train,21,536724,18401.9,0.071016,,,,,,
train,21,536824,18404.7,0.065176,,,,,,
train,21,536924,18407.6,0.067341,,,,,,
train,21,537024,18410.5,0.067238,,,,,,
train,21,537124,18413.3,0.065647,,,,,,
train,21,537224,18416.2,0.068105,,,,,,
train,21,537324,18419.0,0.071330,,,,,,
train,21,537424,18421.9,0.064241,,,,,,
train,21,537524,18424.8,0.067648,,,,,,
train,21,537624,18427.6,0.069660,,,,,,
train,21,537724,18430.5,0.068357,,,,,,
val,21,,18575.2,0.066189,0.004157,0.000036,0.011001,0.049686,35.4647,0.952279
train,22,537868,18579.3,0.064580,,,,,,
train,22,537968,18582.2,0.072894,,,,,,
train,22,538068,18585.0,0.067145,,,,,,
train,22,538168,18587.9,0.075664,,,,,,
train,22,538268,18590.8,0.075029,,,,,,
train,22,538368,18593.6,0.067727,,,,,,
train,22,538468,18596.5,0.063944,,,,,,
train,22,538568,18599.3,0.063749,,,,,,
train,22,538668,18602.2,0.068856,,,,,,
train,22,538768,18605.0,0.071572,,,,,,
train,22,538868,18607.9,0.069475,,,,,,
train,22,538968,18610.8,0.064248,,,,,,
train,22,539068,18613.6,0.067912,,,,,,
train,22,539168,18616.5,0.065546,,,,,,
train,22,539268,18619.3,0.067726,,,,,,
train,22,539368,18622.2,0.067746,,,,,,
train,22,539468,18625.0,0.065093,,,,,,
train,22,539568,18628.0,0.070843,,,,,,
train,22,539668,18630.8,0.066751,,,,,,
train,22,539768,18633.7,0.070593,,,,,,
train,22,539868,18636.6,0.070651,,,,,,
train,22,539968,18639.7,0.068868,,,,,,
train,22,540068,18642.5,0.070423,,,,,,
train,22,540168,18645.4,0.070694,,,,,,
train,22,540268,18648.2,0.064071,,,,,,
train,22,540368,18651.1,0.068571,,,,,,
train,22,540468,18654.0,0.071688,,,,,,
train,22,540568,18656.8,0.068715,,,,,,
train,22,540668,18659.7,0.066116,,,,,,
train,22,540768,18662.5,0.067975,,,,,,
train,22,540868,18665.4,0.069171,,,,,,
train,22,540968,18668.3,0.071334,,,,,,
train,22,541068,18671.1,0.067000,,,,,,
train,22,541168,18674.0,0.064078,,,,,,
train,22,541268,18676.8,0.069704,,,,,,
train,22,541368,18679.7,0.069125,,,,,,
train,22,541468,18682.6,0.065696,,,,,,
train,22,541568,18685.4,0.065630,,,,,,
train,22,541668,18688.3,0.068658,,,,,,
train,22,541768,18691.2,0.067518,,,,,,
train,22,541868,18694.0,0.066052,,,,,,
train,22,541968,18696.9,0.065295,,,,,,
train,22,542068,18699.7,0.069191,,,,,,
train,22,542168,18702.6,0.071586,,,,,,
train,22,542268,18705.5,0.069859,,,,,,
train,22,542368,18708.3,0.068204,,,,,,
train,22,542468,18711.2,0.067415,,,,,,
train,22,542568,18714.0,0.068260,,,,,,
train,22,542668,18716.9,0.066869,,,,,,
train,22,542768,18719.7,0.068648,,,,,,
train,22,542868,18722.6,0.071567,,,,,,
train,22,542968,18725.5,0.068878,,,,,,
train,22,543068,18728.3,0.058515,,,,,,
train,22,543168,18731.2,0.071288,,,,,,
train,22,543268,18734.1,0.066095,,,,,,
train,22,543368,18736.9,0.068886,,,,,,
train,22,543468,18739.8,0.066661,,,,,,
train,22,543568,18742.7,0.067517,,,,,,
train,22,543668,18745.5,0.062048,,,,,,
train,22,543768,18748.4,0.071397,,,,,,
train,22,543868,18751.2,0.069175,,,,,,
train,22,543968,18754.1,0.066476,,,,,,
train,22,544068,18756.9,0.062534,,,,,,
train,22,544168,18759.8,0.065508,,,,,,
train,22,544268,18762.6,0.068910,,,,,,
train,22,544368,18765.5,0.070996,,,,,,
train,22,544468,18768.4,0.063839,,,,,,
train,22,544568,18771.2,0.066218,,,,,,
train,22,544668,18774.1,0.072787,,,,,,
train,22,544768,18776.9,0.068087,,,,,,
train,22,544868,18780.0,0.069085,,,,,,
train,22,544968,18782.8,0.070306,,,,,,
train,22,545068,18785.7,0.064494,,,,,,
train,22,545168,18788.5,0.068542,,,,,,
train,22,545268,18791.4,0.064788,,,,,,
train,22,545368,18794.3,0.068177,,,,,,
train,22,545468,18797.1,0.065192,,,,,,
train,22,545568,18800.0,0.066725,,,,,,
train,22,545668,18802.8,0.063691,,,,,,
train,22,545768,18805.7,0.068042,,,,,,
train,22,545868,18808.6,0.071263,,,,,,
train,22,545968,18811.4,0.073022,,,,,,
train,22,546068,18814.3,0.075417,,,,,,
train,22,546168,18817.1,0.065820,,,,,,
train,22,546268,18820.0,0.070858,,,,,,
train,22,546368,18822.9,0.066883,,,,,,
train,22,546468,18825.7,0.064434,,,,,,
train,22,546568,18828.6,0.064663,,,,,,
train,22,546668,18831.5,0.064615,,,,,,
train,22,546768,18834.3,0.073028,,,,,,
train,22,546868,18837.2,0.068303,,,,,,
train,22,546968,18840.0,0.060627,,,,,,
train,22,547068,18842.9,0.072494,,,,,,
train,22,547168,18845.8,0.076682,,,,,,
train,22,547268,18848.6,0.071384,,,,,,
train,22,547368,18851.5,0.067921,,,,,,
train,22,547468,18854.4,0.067696,,,,,,
train,22,547568,18857.2,0.066474,,,,,,
train,22,547668,18860.1,0.066927,,,,,,
train,22,547768,18862.9,0.071371,,,,,,
train,22,547868,18865.8,0.067955,,,,,,
train,22,547968,18868.7,0.066322,,,,,,
train,22,548068,18871.5,0.066863,,,,,,
train,22,548168,18874.4,0.067238,,,,,,
train,22,548268,18877.3,0.066133,,,,,,
train,22,548368,18880.1,0.070353,,,,,,
train,22,548468,18883.0,0.071308,,,,,,
train,22,548568,18885.8,0.065520,,,,,,
train,22,548668,18888.7,0.067641,,,,,,
train,22,548768,18891.6,0.070165,,,,,,
train,22,548868,18894.4,0.065703,,,,,,
train,22,548968,18897.3,0.069643,,,,,,
train,22,549068,18900.1,0.071305,,,,,,
train,22,549168,18903.0,0.071429,,,,,,
train,22,549268,18905.8,0.065526,,,,,,
train,22,549368,18908.7,0.068835,,,,,,
train,22,549468,18911.6,0.072596,,,,,,
train,22,549568,18914.4,0.069363,,,,,,
train,22,549668,18917.3,0.069051,,,,,,
train,22,549768,18920.2,0.067147,,,,,,
train,22,549868,18923.0,0.069342,,,,,,
train,22,549968,18925.9,0.066609,,,,,,
train,22,550068,18928.7,0.070997,,,,,,
train,22,550168,18931.6,0.063142,,,,,,
train,22,550268,18934.5,0.065500,,,,,,
train,22,550368,18937.3,0.068376,,,,,,
train,22,550468,18940.2,0.066409,,,,,,
train,22,550568,18943.1,0.071544,,,,,,
train,22,550668,18945.9,nan,,,,,,
train,22,550768,18948.8,0.071567,,,,,,
train,22,550868,18951.6,0.064838,,,,,,
train,22,550968,18954.5,0.067388,,,,,,
train,22,551068,18957.3,0.066879,,,,,,
train,22,551168,18960.2,0.069926,,,,,,
train,22,551268,18963.0,0.067850,,,,,,
train,22,551368,18965.9,0.066580,,,,,,
train,22,551468,18968.7,0.069727,,,,,,
train,22,551568,18972.0,0.068344,,,,,,
train,22,551668,18974.8,0.067309,,,,,,
train,22,551768,18977.7,0.071739,,,,,,
train,22,551868,18980.6,0.066524,,,,,,
train,22,551968,18983.4,0.066442,,,,,,
train,22,552068,18986.3,0.070153,,,,,,
train,22,552168,18989.1,0.059900,,,,,,
train,22,552268,18992.0,0.069001,,,,,,
train,22,552368,18994.9,0.071213,,,,,,
train,22,552468,18997.7,0.068932,,,,,,
train,22,552568,19000.6,0.068440,,,,,,
train,22,552668,19003.4,0.067991,,,,,,
train,22,552768,19006.3,0.063801,,,,,,
train,22,552868,19009.2,0.068090,,,,,,
train,22,552968,19012.1,0.068202,,,,,,
train,22,553068,19014.9,0.064947,,,,,,
train,22,553168,19017.8,0.062580,,,,,,
train,22,553268,19020.6,0.068748,,,,,,
train,22,553368,19023.5,0.069082,,,,,,
train,22,553468,19026.4,0.061450,,,,,,
train,22,553568,19029.2,0.065732,,,,,,
train,22,553668,19032.1,0.068042,,,,,,
train,22,553768,19035.0,0.061861,,,,,,
train,22,553868,19037.8,0.072516,,,,,,
train,22,553968,19040.7,0.067672,,,,,,
train,22,554068,19043.7,0.068116,,,,,,
train,22,554168,19046.5,0.066347,,,,,,
train,22,554268,19049.4,0.069146,,,,,,
train,22,554368,19052.3,0.068372,,,,,,
train,22,554468,19055.1,0.068557,,,,,,
train,22,554568,19058.0,0.064374,,,,,,
train,22,554668,19060.8,0.066142,,,,,,
train,22,554768,19063.7,0.066627,,,,,,
train,22,554868,19066.6,0.071792,,,,,,
train,22,554968,19069.4,0.067314,,,,,,
train,22,555068,19072.3,0.066491,,,,,,
train,22,555168,19075.2,0.066226,,,,,,
train,22,555268,19078.0,0.066215,,,,,,
train,22,555368,19080.9,0.068305,,,,,,
train,22,555468,19083.7,0.068715,,,,,,
train,22,555568,19086.6,0.065892,,,,,,
train,22,555668,19089.5,0.067086,,,,,,
train,22,555768,19092.3,0.066802,,,,,,
train,22,555868,19095.2,0.064983,,,,,,
train,22,555968,19098.0,0.067995,,,,,,
train,22,556068,19100.9,0.070350,,,,,,
train,22,556168,19103.8,0.068208,,,,,,
train,22,556268,19106.6,0.067906,,,,,,
train,22,556368,19109.5,0.068200,,,,,,
train,22,556468,19112.3,0.061629,,,,,,
train,22,556568,19115.2,0.066937,,,,,,
train,22,556668,19118.1,0.067118,,,,,,
train,22,556768,19120.9,0.066124,,,,,,
train,22,556868,19123.8,0.072066,,,,,,
train,22,556968,19126.7,0.064946,,,,,,
train,22,557068,19129.7,0.069176,,,,,,
train,22,557168,19132.9,0.062351,,,,,,
train,22,557268,19135.8,0.069365,,,,,,
train,22,557368,19138.7,0.069773,,,,,,
train,22,557468,19141.5,0.065214,,,,,,
train,22,557568,19144.4,0.068022,,,,,,
train,22,557668,19147.2,0.071083,,,,,,
train,22,557768,19150.1,0.065939,,,,,,
train,22,557868,19153.0,0.065571,,,,,,
train,22,557968,19155.8,0.068756,,,,,,
train,22,558068,19158.7,0.069998,,,,,,
train,22,558168,19161.5,0.068225,,,,,,
train,22,558268,19164.4,0.067579,,,,,,
train,22,558368,19167.2,0.068343,,,,,,
train,22,558468,19170.1,0.069275,,,,,,
train,22,558568,19173.0,0.074089,,,,,,
train,22,558668,19175.8,0.066841,,,,,,
train,22,558768,19178.7,0.064097,,,,,,
train,22,558868,19181.6,0.061650,,,,,,
train,22,558968,19184.4,0.064937,,,,,,
train,22,559068,19187.3,0.066087,,,,,,
train,22,559168,19190.1,0.069192,,,,,,
train,22,559268,19193.0,0.070158,,,,,,
train,22,559368,19195.9,0.067552,,,,,,
train,22,559468,19198.7,0.068116,,,,,,
train,22,559568,19201.6,0.068926,,,,,,
train,22,559668,19204.4,0.070767,,,,,,
train,22,559768,19207.3,0.068310,,,,,,
train,22,559868,19210.2,0.066487,,,,,,
train,22,559968,19213.0,0.064977,,,,,,
train,22,560068,19215.9,0.068637,,,,,,
train,22,560168,19218.7,0.071536,,,,,,
train,22,560268,19221.6,0.069147,,,,,,
train,22,560368,19224.4,0.069641,,,,,,
train,22,560468,19227.3,0.070149,,,,,,
train,22,560568,19230.2,0.067957,,,,,,
train,22,560668,19233.0,0.071633,,,,,,
train,22,560768,19235.9,0.066687,,,,,,
train,22,560868,19238.7,0.069755,,,,,,
train,22,560968,19241.6,0.066169,,,,,,
train,22,561068,19244.5,0.062613,,,,,,
train,22,561168,19247.3,0.068780,,,,,,
train,22,561268,19250.2,0.071019,,,,,,
train,22,561368,19253.0,0.069893,,,,,,
train,22,561468,19255.9,0.067390,,,,,,
train,22,561568,19258.8,0.068126,,,,,,
train,22,561668,19261.6,0.068096,,,,,,
train,22,561768,19264.5,0.062028,,,,,,
train,22,561868,19267.3,0.076267,,,,,,
train,22,561968,19270.2,0.069061,,,,,,
train,22,562068,19273.0,0.072399,,,,,,
train,22,562168,19275.9,0.070975,,,,,,
val,22,,19420.5,0.065724,0.004146,0.000036,0.010927,0.049620,35.5010,0.952435
train,23,562312,19424.5,0.068657,,,,,,
train,23,562412,19427.4,0.065341,,,,,,
train,23,562512,19430.2,0.071368,,,,,,
train,23,562612,19433.1,0.069860,,,,,,
train,23,562712,19436.0,0.064598,,,,,,
train,23,562812,19438.8,0.071242,,,,,,
train,23,562912,19441.7,0.069418,,,,,,
train,23,563012,19444.6,0.071630,,,,,,
train,23,563112,19447.5,0.069119,,,,,,
train,23,563212,19450.3,0.063800,,,,,,
train,23,563312,19453.2,0.067755,,,,,,
train,23,563412,19456.1,0.068873,,,,,,
train,23,563512,19458.9,0.065575,,,,,,
train,23,563612,19461.8,0.069120,,,,,,
train,23,563712,19464.6,nan,,,,,,
train,23,563812,19467.5,0.068544,,,,,,
train,23,563912,19470.4,0.068532,,,,,,
train,23,564012,19473.2,0.065400,,,,,,
train,23,564112,19476.1,0.066037,,,,,,
train,23,564212,19479.0,0.066514,,,,,,
train,23,564312,19481.8,0.071033,,,,,,
train,23,564412,19484.7,0.064069,,,,,,
train,23,564512,19487.6,0.072601,,,,,,
train,23,564612,19490.4,0.064067,,,,,,
train,23,564712,19493.3,0.071267,,,,,,
train,23,564812,19496.2,0.064848,,,,,,
train,23,564912,19499.0,0.064782,,,,,,
train,23,565012,19501.9,0.068291,,,,,,
train,23,565112,19504.8,0.065285,,,,,,
train,23,565212,19507.6,0.065097,,,,,,
train,23,565312,19510.5,0.068722,,,,,,
train,23,565412,19513.3,0.068100,,,,,,
train,23,565512,19516.2,0.071076,,,,,,
train,23,565612,19519.1,0.070170,,,,,,
train,23,565712,19521.9,0.065360,,,,,,
train,23,565812,19524.8,0.064732,,,,,,
train,23,565912,19527.7,0.066392,,,,,,
train,23,566012,19530.5,0.071797,,,,,,
train,23,566112,19533.4,0.059878,,,,,,
train,23,566212,19536.3,0.068261,,,,,,
train,23,566312,19539.1,0.066130,,,,,,
train,23,566412,19542.0,0.066639,,,,,,
train,23,566512,19544.9,0.065098,,,,,,
train,23,566612,19547.8,0.065242,,,,,,
train,23,566712,19550.7,0.067928,,,,,,
train,23,566812,19553.5,0.069324,,,,,,
train,23,566912,19556.4,0.062942,,,,,,
train,23,567012,19559.3,0.067048,,,,,,
train,23,567112,19562.1,0.063602,,,,,,
train,23,567212,19565.0,0.066769,,,,,,
train,23,567312,19567.8,0.066384,,,,,,
train,23,567412,19570.7,0.070802,,,,,,
train,23,567512,19573.6,0.068951,,,,,,
train,23,567612,19576.4,0.067848,,,,,,
train,23,567712,19579.3,0.068100,,,,,,
train,23,567812,19582.2,0.067650,,,,,,
train,23,567912,19585.0,0.070569,,,,,,
train,23,568012,19587.9,0.067623,,,,,,
train,23,568112,19590.7,0.064685,,,,,,
train,23,568212,19593.6,0.065773,,,,,,
train,23,568312,19596.5,0.066019,,,,,,
train,23,568412,19599.3,0.066165,,,,,,
train,23,568512,19602.2,0.068675,,,,,,
train,23,568612,19605.1,0.066159,,,,,,
train,23,568712,19607.9,0.069418,,,,,,
train,23,568812,19610.8,0.066138,,,,,,
train,23,568912,19613.7,0.067053,,,,,,
train,23,569012,19616.5,0.067719,,,,,,
train,23,569112,19619.4,0.064419,,,,,,
train,23,569212,19622.2,0.067637,,,,,,
train,23,569312,19625.1,0.069441,,,,,,
train,23,569412,19628.0,0.065030,,,,,,
train,23,569512,19630.8,0.065511,,,,,,
train,23,569612,19633.7,0.064920,,,,,,
train,23,569712,19636.6,0.065054,,,,,,
train,23,569812,19639.4,0.073644,,,,,,
train,23,569912,19642.3,0.067918,,,,,,
train,23,570012,19645.1,0.068696,,,,,,
train,23,570112,19648.0,0.067784,,,,,,
train,23,570212,19650.9,0.068522,,,,,,
train,23,570312,19653.8,0.070868,,,,,,
train,23,570412,19656.6,0.066091,,,,,,
train,23,570512,19659.5,0.070661,,,,,,
train,23,570612,19662.3,0.066521,,,,,,
train,23,570712,19665.4,0.062998,,,,,,
train,23,570812,19668.3,0.070971,,,,,,
train,23,570912,19671.1,0.067927,,,,,,
train,23,571012,19674.0,0.067291,,,,,,
train,23,571112,19676.8,0.069002,,,,,,
train,23,571212,19679.7,0.070009,,,,,,
train,23,571312,19682.6,0.068603,,,,,,
train,23,571412,19685.4,0.068014,,,,,,
train,23,571512,19688.3,0.070874,,,,,,
train,23,571612,19691.2,0.070023,,,,,,
train,23,571712,19694.0,0.067184,,,,,,
train,23,571812,19696.9,0.063280,,,,,,
train,23,571912,19699.8,0.071262,,,,,,
train,23,572012,19702.6,0.069929,,,,,,
train,23,572112,19705.5,0.069789,,,,,,
train,23,572212,19708.4,0.069430,,,,,,
train,23,572312,19711.4,0.065137,,,,,,
train,23,572412,19714.2,0.062235,,,,,,
train,23,572512,19717.1,0.065214,,,,,,
train,23,572612,19720.0,0.066067,,,,,,
train,23,572712,19722.8,0.069778,,,,,,
train,23,572812,19725.7,0.070477,,,,,,
train,23,572912,19728.6,0.065971,,,,,,
train,23,573012,19731.4,0.063774,,,,,,
train,23,573112,19734.3,0.065362,,,,,,
train,23,573212,19737.1,0.065387,,,,,,
train,23,573312,19740.0,0.069905,,,,,,
train,23,573412,19742.9,0.072605,,,,,,
train,23,573512,19745.8,0.069761,,,,,,
train,23,573612,19748.6,0.068164,,,,,,
train,23,573712,19751.5,0.067410,,,,,,
train,23,573812,19754.3,0.067689,,,,,,
train,23,573912,19757.2,0.074024,,,,,,
train,23,574012,19760.1,0.066196,,,,,,
train,23,574112,19762.9,0.063208,,,,,,
train,23,574212,19765.8,0.068382,,,,,,
train,23,574312,19768.7,0.062973,,,,,,
train,23,574412,19771.6,0.069548,,,,,,
train,23,574512,19774.4,0.070701,,,,,,
train,23,574612,19777.3,0.065711,,,,,,
train,23,574712,19780.1,0.064393,,,,,,
train,23,574812,19783.0,0.069426,,,,,,
train,23,574912,19785.9,0.069621,,,,,,
train,23,575012,19788.7,0.070539,,,,,,
train,23,575112,19791.6,0.069797,,,,,,
train,23,575212,19794.5,0.061734,,,,,,
train,23,575312,19797.4,0.065743,,,,,,
train,23,575412,19800.3,0.068696,,,,,,
train,23,575512,19803.2,0.074731,,,,,,
train,23,575612,19806.0,0.065483,,,,,,
train,23,575712,19808.9,0.069824,,,,,,
train,23,575812,19811.8,0.065265,,,,,,
train,23,575912,19814.6,0.067614,,,,,,
train,23,576012,19817.5,0.069643,,,,,,
train,23,576112,19820.3,0.066396,,,,,,
train,23,576212,19823.2,0.069636,,,,,,
train,23,576312,19826.0,0.070828,,,,,,
train,23,576412,19828.9,0.064983,,,,,,
train,23,576512,19831.8,0.064756,,,,,,
train,23,576612,19834.7,0.065037,,,,,,
train,23,576712,19837.5,0.067149,,,,,,
train,23,576812,19840.4,0.068938,,,,,,
train,23,576912,19843.2,0.062110,,,,,,
train,23,577012,19846.1,0.069215,,,,,,
train,23,577112,19849.0,0.058961,,,,,,
train,23,577212,19851.8,0.065400,,,,,,
train,23,577312,19854.7,0.061375,,,,,,
train,23,577412,19857.6,0.069929,,,,,,
train,23,577512,19860.4,0.066944,,,,,,
train,23,577612,19863.3,0.065979,,,,,,
train,23,577712,19866.2,0.070079,,,,,,
train,23,577812,19869.0,0.069601,,,,,,
train,23,577912,19871.9,0.069132,,,,,,
train,23,578012,19874.8,0.063001,,,,,,
train,23,578112,19877.6,0.069124,,,,,,
train,23,578212,19880.5,0.068086,,,,,,
train,23,578312,19883.4,0.069440,,,,,,
train,23,578412,19886.2,0.068002,,,,,,
train,23,578512,19889.1,0.072994,,,,,,
train,23,578612,19892.0,0.063667,,,,,,
train,23,578712,19894.8,0.066909,,,,,,
train,23,578812,19897.7,0.065360,,,,,,
train,23,578912,19900.6,0.062938,,,,,,
train,23,579012,19903.4,0.064771,,,,,,
train,23,579112,19906.3,0.069721,,,,,,
train,23,579212,19909.2,0.065567,,,,,,
train,23,579312,19912.0,0.073778,,,,,,
train,23,579412,19914.9,0.063124,,,,,,
train,23,579512,19917.8,0.069042,,,,,,
train,23,579612,19920.6,0.060891,,,,,,
train,23,579712,19923.5,0.062058,,,,,,
train,23,579812,19926.4,0.069841,,,,,,
train,23,579912,19929.2,0.068412,,,,,,
train,23,580012,19932.1,0.069697,,,,,,
train,23,580112,19935.0,0.069766,,,,,,
train,23,580212,19937.8,0.067564,,,,,,
train,23,580312,19940.7,0.065581,,,,,,
train,23,580412,19943.6,0.073405,,,,,,
train,23,580512,19946.4,0.070054,,,,,,
train,23,580612,19949.3,0.064058,,,,,,
train,23,580712,19952.2,0.071465,,,,,,
train,23,580812,19955.0,0.069353,,,,,,
train,23,580912,19957.9,0.067716,,,,,,
train,23,581012,19960.7,0.066675,,,,,,
train,23,581112,19963.6,0.066829,,,,,,
train,23,581212,19966.5,0.067721,,,,,,
train,23,581312,19969.3,0.071354,,,,,,
train,23,581412,19972.2,0.064844,,,,,,
train,23,581512,19975.0,0.068258,,,,,,
train,23,581612,19977.9,0.065494,,,,,,
train,23,581712,19980.8,0.074432,,,,,,
train,23,581812,19983.6,0.070823,,,,,,
train,23,581912,19986.5,0.067755,,,,,,
train,23,582012,19989.4,0.062152,,,,,,
train,23,582112,19992.2,0.065855,,,,,,
train,23,582212,19995.1,0.072621,,,,,,
train,23,582312,19997.9,0.065036,,,,,,
train,23,582412,20000.8,0.066983,,,,,,
train,23,582512,20003.7,0.066066,,,,,,
train,23,582612,20006.5,0.066866,,,,,,
train,23,582712,20009.4,0.069592,,,,,,
train,23,582812,20012.3,0.073279,,,,,,
train,23,582912,20015.1,0.067779,,,,,,
train,23,583012,20018.0,0.070372,,,,,,
train,23,583112,20020.8,0.063015,,,,,,
train,23,583212,20023.7,0.065272,,,,,,
train,23,583312,20026.6,0.071312,,,,,,
train,23,583412,20029.5,0.064551,,,,,,
train,23,583512,20032.7,0.069728,,,,,,
train,23,583612,20035.5,0.068764,,,,,,
train,23,583712,20038.6,0.064086,,,,,,
train,23,583812,20041.5,0.063193,,,,,,
train,23,583912,20044.4,0.070154,,,,,,
train,23,584012,20047.2,0.064250,,,,,,
train,23,584112,20050.1,0.070815,,,,,,
train,23,584212,20052.9,0.065336,,,,,,
train,23,584312,20055.8,0.061563,,,,,,
train,23,584412,20058.7,0.067480,,,,,,
train,23,584512,20061.5,0.064786,,,,,,
train,23,584612,20064.4,0.068621,,,,,,
train,23,584712,20067.3,0.065123,,,,,,
train,23,584812,20070.1,0.067307,,,,,,
train,23,584912,20073.0,0.065524,,,,,,
train,23,585012,20075.9,0.064085,,,,,,
train,23,585112,20078.7,0.069832,,,,,,
train,23,585212,20081.6,0.066436,,,,,,
train,23,585312,20084.5,0.067815,,,,,,
train,23,585412,20087.3,0.067150,,,,,,
train,23,585512,20090.2,0.067870,,,,,,
train,23,585612,20093.1,0.072855,,,,,,
train,23,585712,20095.9,0.069150,,,,,,
train,23,585812,20098.8,0.072418,,,,,,
train,23,585912,20101.6,0.070824,,,,,,
train,23,586012,20104.5,0.067395,,,,,,
train,23,586112,20107.4,0.068526,,,,,,
train,23,586212,20110.2,0.071250,,,,,,
train,23,586312,20113.1,0.066380,,,,,,
train,23,586412,20116.0,0.066969,,,,,,
train,23,586512,20118.8,0.067397,,,,,,
train,23,586612,20121.7,0.065591,,,,,,
val,23,,20266.6,0.065318,0.004135,0.000036,0.010979,0.049603,35.4687,0.952515
train,24,586756,20270.5,0.064005,,,,,,
train,24,586856,20273.4,0.067848,,,,,,
train,24,586956,20276.3,0.070560,,,,,,
train,24,587056,20279.1,0.075522,,,,,,
train,24,587156,20282.0,0.063867,,,,,,
train,24,587256,20284.9,0.068958,,,,,,
train,24,587356,20287.7,0.069467,,,,,,
train,24,587456,20290.6,0.065499,,,,,,
train,24,587556,20293.5,0.062223,,,,,,
train,24,587656,20296.3,0.066570,,,,,,
train,24,587756,20299.2,0.071010,,,,,,
train,24,587856,20302.0,0.067428,,,,,,
train,24,587956,20304.9,0.069551,,,,,,
train,24,588056,20307.8,0.063885,,,,,,
train,24,588156,20310.6,0.067020,,,,,,
train,24,588256,20313.5,0.069994,,,,,,
train,24,588356,20316.4,0.067626,,,,,,
train,24,588456,20319.2,0.062391,,,,,,
train,24,588556,20322.1,0.066395,,,,,,
train,24,588656,20324.9,0.065427,,,,,,
train,24,588756,20327.8,0.072654,,,,,,
train,24,588856,20330.7,0.068395,,,,,,
train,24,588956,20333.5,0.065452,,,,,,
train,24,589056,20336.4,0.070709,,,,,,
train,24,589156,20339.3,0.068887,,,,,,
train,24,589256,20342.1,0.063620,,,,,,
train,24,589356,20345.0,0.064329,,,,,,
train,24,589456,20347.8,0.067086,,,,,,
train,24,589556,20350.7,0.063115,,,,,,
train,24,589656,20353.6,0.066539,,,,,,
train,24,589756,20356.4,0.072390,,,,,,
train,24,589856,20359.3,0.070040,,,,,,
train,24,589956,20362.2,0.061990,,,,,,
train,24,590056,20365.0,0.067703,,,,,,
train,24,590156,20368.3,0.065873,,,,,,
train,24,590256,20371.2,0.064994,,,,,,
train,24,590356,20374.1,0.061430,,,,,,
train,24,590456,20376.9,0.073559,,,,,,
train,24,590556,20379.8,0.063715,,,,,,
train,24,590656,20382.6,0.066010,,,,,,
train,24,590756,20385.5,0.073448,,,,,,
train,24,590856,20388.3,0.066648,,,,,,
train,24,590956,20391.2,0.069722,,,,,,
train,24,591056,20394.1,0.062230,,,,,,
train,24,591156,20396.9,0.064766,,,,,,
train,24,591256,20399.8,0.062408,,,,,,
train,24,591356,20402.6,0.065719,,,,,,
train,24,591456,20405.5,0.068624,,,,,,
train,24,591556,20408.4,0.064402,,,,,,
train,24,591656,20411.2,0.063123,,,,,,
train,24,591756,20414.1,0.069388,,,,,,
train,24,591856,20416.9,0.066966,,,,,,
train,24,591956,20419.8,0.064336,,,,,,
train,24,592056,20422.7,0.062901,,,,,,
train,24,592156,20425.5,0.065640,,,,,,
train,24,592256,20428.4,0.067633,,,,,,
train,24,592356,20431.2,0.068390,,,,,,
train,24,592456,20434.1,0.067716,,,,,,
train,24,592556,20437.0,0.063770,,,,,,
train,24,592656,20439.8,0.070842,,,,,,
train,24,592756,20442.7,0.068844,,,,,,
train,24,592856,20445.5,0.067213,,,,,,
train,24,592956,20448.4,0.073156,,,,,,
train,24,593056,20451.3,0.067197,,,,,,
train,24,593156,20454.1,0.065943,,,,,,
train,24,593256,20457.0,0.064913,,,,,,
train,24,593356,20460.0,0.066429,,,,,,
train,24,593456,20462.8,0.062976,,,,,,
train,24,593556,20465.7,0.066308,,,,,,
train,24,593656,20468.6,0.066776,,,,,,
train,24,593756,20471.4,0.066754,,,,,,
train,24,593856,20474.3,0.069566,,,,,,
train,24,593956,20477.1,0.069858,,,,,,
train,24,594056,20480.0,0.066211,,,,,,
train,24,594156,20482.9,0.066329,,,,,,
train,24,594256,20485.7,0.066650,,,,,,
train,24,594356,20488.6,0.070264,,,,,,
train,24,594456,20491.4,0.069764,,,,,,
train,24,594556,20494.3,0.068590,,,,,,
train,24,594656,20497.2,0.071691,,,,,,
train,24,594756,20500.0,0.066809,,,,,,
train,24,594856,20502.9,0.071745,,,,,,
train,24,594956,20505.8,0.069288,,,,,,
train,24,595056,20508.6,0.069208,,,,,,
train,24,595156,20511.5,0.066324,,,,,,
train,24,595256,20514.4,0.066002,,,,,,
train,24,595356,20517.3,0.062330,,,,,,
train,24,595456,20520.2,0.070448,,,,,,
train,24,595556,20523.0,0.069358,,,,,,
train,24,595656,20525.9,0.069128,,,,,,
train,24,595756,20528.7,0.066020,,,,,,
train,24,595856,20531.6,0.068328,,,,,,
train,24,595956,20534.5,0.064904,,,,,,
train,24,596056,20537.3,0.066388,,,,,,
train,24,596156,20540.2,0.060653,,,,,,
train,24,596256,20543.1,0.072628,,,,,,
train,24,596356,20545.9,0.065896,,,,,,
train,24,596456,20548.8,0.067534,,,,,,
train,24,596556,20551.6,0.068538,,,,,,
train,24,596656,20554.5,0.062899,,,,,,
train,24,596756,20557.4,0.068106,,,,,,
train,24,596856,20560.2,0.065069,,,,,,
train,24,596956,20563.1,0.068339,,,,,,
train,24,597056,20565.9,0.068646,,,,,,
train,24,597156,20568.8,0.067317,,,,,,
train,24,597256,20571.7,0.062968,,,,,,
train,24,597356,20574.5,0.065436,,,,,,
train,24,597456,20577.4,0.071576,,,,,,
train,24,597556,20580.2,0.070587,,,,,,
train,24,597656,20583.1,0.069319,,,,,,
train,24,597756,20586.0,0.067342,,,,,,
train,24,597856,20588.8,0.066828,,,,,,
train,24,597956,20591.7,0.065287,,,,,,
train,24,598056,20594.5,0.065949,,,,,,
train,24,598156,20597.4,0.068492,,,,,,
train,24,598256,20600.3,0.061993,,,,,,
train,24,598356,20603.1,0.066075,,,,,,
train,24,598456,20606.0,0.062403,,,,,,
train,24,598556,20608.8,0.069435,,,,,,
train,24,598656,20611.7,0.067175,,,,,,
train,24,598756,20614.6,0.071094,,,,,,
train,24,598856,20617.4,0.062556,,,,,,
train,24,598956,20620.3,0.067024,,,,,,
train,24,599056,20623.1,0.072570,,,,,,
train,24,599156,20626.0,0.068554,,,,,,
train,24,599256,20628.9,0.068269,,,,,,
train,24,599356,20631.7,0.059840,,,,,,
train,24,599456,20634.6,0.068458,,,,,,
train,24,599556,20637.4,0.069961,,,,,,
train,24,599656,20640.3,0.064782,,,,,,
train,24,599756,20643.2,0.070738,,,,,,
train,24,599856,20646.0,0.069950,,,,,,
train,24,599956,20648.9,0.069229,,,,,,
train,24,600056,20651.8,0.068182,,,,,,
train,24,600156,20654.6,0.064141,,,,,,
train,24,600256,20657.5,0.069494,,,,,,
train,24,600356,20660.3,0.065179,,,,,,
train,24,600456,20663.2,0.064116,,,,,,
train,24,600556,20666.1,0.066465,,,,,,
train,24,600656,20668.9,0.070838,,,,,,
train,24,600756,20671.8,0.072220,,,,,,
train,24,600856,20674.7,0.070999,,,,,,
train,24,600956,20677.5,0.066913,,,,,,
train,24,601056,20680.4,0.066783,,,,,,
train,24,601156,20683.5,0.060854,,,,,,
train,24,601256,20686.3,0.063507,,,,,,
train,24,601356,20689.2,0.068277,,,,,,
train,24,601456,20692.0,0.062906,,,,,,
train,24,601556,20694.9,0.071364,,,,,,
train,24,601656,20697.8,0.068253,,,,,,
train,24,601756,20700.6,0.066337,,,,,,
train,24,601856,20703.5,0.066314,,,,,,
train,24,601956,20706.4,0.068690,,,,,,
train,24,602056,20709.2,0.066917,,,,,,
train,24,602156,20712.1,0.067224,,,,,,
train,24,602256,20714.9,0.068126,,,,,,
train,24,602356,20717.8,0.067069,,,,,,
train,24,602456,20720.7,0.070347,,,,,,
train,24,602556,20723.5,0.062190,,,,,,
train,24,602656,20726.4,0.070386,,,,,,
train,24,602756,20729.3,0.068875,,,,,,
train,24,602856,20732.1,nan,,,,,,
train,24,602956,20735.0,0.068605,,,,,,
train,24,603056,20737.8,0.068281,,,,,,
train,24,603156,20740.7,0.067219,,,,,,
train,24,603256,20743.6,0.067389,,,,,,
train,24,603356,20746.4,0.067354,,,,,,
train,24,603456,20749.3,0.069490,,,,,,
train,24,603556,20752.2,0.064863,,,,,,
train,24,603656,20755.0,0.068250,,,,,,
train,24,603756,20757.9,0.069026,,,,,,
train,24,603856,20760.7,0.065730,,,,,,
train,24,603956,20763.6,0.065959,,,,,,
train,24,604056,20766.5,0.063363,,,,,,
train,24,604156,20769.3,0.070784,,,,,,
train,24,604256,20772.2,0.067255,,,,,,
train,24,604356,20775.0,0.069480,,,,,,
train,24,604456,20777.9,0.069176,,,,,,
train,24,604556,20780.8,0.067814,,,,,,
train,24,604656,20783.6,0.070467,,,,,,
train,24,604756,20786.5,0.066662,,,,,,
train,24,604856,20789.3,0.062807,,,,,,
train,24,604956,20792.2,0.069421,,,,,,
train,24,605056,20795.0,0.064502,,,,,,
train,24,605156,20797.9,0.066066,,,,,,
train,24,605256,20800.8,0.064558,,,,,,
train,24,605356,20803.6,0.066454,,,,,,
train,24,605456,20806.5,0.068995,,,,,,
train,24,605556,20809.3,0.065442,,,,,,
train,24,605656,20812.2,0.072810,,,,,,
train,24,605756,20815.1,0.062973,,,,,,
train,24,605856,20817.9,0.068943,,,,,,
train,24,605956,20820.8,0.066530,,,,,,
train,24,606056,20823.7,0.064690,,,,,,
train,24,606156,20826.5,0.068769,,,,,,
train,24,606256,20829.4,0.063384,,,,,,
train,24,606356,20832.3,0.069513,,,,,,
train,24,606456,20835.1,0.069017,,,,,,
train,24,606556,20838.0,0.064259,,,,,,
train,24,606656,20840.9,0.073057,,,,,,
train,24,606756,20843.7,0.064601,,,,,,
train,24,606856,20846.6,0.070510,,,,,,
train,24,606956,20849.5,0.066441,,,,,,
train,24,607056,20852.3,0.060452,,,,,,
train,24,607156,20855.2,0.070141,,,,,,
train,24,607256,20858.0,0.067769,,,,,,
train,24,607356,20860.9,0.067180,,,,,,
train,24,607456,20863.8,0.063271,,,,,,
train,24,607556,20866.6,0.069189,,,,,,
train,24,607656,20869.5,0.071720,,,,,,
train,24,607756,20872.3,0.064883,,,,,,
train,24,607856,20875.2,0.068351,,,,,,
train,24,607956,20878.1,0.069586,,,,,,
train,24,608056,20881.0,0.065774,,,,,,
train,24,608156,20883.8,0.067601,,,,,,
train,24,608256,20886.7,0.066486,,,,,,
train,24,608356,20889.5,0.067591,,,,,,
train,24,608456,20892.4,0.066701,,,,,,
train,24,608556,20895.3,0.066624,,,,,,
train,24,608656,20898.1,0.065601,,,,,,
train,24,608756,20901.0,0.068031,,,,,,
train,24,608856,20903.9,0.066508,,,,,,
train,24,608956,20906.7,0.067934,,,,,,
train,24,609056,20909.6,0.069496,,,,,,
train,24,609156,20912.5,0.065002,,,,,,
train,24,609256,20915.3,0.068835,,,,,,
train,24,609356,20918.2,0.067752,,,,,,
train,24,609456,20921.0,0.067197,,,,,,
train,24,609556,20923.9,0.064225,,,,,,
train,24,609656,20926.8,0.061660,,,,,,
train,24,609756,20929.6,0.066679,,,,,,
train,24,609856,20932.5,0.067238,,,,,,
train,24,609956,20935.3,0.068945,,,,,,
train,24,610056,20938.2,0.067983,,,,,,
train,24,610156,20941.1,0.068782,,,,,,
train,24,610256,20943.9,0.068613,,,,,,
train,24,610356,20946.8,0.069697,,,,,,
train,24,610456,20949.7,0.067390,,,,,,
train,24,610556,20952.5,0.068834,,,,,,
train,24,610656,20955.4,0.064267,,,,,,
train,24,610756,20958.2,0.066697,,,,,,
train,24,610856,20961.1,0.065677,,,,,,
train,24,610956,20964.0,0.071527,,,,,,
train,24,611056,20966.8,0.064702,,,,,,
val,24,,21111.3,0.065271,0.004129,0.000035,0.010905,0.049500,35.5103,0.952678
train,25,611200,21115.5,0.067730,,,,,,
train,25,611300,21118.3,0.068780,,,,,,
train,25,611400,21121.2,0.065053,,,,,,
train,25,611500,21124.0,0.070239,,,,,,
train,25,611600,21126.9,0.066647,,,,,,
train,25,611700,21129.8,0.063362,,,,,,
train,25,611800,21132.6,0.061863,,,,,,
train,25,611900,21135.5,0.067377,,,,,,
train,25,612000,21138.3,0.066534,,,,,,
train,25,612100,21141.3,0.071649,,,,,,
train,25,612200,21144.1,0.068761,,,,,,
train,25,612300,21147.0,0.065858,,,,,,
train,25,612400,21149.9,0.065540,,,,,,
train,25,612500,21152.7,0.069441,,,,,,
train,25,612600,21155.6,0.070592,,,,,,
train,25,612700,21158.5,0.070259,,,,,,
train,25,612800,21161.3,0.071650,,,,,,
train,25,612900,21164.2,0.070618,,,,,,
train,25,613000,21167.1,0.071153,,,,,,
train,25,613100,21169.9,0.064558,,,,,,
train,25,613200,21172.8,0.062843,,,,,,
train,25,613300,21175.7,0.064673,,,,,,
train,25,613400,21178.5,0.066414,,,,,,
train,25,613500,21181.5,0.063557,,,,,,
train,25,613600,21184.7,0.067264,,,,,,
train,25,613700,21187.6,0.065930,,,,,,
train,25,613800,21190.5,0.065843,,,,,,
train,25,613900,21193.3,0.066761,,,,,,
train,25,614000,21196.2,0.071843,,,,,,
train,25,614100,21199.1,0.068277,,,,,,
train,25,614200,21201.9,0.066414,,,,,,
train,25,614300,21204.8,0.064570,,,,,,
train,25,614400,21207.6,0.068044,,,,,,
train,25,614500,21210.9,0.069327,,,,,,
train,25,614600,21213.8,0.064765,,,,,,
train,25,614700,21216.6,0.069143,,,,,,
train,25,614800,21219.5,0.070058,,,,,,
train,25,614900,21222.4,0.065461,,,,,,
train,25,615000,21225.2,0.062285,,,,,,
train,25,615100,21228.3,0.068894,,,,,,
train,25,615200,21231.1,0.070979,,,,,,
train,25,615300,21234.0,0.064483,,,,,,
train,25,615400,21236.9,0.067730,,,,,,
train,25,615500,21239.7,0.069207,,,,,,
train,25,615600,21242.6,0.067127,,,,,,
train,25,615700,21245.5,0.065240,,,,,,
train,25,615800,21248.3,0.067044,,,,,,
train,25,615900,21251.2,0.069227,,,,,,
train,25,616000,21254.1,0.066000,,,,,,
train,25,616100,21256.9,0.067784,,,,,,
train,25,616200,21259.8,0.072525,,,,,,
train,25,616300,21262.7,0.063352,,,,,,
train,25,616400,21265.5,0.067578,,,,,,
train,25,616500,21268.4,0.068883,,,,,,
train,25,616600,21271.3,0.061946,,,,,,
train,25,616700,21274.1,0.061449,,,,,,
train,25,616800,21277.0,0.068751,,,,,,
train,25,616900,21279.8,0.062351,,,,,,
train,25,617000,21282.7,0.063984,,,,,,
train,25,617100,21285.6,0.067634,,,,,,
train,25,617200,21288.4,0.072061,,,,,,
train,25,617300,21291.3,0.065579,,,,,,
train,25,617400,21294.2,0.067343,,,,,,
train,25,617500,21297.0,0.066030,,,,,,
train,25,617600,21299.9,0.071058,,,,,,
train,25,617700,21302.7,0.059889,,,,,,
train,25,617800,21305.6,0.064246,,,,,,
train,25,617900,21308.5,0.065141,,,,,,
train,25,618000,21311.3,0.067928,,,,,,
train,25,618100,21314.2,0.064300,,,,,,
train,25,618200,21317.0,0.068968,,,,,,
train,25,618300,21319.9,0.067663,,,,,,
train,25,618400,21322.8,0.069898,,,,,,
train,25,618500,21325.6,0.069022,,,,,,
train,25,618600,21328.5,0.066666,,,,,,
train,25,618700,21331.3,0.064151,,,,,,
train,25,618800,21334.2,0.065942,,,,,,
train,25,618900,21337.1,0.065783,,,,,,
train,25,619000,21339.9,0.062197,,,,,,
train,25,619100,21342.8,0.072170,,,,,,
train,25,619200,21345.7,0.071324,,,,,,
train,25,619300,21348.5,0.066143,,,,,,
train,25,619400,21351.4,0.061331,,,,,,
train,25,619500,21354.2,0.068044,,,,,,
train,25,619600,21357.1,0.064680,,,,,,
train,25,619700,21360.0,0.068416,,,,,,
train,25,619800,21362.8,0.067751,,,,,,
train,25,619900,21365.7,0.069192,,,,,,
train,25,620000,21368.6,0.069931,,,,,,
train,25,620100,21371.4,0.069169,,,,,,
train,25,620200,21374.3,0.065080,,,,,,
train,25,620300,21377.2,0.068799,,,,,,
train,25,620400,21380.0,0.062720,,,,,,
train,25,620500,21382.9,0.068812,,,,,,
train,25,620600,21385.8,0.067646,,,,,,
train,25,620700,21388.6,0.067123,,,,,,
train,25,620800,21391.5,0.065538,,,,,,
train,25,620900,21394.4,0.065386,,,,,,
train,25,621000,21397.2,0.067700,,,,,,
train,25,621100,21400.1,0.069282,,,,,,
train,25,621200,21403.0,0.064366,,,,,,
train,25,621300,21405.8,0.063986,,,,,,
train,25,621400,21408.7,0.063452,,,,,,
train,25,621500,21411.6,0.062621,,,,,,
train,25,621600,21414.4,0.071767,,,,,,
train,25,621700,21417.3,0.065505,,,,,,
train,25,621800,21420.2,0.066639,,,,,,
train,25,621900,21423.0,0.065954,,,,,,
train,25,622000,21425.9,0.068629,,,,,,
train,25,622100,21428.7,0.065242,,,,,,
train,25,622200,21431.6,0.066967,,,,,,
train,25,622300,21434.5,0.066489,,,,,,
train,25,622400,21437.3,0.067718,,,,,,
train,25,622500,21440.2,0.071995,,,,,,
train,25,622600,21443.1,0.073872,,,,,,
train,25,622700,21445.9,0.068939,,,,,,
train,25,622800,21448.8,0.067932,,,,,,
train,25,622900,21451.7,0.068989,,,,,,
train,25,623000,21454.5,0.068276,,,,,,
train,25,623100,21457.4,0.064243,,,,,,
train,25,623200,21460.3,0.061842,,,,,,
train,25,623300,21463.1,0.069400,,,,,,
train,25,623400,21466.0,0.061859,,,,,,
train,25,623500,21468.9,0.066391,,,,,,
train,25,623600,21471.7,0.071143,,,,,,
train,25,623700,21474.6,0.072070,,,,,,
train,25,623800,21477.5,0.068144,,,,,,
train,25,623900,21480.3,0.067340,,,,,,
train,25,624000,21483.2,0.068715,,,,,,
train,25,624100,21486.1,0.070837,,,,,,
train,25,624200,21488.9,0.065710,,,,,,
train,25,624300,21491.8,0.065644,,,,,,
train,25,624400,21494.6,0.070892,,,,,,
train,25,624500,21497.5,0.071319,,,,,,
train,25,624600,21500.4,0.068957,,,,,,
train,25,624700,21503.2,0.070587,,,,,,
train,25,624800,21506.1,nan,,,,,,
train,25,624900,21508.9,0.064288,,,,,,
train,25,625000,21511.8,0.063103,,,,,,
train,25,625100,21514.7,0.070144,,,,,,
train,25,625200,21517.5,0.066154,,,,,,
train,25,625300,21520.4,0.065690,,,,,,
train,25,625400,21523.2,0.070244,,,,,,
train,25,625500,21526.1,0.069918,,,,,,
train,25,625600,21529.0,0.064586,,,,,,
train,25,625700,21531.8,0.065704,,,,,,
train,25,625800,21534.7,0.069035,,,,,,
train,25,625900,21537.6,0.064941,,,,,,
train,25,626000,21540.4,0.059948,,,,,,
train,25,626100,21543.3,0.070591,,,,,,
train,25,626200,21546.1,0.066111,,,,,,
train,25,626300,21549.0,0.063835,,,,,,
train,25,626400,21551.9,0.063064,,,,,,
train,25,626500,21554.7,0.065968,,,,,,
train,25,626600,21557.6,0.068425,,,,,,
train,25,626700,21560.5,0.067378,,,,,,
train,25,626800,21563.3,0.067553,,,,,,
train,25,626900,21566.2,0.061917,,,,,,
train,25,627000,21569.1,0.062910,,,,,,
train,25,627100,21571.9,0.065741,,,,,,
train,25,627200,21574.8,0.064241,,,,,,
train,25,627300,21577.7,0.068023,,,,,,
train,25,627400,21580.5,0.068997,,,,,,
train,25,627500,21583.4,0.067779,,,,,,
train,25,627600,21586.3,0.071054,,,,,,
train,25,627700,21589.1,0.062713,,,,,,
train,25,627800,21592.0,0.065756,,,,,,
train,25,627900,21594.9,0.065444,,,,,,
train,25,628000,21597.7,0.068122,,,,,,
train,25,628100,21600.6,0.069022,,,,,,
train,25,628200,21603.4,0.065186,,,,,,
train,25,628300,21606.3,0.066107,,,,,,
train,25,628400,21609.2,0.065640,,,,,,
train,25,628500,21612.0,0.067257,,,,,,
train,25,628600,21614.9,0.066694,,,,,,
train,25,628700,21617.8,0.068811,,,,,,
train,25,628800,21620.6,0.064753,,,,,,
train,25,628900,21623.5,0.070370,,,,,,
train,25,629000,21626.4,0.069131,,,,,,
train,25,629100,21629.2,0.064510,,,,,,
train,25,629200,21632.1,0.064428,,,,,,
train,25,629300,21635.0,0.067212,,,,,,
train,25,629400,21637.8,0.063592,,,,,,
train,25,629500,21640.7,0.068956,,,,,,
train,25,629600,21643.6,0.068115,,,,,,
train,25,629700,21646.4,0.066117,,,,,,
train,25,629800,21649.3,0.068135,,,,,,
train,25,629900,21652.2,0.066570,,,,,,
train,25,630000,21655.0,0.064594,,,,,,
train,25,630100,21657.9,0.064417,,,,,,
train,25,630200,21660.7,0.063786,,,,,,
train,25,630300,21663.6,0.067228,,,,,,
train,25,630400,21666.5,0.064991,,,,,,
train,25,630500,21669.3,0.063097,,,,,,
train,25,630600,21672.2,0.064193,,,,,,
train,25,630700,21675.1,0.067955,,,,,,
train,25,630800,21677.9,0.063418,,,,,,
train,25,630900,21680.8,0.067185,,,,,,
train,25,631000,21683.7,0.065954,,,,,,
train,25,631100,21686.5,0.070304,,,,,,
train,25,631200,21689.4,0.068167,,,,,,
train,25,631300,21692.2,0.068588,,,,,,
train,25,631400,21695.1,0.065169,,,,,,
train,25,631500,21697.9,0.067166,,,,,,
train,25,631600,21700.8,0.069070,,,,,,
train,25,631700,21703.7,0.067307,,,,,,
train,25,631800,21706.5,0.064526,,,,,,
train,25,631900,21709.5,0.064363,,,,,,
train,25,632000,21712.3,0.064297,,,,,,
train,25,632100,21715.2,0.074324,,,,,,
train,25,632200,21718.1,0.071167,,,,,,
train,25,632300,21720.9,0.061907,,,,,,
train,25,632400,21723.8,0.063564,,,,,,
train,25,632500,21726.7,0.064001,,,,,,
train,25,632600,21729.5,0.067841,,,,,,
train,25,632700,21732.4,0.068158,,,,,,
train,25,632800,21735.3,0.066772,,,,,,
train,25,632900,21738.1,0.074016,,,,,,
train,25,633000,21741.0,0.068631,,,,,,
train,25,633100,21743.8,0.068356,,,,,,
train,25,633200,21746.7,0.069979,,,,,,
train,25,633300,21749.6,0.066334,,,,,,
train,25,633400,21752.4,0.067689,,,,,,
train,25,633500,21755.3,0.068789,,,,,,
train,25,633600,21758.2,0.061561,,,,,,
train,25,633700,21761.0,0.065587,,,,,,
train,25,633800,21763.9,0.062388,,,,,,
train,25,633900,21766.8,0.068651,,,,,,
train,25,634000,21769.6,0.065122,,,,,,
train,25,634100,21772.5,0.064282,,,,,,
train,25,634200,21775.4,0.063895,,,,,,
train,25,634300,21778.2,0.068459,,,,,,
train,25,634400,21781.1,0.064441,,,,,,
train,25,634500,21783.9,0.062020,,,,,,
train,25,634600,21786.8,0.065926,,,,,,
train,25,634700,21789.7,0.065665,,,,,,
train,25,634800,21792.8,0.063597,,,,,,
train,25,634900,21795.9,0.066173,,,,,,
train,25,635000,21798.7,0.065348,,,,,,
train,25,635100,21801.6,0.063808,,,,,,
train,25,635200,21804.5,0.069563,,,,,,
train,25,635300,21807.3,0.069976,,,,,,
train,25,635400,21810.2,0.067362,,,,,,
train,25,635500,21813.1,0.060084,,,,,,
val,25,,21957.9,0.064646,0.004116,0.000035,0.010965,0.049516,35.4748,0.952661
train,26,635644,21961.9,0.066638,,,,,,
train,26,635744,21964.8,0.070398,,,,,,
train,26,635844,21967.7,0.067707,,,,,,
train,26,635944,21970.5,0.067191,,,,,,
train,26,636044,21973.4,0.063730,,,,,,
train,26,636144,21976.3,0.066968,,,,,,
train,26,636244,21979.1,0.069595,,,,,,
train,26,636344,21982.0,0.069860,,,,,,
train,26,636444,21984.8,0.063227,,,,,,
train,26,636544,21987.7,0.065715,,,,,,
train,26,636644,21990.5,0.065027,,,,,,
train,26,636744,21993.4,0.068273,,,,,,
train,26,636844,21996.3,0.069600,,,,,,
train,26,636944,21999.1,0.067614,,,,,,
train,26,637044,22002.0,0.071178,,,,,,
train,26,637144,22004.8,0.062615,,,,,,
train,26,637244,22007.7,0.068339,,,,,,
train,26,637344,22010.6,0.060967,,,,,,
train,26,637444,22013.4,0.068716,,,,,,
train,26,637544,22016.3,0.069378,,,,,,
train,26,637644,22019.1,0.065725,,,,,,
train,26,637744,22022.0,0.065352,,,,,,
train,26,637844,22024.9,0.067844,,,,,,
train,26,637944,22027.7,0.066361,,,,,,
train,26,638044,22030.6,0.062041,,,,,,
train,26,638144,22033.4,0.066718,,,,,,
train,26,638244,22036.3,0.066779,,,,,,
train,26,638344,22039.2,0.064636,,,,,,
train,26,638444,22042.0,0.066999,,,,,,
train,26,638544,22044.9,0.068763,,,,,,
train,26,638644,22047.7,0.065331,,,,,,
train,26,638744,22050.6,0.066440,,,,,,
train,26,638844,22053.5,0.071210,,,,,,
train,26,638944,22056.3,0.065277,,,,,,
train,26,639044,22059.2,0.066121,,,,,,
train,26,639144,22062.0,0.066413,,,,,,
train,26,639244,22064.9,0.065400,,,,,,
train,26,639344,22067.7,0.066950,,,,,,
train,26,639444,22070.6,0.066419,,,,,,
train,26,639544,22073.4,0.064865,,,,,,
train,26,639644,22076.3,0.064079,,,,,,
train,26,639744,22079.1,0.065690,,,,,,
train,26,639844,22082.0,0.063415,,,,,,
train,26,639944,22084.8,0.066752,,,,,,
train,26,640044,22087.7,0.066259,,,,,,
train,26,640144,22090.5,0.060288,,,,,,
train,26,640244,22093.4,0.069404,,,,,,
train,26,640344,22096.2,0.065835,,,,,,
train,26,640444,22099.1,0.068256,,,,,,
train,26,640544,22102.0,0.067428,,,,,,
train,26,640644,22104.8,0.074266,,,,,,
train,26,640744,22107.7,0.064515,,,,,,
train,26,640844,22110.5,0.068109,,,,,,
train,26,640944,22113.4,0.071190,,,,,,
train,26,641044,22116.2,0.064712,,,,,,
train,26,641144,22119.1,0.066715,,,,,,
train,26,641244,22121.9,0.067898,,,,,,
train,26,641344,22124.8,0.067052,,,,,,
train,26,641444,22127.7,0.064468,,,,,,
train,26,641544,22130.5,0.061187,,,,,,
train,26,641644,22133.4,0.069296,,,,,,
train,26,641744,22136.2,0.067191,,,,,,
train,26,641844,22139.1,0.068777,,,,,,
train,26,641944,22141.9,0.066712,,,,,,
train,26,642044,22144.8,0.067546,,,,,,
train,26,642144,22147.7,0.061489,,,,,,
train,26,642244,22150.5,0.063850,,,,,,
train,26,642344,22153.4,0.065028,,,,,,
train,26,642444,22156.2,0.063716,,,,,,
train,26,642544,22159.1,0.067257,,,,,,
train,26,642644,22162.0,0.069960,,,,,,
train,26,642744,22164.8,0.062833,,,,,,
train,26,642844,22167.7,0.063582,,,,,,
train,26,642944,22170.6,0.068387,,,,,,
train,26,643044,22173.4,0.068956,,,,,,
train,26,643144,22176.3,0.071286,,,,,,
train,26,643244,22179.1,0.064953,,,,,,
train,26,643344,22182.0,0.064983,,,,,,
train,26,643444,22184.9,0.070619,,,,,,
train,26,643544,22187.7,0.070934,,,,,,
train,26,643644,22190.6,0.064865,,,,,,
train,26,643744,22193.5,0.061609,,,,,,
train,26,643844,22196.3,0.066718,,,,,,
train,26,643944,22199.2,0.064733,,,,,,
train,26,644044,22202.1,0.069990,,,,,,
train,26,644144,22204.9,0.066465,,,,,,
train,26,644244,22207.8,0.069267,,,,,,
train,26,644344,22210.6,0.064291,,,,,,
train,26,644444,22213.5,0.065624,,,,,,
train,26,644544,22216.3,0.068093,,,,,,
train,26,644644,22219.2,0.066035,,,,,,
train,26,644744,22222.1,0.067503,,,,,,
train,26,644844,22224.9,0.065973,,,,,,
train,26,644944,22227.8,0.068150,,,,,,
train,26,645044,22230.6,0.065766,,,,,,
train,26,645144,22233.5,0.068961,,,,,,
train,26,645244,22236.4,0.067154,,,,,,
train,26,645344,22239.2,0.066310,,,,,,
train,26,645444,22242.1,0.065149,,,,,,
train,26,645544,22244.9,0.063424,,,,,,
train,26,645644,22247.8,0.066283,,,,,,
train,26,645744,22250.7,0.064875,,,,,,
train,26,645844,22253.5,0.063725,,,,,,
train,26,645944,22256.4,0.065081,,,,,,
train,26,646044,22259.3,0.068678,,,,,,
train,26,646144,22262.2,0.066068,,,,,,
train,26,646244,22265.0,0.063222,,,,,,
train,26,646344,22267.9,0.063489,,,,,,
train,26,646444,22270.7,0.071082,,,,,,
train,26,646544,22273.6,0.071452,,,,,,
train,26,646644,22276.5,0.062179,,,,,,
train,26,646744,22279.4,0.064098,,,,,,
train,26,646844,22282.3,0.063431,,,,,,
train,26,646944,22285.1,0.063600,,,,,,
train,26,647044,22288.0,0.068716,,,,,,
train,26,647144,22290.8,0.070756,,,,,,
train,26,647244,22293.7,0.066160,,,,,,
train,26,647344,22296.5,0.063780,,,,,,
train,26,647444,22299.4,0.063695,,,,,,
train,26,647544,22302.3,0.064918,,,,,,
train,26,647644,22305.1,0.069836,,,,,,
train,26,647744,22308.0,0.068344,,,,,,
train,26,647844,22310.8,0.067028,,,,,,
train,26,647944,22313.7,0.065588,,,,,,
train,26,648044,22316.5,0.063631,,,,,,
train,26,648144,22319.4,0.068561,,,,,,
train,26,648244,22322.3,0.066008,,,,,,
train,26,648344,22325.1,0.066825,,,,,,
train,26,648444,22328.0,0.065314,,,,,,
train,26,648544,22330.8,0.065392,,,,,,
train,26,648644,22333.7,0.067351,,,,,,
train,26,648744,22336.6,0.068508,,,,,,
train,26,648844,22339.4,0.067523,,,,,,
train,26,648944,22342.3,0.067440,,,,,,
train,26,649044,22345.1,0.062542,,,,,,
train,26,649144,22348.0,0.067279,,,,,,
train,26,649244,22350.9,0.065619,,,,,,
train,26,649344,22353.7,0.067734,,,,,,
train,26,649444,22356.6,0.066701,,,,,,
train,26,649544,22359.4,0.064329,,,,,,
train,26,649644,22362.3,0.067166,,,,,,
train,26,649744,22365.1,0.067744,,,,,,
train,26,649844,22368.0,0.066121,,,,,,
train,26,649944,22370.8,0.061425,,,,,,
train,26,650044,22373.7,0.066915,,,,,,
train,26,650144,22376.6,0.068249,,,,,,
train,26,650244,22379.4,0.067225,,,,,,
train,26,650344,22382.3,0.067600,,,,,,
train,26,650444,22385.1,nan,,,,,,
train,26,650544,22388.0,0.066556,,,,,,
train,26,650644,22390.9,0.063985,,,,,,
train,26,650744,22393.7,0.068019,,,,,,
train,26,650844,22396.6,0.071686,,,,,,
train,26,650944,22399.5,0.070233,,,,,,
train,26,651044,22402.3,0.062602,,,,,,
train,26,651144,22405.2,0.067784,,,,,,
train,26,651244,22408.0,0.067579,,,,,,
train,26,651344,22410.9,0.067194,,,,,,
train,26,651444,22413.8,0.062931,,,,,,
train,26,651544,22416.6,0.065989,,,,,,
train,26,651644,22419.5,0.066094,,,,,,
train,26,651744,22422.3,0.067208,,,,,,
train,26,651844,22425.2,0.062792,,,,,,
train,26,651944,22428.0,0.070029,,,,,,
train,26,652044,22430.9,0.065121,,,,,,
train,26,652144,22433.8,0.066859,,,,,,
train,26,652244,22436.6,0.066450,,,,,,
train,26,652344,22439.5,0.062701,,,,,,
train,26,652444,22442.3,0.069381,,,,,,
train,26,652544,22445.2,0.063919,,,,,,
train,26,652644,22448.0,0.065134,,,,,,
train,26,652744,22452.0,0.065718,,,,,,
train,26,652844,22454.9,0.067265,,,,,,
train,26,652944,22457.7,0.071891,,,,,,
train,26,653044,22460.6,0.065124,,,,,,
train,26,653144,22463.4,0.065125,,,,,,
train,26,653244,22466.3,0.064103,,,,,,
train,26,653344,22469.2,0.060882,,,,,,
train,26,653444,22472.0,0.062097,,,,,,
train,26,653544,22474.9,0.072178,,,,,,
train,26,653644,22477.8,0.061292,,,,,,
train,26,653744,22480.9,0.068096,,,,,,
train,26,653844,22483.7,0.067223,,,,,,
train,26,653944,22486.6,0.068737,,,,,,
train,26,654044,22489.4,0.072686,,,,,,
train,26,654144,22492.3,0.067520,,,,,,
train,26,654244,22495.1,0.065649,,,,,,
train,26,654344,22498.0,0.068068,,,,,,
train,26,654444,22500.9,0.066871,,,,,,
train,26,654544,22503.7,0.067977,,,,,,
train,26,654644,22506.6,0.068609,,,,,,
train,26,654744,22509.4,0.065481,,,,,,
train,26,654844,22512.3,0.066648,,,,,,
train,26,654944,22515.2,0.064319,,,,,,
train,26,655044,22518.0,0.071200,,,,,,
train,26,655144,22520.9,0.069791,,,,,,
train,26,655244,22523.7,0.066888,,,,,,
train,26,655344,22526.6,0.061812,,,,,,
train,26,655444,22529.5,0.066856,,,,,,
train,26,655544,22532.3,0.070596,,,,,,
train,26,655644,22535.2,0.065668,,,,,,
train,26,655744,22538.0,0.068822,,,,,,
train,26,655844,22540.9,0.067301,,,,,,
train,26,655944,22543.8,0.068756,,,,,,
train,26,656044,22546.6,0.073644,,,,,,
train,26,656144,22549.5,0.067925,,,,,,
train,26,656244,22552.3,0.068902,,,,,,
train,26,656344,22555.2,0.067657,,,,,,
train,26,656444,22558.1,0.067619,,,,,,
train,26,656544,22560.9,0.067637,,,,,,
train,26,656644,22563.8,0.063508,,,,,,
train,26,656744,22566.6,0.065129,,,,,,
train,26,656844,22569.5,0.066214,,,,,,
train,26,656944,22572.4,0.063296,,,,,,
train,26,657044,22575.2,0.066043,,,,,,
train,26,657144,22578.1,0.064098,,,,,,
train,26,657244,22580.9,0.066340,,,,,,
train,26,657344,22584.2,0.067233,,,,,,
train,26,657444,22587.0,0.067712,,,,,,
train,26,657544,22589.9,0.075163,,,,,,
train,26,657644,22592.7,0.066542,,,,,,
train,26,657744,22595.6,0.070767,,,,,,
train,26,657844,22598.5,0.065605,,,,,,
train,26,657944,22601.3,0.064597,,,,,,
train,26,658044,22604.2,0.069175,,,,,,
train,26,658144,22607.1,0.067399,,,,,,
train,26,658244,22609.9,0.066555,,,,,,
train,26,658344,22612.8,0.067017,,,,,,
train,26,658444,22615.6,0.067082,,,,,,
train,26,658544,22618.5,0.069037,,,,,,
train,26,658644,22621.4,0.064047,,,,,,
train,26,658744,22624.2,0.067513,,,,,,
train,26,658844,22627.1,0.068211,,,,,,
train,26,658944,22629.9,0.062960,,,,,,
train,26,659044,22632.8,0.064055,,,,,,
train,26,659144,22635.7,0.065392,,,,,,
train,26,659244,22638.5,0.069357,,,,,,
train,26,659344,22641.4,0.068134,,,,,,
train,26,659444,22644.2,0.068426,,,,,,
train,26,659544,22647.1,0.065296,,,,,,
train,26,659644,22650.0,0.065318,,,,,,
train,26,659744,22652.8,0.063081,,,,,,
train,26,659844,22655.7,0.062155,,,,,,
train,26,659944,22658.5,0.070760,,,,,,
val,26,,22803.3,0.064673,0.004107,0.000035,0.010900,0.049419,35.5215,0.952757
train,27,660088,22807.0,0.067991,,,,,,
train,27,660188,22809.8,0.066151,,,,,,
train,27,660288,22812.7,0.066794,,,,,,
train,27,660388,22815.5,0.069030,,,,,,
train,27,660488,22818.4,0.066463,,,,,,
train,27,660588,22821.3,0.065064,,,,,,
train,27,660688,22824.1,0.068303,,,,,,
train,27,660788,22827.0,0.067085,,,,,,
train,27,660888,22829.8,0.063799,,,,,,
train,27,660988,22832.7,0.069394,,,,,,
train,27,661088,22835.6,0.068163,,,,,,
train,27,661188,22838.4,0.064858,,,,,,
train,27,661288,22841.3,0.066958,,,,,,
train,27,661388,22844.1,0.063496,,,,,,
train,27,661488,22847.0,0.066030,,,,,,
train,27,661588,22849.8,0.065202,,,,,,
train,27,661688,22852.7,0.067694,,,,,,
train,27,661788,22855.5,0.067824,,,,,,
train,27,661888,22858.4,0.064071,,,,,,
train,27,661988,22861.2,0.073321,,,,,,
train,27,662088,22864.1,0.067976,,,,,,
train,27,662188,22866.9,0.065361,,,,,,
train,27,662288,22869.8,0.064576,,,,,,
train,27,662388,22872.6,0.064603,,,,,,
train,27,662488,22875.5,0.068693,,,,,,
train,27,662588,22878.3,0.067927,,,,,,
train,27,662688,22881.2,0.065668,,,,,,
train,27,662788,22884.0,0.066204,,,,,,
train,27,662888,22886.9,0.064862,,,,,,
train,27,662988,22889.8,0.071069,,,,,,
train,27,663088,22892.6,0.062078,,,,,,
train,27,663188,22895.5,0.066355,,,,,,
train,27,663288,22898.3,0.069550,,,,,,
train,27,663388,22901.2,0.062764,,,,,,
train,27,663488,22904.0,0.067836,,,,,,
train,27,663588,22906.9,0.062975,,,,,,
train,27,663688,22909.7,0.063157,,,,,,
train,27,663788,22912.6,0.066048,,,,,,
train,27,663888,22915.4,0.066828,,,,,,
train,27,663988,22918.3,0.065852,,,,,,
train,27,664088,22921.2,0.069961,,,,,,
train,27,664188,22924.0,0.064350,,,,,,
train,27,664288,22926.9,0.066362,,,,,,
train,27,664388,22929.7,0.064940,,,,,,
train,27,664488,22932.6,0.063906,,,,,,
train,27,664588,22935.4,0.068222,,,,,,
train,27,664688,22938.3,0.068181,,,,,,
train,27,664788,22941.2,0.065760,,,,,,
train,27,664888,22944.0,0.064978,,,,,,
train,27,664988,22946.9,0.067986,,,,,,
train,27,665088,22949.7,0.061829,,,,,,
train,27,665188,22952.6,0.068422,,,,,,
train,27,665288,22955.4,0.065491,,,,,,
train,27,665388,22958.3,0.065847,,,,,,
train,27,665488,22961.2,0.068228,,,,,,
train,27,665588,22964.0,0.064765,,,,,,
train,27,665688,22966.9,0.063407,,,,,,
train,27,665788,22969.7,0.068190,,,,,,
train,27,665888,22972.6,0.070550,,,,,,
train,27,665988,22975.4,0.064238,,,,,,
train,27,666088,22978.3,0.067736,,,,,,
train,27,666188,22981.1,0.070353,,,,,,
train,27,666288,22984.0,0.068142,,,,,,
train,27,666388,22986.9,0.062913,,,,,,
train,27,666488,22989.7,0.068888,,,,,,
train,27,666588,22992.6,0.065885,,,,,,
train,27,666688,22995.7,0.066860,,,,,,
train,27,666788,22998.8,0.070304,,,,,,
train,27,666888,23001.7,0.067392,,,,,,
train,27,666988,23004.5,0.071392,,,,,,
train,27,667088,23007.4,0.062665,,,,,,
train,27,667188,23010.2,0.067956,,,,,,
train,27,667288,23013.1,0.063628,,,,,,
train,27,667388,23016.0,0.064396,,,,,,
train,27,667488,23018.8,0.063656,,,,,,
train,27,667588,23021.7,0.060456,,,,,,
train,27,667688,23024.5,0.064932,,,,,,
train,27,667788,23027.4,0.062779,,,,,,
train,27,667888,23030.2,0.075024,,,,,,
train,27,667988,23033.1,0.062081,,,,,,
train,27,668088,23036.0,0.068884,,,,,,
train,27,668188,23038.8,0.064492,,,,,,
train,27,668288,23041.7,0.061908,,,,,,
train,27,668388,23044.5,0.068496,,,,,,
train,27,668488,23047.4,0.064760,,,,,,
train,27,668588,23050.3,0.062685,,,,,,
train,27,668688,23053.1,0.065134,,,,,,
train,27,668788,23056.4,0.066279,,,,,,
train,27,668888,23059.2,0.066234,,,,,,
train,27,668988,23062.1,0.066929,,,,,,
train,27,669088,23064.9,0.068136,,,,,,
train,27,669188,23067.8,0.068921,,,,,,
train,27,669288,23070.7,0.065995,,,,,,
train,27,669388,23073.5,0.066604,,,,,,
train,27,669488,23076.4,0.066626,,,,,,
train,27,669588,23079.2,0.061732,,,,,,
train,27,669688,23082.1,0.062786,,,,,,
train,27,669788,23085.0,0.068749,,,,,,
train,27,669888,23087.8,0.067095,,,,,,
train,27,669988,23090.7,0.069886,,,,,,
train,27,670088,23093.5,0.068495,,,,,,
train,27,670188,23096.4,0.062605,,,,,,
train,27,670288,23099.3,0.068080,,,,,,
train,27,670388,23102.1,0.061938,,,,,,
train,27,670488,23105.0,0.065710,,,,,,
train,27,670588,23107.8,0.061007,,,,,,
train,27,670688,23110.7,0.063369,,,,,,
train,27,670788,23113.6,0.064229,,,,,,
train,27,670888,23116.4,0.065310,,,,,,
train,27,670988,23119.3,0.063389,,,,,,
train,27,671088,23122.1,0.066157,,,,,,
train,27,671188,23125.0,0.068433,,,,,,
train,27,671288,23127.8,0.066122,,,,,,
train,27,671388,23130.7,0.070826,,,,,,
train,27,671488,23133.5,0.071933,,,,,,
train,27,671588,23136.4,0.063941,,,,,,
train,27,671688,23139.2,0.070069,,,,,,
train,27,671788,23142.1,0.065297,,,,,,
train,27,671888,23145.0,0.064444,,,,,,
train,27,671988,23147.8,0.064742,,,,,,
train,27,672088,23150.7,0.063931,,,,,,
train,27,672188,23153.5,0.062256,,,,,,
train,27,672288,23156.4,0.064706,,,,,,
train,27,672388,23159.2,0.070519,,,,,,
train,27,672488,23162.1,0.067213,,,,,,
train,27,672588,23165.0,0.066186,,,,,,
train,27,672688,23167.8,0.064278,,,,,,
train,27,672788,23171.0,0.070979,,,,,,
train,27,672888,23173.9,nan,,,,,,
train,27,672988,23176.7,0.073729,,,,,,
train,27,673088,23179.8,0.068054,,,,,,
train,27,673188,23182.6,0.067052,,,,,,
train,27,673288,23185.5,0.062756,,,,,,
train,27,673388,23188.4,0.064715,,,,,,
train,27,673488,23191.2,0.064130,,,,,,
train,27,673588,23194.1,0.066990,,,,,,
train,27,673688,23196.9,0.063091,,,,,,
train,27,673788,23199.8,0.067536,,,,,,
train,27,673888,23202.7,0.063763,,,,,,
train,27,673988,23205.5,0.071051,,,,,,
train,27,674088,23208.8,0.063950,,,,,,
train,27,674188,23211.6,0.068226,,,,,,
train,27,674288,23214.5,0.067245,,,,,,
train,27,674388,23217.3,0.065140,,,,,,
train,27,674488,23220.2,0.068798,,,,,,
train,27,674588,23223.0,0.066833,,,,,,
train,27,674688,23225.9,0.065047,,,,,,
train,27,674788,23228.8,0.065191,,,,,,
train,27,674888,23231.6,0.067165,,,,,,
train,27,674988,23234.5,0.068914,,,,,,
train,27,675088,23237.3,0.064177,,,,,,
train,27,675188,23240.2,0.068806,,,,,,
train,27,675288,23243.1,0.067261,,,,,,
train,27,675388,23245.9,0.067485,,,,,,
train,27,675488,23248.8,0.064495,,,,,,
train,27,675588,23251.7,0.062123,,,,,,
train,27,675688,23254.6,0.067219,,,,,,
train,27,675788,23257.5,0.067253,,,,,,
train,27,675888,23260.3,0.069837,,,,,,
train,27,675988,23263.2,0.067420,,,,,,
train,27,676088,23266.0,0.063464,,,,,,
train,27,676188,23268.9,0.065605,,,,,,
train,27,676288,23271.7,0.066073,,,,,,
train,27,676388,23274.6,0.064300,,,,,,
train,27,676488,23277.4,0.067548,,,,,,
train,27,676588,23280.3,0.065757,,,,,,
train,27,676688,23283.2,0.071377,,,,,,
train,27,676788,23286.0,0.066690,,,,,,
train,27,676888,23288.9,0.064870,,,,,,
train,27,676988,23291.7,0.066660,,,,,,
train,27,677088,23294.6,0.066810,,,,,,
train,27,677188,23297.4,0.069445,,,,,,
train,27,677288,23300.3,0.064510,,,,,,
train,27,677388,23303.2,0.066513,,,,,,
train,27,677488,23306.0,0.064440,,,,,,
train,27,677588,23308.9,0.065634,,,,,,
train,27,677688,23311.7,0.067933,,,,,,
train,27,677788,23314.6,0.069235,,,,,,
train,27,677888,23317.4,0.062924,,,,,,
train,27,677988,23320.3,0.064474,,,,,,
train,27,678088,23323.1,0.065167,,,,,,
train,27,678188,23326.0,0.066915,,,,,,
train,27,678288,23328.9,0.065526,,,,,,
train,27,678388,23331.7,0.068911,,,,,,
train,27,678488,23334.6,0.066233,,,,,,
train,27,678588,23337.4,0.066309,,,,,,
train,27,678688,23340.3,0.065228,,,,,,
train,27,678788,23343.1,0.068517,,,,,,
train,27,678888,23346.0,0.064272,,,,,,
train,27,678988,23348.8,0.072350,,,,,,
train,27,679088,23351.7,0.068644,,,,,,
train,27,679188,23354.5,0.066256,,,,,,
train,27,679288,23357.4,0.061937,,,,,,
train,27,679388,23360.2,0.068708,,,,,,
train,27,679488,23363.1,0.066413,,,,,,
train,27,679588,23366.0,0.067281,,,,,,
train,27,679688,23368.8,0.067019,,,,,,
train,27,679788,23371.7,0.063802,,,,,,
train,27,679888,23374.5,0.064569,,,,,,
train,27,679988,23377.4,0.063453,,,,,,
train,27,680088,23380.3,0.063933,,,,,,
train,27,680188,23383.1,0.066703,,,,,,
train,27,680288,23386.0,0.064466,,,,,,
train,27,680388,23388.8,0.069639,,,,,,
train,27,680488,23391.7,0.069919,,,,,,
train,27,680588,23394.5,0.064824,,,,,,
train,27,680688,23397.4,0.066277,,,,,,
train,27,680788,23400.3,0.062109,,,,,,
train,27,680888,23403.1,0.063016,,,,,,
train,27,680988,23406.0,0.066991,,,,,,
train,27,681088,23408.8,0.063865,,,,,,
train,27,681188,23411.7,0.067926,,,,,,
train,27,681288,23414.6,0.067956,,,,,,
train,27,681388,23417.4,0.069772,,,,,,
train,27,681488,23420.3,0.061669,,,,,,
train,27,681588,23423.1,0.065137,,,,,,
train,27,681688,23426.0,0.069691,,,,,,
train,27,681788,23428.8,0.067858,,,,,,
train,27,681888,23431.7,0.067688,,,,,,
train,27,681988,23434.6,0.064325,,,,,,
train,27,682088,23437.4,0.065216,,,,,,
train,27,682188,23440.3,0.063418,,,,,,
train,27,682288,23443.1,0.063396,,,,,,
train,27,682388,23446.0,0.066103,,,,,,
train,27,682488,23448.8,0.065825,,,,,,
train,27,682588,23451.7,0.068523,,,,,,
train,27,682688,23454.6,0.074671,,,,,,
train,27,682788,23457.4,0.066777,,,,,,
train,27,682888,23460.3,0.062496,,,,,,
train,27,682988,23463.1,0.062998,,,,,,
train,27,683088,23466.0,0.067159,,,,,,
train,27,683188,23468.8,0.063423,,,,,,
train,27,683288,23471.7,0.071228,,,,,,
train,27,683388,23474.5,0.065574,,,,,,
train,27,683488,23477.6,0.062979,,,,,,
train,27,683588,23480.4,0.070680,,,,,,
train,27,683688,23483.3,0.066607,,,,,,
train,27,683788,23486.1,0.069354,,,,,,
train,27,683888,23489.0,0.066610,,,,,,
train,27,683988,23492.0,0.069836,,,,,,
train,27,684088,23494.9,0.066099,,,,,,
train,27,684188,23497.8,0.062563,,,,,,
train,27,684288,23500.6,0.067829,,,,,,
train,27,684388,23503.5,0.062929,,,,,,
val,27,,23648.2,0.064396,0.004101,0.000035,0.010894,0.049406,35.5229,0.952880
train,28,684532,23652.2,0.068677,,,,,,
train,28,684632,23655.1,0.062325,,,,,,
train,28,684732,23658.0,0.063758,,,,,,
train,28,684832,23660.8,0.066943,,,,,,
train,28,684932,23663.7,0.060829,,,,,,
train,28,685032,23666.5,0.066192,,,,,,
train,28,685132,23669.4,0.063681,,,,,,
train,28,685232,23672.2,0.066640,,,,,,
train,28,685332,23675.1,0.061032,,,,,,
train,28,685432,23678.0,0.063853,,,,,,
train,28,685532,23680.8,0.065958,,,,,,
train,28,685632,23683.7,0.067519,,,,,,
train,28,685732,23686.5,0.066724,,,,,,
train,28,685832,23689.4,0.067149,,,,,,
train,28,685932,23692.3,0.070707,,,,,,
train,28,686032,23695.1,0.069828,,,,,,
train,28,686132,23698.0,0.061828,,,,,,
train,28,686232,23700.8,0.067482,,,,,,
train,28,686332,23703.7,0.066403,,,,,,
train,28,686432,23706.5,0.063495,,,,,,
train,28,686532,23709.4,0.061153,,,,,,
train,28,686632,23712.2,0.062958,,,,,,
train,28,686732,23715.1,0.069108,,,,,,
train,28,686832,23718.0,nan,,,,,,
train,28,686932,23720.8,0.063864,,,,,,
train,28,687032,23723.7,0.060941,,,,,,
train,28,687132,23726.5,0.064569,,,,,,
train,28,687232,23729.4,0.066496,,,,,,
train,28,687332,23732.2,0.067698,,,,,,
train,28,687432,23735.1,0.061465,,,,,,
train,28,687532,23737.9,0.067238,,,,,,
train,28,687632,23740.8,0.064858,,,,,,
train,28,687732,23743.6,0.064399,,,,,,
train,28,687832,23746.5,0.065355,,,,,,
train,28,687932,23749.4,0.068081,,,,,,
train,28,688032,23752.2,0.068651,,,,,,
train,28,688132,23755.1,0.066050,,,,,,
train,28,688232,23757.9,0.064320,,,,,,
train,28,688332,23760.8,0.064818,,,,,,
train,28,688432,23763.6,0.065815,,,,,,
train,28,688532,23766.5,0.067184,,,,,,
train,28,688632,23769.4,0.069942,,,,,,
train,28,688732,23772.4,0.063584,,,,,,
train,28,688832,23775.2,0.067782,,,,,,
train,28,688932,23778.1,0.071008,,,,,,
train,28,689032,23780.9,0.068070,,,,,,
train,28,689132,23783.8,0.066691,,,,,,
train,28,689232,23786.7,0.068451,,,,,,
train,28,689332,23789.5,0.069540,,,,,,
train,28,689432,23792.4,0.063693,,,,,,
train,28,689532,23795.2,0.065746,,,,,,
train,28,689632,23798.1,0.066935,,,,,,
train,28,689732,23800.9,0.064364,,,,,,
train,28,689832,23803.8,0.065584,,,,,,
train,28,689932,23806.7,0.071300,,,,,,
train,28,690032,23809.5,0.069446,,,,,,
train,28,690132,23812.4,0.062610,,,,,,
train,28,690232,23815.2,0.066648,,,,,,
train,28,690332,23818.1,0.068331,,,,,,
train,28,690432,23820.9,0.062241,,,,,,
train,28,690532,23823.8,0.064347,,,,,,
train,28,690632,23826.7,0.065462,,,,,,
train,28,690732,23829.5,0.062403,,,,,,
train,28,690832,23832.4,0.067301,,,,,,
train,28,690932,23835.2,0.066385,,,,,,
train,28,691032,23838.1,0.066388,,,,,,
train,28,691132,23841.0,0.063123,,,,,,
train,28,691232,23843.8,0.064278,,,,,,
train,28,691332,23846.7,0.067766,,,,,,
train,28,691432,23849.5,0.067314,,,,,,
train,28,691532,23852.4,0.065733,,,,,,
train,28,691632,23855.3,0.067880,,,,,,
train,28,691732,23858.1,0.066050,,,,,,
train,28,691832,23861.0,0.061598,,,,,,
train,28,691932,23863.8,0.066501,,,,,,
train,28,692032,23866.7,0.069552,,,,,,
train,28,692132,23869.5,0.070329,,,,,,
train,28,692232,23872.4,0.065272,,,,,,
train,28,692332,23875.3,0.070736,,,,,,
train,28,692432,23878.1,0.066267,,,,,,
train,28,692532,23881.0,0.065036,,,,,,
train,28,692632,23883.8,0.066727,,,,,,
train,28,692732,23886.7,0.064438,,,,,,
train,28,692832,23889.6,0.068023,,,,,,
train,28,692932,23892.4,0.063436,,,,,,
train,28,693032,23895.3,0.066574,,,,,,
train,28,693132,23898.1,0.069526,,,,,,
train,28,693232,23901.0,0.067590,,,,,,
train,28,693332,23903.8,0.066183,,,,,,
train,28,693432,23906.7,0.064087,,,,,,
train,28,693532,23909.5,0.069561,,,,,,
train,28,693632,23912.4,0.067384,,,,,,
train,28,693732,23915.2,0.069502,,,,,,
train,28,693832,23918.1,0.071443,,,,,,
train,28,693932,23921.0,0.063192,,,,,,
train,28,694032,23923.8,0.068670,,,,,,
train,28,694132,23926.7,0.065092,,,,,,
train,28,694232,23929.5,0.066041,,,,,,
train,28,694332,23932.4,0.067922,,,,,,
train,28,694432,23935.2,0.059703,,,,,,
train,28,694532,23938.1,0.059949,,,,,,
train,28,694632,23940.9,0.065792,,,,,,
train,28,694732,23943.8,0.070966,,,,,,
train,28,694832,23946.6,0.072038,,,,,,
train,28,694932,23949.5,0.062346,,,,,,
train,28,695032,23952.4,0.068483,,,,,,
train,28,695132,23955.3,0.067132,,,,,,
train,28,695232,23958.2,0.069966,,,,,,
train,28,695332,23961.0,0.064856,,,,,,
train,28,695432,23963.9,0.067910,,,,,,
train,28,695532,23966.7,0.069117,,,,,,
train,28,695632,23969.6,0.065904,,,,,,
train,28,695732,23972.4,0.063342,,,,,,
train,28,695832,23975.3,0.062684,,,,,,
train,28,695932,23978.2,0.062271,,,,,,
train,28,696032,23981.0,0.069193,,,,,,
train,28,696132,23983.9,0.067991,,,,,,
train,28,696232,23986.7,0.065410,,,,,,
train,28,696332,23989.6,0.061678,,,,,,
train,28,696432,23992.4,0.066002,,,,,,
train,28,696532,23995.3,0.063373,,,,,,
train,28,696632,23998.1,0.069792,,,,,,
train,28,696732,24001.0,0.067431,,,,,,
train,28,696832,24003.9,0.062256,,,,,,
train,28,696932,24007.1,0.065670,,,,,,
train,28,697032,24010.0,0.066164,,,,,,
train,28,697132,24012.8,0.068184,,,,,,
train,28,697232,24015.7,0.069621,,,,,,
train,28,697332,24018.5,0.065229,,,,,,
train,28,697432,24021.4,0.065893,,,,,,
train,28,697532,24024.3,0.065784,,,,,,
train,28,697632,24027.1,0.065554,,,,,,
train,28,697732,24030.0,0.060711,,,,,,
train,28,697832,24032.8,0.067242,,,,,,
train,28,697932,24035.7,0.062529,,,,,,
train,28,698032,24038.6,0.065440,,,,,,
train,28,698132,24041.4,0.072347,,,,,,
train,28,698232,24044.3,0.063433,,,,,,
train,28,698332,24047.1,0.067286,,,,,,
train,28,698432,24050.0,0.065071,,,,,,
train,28,698532,24052.8,0.064188,,,,,,
train,28,698632,24055.7,0.066131,,,,,,
train,28,698732,24058.6,0.065514,,,,,,
train,28,698832,24061.4,0.064132,,,,,,
train,28,698932,24064.3,0.066054,,,,,,
train,28,699032,24067.1,0.064063,,,,,,
train,28,699132,24070.0,0.065717,,,,,,
train,28,699232,24072.8,0.063939,,,,,,
train,28,699332,24075.7,0.063977,,,,,,
train,28,699432,24078.6,0.063229,,,,,,
train,28,699532,24081.4,0.064910,,,,,,
train,28,699632,24084.3,0.064645,,,,,,
train,28,699732,24087.2,0.061411,,,,,,
train,28,699832,24090.0,0.065268,,,,,,
train,28,699932,24092.9,0.065712,,,,,,
train,28,700032,24095.7,0.066084,,,,,,
train,28,700132,24098.6,0.064374,,,,,,
train,28,700232,24101.4,0.064021,,,,,,
train,28,700332,24104.3,0.066926,,,,,,
train,28,700432,24107.1,0.067674,,,,,,
train,28,700532,24110.0,0.069082,,,,,,
train,28,700632,24112.9,0.062860,,,,,,
train,28,700732,24115.7,0.067878,,,,,,
train,28,700832,24118.6,0.071922,,,,,,
train,28,700932,24121.4,0.067114,,,,,,
train,28,701032,24124.3,0.068401,,,,,,
train,28,701132,24127.1,0.067079,,,,,,
train,28,701232,24130.0,0.061987,,,,,,
train,28,701332,24132.8,0.065399,,,,,,
train,28,701432,24135.7,0.065372,,,,,,
train,28,701532,24138.5,0.063785,,,,,,
train,28,701632,24141.4,0.067139,,,,,,
train,28,701732,24144.3,0.066769,,,,,,
train,28,701832,24147.1,0.065006,,,,,,
train,28,701932,24150.0,0.065491,,,,,,
train,28,702032,24152.8,0.064026,,,,,,
train,28,702132,24155.7,0.065689,,,,,,
train,28,702232,24158.5,0.063140,,,,,,
train,28,702332,24161.4,0.065696,,,,,,
train,28,702432,24164.2,0.066272,,,,,,
train,28,702532,24167.1,0.062724,,,,,,
train,28,702632,24170.0,0.063653,,,,,,
train,28,702732,24172.8,0.066829,,,,,,
train,28,702832,24175.7,0.068625,,,,,,
train,28,702932,24178.5,0.072732,,,,,,
train,28,703032,24181.4,0.067850,,,,,,
train,28,703132,24184.2,0.066944,,,,,,
train,28,703232,24187.1,0.066497,,,,,,
train,28,703332,24190.0,0.064522,,,,,,
train,28,703432,24192.8,0.063271,,,,,,
train,28,703532,24195.7,0.063483,,,,,,
train,28,703632,24198.5,0.067215,,,,,,
train,28,703732,24201.4,0.061189,,,,,,
train,28,703832,24204.2,0.065489,,,,,,
train,28,703932,24207.1,0.068587,,,,,,
train,28,704032,24210.0,0.069809,,,,,,
train,28,704132,24212.8,0.062749,,,,,,
train,28,704232,24215.7,0.067691,,,,,,
train,28,704332,24218.5,0.066551,,,,,,
train,28,704432,24221.4,0.068693,,,,,,
train,28,704532,24224.3,0.065970,,,,,,
train,28,704632,24227.1,0.063634,,,,,,
train,28,704732,24230.0,0.070577,,,,,,
train,28,704832,24232.8,0.064554,,,,,,
train,28,704932,24235.7,0.063764,,,,,,
train,28,705032,24238.6,0.065660,,,,,,
train,28,705132,24241.4,0.066332,,,,,,
train,28,705232,24244.3,0.063916,,,,,,
train,28,705332,24247.1,0.067098,,,,,,
train,28,705432,24250.0,0.065382,,,,,,
train,28,705532,24252.8,0.064453,,,,,,
train,28,705632,24255.7,0.065110,,,,,,
train,28,705732,24258.6,0.061492,,,,,,
train,28,705832,24261.4,0.068817,,,,,,
train,28,705932,24264.3,0.066218,,,,,,
train,28,706032,24267.1,0.067232,,,,,,
train,28,706132,24270.0,0.064666,,,,,,
train,28,706232,24272.8,0.070113,,,,,,
train,28,706332,24275.7,0.064884,,,,,,
train,28,706432,24278.6,0.065777,,,,,,
train,28,706532,24281.4,0.067952,,,,,,
train,28,706632,24284.3,0.065842,,,,,,
train,28,706732,24287.1,0.067390,,,,,,
train,28,706832,24290.0,0.061530,,,,,,
train,28,706932,24292.9,0.068924,,,,,,
train,28,707032,24295.7,0.064655,,,,,,
train,28,707132,24298.6,0.068579,,,,,,
train,28,707232,24301.4,0.063998,,,,,,
train,28,707332,24304.3,0.066698,,,,,,
train,28,707432,24307.2,0.066618,,,,,,
train,28,707532,24310.0,0.067237,,,,,,
train,28,707632,24312.9,0.060581,,,,,,
train,28,707732,24315.7,0.066324,,,,,,
train,28,707832,24318.6,0.065385,,,,,,
train,28,707932,24321.4,0.065975,,,,,,
train,28,708032,24324.3,0.067380,,,,,,
train,28,708132,24327.1,0.070231,,,,,,
train,28,708232,24330.0,0.065977,,,,,,
train,28,708332,24332.8,0.060238,,,,,,
train,28,708432,24335.7,0.065985,,,,,,
train,28,708532,24338.6,0.066676,,,,,,
train,28,708632,24341.4,0.069018,,,,,,
train,28,708732,24344.3,0.065301,,,,,,
train,28,708832,24347.1,0.069563,,,,,,
val,28,,24491.9,0.064050,0.004093,0.000035,0.010845,0.049305,35.5665,0.953027
train,29,708976,24495.8,0.069102,,,,,,
train,29,709076,24498.7,0.064348,,,,,,
train,29,709176,24501.5,0.060489,,,,,,
train,29,709276,24504.4,0.063141,,,,,,
train,29,709376,24507.5,0.069510,,,,,,
train,29,709476,24510.4,0.068029,,,,,,
train,29,709576,24513.2,0.060098,,,,,,
train,29,709676,24516.1,0.068905,,,,,,
train,29,709776,24519.0,0.063078,,,,,,
train,29,709876,24521.8,0.068281,,,,,,
train,29,709976,24524.7,0.064198,,,,,,
train,29,710076,24527.6,0.063342,,,,,,
train,29,710176,24530.4,0.066501,,,,,,
train,29,710276,24533.3,0.066019,,,,,,
train,29,710376,24536.2,0.064476,,,,,,
train,29,710476,24539.0,0.066695,,,,,,
train,29,710576,24541.9,0.063606,,,,,,
train,29,710676,24544.7,0.064503,,,,,,
train,29,710776,24547.6,0.071187,,,,,,
train,29,710876,24550.4,0.064768,,,,,,
train,29,710976,24553.3,0.065173,,,,,,
train,29,711076,24556.1,0.066709,,,,,,
train,29,711176,24559.0,0.065626,,,,,,
train,29,711276,24561.9,0.064932,,,,,,
train,29,711376,24564.7,0.069161,,,,,,
train,29,711476,24567.6,0.066122,,,,,,
train,29,711576,24570.4,0.062999,,,,,,
train,29,711676,24573.3,0.067125,,,,,,
train,29,711776,24576.1,0.063569,,,,,,
train,29,711876,24579.0,0.062888,,,,,,
train,29,711976,24581.9,0.063849,,,,,,
train,29,712076,24585.0,0.066703,,,,,,
train,29,712176,24587.8,0.064461,,,,,,
train,29,712276,24590.7,0.067377,,,,,,
train,29,712376,24593.5,0.063923,,,,,,
train,29,712476,24596.4,0.062488,,,,,,
train,29,712576,24599.3,0.066927,,,,,,
train,29,712676,24602.2,0.063225,,,,,,
train,29,712776,24605.1,0.062569,,,,,,
train,29,712876,24607.9,0.062498,,,,,,
train,29,712976,24610.8,0.068464,,,,,,
train,29,713076,24613.6,0.067470,,,,,,
train,29,713176,24616.5,0.066105,,,,,,
train,29,713276,24619.4,0.065921,,,,,,
train,29,713376,24622.2,0.061745,,,,,,
train,29,713476,24625.1,0.068283,,,,,,
train,29,713576,24627.9,0.064364,,,,,,
train,29,713676,24630.8,0.068430,,,,,,
train,29,713776,24633.6,0.063104,,,,,,
train,29,713876,24636.5,0.062330,,,,,,
train,29,713976,24639.4,0.068621,,,,,,
train,29,714076,24642.2,0.070517,,,,,,
train,29,714176,24645.1,0.066133,,,,,,
train,29,714276,24648.3,0.064645,,,,,,
train,29,714376,24651.2,0.063851,,,,,,
train,29,714476,24654.0,0.063278,,,,,,
train,29,714576,24656.9,0.067482,,,,,,
train,29,714676,24659.8,0.066640,,,,,,
train,29,714776,24662.6,0.064395,,,,,,
train,29,714876,24665.5,0.074099,,,,,,
train,29,714976,24668.3,0.063479,,,,,,
train,29,715076,24671.2,0.065008,,,,,,
train,29,715176,24674.0,0.062941,,,,,,
train,29,715276,24676.9,0.064794,,,,,,
train,29,715376,24679.8,0.067390,,,,,,
train,29,715476,24682.8,0.065936,,,,,,
train,29,715576,24685.7,0.063484,,,,,,
train,29,715676,24688.5,0.059945,,,,,,
train,29,715776,24691.4,0.066485,,,,,,
train,29,715876,24694.2,0.068194,,,,,,
train,29,715976,24697.1,0.061185,,,,,,
train,29,716076,24699.9,0.063200,,,,,,
train,29,716176,24702.8,0.066129,,,,,,
train,29,716276,24705.6,0.064691,,,,,,
train,29,716376,24708.5,0.062968,,,,,,
train,29,716476,24711.4,0.072737,,,,,,
train,29,716576,24714.2,0.067682,,,,,,
train,29,716676,24717.1,0.070275,,,,,,
train,29,716776,24719.9,0.063105,,,,,,
train,29,716876,24722.8,0.068470,,,,,,
train,29,716976,24725.6,0.067036,,,,,,
train,29,717076,24728.5,0.066625,,,,,,
train,29,717176,24731.3,0.065932,,,,,,
train,29,717276,24734.2,0.068191,,,,,,
train,29,717376,24737.0,0.068599,,,,,,
train,29,717476,24739.9,0.067583,,,,,,
train,29,717576,24742.7,0.065186,,,,,,
train,29,717676,24745.6,0.065911,,,,,,
train,29,717776,24748.5,0.067365,,,,,,
train,29,717876,24751.3,0.065241,,,,,,
train,29,717976,24754.2,0.068725,,,,,,
train,29,718076,24757.0,0.063148,,,,,,
train,29,718176,24759.9,0.067133,,,,,,
train,29,718276,24762.7,0.069316,,,,,,
train,29,718376,24765.6,0.068645,,,,,,
train,29,718476,24768.6,0.065456,,,,,,
train,29,718576,24771.4,0.063520,,,,,,
train,29,718676,24774.3,0.063135,,,,,,
train,29,718776,24777.1,0.065229,,,,,,
train,29,718876,24780.0,0.066153,,,,,,
train,29,718976,24782.9,0.064914,,,,,,
train,29,719076,24785.7,0.067310,,,,,,
train,29,719176,24788.6,0.065212,,,,,,
train,29,719276,24791.4,0.067300,,,,,,
train,29,719376,24794.3,0.073089,,,,,,
train,29,719476,24797.1,nan,,,,,,
train,29,719576,24800.0,0.064122,,,,,,
train,29,719676,24802.9,0.066959,,,,,,
train,29,719776,24805.7,0.066906,,,,,,
train,29,719876,24808.6,0.060732,,,,,,
train,29,719976,24811.4,0.075344,,,,,,
train,29,720076,24814.3,0.064259,,,,,,
train,29,720176,24817.2,0.066257,,,,,,
train,29,720276,24820.0,0.061392,,,,,,
train,29,720376,24822.9,0.061834,,,,,,
train,29,720476,24825.7,0.068508,,,,,,
train,29,720576,24828.7,0.066159,,,,,,
train,29,720676,24831.6,0.068001,,,,,,
train,29,720776,24834.4,0.063705,,,,,,
train,29,720876,24837.3,0.067215,,,,,,
train,29,720976,24840.1,0.064482,,,,,,
train,29,721076,24843.0,0.064303,,,,,,
train,29,721176,24845.9,0.070862,,,,,,
train,29,721276,24848.7,0.068470,,,,,,
train,29,721376,24851.6,0.064590,,,,,,
train,29,721476,24854.4,0.067950,,,,,,
train,29,721576,24857.3,0.060830,,,,,,
train,29,721676,24860.2,0.059546,,,,,,
train,29,721776,24863.0,0.064104,,,,,,
train,29,721876,24865.9,0.067789,,,,,,
train,29,721976,24868.7,0.066824,,,,,,
train,29,722076,24871.6,0.063061,,,,,,
train,29,722176,24874.4,0.066569,,,,,,
train,29,722276,24877.3,0.065925,,,,,,
train,29,722376,24880.2,0.063419,,,,,,
train,29,722476,24883.0,0.067022,,,,,,
train,29,722576,24885.9,0.058694,,,,,,
train,29,722676,24888.7,0.064604,,,,,,
train,29,722776,24891.6,0.069315,,,,,,
train,29,722876,24894.4,0.064279,,,,,,
train,29,722976,24897.3,0.060505,,,,,,
train,29,723076,24900.2,0.066519,,,,,,
train,29,723176,24903.0,0.064254,,,,,,
train,29,723276,24905.9,0.065671,,,,,,
train,29,723376,24908.7,0.066123,,,,,,
train,29,723476,24911.6,0.063228,,,,,,
train,29,723576,24914.4,0.066085,,,,,,
train,29,723676,24917.3,0.069734,,,,,,
train,29,723776,24920.1,0.066520,,,,,,
train,29,723876,24923.0,0.062736,,,,,,
train,29,723976,24925.8,0.067969,,,,,,
train,29,724076,24928.7,0.065474,,,,,,
train,29,724176,24931.5,0.070884,,,,,,
train,29,724276,24934.4,0.062607,,,,,,
train,29,724376,24937.3,0.067537,,,,,,
train,29,724476,24940.1,0.065533,,,,,,
train,29,724576,24943.0,0.062189,,,,,,
train,29,724676,24945.8,0.069640,,,,,,
train,29,724776,24948.7,0.069206,,,,,,
train,29,724876,24951.5,0.065425,,,,,,
train,29,724976,24954.4,0.063972,,,,,,
train,29,725076,24957.2,0.064102,,,,,,
train,29,725176,24960.1,0.065464,,,,,,
train,29,725276,24963.0,0.063619,,,,,,
train,29,725376,24965.8,0.064709,,,,,,
train,29,725476,24968.7,0.068371,,,,,,
train,29,725576,24971.5,0.065049,,,,,,
train,29,725676,24974.4,0.063747,,,,,,
train,29,725776,24977.2,0.063581,,,,,,
train,29,725876,24980.1,0.071719,,,,,,
train,29,725976,24983.0,0.064349,,,,,,
train,29,726076,24985.8,0.066876,,,,,,
train,29,726176,24988.7,0.066339,,,,,,
train,29,726276,24991.5,0.063207,,,,,,
train,29,726376,24994.4,0.060274,,,,,,
train,29,726476,24997.2,0.067341,,,,,,
train,29,726576,25000.1,0.071597,,,,,,
train,29,726676,25003.0,0.064302,,,,,,
train,29,726776,25005.8,0.063298,,,,,,
train,29,726876,25008.7,0.066547,,,,,,
train,29,726976,25011.5,0.067702,,,,,,
train,29,727076,25014.4,0.065550,,,,,,
train,29,727176,25017.2,0.066083,,,,,,
train,29,727276,25020.1,0.064385,,,,,,
train,29,727376,25023.0,0.067918,,,,,,
train,29,727476,25025.8,0.065025,,,,,,
train,29,727576,25028.7,0.068403,,,,,,
train,29,727676,25031.5,0.067488,,,,,,
train,29,727776,25034.4,0.062114,,,,,,
train,29,727876,25037.3,0.066461,,,,,,
train,29,727976,25040.1,0.064392,,,,,,
train,29,728076,25043.0,0.068057,,,,,,
train,29,728176,25045.8,0.066723,,,,,,
train,29,728276,25048.7,0.066402,,,,,,
train,29,728376,25051.5,0.068449,,,,,,
train,29,728476,25054.4,0.065316,,,,,,
train,29,728576,25057.3,0.062580,,,,,,
train,29,728676,25060.1,0.066388,,,,,,
train,29,728776,25063.0,0.064015,,,,,,
train,29,728876,25065.8,0.066381,,,,,,
train,29,728976,25068.7,0.062828,,,,,,
train,29,729076,25071.6,0.061974,,,,,,
train,29,729176,25074.4,0.060551,,,,,,
train,29,729276,25077.3,0.065151,,,,,,
train,29,729376,25080.1,0.072772,,,,,,
train,29,729476,25083.0,0.068291,,,,,,
train,29,729576,25085.8,0.064600,,,,,,
train,29,729676,25088.7,0.062756,,,,,,
train,29,729776,25091.6,0.060887,,,,,,
train,29,729876,25094.4,0.065622,,,,,,
train,29,729976,25097.3,0.061077,,,,,,
train,29,730076,25100.1,0.066447,,,,,,
train,29,730176,25103.0,0.062938,,,,,,
train,29,730276,25105.8,0.066215,,,,,,
train,29,730376,25108.7,0.068812,,,,,,
train,29,730476,25111.5,0.067220,,,,,,
train,29,730576,25114.4,0.062527,,,,,,
train,29,730676,25117.2,0.063220,,,,,,
train,29,730776,25120.1,0.066354,,,,,,
train,29,730876,25123.0,0.065195,,,,,,
train,29,730976,25125.8,0.067456,,,,,,
train,29,731076,25128.7,0.067247,,,,,,
train,29,731176,25131.5,0.067220,,,,,,
train,29,731276,25134.4,0.066855,,,,,,
train,29,731376,25137.2,0.064451,,,,,,
train,29,731476,25140.1,0.066899,,,,,,
train,29,731576,25142.9,0.065136,,,,,,
train,29,731676,25145.8,0.064561,,,,,,
train,29,731776,25148.7,0.064806,,,,,,
train,29,731876,25151.5,0.066565,,,,,,
train,29,731976,25154.4,0.067665,,,,,,
train,29,732076,25157.2,0.066696,,,,,,
train,29,732176,25160.1,0.068583,,,,,,
train,29,732276,25162.9,0.067026,,,,,,
train,29,732376,25165.8,0.067413,,,,,,
train,29,732476,25168.7,0.066550,,,,,,
train,29,732576,25171.5,0.065458,,,,,,
train,29,732676,25174.4,0.067439,,,,,,
train,29,732776,25177.2,0.063706,,,,,,
train,29,732876,25180.1,0.067021,,,,,,
train,29,732976,25182.9,0.065798,,,,,,
train,29,733076,25185.8,0.062267,,,,,,
train,29,733176,25188.7,0.055170,,,,,,
train,29,733276,25191.5,0.060615,,,,,,
val,29,,25336.1,0.063986,0.004083,0.000035,0.010826,0.049236,35.5724,0.953063
train,30,733420,25340.3,0.067232,,,,,,
train,30,733520,25343.2,0.064139,,,,,,
train,30,733620,25346.0,0.068990,,,,,,
train,30,733720,25349.1,0.067507,,,,,,
train,30,733820,25351.9,0.066110,,,,,,
train,30,733920,25354.8,0.064824,,,,,,
train,30,734020,25357.7,0.059175,,,,,,
train,30,734120,25360.5,0.062368,,,,,,
train,30,734220,25363.4,0.064550,,,,,,
train,30,734320,25366.2,0.060996,,,,,,
train,30,734420,25369.1,0.062782,,,,,,
train,30,734520,25372.0,0.063408,,,,,,
train,30,734620,25374.8,0.061574,,,,,,
train,30,734720,25377.7,0.063669,,,,,,
train,30,734820,25380.6,0.065959,,,,,,
train,30,734920,25383.4,0.062897,,,,,,
train,30,735020,25386.3,0.067739,,,,,,
train,30,735120,25389.2,0.068459,,,,,,
train,30,735220,25392.0,0.064653,,,,,,
train,30,735320,25394.9,0.066338,,,,,,
train,30,735420,25397.8,0.066865,,,,,,
train,30,735520,25400.6,0.065273,,,,,,
train,30,735620,25403.5,0.065251,,,,,,
train,30,735720,25406.3,0.068425,,,,,,
train,30,735820,25409.2,0.065202,,,,,,
train,30,735920,25412.1,0.067562,,,,,,
train,30,736020,25414.9,0.064918,,,,,,
train,30,736120,25417.8,0.067267,,,,,,
train,30,736220,25420.6,0.065650,,,,,,
train,30,736320,25423.5,0.069390,,,,,,
train,30,736420,25426.4,0.059875,,,,,,
train,30,736520,25429.2,0.063523,,,,,,
train,30,736620,25432.1,0.063762,,,,,,
train,30,736720,25435.0,0.067822,,,,,,
train,30,736820,25437.8,0.062597,,,,,,
train,30,736920,25440.7,0.062705,,,,,,
train,30,737020,25443.6,0.063890,,,,,,
train,30,737120,25446.4,0.066358,,,,,,
train,30,737220,25449.3,0.069275,,,,,,
train,30,737320,25452.1,0.064561,,,,,,
train,30,737420,25455.0,0.063327,,,,,,
train,30,737520,25457.9,0.063831,,,,,,
train,30,737620,25460.7,0.064773,,,,,,
train,30,737720,25463.6,0.062611,,,,,,
train,30,737820,25466.4,0.067847,,,,,,
train,30,737920,25469.3,0.070703,,,,,,
train,30,738020,25472.2,0.063689,,,,,,
train,30,738120,25475.0,0.070593,,,,,,
train,30,738220,25477.9,0.070814,,,,,,
train,30,738320,25480.7,0.059594,,,,,,
train,30,738420,25483.6,0.070564,,,,,,
train,30,738520,25486.5,0.066267,,,,,,
train,30,738620,25489.3,0.067152,,,,,,
train,30,738720,25492.2,0.060734,,,,,,
train,30,738820,25495.1,0.060308,,,,,,
train,30,738920,25497.9,0.059875,,,,,,
train,30,739020,25500.8,0.063341,,,,,,
train,30,739120,25503.7,0.065331,,,,,,
train,30,739220,25506.5,0.064907,,,,,,
train,30,739320,25509.4,0.062026,,,,,,
train,30,739420,25512.2,0.068221,,,,,,
train,30,739520,25515.1,0.070876,,,,,,
train,30,739620,25517.9,nan,,,,,,
train,30,739720,25520.8,0.067727,,,,,,
train,30,739820,25523.7,0.065454,,,,,,
train,30,739920,25526.5,0.062921,,,,,,
train,30,740020,25529.4,0.067982,,,,,,
train,30,740120,25532.2,0.065703,,,,,,
train,30,740220,25535.1,0.067087,,,,,,
train,30,740320,25538.0,0.064614,,,,,,
train,30,740420,25540.8,0.062471,,,,,,
train,30,740520,25543.7,0.063514,,,,,,
train,30,740620,25546.5,0.067273,,,,,,
train,30,740720,25549.4,0.060999,,,,,,
train,30,740820,25552.3,0.064903,,,,,,
train,30,740920,25555.1,0.066253,,,,,,
train,30,741020,25558.0,0.065361,,,,,,
train,30,741120,25560.9,0.067239,,,,,,
train,30,741220,25563.7,0.061690,,,,,,
train,30,741320,25566.6,0.065093,,,,,,
train,30,741420,25569.4,0.069346,,,,,,
train,30,741520,25572.3,0.066938,,,,,,
train,30,741620,25575.2,0.062587,,,,,,
train,30,741720,25578.0,0.064938,,,,,,
train,30,741820,25580.9,0.068185,,,,,,
train,30,741920,25583.8,0.062098,,,,,,
train,30,742020,25586.7,0.066794,,,,,,
train,30,742120,25589.5,0.070548,,,,,,
train,30,742220,25592.4,0.068624,,,,,,
train,30,742320,25595.3,0.065710,,,,,,
train,30,742420,25598.1,0.063404,,,,,,
train,30,742520,25601.0,0.066303,,,,,,
train,30,742620,25603.8,0.064900,,,,,,
train,30,742720,25606.7,0.061352,,,,,,
train,30,742820,25609.6,0.064909,,,,,,
train,30,742920,25612.4,0.063216,,,,,,
train,30,743020,25615.3,0.068617,,,,,,
train,30,743120,25618.1,0.064501,,,,,,
train,30,743220,25621.0,0.063985,,,,,,
train,30,743320,25623.9,0.063120,,,,,,
train,30,743420,25626.7,0.064993,,,,,,
train,30,743520,25629.6,0.064772,,,,,,
train,30,743620,25632.4,0.068424,,,,,,
train,30,743720,25635.3,0.063131,,,,,,
train,30,743820,25638.2,0.068232,,,,,,
train,30,743920,25641.0,0.066029,,,,,,
train,30,744020,25643.9,0.065833,,,,,,
train,30,744120,25646.8,0.062977,,,,,,
train,30,744220,25649.6,0.066557,,,,,,
train,30,744320,25652.5,0.068091,,,,,,
train,30,744420,25655.3,0.067106,,,,,,
train,30,744520,25658.2,0.061305,,,,,,
train,30,744620,25661.1,0.061898,,,,,,
train,30,744720,25663.9,0.067759,,,,,,
train,30,744820,25666.8,0.061635,,,,,,
train,30,744920,25669.6,0.065886,,,,,,
train,30,745020,25672.5,0.065637,,,,,,
train,30,745120,25675.4,0.066183,,,,,,
train,30,745220,25678.2,0.067449,,,,,,
train,30,745320,25681.1,0.063760,,,,,,
train,30,745420,25684.0,0.066811,,,,,,
train,30,745520,25686.8,0.064179,,,,,,
train,30,745620,25689.7,0.063210,,,,,,
train,30,745720,25692.6,0.065434,,,,,,
train,30,745820,25695.4,0.066783,,,,,,
train,30,745920,25698.3,0.063263,,,,,,
train,30,746020,25701.1,0.061877,,,,,,
train,30,746120,25704.0,0.064131,,,,,,
train,30,746220,25706.9,0.063663,,,,,,
train,30,746320,25709.7,0.067869,,,,,,
train,30,746420,25712.6,0.063110,,,,,,
train,30,746520,25715.4,0.064307,,,,,,
train,30,746620,25718.3,0.065918,,,,,,
train,30,746720,25721.2,0.067173,,,,,,
train,30,746820,25724.0,0.071514,,,,,,
train,30,746920,25726.9,0.061884,,,,,,
train,30,747020,25729.7,0.064519,,,,,,
train,30,747120,25732.6,0.064023,,,,,,
train,30,747220,25735.4,0.064553,,,,,,
train,30,747320,25738.3,0.067267,,,,,,
train,30,747420,25741.2,0.066194,,,,,,
train,30,747520,25744.0,0.066144,,,,,,
train,30,747620,25746.9,0.064488,,,,,,
train,30,747720,25749.8,0.065240,,,,,,
train,30,747820,25752.6,0.064230,,,,,,
train,30,747920,25755.5,0.063960,,,,,,
train,30,748020,25758.3,0.067961,,,,,,
train,30,748120,25761.2,0.064585,,,,,,
train,30,748220,25764.1,0.063008,,,,,,
train,30,748320,25766.9,0.066322,,,,,,
train,30,748420,25769.8,0.062988,,,,,,
train,30,748520,25772.6,0.059579,,,,,,
train,30,748620,25775.5,0.064676,,,,,,
train,30,748720,25778.4,0.064867,,,,,,
train,30,748820,25781.2,0.066933,,,,,,
train,30,748920,25784.1,0.061293,,,,,,
train,30,749020,25786.9,0.067370,,,,,,
train,30,749120,25789.8,0.067013,,,,,,
train,30,749220,25792.7,0.068233,,,,,,
train,30,749320,25795.5,0.068076,,,,,,
train,30,749420,25798.4,0.065866,,,,,,
train,30,749520,25801.2,0.065521,,,,,,
train,30,749620,25804.1,0.064363,,,,,,
train,30,749720,25807.0,0.065723,,,,,,
train,30,749820,25809.8,0.065397,,,,,,
train,30,749920,25812.7,0.063436,,,,,,
train,30,750020,25815.6,0.065666,,,,,,
train,30,750120,25818.4,0.065766,,,,,,
train,30,750220,25821.5,0.064349,,,,,,
train,30,750320,25824.3,0.067546,,,,,,
train,30,750420,25827.2,0.066360,,,,,,
train,30,750520,25830.0,0.061784,,,,,,
train,30,750620,25832.9,0.068345,,,,,,
train,30,750720,25835.8,0.064466,,,,,,
train,30,750820,25838.6,0.066156,,,,,,
train,30,750920,25841.5,0.068113,,,,,,
train,30,751020,25844.4,0.066464,,,,,,
train,30,751120,25847.2,0.067464,,,,,,
train,30,751220,25850.1,0.067912,,,,,,
train,30,751320,25853.0,0.063985,,,,,,
train,30,751420,25855.8,0.061744,,,,,,
train,30,751520,25858.7,0.061619,,,,,,
train,30,751620,25861.6,0.065451,,,,,,
train,30,751720,25864.4,0.065776,,,,,,
train,30,751820,25867.3,0.066773,,,,,,
train,30,751920,25870.2,0.064729,,,,,,
train,30,752020,25873.0,0.069677,,,,,,
train,30,752120,25875.9,0.061399,,,,,,
train,30,752220,25878.7,0.064040,,,,,,
train,30,752320,25881.6,0.060895,,,,,,
train,30,752420,25884.5,0.066179,,,,,,
train,30,752520,25887.3,0.062407,,,,,,
train,30,752620,25890.3,0.059431,,,,,,
train,30,752720,25893.2,0.066913,,,,,,
train,30,752820,25896.0,0.066912,,,,,,
train,30,752920,25898.9,0.064064,,,,,,
train,30,753020,25901.7,0.066121,,,,,,
train,30,753120,25904.6,0.065163,,,,,,
train,30,753220,25907.5,0.067938,,,,,,
train,30,753320,25910.3,0.063781,,,,,,
train,30,753420,25913.2,0.068794,,,,,,
train,30,753520,25916.0,0.059746,,,,,,
train,30,753620,25918.9,0.062781,,,,,,
train,30,753720,25921.8,0.062267,,,,,,
train,30,753820,25924.6,0.069285,,,,,,
train,30,753920,25927.5,0.061543,,,,,,
train,30,754020,25930.3,0.063028,,,,,,
train,30,754120,25933.2,0.063940,,,,,,
train,30,754220,25936.1,0.062541,,,,,,
train,30,754320,25938.9,0.068448,,,,,,
train,30,754420,25941.8,0.065027,,,,,,
train,30,754520,25944.6,0.066518,,,,,,
train,30,754620,25947.5,0.061662,,,,,,
train,30,754720,25950.4,0.066650,,,,,,
train,30,754820,25953.2,0.063912,,,,,,
train,30,754920,25956.1,0.068334,,,,,,
train,30,755020,25958.9,0.059931,,,,,,
train,30,755120,25961.8,0.064135,,,,,,
train,30,755220,25964.7,0.063931,,,,,,
train,30,755320,25967.5,0.064785,,,,,,
train,30,755420,25970.4,0.067973,,,,,,
train,30,755520,25973.2,0.065022,,,,,,
train,30,755620,25976.1,0.066275,,,,,,
train,30,755720,25979.0,0.063466,,,,,,
train,30,755820,25981.8,0.066692,,,,,,
train,30,755920,25984.7,0.066944,,,,,,
train,30,756020,25987.6,0.067442,,,,,,
train,30,756120,25990.4,0.067419,,,,,,
train,30,756220,25993.3,0.069922,,,,,,
train,30,756320,25996.1,0.066072,,,,,,
train,30,756420,25999.0,0.063297,,,,,,
train,30,756520,26001.9,0.063772,,,,,,
train,30,756620,26004.8,0.069879,,,,,,
train,30,756720,26007.8,0.068102,,,,,,
train,30,756820,26010.7,0.069292,,,,,,
train,30,756920,26013.6,0.064682,,,,,,
train,30,757020,26016.4,0.069621,,,,,,
train,30,757120,26019.3,0.063006,,,,,,
train,30,757220,26022.2,0.065321,,,,,,
train,30,757320,26025.0,0.068226,,,,,,
train,30,757420,26027.9,0.068024,,,,,,
train,30,757520,26030.8,0.062798,,,,,,
train,30,757620,26033.6,0.071255,,,,,,
train,30,757720,26036.5,0.062029,,,,,,
val,30,,26181.1,0.063587,0.004080,0.000035,0.010839,0.049285,35.5810,0.953027
train,31,757864,26185.2,0.067546,,,,,,
train,31,757964,26188.0,0.061064,,,,,,
train,31,758064,26190.9,0.064007,,,,,,
train,31,758164,26193.7,0.063006,,,,,,
train,31,758264,26196.6,0.066726,,,,,,
train,31,758364,26199.4,0.062912,,,,,,
train,31,758464,26202.3,0.067839,,,,,,
train,31,758564,26205.1,0.068582,,,,,,
train,31,758664,26208.0,0.064656,,,,,,
train,31,758764,26210.8,0.063748,,,,,,
train,31,758864,26213.7,0.059116,,,,,,
train,31,758964,26216.5,0.063851,,,,,,
train,31,759064,26219.4,0.061943,,,,,,
train,31,759164,26222.3,0.064678,,,,,,
train,31,759264,26225.1,0.061226,,,,,,
train,31,759364,26228.0,0.064143,,,,,,
train,31,759464,26230.8,0.065136,,,,,,
train,31,759564,26233.7,0.062191,,,,,,
train,31,759664,26236.5,0.061319,,,,,,
train,31,759764,26239.4,0.061201,,,,,,
train,31,759864,26242.2,0.066792,,,,,,
train,31,759964,26245.1,0.064450,,,,,,
train,31,760064,26247.9,0.063035,,,,,,
train,31,760164,26250.8,0.062059,,,,,,
train,31,760264,26253.7,0.064363,,,,,,
train,31,760364,26256.5,0.063826,,,,,,
train,31,760464,26259.4,0.068153,,,,,,
train,31,760564,26262.2,0.067038,,,,,,
train,31,760664,26265.1,0.069404,,,,,,
train,31,760764,26267.9,0.062941,,,,,,
train,31,760864,26270.8,0.066975,,,,,,
train,31,760964,26273.6,0.064561,,,,,,
train,31,761064,26276.5,0.069231,,,,,,
train,31,761164,26279.3,0.062818,,,,,,
train,31,761264,26282.2,0.064652,,,,,,
train,31,761364,26285.0,0.068303,,,,,,
train,31,761464,26287.9,0.066322,,,,,,
train,31,761564,26290.7,0.064823,,,,,,
train,31,761664,26293.6,0.064251,,,,,,
train,31,761764,26296.5,0.068163,,,,,,
train,31,761864,26299.3,0.067152,,,,,,
train,31,761964,26302.2,0.067977,,,,,,
train,31,762064,26305.0,0.068129,,,,,,
train,31,762164,26307.9,0.061045,,,,,,
train,31,762264,26310.7,0.065781,,,,,,
train,31,762364,26313.6,0.065449,,,,,,
train,31,762464,26316.4,0.065768,,,,,,
train,31,762564,26319.3,0.061493,,,,,,
train,31,762664,26322.1,0.066564,,,,,,
train,31,762764,26325.0,0.066833,,,,,,
train,31,762864,26327.8,0.064107,,,,,,
train,31,762964,26330.7,0.061261,,,,,,
train,31,763064,26333.5,0.070912,,,,,,
train,31,763164,26336.4,0.061519,,,,,,
train,31,763264,26339.2,0.067299,,,,,,
train,31,763364,26342.1,0.064800,,,,,,
train,31,763464,26344.9,0.067485,,,,,,
train,31,763564,26347.8,0.067123,,,,,,
train,31,763664,26350.6,0.067394,,,,,,
train,31,763764,26353.5,0.063162,,,,,,
train,31,763864,26356.3,0.063360,,,,,,
train,31,763964,26359.2,0.063243,,,,,,
train,31,764064,26362.0,0.065669,,,,,,
train,31,764164,26364.9,0.069213,,,,,,
train,31,764264,26367.7,0.065194,,,,,,
train,31,764364,26370.6,0.065462,,,,,,
train,31,764464,26373.4,nan,,,,,,
train,31,764564,26376.3,0.064957,,,,,,
train,31,764664,26379.1,0.065135,,,,,,
train,31,764764,26382.0,0.064905,,,,,,
train,31,764864,26384.8,0.066906,,,,,,
train,31,764964,26387.7,0.063739,,,,,,
train,31,765064,26390.5,0.063852,,,,,,
train,31,765164,26393.4,0.062461,,,,,,
train,31,765264,26396.2,0.066567,,,,,,
train,31,765364,26399.1,0.065127,,,,,,
train,31,765464,26401.9,0.063305,,,,,,
train,31,765564,26404.8,0.062913,,,,,,
train,31,765664,26407.7,0.065219,,,,,,
train,31,765764,26410.5,0.066180,,,,,,
train,31,765864,26413.4,0.072781,,,,,,
train,31,765964,26416.2,0.069731,,,,,,
train,31,766064,26419.1,0.065030,,,,,,
train,31,766164,26421.9,0.060532,,,,,,
train,31,766264,26424.8,0.073189,,,,,,
train,31,766364,26427.6,0.069527,,,,,,
train,31,766464,26430.5,0.068789,,,,,,
train,31,766564,26433.3,0.068605,,,,,,
train,31,766664,26436.2,0.068030,,,,,,
train,31,766764,26439.0,0.062285,,,,,,
train,31,766864,26441.9,0.062917,,,,,,
train,31,766964,26444.8,0.063337,,,,,,
train,31,767064,26447.6,0.062624,,,,,,
train,31,767164,26450.5,0.062912,,,,,,
train,31,767264,26453.3,0.059708,,,,,,
train,31,767364,26456.2,0.065349,,,,,,
train,31,767464,26459.0,0.062070,,,,,,
train,31,767564,26461.9,0.061935,,,,,,
train,31,767664,26464.7,0.062435,,,,,,
train,31,767764,26467.6,0.066474,,,,,,
train,31,767864,26470.4,0.064970,,,,,,
train,31,767964,26473.3,0.061034,,,,,,
train,31,768064,26476.1,0.065246,,,,,,
train,31,768164,26479.0,0.064370,,,,,,
train,31,768264,26481.8,0.061179,,,,,,
train,31,768364,26484.7,0.059706,,,,,,
train,31,768464,26487.6,0.064066,,,,,,
train,31,768564,26490.4,0.064779,,,,,,
train,31,768664,26493.3,0.063018,,,,,,
train,31,768764,26496.1,0.064543,,,,,,
train,31,768864,26499.0,0.069123,,,,,,
train,31,768964,26501.8,0.066712,,,,,,
train,31,769064,26504.7,0.063647,,,,,,
train,31,769164,26507.5,0.066400,,,,,,
train,31,769264,26510.4,0.068176,,,,,,
train,31,769364,26513.2,0.065229,,,,,,
train,31,769464,26516.1,0.063364,,,,,,
train,31,769564,26518.9,0.063372,,,,,,
train,31,769664,26521.8,0.066415,,,,,,
train,31,769764,26524.6,0.067087,,,,,,
train,31,769864,26527.5,0.066441,,,,,,
train,31,769964,26530.3,0.066811,,,,,,
train,31,770064,26533.2,0.068309,,,,,,
train,31,770164,26536.0,0.064789,,,,,,
train,31,770264,26538.9,0.061030,,,,,,
train,31,770364,26541.7,0.063904,,,,,,
train,31,770464,26544.6,0.066131,,,,,,
train,31,770564,26547.4,0.061142,,,,,,
train,31,770664,26550.8,0.066209,,,,,,
train,31,770764,26553.6,0.064184,,,,,,
train,31,770864,26556.5,0.063192,,,,,,
train,31,770964,26559.3,0.060317,,,,,,
train,31,771064,26562.2,0.063747,,,,,,
train,31,771164,26565.1,0.063467,,,,,,
train,31,771264,26568.0,0.068465,,,,,,
train,31,771364,26570.9,0.064506,,,,,,
train,31,771464,26573.8,0.064609,,,,,,
train,31,771564,26576.6,0.064241,,,,,,
train,31,771664,26579.5,0.066161,,,,,,
train,31,771764,26582.3,0.066493,,,,,,
train,31,771864,26585.2,0.063714,,,,,,
train,31,771964,26588.0,0.066887,,,,,,
train,31,772064,26590.9,0.069073,,,,,,
train,31,772164,26593.7,0.070998,,,,,,
train,31,772264,26596.6,0.066609,,,,,,
train,31,772364,26599.4,0.066089,,,,,,
train,31,772464,26602.3,0.065882,,,,,,
train,31,772564,26605.1,0.066959,,,,,,
train,31,772664,26608.0,0.062266,,,,,,
train,31,772764,26610.8,0.064333,,,,,,
train,31,772864,26613.7,0.069760,,,,,,
train,31,772964,26616.5,0.065403,,,,,,
train,31,773064,26619.4,0.066629,,,,,,
train,31,773164,26622.2,0.061846,,,,,,
train,31,773264,26625.1,0.065237,,,,,,
train,31,773364,26628.0,0.063885,,,,,,
train,31,773464,26631.2,0.068595,,,,,,
train,31,773564,26634.0,0.064427,,,,,,
train,31,773664,26636.9,0.056947,,,,,,
train,31,773764,26639.7,0.067097,,,,,,
train,31,773864,26642.6,0.063158,,,,,,
train,31,773964,26645.4,0.065484,,,,,,
train,31,774064,26648.3,0.062293,,,,,,
train,31,774164,26651.1,0.070584,,,,,,
train,31,774264,26654.0,0.066150,,,,,,
train,31,774364,26656.8,0.067275,,,,,,
train,31,774464,26659.7,0.064821,,,,,,
train,31,774564,26662.5,0.064056,,,,,,
train,31,774664,26665.4,0.068447,,,,,,
train,31,774764,26668.3,0.066516,,,,,,
train,31,774864,26671.1,0.067897,,,,,,
train,31,774964,26674.0,0.063631,,,,,,
train,31,775064,26676.8,0.066117,,,,,,
train,31,775164,26679.7,0.062281,,,,,,
train,31,775264,26682.5,0.062142,,,,,,
train,31,775364,26685.4,0.067237,,,,,,
train,31,775464,26688.2,0.072719,,,,,,
train,31,775564,26691.1,0.067644,,,,,,
train,31,775664,26693.9,0.069151,,,,,,
train,31,775764,26696.8,0.065363,,,,,,
train,31,775864,26699.6,0.064256,,,,,,
train,31,775964,26702.5,0.062099,,,,,,
train,31,776064,26705.3,0.063500,,,,,,
train,31,776164,26708.2,0.069370,,,,,,
train,31,776264,26711.0,0.066255,,,,,,
train,31,776364,26713.9,0.068264,,,,,,
train,31,776464,26716.7,0.067044,,,,,,
train,31,776564,26719.6,0.067994,,,,,,
train,31,776664,26722.4,0.064574,,,,,,
train,31,776764,26725.3,0.062320,,,,,,
train,31,776864,26728.1,0.063684,,,,,,
train,31,776964,26731.0,0.062259,,,,,,
train,31,777064,26733.8,0.069411,,,,,,
train,31,777164,26736.7,0.066033,,,,,,
train,31,777264,26739.5,0.064781,,,,,,
train,31,777364,26742.4,0.064616,,,,,,
train,31,777464,26745.2,0.066476,,,,,,
train,31,777564,26748.1,0.063215,,,,,,
train,31,777664,26750.9,0.065806,,,,,,
train,31,777764,26753.8,0.060963,,,,,,
train,31,777864,26756.6,0.068430,,,,,,
train,31,777964,26759.4,0.059938,,,,,,
train,31,778064,26762.3,0.066221,,,,,,
train,31,778164,26765.1,0.063322,,,,,,
train,31,778264,26768.0,0.064749,,,,,,
train,31,778364,26770.9,0.065671,,,,,,
train,31,778464,26773.7,0.061240,,,,,,
train,31,778564,26776.6,0.061939,,,,,,
train,31,778664,26779.4,0.070022,,,,,,
train,31,778764,26782.3,0.064051,,,,,,
train,31,778864,26785.1,0.063836,,,,,,
train,31,778964,26788.0,0.062962,,,,,,
train,31,779064,26790.8,0.063357,,,,,,
train,31,779164,26793.7,0.066633,,,,,,
train,31,779264,26796.5,0.066878,,,,,,
train,31,779364,26799.4,0.060660,,,,,,
train,31,779464,26802.2,0.064133,,,,,,
train,31,779564,26805.1,0.065679,,,,,,
train,31,779664,26807.9,0.061985,,,,,,
train,31,779764,26810.8,0.064513,,,,,,
train,31,779864,26813.6,0.063476,,,,,,
train,31,779964,26816.5,0.064209,,,,,,
train,31,780064,26819.3,0.063247,,,,,,
train,31,780164,26822.2,0.068576,,,,,,
train,31,780264,26825.0,0.072001,,,,,,
train,31,780364,26827.9,0.063054,,,,,,
train,31,780464,26830.7,0.069851,,,,,,
train,31,780564,26833.6,0.063265,,,,,,
train,31,780664,26836.4,0.064195,,,,,,
train,31,780764,26839.3,0.067973,,,,,,
train,31,780864,26842.2,0.065710,,,,,,
train,31,780964,26845.0,0.061747,,,,,,
train,31,781064,26847.9,0.067465,,,,,,
train,31,781164,26850.7,0.061373,,,,,,
train,31,781264,26853.6,0.074239,,,,,,
train,31,781364,26856.4,0.062323,,,,,,
train,31,781464,26859.3,0.067216,,,,,,
train,31,781564,26862.1,0.062111,,,,,,
train,31,781664,26865.0,0.066677,,,,,,
train,31,781764,26867.8,0.066227,,,,,,
train,31,781864,26870.7,0.060896,,,,,,
train,31,781964,26873.5,0.064902,,,,,,
train,31,782064,26876.4,0.067128,,,,,,
train,31,782164,26879.2,0.064863,,,,,,
val,31,,27023.7,0.063733,0.004071,0.000035,0.010822,0.049271,35.5786,0.953045
train,32,782308,27027.3,0.061422,,,,,,
train,32,782408,27030.2,0.064312,,,,,,
train,32,782508,27033.1,0.068142,,,,,,
train,32,782608,27035.9,0.062464,,,,,,
train,32,782708,27038.8,0.060040,,,,,,
train,32,782808,27041.6,0.065304,,,,,,
train,32,782908,27044.5,0.065572,,,,,,
train,32,783008,27047.3,0.066159,,,,,,
train,32,783108,27050.2,0.063454,,,,,,
train,32,783208,27053.0,0.065726,,,,,,
train,32,783308,27055.9,0.061051,,,,,,
train,32,783408,27058.7,0.064541,,,,,,
train,32,783508,27061.6,0.068684,,,,,,
train,32,783608,27064.4,0.065450,,,,,,
train,32,783708,27067.3,0.061536,,,,,,
train,32,783808,27070.2,0.065377,,,,,,
train,32,783908,27073.0,0.070285,,,,,,
train,32,784008,27075.9,0.063560,,,,,,
train,32,784108,27078.7,0.067398,,,,,,
train,32,784208,27081.6,0.061366,,,,,,
train,32,784308,27084.4,0.066481,,,,,,
train,32,784408,27087.3,0.066437,,,,,,
train,32,784508,27090.1,0.062903,,,,,,
train,32,784608,27093.0,0.064490,,,,,,
train,32,784708,27095.8,0.062268,,,,,,
train,32,784808,27098.7,0.065483,,,,,,
train,32,784908,27101.5,0.068117,,,,,,
train,32,785008,27104.4,0.067321,,,,,,
train,32,785108,27107.2,0.064387,,,,,,
train,32,785208,27110.1,0.061319,,,,,,
train,32,785308,27112.9,0.069268,,,,,,
train,32,785408,27115.8,0.066633,,,,,,
train,32,785508,27118.6,0.069057,,,,,,
train,32,785608,27121.5,0.061370,,,,,,
train,32,785708,27124.3,0.066058,,,,,,
train,32,785808,27127.2,0.060225,,,,,,
train,32,785908,27130.1,0.061653,,,,,,
train,32,786008,27132.9,0.065031,,,,,,
train,32,786108,27135.8,0.065337,,,,,,
train,32,786208,27138.6,0.064095,,,,,,
train,32,786308,27141.5,0.063581,,,,,,
train,32,786408,27144.3,0.064052,,,,,,
train,32,786508,27147.2,0.067781,,,,,,
train,32,786608,27150.0,0.062351,,,,,,
train,32,786708,27152.9,0.065551,,,,,,
train,32,786808,27155.7,0.063996,,,,,,
train,32,786908,27158.6,0.061184,,,,,,
train,32,787008,27161.4,0.061713,,,,,,
train,32,787108,27164.3,0.063593,,,,,,
train,32,787208,27167.1,0.061302,,,,,,
train,32,787308,27170.0,0.066159,,,,,,
train,32,787408,27172.9,0.066425,,,,,,
train,32,787508,27175.7,0.064201,,,,,,
train,32,787608,27178.6,0.061212,,,,,,
train,32,787708,27181.4,0.066156,,,,,,
train,32,787808,27184.3,0.064933,,,,,,
train,32,787908,27187.1,0.063410,,,,,,
train,32,788008,27190.0,0.062910,,,,,,
train,32,788108,27192.8,0.067274,,,,,,
train,32,788208,27195.7,0.063581,,,,,,
train,32,788308,27198.5,0.070946,,,,,,
train,32,788408,27201.4,0.062887,,,,,,
train,32,788508,27204.4,0.064131,,,,,,
train,32,788608,27207.2,0.061270,,,,,,
train,32,788708,27210.1,0.062559,,,,,,
train,32,788808,27212.9,0.063276,,,,,,
train,32,788908,27215.8,0.065363,,,,,,
train,32,789008,27218.6,0.063323,,,,,,
train,32,789108,27221.5,0.065744,,,,,,
train,32,789208,27224.3,0.063484,,,,,,
train,32,789308,27227.2,0.058666,,,,,,
train,32,789408,27230.0,0.062251,,,,,,
train,32,789508,27232.9,0.068473,,,,,,
train,32,789608,27235.7,0.068246,,,,,,
train,32,789708,27238.6,0.062819,,,,,,
train,32,789808,27241.4,0.067239,,,,,,
train,32,789908,27244.3,0.062569,,,,,,
train,32,790008,27247.1,0.070924,,,,,,
train,32,790108,27250.0,0.064509,,,,,,
train,32,790208,27252.8,0.065081,,,,,,
train,32,790308,27255.7,0.061359,,,,,,
train,32,790408,27258.5,0.061764,,,,,,
train,32,790508,27261.4,0.065684,,,,,,
train,32,790608,27264.2,0.067511,,,,,,
train,32,790708,27267.1,0.066358,,,,,,
train,32,790808,27270.0,0.064422,,,,,,
train,32,790908,27272.8,0.066642,,,,,,
train,32,791008,27275.7,0.064503,,,,,,
train,32,791108,27278.5,0.065440,,,,,,
train,32,791208,27281.4,0.058147,,,,,,
train,32,791308,27284.2,0.066489,,,,,,
train,32,791408,27287.1,0.063632,,,,,,
train,32,791508,27289.9,0.066844,,,,,,
train,32,791608,27292.8,0.060373,,,,,,
train,32,791708,27295.6,0.062380,,,,,,
train,32,791808,27298.5,0.062221,,,,,,
train,32,791908,27301.3,0.076860,,,,,,
train,32,792008,27304.2,0.062683,,,,,,
train,32,792108,27307.0,0.067841,,,,,,
train,32,792208,27309.9,0.067501,,,,,,
train,32,792308,27312.7,0.066173,,,,,,
train,32,792408,27315.6,0.070585,,,,,,
train,32,792508,27318.4,0.068533,,,,,,
train,32,792608,27321.3,0.063270,,,,,,
train,32,792708,27324.1,0.068192,,,,,,
train,32,792808,27327.0,0.062636,,,,,,
train,32,792908,27329.8,0.067741,,,,,,
train,32,793008,27332.7,0.064459,,,,,,
train,32,793108,27335.5,0.073811,,,,,,
train,32,793208,27338.4,0.069441,,,,,,
train,32,793308,27341.2,0.065127,,,,,,
train,32,793408,27344.1,0.066770,,,,,,
train,32,793508,27346.9,0.060418,,,,,,
train,32,793608,27349.8,0.063488,,,,,,
train,32,793708,27352.6,0.062361,,,,,,
train,32,793808,27355.5,0.062997,,,,,,
train,32,793908,27358.3,0.063122,,,,,,
train,32,794008,27361.2,0.059929,,,,,,
train,32,794108,27364.0,0.062010,,,,,,
train,32,794208,27366.9,0.065999,,,,,,
train,32,794308,27369.7,0.063780,,,,,,
train,32,794408,27372.6,0.066526,,,,,,
train,32,794508,27375.5,0.063826,,,,,,
train,32,794608,27378.3,0.063161,,,,,,
train,32,794708,27381.2,0.066480,,,,,,
train,32,794808,27384.0,0.064805,,,,,,
train,32,794908,27386.9,0.064754,,,,,,
train,32,795008,27389.7,0.063169,,,,,,
train,32,795108,27392.6,0.064535,,,,,,
train,32,795208,27395.4,0.064222,,,,,,
train,32,795308,27398.3,0.059077,,,,,,
train,32,795408,27401.2,0.063549,,,,,,
train,32,795508,27404.0,0.061758,,,,,,
train,32,795608,27406.9,0.065697,,,,,,
train,32,795708,27409.7,0.065792,,,,,,
train,32,795808,27412.6,0.064174,,,,,,
train,32,795908,27415.4,0.059582,,,,,,
train,32,796008,27418.3,0.064232,,,,,,
train,32,796108,27421.2,0.066122,,,,,,
train,32,796208,27424.1,0.066694,,,,,,
train,32,796308,27426.9,0.061803,,,,,,
train,32,796408,27429.8,0.064044,,,,,,
train,32,796508,27432.6,0.064084,,,,,,
train,32,796608,27435.5,0.066412,,,,,,
train,32,796708,27438.3,0.067436,,,,,,
train,32,796808,27441.2,0.065984,,,,,,
train,32,796908,27444.0,0.064506,,,,,,
train,32,797008,27446.9,0.062242,,,,,,
train,32,797108,27449.7,0.062189,,,,,,
train,32,797208,27452.6,0.064102,,,,,,
train,32,797308,27455.4,0.068336,,,,,,
train,32,797408,27458.3,0.063594,,,,,,
train,32,797508,27461.2,0.061713,,,,,,
train,32,797608,27464.0,0.063832,,,,,,
train,32,797708,27466.9,0.061823,,,,,,
train,32,797808,27469.7,0.066281,,,,,,
train,32,797908,27472.6,0.067936,,,,,,
train,32,798008,27475.9,0.070165,,,,,,
train,32,798108,27478.7,0.066065,,,,,,
train,32,798208,27481.6,0.058235,,,,,,
train,32,798308,27484.4,0.064833,,,,,,
train,32,798408,27487.3,0.065707,,,,,,
train,32,798508,27490.1,nan,,,,,,
train,32,798608,27493.0,0.066747,,,,,,
train,32,798708,27495.8,0.064089,,,,,,
train,32,798808,27498.7,0.067341,,,,,,
train,32,798908,27501.5,0.067918,,,,,,
train,32,799008,27504.4,0.062178,,,,,,
train,32,799108,27507.2,0.059874,,,,,,
train,32,799208,27510.1,0.065340,,,,,,
train,32,799308,27512.9,0.060752,,,,,,
train,32,799408,27515.8,0.063695,,,,,,
train,32,799508,27518.6,0.062459,,,,,,
train,32,799608,27521.5,0.063585,,,,,,
train,32,799708,27524.3,0.065766,,,,,,
train,32,799808,27527.2,0.067175,,,,,,
train,32,799908,27530.1,0.065003,,,,,,
train,32,800008,27532.9,0.067036,,,,,,
train,32,800108,27535.8,0.064680,,,,,,
train,32,800208,27538.6,0.066940,,,,,,
train,32,800308,27541.5,0.063740,,,,,,
train,32,800408,27544.3,0.061088,,,,,,
train,32,800508,27547.2,0.066734,,,,,,
train,32,800608,27550.0,0.064196,,,,,,
train,32,800708,27552.9,0.066542,,,,,,
train,32,800808,27555.7,0.062798,,,,,,
train,32,800908,27558.6,0.065013,,,,,,
train,32,801008,27561.4,0.066350,,,,,,
train,32,801108,27564.3,0.063977,,,,,,
train,32,801208,27567.2,0.067450,,,,,,
train,32,801308,27570.0,0.067948,,,,,,
train,32,801408,27572.9,0.059524,,,,,,
train,32,801508,27575.7,0.065382,,,,,,
train,32,801608,27578.6,0.061314,,,,,,
train,32,801708,27581.4,0.068551,,,,,,
train,32,801808,27584.3,0.064597,,,,,,
train,32,801908,27587.1,0.060669,,,,,,
train,32,802008,27590.0,0.061106,,,,,,
train,32,802108,27592.8,0.063835,,,,,,
train,32,802208,27595.7,0.073885,,,,,,
train,32,802308,27598.5,0.068102,,,,,,
train,32,802408,27601.4,0.060818,,,,,,
train,32,802508,27604.2,0.069852,,,,,,
train,32,802608,27607.1,0.064765,,,,,,
train,32,802708,27610.0,0.071384,,,,,,
train,32,802808,27612.8,0.064761,,,,,,
train,32,802908,27615.7,0.064540,,,,,,
train,32,803008,27618.5,0.065550,,,,,,
train,32,803108,27621.4,0.061557,,,,,,
train,32,803208,27624.2,0.064182,,,,,,
train,32,803308,27627.1,0.062127,,,,,,
train,32,803408,27629.9,0.069626,,,,,,
train,32,803508,27632.8,0.063256,,,,,,
train,32,803608,27635.6,0.062848,,,,,,
train,32,803708,27638.5,0.063647,,,,,,
train,32,803808,27641.3,0.067338,,,,,,
train,32,803908,27644.2,0.059521,,,,,,
train,32,804008,27647.0,0.067533,,,,,,
train,32,804108,27649.9,0.063004,,,,,,
train,32,804208,27652.7,0.071668,,,,,,
train,32,804308,27655.6,0.061321,,,,,,
train,32,804408,27658.4,0.062058,,,,,,
train,32,804508,27661.3,0.066897,,,,,,
train,32,804608,27664.1,0.063527,,,,,,
train,32,804708,27667.0,0.067813,,,,,,
train,32,804808,27669.8,0.062368,,,,,,
train,32,804908,27672.7,0.061413,,,,,,
train,32,805008,27675.5,0.064065,,,,,,
train,32,805108,27678.4,0.063105,,,,,,
train,32,805208,27681.2,0.071605,,,,,,
train,32,805308,27684.1,0.065231,,,,,,
train,32,805408,27686.9,0.061035,,,,,,
train,32,805508,27689.8,0.060823,,,,,,
train,32,805608,27692.7,0.064865,,,,,,
train,32,805708,27695.5,0.066718,,,,,,
train,32,805808,27698.4,0.065189,,,,,,
train,32,805908,27701.2,0.066360,,,,,,
train,32,806008,27704.1,0.059902,,,,,,
train,32,806108,27706.9,0.062324,,,,,,
train,32,806208,27709.8,0.065855,,,,,,
train,32,806308,27712.6,0.064743,,,,,,
train,32,806408,27715.5,0.068091,,,,,,
train,32,806508,27718.3,0.065859,,,,,,
train,32,806608,27721.2,0.069336,,,,,,
val,32,,27865.8,0.063122,0.004063,0.000035,0.010808,0.049229,35.5875,0.953151
train,33,806752,27869.9,0.063694,,,,,,
train,33,806852,27872.7,0.064969,,,,,,
train,33,806952,27875.6,0.063541,,,,,,
train,33,807052,27878.4,0.066434,,,,,,
train,33,807152,27881.3,0.065370,,,,,,
train,33,807252,27884.1,0.062475,,,,,,
train,33,807352,27887.0,0.068708,,,,,,
train,33,807452,27889.9,0.067127,,,,,,
train,33,807552,27892.8,0.063246,,,,,,
train,33,807652,27895.7,0.067260,,,,,,
train,33,807752,27898.5,0.059583,,,,,,
train,33,807852,27901.4,0.062727,,,,,,
train,33,807952,27904.2,0.063617,,,,,,
train,33,808052,27907.1,0.066945,,,,,,
train,33,808152,27909.9,0.064795,,,,,,
train,33,808252,27913.2,0.068524,,,,,,
train,33,808352,27916.0,0.065091,,,,,,
train,33,808452,27918.9,0.066422,,,,,,
train,33,808552,27921.8,0.063978,,,,,,
train,33,808652,27924.6,0.065854,,,,,,
train,33,808752,27927.5,0.065519,,,,,,
train,33,808852,27930.3,0.067777,,,,,,
train,33,808952,27933.2,0.064733,,,,,,
train,33,809052,27936.1,0.064024,,,,,,
train,33,809152,27938.9,0.062020,,,,,,
train,33,809252,27941.8,0.063980,,,,,,
train,33,809352,27944.6,0.064173,,,,,,
train,33,809452,27947.5,0.063740,,,,,,
train,33,809552,27950.3,0.064779,,,,,,
train,33,809652,27953.2,0.066298,,,,,,
train,33,809752,27956.1,0.061924,,,,,,
train,33,809852,27958.9,0.063133,,,,,,
train,33,809952,27961.8,0.070457,,,,,,
train,33,810052,27964.6,0.062747,,,,,,
train,33,810152,27967.5,0.062894,,,,,,
train,33,810252,27970.3,0.061194,,,,,,
train,33,810352,27973.2,0.063872,,,,,,
train,33,810452,27976.0,0.063736,,,,,,
train,33,810552,27978.9,0.065928,,,,,,
train,33,810652,27981.8,0.061427,,,,,,
train,33,810752,27984.6,0.062837,,,,,,
train,33,810852,27987.5,0.065265,,,,,,
train,33,810952,27990.3,0.063192,,,,,,
train,33,811052,27993.2,0.063835,,,,,,
train,33,811152,27996.1,0.067096,,,,,,
train,33,811252,27998.9,0.062015,,,,,,
train,33,811352,28001.8,0.064147,,,,,,
train,33,811452,28004.6,0.063215,,,,,,
train,33,811552,28007.5,0.067057,,,,,,
train,33,811652,28010.3,0.061083,,,,,,
train,33,811752,28013.2,0.061729,,,,,,
train,33,811852,28016.1,0.065405,,,,,,
train,33,811952,28018.9,0.062865,,,,,,
train,33,812052,28021.8,0.070461,,,,,,
train,33,812152,28024.6,0.064817,,,,,,
train,33,812252,28027.5,0.064161,,,,,,
train,33,812352,28030.4,0.062785,,,,,,
train,33,812452,28033.2,0.066832,,,,,,
train,33,812552,28036.1,0.069953,,,,,,
train,33,812652,28039.0,0.067121,,,,,,
train,33,812752,28041.8,0.062895,,,,,,
train,33,812852,28044.7,0.061645,,,,,,
train,33,812952,28047.5,0.063180,,,,,,
train,33,813052,28050.4,0.062247,,,,,,
train,33,813152,28053.2,0.067143,,,,,,
train,33,813252,28056.1,0.059557,,,,,,
train,33,813352,28058.9,0.065750,,,,,,
train,33,813452,28061.8,0.067627,,,,,,
train,33,813552,28064.6,0.061694,,,,,,
train,33,813652,28067.5,0.064104,,,,,,
train,33,813752,28070.4,0.067240,,,,,,
train,33,813852,28073.2,0.065377,,,,,,
train,33,813952,28076.1,0.058364,,,,,,
train,33,814052,28078.9,0.068882,,,,,,
train,33,814152,28081.8,0.062321,,,,,,
train,33,814252,28084.6,0.064239,,,,,,
train,33,814352,28087.5,0.065687,,,,,,
train,33,814452,28090.4,0.061132,,,,,,
train,33,814552,28093.2,0.065832,,,,,,
train,33,814652,28096.0,0.064448,,,,,,
train,33,814752,28098.9,0.064492,,,,,,
train,33,814852,28101.7,nan,,,,,,
train,33,814952,28104.6,0.065444,,,,,,
train,33,815052,28107.4,0.065113,,,,,,
train,33,815152,28110.3,0.063330,,,,,,
train,33,815252,28113.2,0.061718,,,,,,
train,33,815352,28116.0,0.062217,,,,,,
train,33,815452,28118.9,0.063602,,,,,,
train,33,815552,28121.7,0.068448,,,,,,
train,33,815652,28124.6,0.061908,,,,,,
train,33,815752,28127.4,0.065751,,,,,,
train,33,815852,28130.3,0.060912,,,,,,
train,33,815952,28133.1,0.067262,,,,,,
train,33,816052,28136.0,0.066370,,,,,,
train,33,816152,28138.8,0.061985,,,,,,
train,33,816252,28141.7,0.066370,,,,,,
train,33,816352,28144.6,0.068498,,,,,,
train,33,816452,28147.4,0.065888,,,,,,
train,33,816552,28150.3,0.063800,,,,,,
train,33,816652,28153.1,0.059375,,,,,,
train,33,816752,28156.0,0.062993,,,,,,
train,33,816852,28158.8,0.059298,,,,,,
train,33,816952,28161.7,0.061185,,,,,,
train,33,817052,28164.5,0.064336,,,,,,
train,33,817152,28167.4,0.062475,,,,,,
train,33,817252,28170.3,0.061044,,,,,,
train,33,817352,28173.1,0.061727,,,,,,
train,33,817452,28176.0,0.062561,,,,,,
train,33,817552,28178.8,0.061596,,,,,,
train,33,817652,28181.7,0.067717,,,,,,
train,33,817752,28184.5,0.062504,,,,,,
train,33,817852,28187.4,0.068438,,,,,,
train,33,817952,28190.3,0.067332,,,,,,
train,33,818052,28193.1,0.065800,,,,,,
train,33,818152,28196.0,0.064727,,,,,,
train,33,818252,28198.8,0.066107,,,,,,
train,33,818352,28201.7,0.064488,,,,,,
train,33,818452,28204.5,0.063225,,,,,,
train,33,818552,28207.4,0.061476,,,,,,
train,33,818652,28210.2,0.061991,,,,,,
train,33,818752,28213.1,0.059308,,,,,,
train,33,818852,28216.0,0.072440,,,,,,
train,33,818952,28218.8,0.065396,,,,,,
train,33,819052,28221.7,0.067366,,,,,,
train,33,819152,28224.5,0.063506,,,,,,
train,33,819252,28227.4,0.063638,,,,,,
train,33,819352,28230.3,0.064038,,,,,,
train,33,819452,28233.1,0.064425,,,,,,
train,33,819552,28236.0,0.064943,,,,,,
train,33,819652,28238.8,0.064083,,,,,,
train,33,819752,28241.7,0.066657,,,,,,
train,33,819852,28244.6,0.066061,,,,,,
train,33,819952,28247.4,0.064331,,,,,,
train,33,820052,28250.3,0.064872,,,,,,
train,33,820152,28253.1,0.066169,,,,,,
train,33,820252,28256.0,0.061686,,,,,,
train,33,820352,28258.8,0.063588,,,,,,
train,33,820452,28261.7,0.066577,,,,,,
train,33,820552,28264.6,0.068085,,,,,,
train,33,820652,28267.4,0.061313,,,,,,
train,33,820752,28270.3,0.064974,,,,,,
train,33,820852,28273.1,0.061974,,,,,,
train,33,820952,28276.0,0.068102,,,,,,
train,33,821052,28278.8,0.062284,,,,,,
train,33,821152,28281.7,0.064079,,,,,,
train,33,821252,28284.5,0.062194,,,,,,
train,33,821352,28287.4,0.069596,,,,,,
train,33,821452,28290.2,0.065290,,,,,,
train,33,821552,28293.1,0.065951,,,,,,
train,33,821652,28296.0,0.068672,,,,,,
train,33,821752,28298.8,0.060307,,,,,,
train,33,821852,28301.7,0.057497,,,,,,
train,33,821952,28304.5,0.067834,,,,,,
train,33,822052,28307.4,0.064105,,,,,,
train,33,822152,28310.2,0.062514,,,,,,
train,33,822252,28313.1,0.062753,,,,,,
train,33,822352,28316.0,0.066474,,,,,,
train,33,822452,28318.8,0.064800,,,,,,
train,33,822552,28321.7,0.063922,,,,,,
train,33,822652,28324.5,0.062151,,,,,,
train,33,822752,28327.4,0.064596,,,,,,
train,33,822852,28330.2,0.062487,,,,,,
train,33,822952,28333.1,0.066673,,,,,,
train,33,823052,28335.9,0.058482,,,,,,
train,33,823152,28338.8,0.065421,,,,,,
train,33,823252,28341.7,0.065821,,,,,,
train,33,823352,28344.6,0.061934,,,,,,
train,33,823452,28347.8,0.064854,,,,,,
train,33,823552,28350.6,0.068192,,,,,,
train,33,823652,28353.5,0.061375,,,,,,
train,33,823752,28356.4,0.065562,,,,,,
train,33,823852,28359.3,0.065970,,,,,,
train,33,823952,28362.1,0.062112,,,,,,
train,33,824052,28365.0,0.066125,,,,,,
train,33,824152,28367.8,0.062598,,,,,,
train,33,824252,28370.7,0.065529,,,,,,
train,33,824352,28373.6,0.065625,,,,,,
train,33,824452,28376.4,0.065222,,,,,,
train,33,824552,28379.3,0.069242,,,,,,
train,33,824652,28382.1,0.067321,,,,,,
train,33,824752,28385.0,0.065496,,,,,,
train,33,824852,28387.9,0.062603,,,,,,
train,33,824952,28390.7,0.064498,,,,,,
train,33,825052,28393.6,0.069289,,,,,,
train,33,825152,28396.4,0.062902,,,,,,
train,33,825252,28399.3,0.068676,,,,,,
train,33,825352,28402.2,0.066190,,,,,,
train,33,825452,28405.0,0.062504,,,,,,
train,33,825552,28407.9,0.062959,,,,,,
train,33,825652,28410.7,0.064514,,,,,,
train,33,825752,28413.6,0.070729,,,,,,
train,33,825852,28416.4,0.062617,,,,,,
train,33,825952,28419.3,0.065806,,,,,,
train,33,826052,28422.2,0.062812,,,,,,
train,33,826152,28425.0,0.060721,,,,,,
train,33,826252,28427.9,0.067740,,,,,,
train,33,826352,28430.7,0.059211,,,,,,
train,33,826452,28433.6,0.067939,,,,,,
train,33,826552,28436.4,0.068715,,,,,,
train,33,826652,28439.3,0.061586,,,,,,
train,33,826752,28442.2,0.066259,,,,,,
train,33,826852,28445.0,0.062041,,,,,,
train,33,826952,28447.9,0.065382,,,,,,
train,33,827052,28450.7,0.064955,,,,,,
train,33,827152,28453.6,0.067914,,,,,,
train,33,827252,28456.4,0.064309,,,,,,
train,33,827352,28459.3,0.064861,,,,,,
train,33,827452,28462.1,0.063468,,,,,,
train,33,827552,28465.0,0.064632,,,,,,
train,33,827652,28467.8,0.063356,,,,,,
train,33,827752,28470.7,0.065098,,,,,,
train,33,827852,28473.6,0.065543,,,,,,
train,33,827952,28476.4,0.060120,,,,,,
train,33,828052,28479.3,0.065176,,,,,,
train,33,828152,28482.1,0.059375,,,,,,
train,33,828252,28485.0,0.063278,,,,,,
train,33,828352,28487.9,0.068869,,,,,,
train,33,828452,28490.7,0.066036,,,,,,
train,33,828552,28493.6,0.059710,,,,,,
train,33,828652,28496.4,0.065168,,,,,,
train,33,828752,28499.3,0.068001,,,,,,
train,33,828852,28502.1,0.063483,,,,,,
train,33,828952,28505.0,0.069758,,,,,,
train,33,829052,28507.8,0.064142,,,,,,
train,33,829152,28510.7,0.067559,,,,,,
train,33,829252,28513.6,0.062466,,,,,,
train,33,829352,28516.4,0.063219,,,,,,
train,33,829452,28519.3,0.065494,,,,,,
train,33,829552,28522.1,0.063505,,,,,,
train,33,829652,28525.0,0.062878,,,,,,
train,33,829752,28527.8,0.062498,,,,,,
train,33,829852,28530.7,0.061902,,,,,,
train,33,829952,28533.5,0.059372,,,,,,
train,33,830052,28536.4,0.066458,,,,,,
train,33,830152,28539.3,0.064552,,,,,,
train,33,830252,28542.1,0.067295,,,,,,
train,33,830352,28545.0,0.067570,,,,,,
train,33,830452,28547.8,0.062415,,,,,,
train,33,830552,28550.7,0.064634,,,,,,
train,33,830652,28553.5,0.057252,,,,,,
train,33,830752,28556.4,0.074934,,,,,,
train,33,830852,28559.2,0.065308,,,,,,
train,33,830952,28562.1,0.066930,,,,,,
train,33,831052,28565.0,0.065997,,,,,,
val,33,,28709.7,0.063263,0.004056,0.000034,0.010754,0.049172,35.6202,0.953249
train,34,831196,28713.3,0.065140,,,,,,
train,34,831296,28716.2,0.064490,,,,,,
train,34,831396,28719.0,0.060810,,,,,,
train,34,831496,28721.9,0.064946,,,,,,
train,34,831596,28724.7,0.065472,,,,,,
train,34,831696,28727.6,0.066553,,,,,,
train,34,831796,28730.4,0.063491,,,,,,
train,34,831896,28733.3,0.065818,,,,,,
train,34,831996,28736.1,0.065726,,,,,,
train,34,832096,28739.0,0.066030,,,,,,
train,34,832196,28741.8,0.065511,,,,,,
train,34,832296,28744.7,0.064478,,,,,,
train,34,832396,28747.5,0.066839,,,,,,
train,34,832496,28750.4,0.064581,,,,,,
train,34,832596,28753.3,0.067455,,,,,,
train,34,832696,28756.1,0.064696,,,,,,
train,34,832796,28759.0,0.065081,,,,,,
train,34,832896,28761.8,0.063990,,,,,,
train,34,832996,28764.7,0.064836,,,,,,
train,34,833096,28767.5,0.060698,,,,,,
train,34,833196,28770.4,0.063242,,,,,,
train,34,833296,28773.3,0.060556,,,,,,
train,34,833396,28776.1,0.062831,,,,,,
train,34,833496,28779.0,0.065695,,,,,,
train,34,833596,28781.8,0.061859,,,,,,
train,34,833696,28784.7,0.065911,,,,,,
train,34,833796,28787.5,0.067686,,,,,,
train,34,833896,28790.4,0.063379,,,,,,
train,34,833996,28793.3,0.063899,,,,,,
train,34,834096,28796.1,0.065172,,,,,,
train,34,834196,28799.0,0.065752,,,,,,
train,34,834296,28801.8,0.064367,,,,,,
train,34,834396,28804.7,0.064315,,,,,,
train,34,834496,28807.5,0.068675,,,,,,
train,34,834596,28810.4,0.065592,,,,,,
train,34,834696,28813.2,0.062903,,,,,,
train,34,834796,28816.1,0.068389,,,,,,
train,34,834896,28819.0,0.065761,,,,,,
train,34,834996,28821.8,0.061841,,,,,,
train,34,835096,28824.7,0.066705,,,,,,
train,34,835196,28827.5,0.066729,,,,,,
train,34,835296,28830.4,0.064274,,,,,,
train,34,835396,28833.2,0.064722,,,,,,
train,34,835496,28836.1,0.063094,,,,,,
train,34,835596,28839.0,0.059411,,,,,,
train,34,835696,28841.8,0.058933,,,,,,
train,34,835796,28844.7,0.064944,,,,,,
train,34,835896,28847.5,0.067373,,,,,,
train,34,835996,28850.4,0.061655,,,,,,
train,34,836096,28853.2,0.068727,,,,,,
train,34,836196,28856.1,0.060470,,,,,,
train,34,836296,28858.9,0.064990,,,,,,
train,34,836396,28861.8,0.059303,,,,,,
train,34,836496,28864.7,0.058478,,,,,,
train,34,836596,28867.5,0.060888,,,,,,
train,34,836696,28870.4,0.067504,,,,,,
train,34,836796,28873.2,0.061416,,,,,,
train,34,836896,28876.1,0.068223,,,,,,
train,34,836996,28878.9,0.062856,,,,,,
train,34,837096,28881.8,0.062888,,,,,,
train,34,837196,28884.6,0.064934,,,,,,
train,34,837296,28887.5,0.061311,,,,,,
train,34,837396,28890.3,0.063061,,,,,,
train,34,837496,28893.2,0.062069,,,,,,
train,34,837596,28896.0,0.064226,,,,,,
train,34,837696,28898.9,0.071307,,,,,,
train,34,837796,28901.7,0.068576,,,,,,
train,34,837896,28904.6,0.067680,,,,,,
train,34,837996,28907.5,0.068624,,,,,,
train,34,838096,28910.3,0.066657,,,,,,
train,34,838196,28913.2,0.060301,,,,,,
train,34,838296,28916.0,0.065913,,,,,,
train,34,838396,28918.9,0.065528,,,,,,
train,34,838496,28921.7,0.063445,,,,,,
train,34,838596,28924.5,0.068242,,,,,,
train,34,838696,28927.4,0.063929,,,,,,
train,34,838796,28930.2,0.059657,,,,,,
train,34,838896,28933.1,0.058897,,,,,,
train,34,838996,28935.9,0.063384,,,,,,
train,34,839096,28938.8,0.060308,,,,,,
train,34,839196,28941.6,0.062644,,,,,,
train,34,839296,28944.5,0.063726,,,,,,
train,34,839396,28947.3,0.065132,,,,,,
train,34,839496,28950.2,0.066337,,,,,,
train,34,839596,28953.1,0.062938,,,,,,
train,34,839696,28955.9,0.063950,,,,,,
train,34,839796,28958.8,0.066668,,,,,,
train,34,839896,28961.6,0.065284,,,,,,
train,34,839996,28964.5,0.063078,,,,,,
train,34,840096,28967.3,0.067762,,,,,,
train,34,840196,28970.2,0.064863,,,,,,
train,34,840296,28973.0,0.062138,,,,,,
train,34,840396,28975.9,0.063178,,,,,,
train,34,840496,28978.7,0.066104,,,,,,
train,34,840596,28981.6,nan,,,,,,
train,34,840696,28984.4,0.060151,,,,,,
train,34,840796,28987.3,0.067560,,,,,,
train,34,840896,28990.2,0.064212,,,,,,
train,34,840996,28993.0,0.064182,,,,,,
train,34,841096,28995.9,0.063281,,,,,,
train,34,841196,28998.7,0.064613,,,,,,
train,34,841296,29001.6,0.062945,,,,,,
train,34,841396,29004.4,0.065050,,,,,,
train,34,841496,29007.3,0.062014,,,,,,
train,34,841596,29010.1,0.066878,,,,,,
train,34,841696,29013.0,0.063992,,,,,,
train,34,841796,29015.8,0.065571,,,,,,
train,34,841896,29018.7,0.062502,,,,,,
train,34,841996,29021.5,0.066131,,,,,,
train,34,842096,29024.4,0.066401,,,,,,
train,34,842196,29027.3,0.060165,,,,,,
train,34,842296,29030.1,0.062893,,,,,,
train,34,842396,29033.0,0.063653,,,,,,
train,34,842496,29035.8,0.063151,,,,,,
train,34,842596,29038.7,0.064660,,,,,,
train,34,842696,29041.5,0.067733,,,,,,
train,34,842796,29044.4,0.065269,,,,,,
train,34,842896,29047.2,0.066389,,,,,,
train,34,842996,29050.1,0.065063,,,,,,
train,34,843096,29053.2,0.061744,,,,,,
train,34,843196,29056.1,0.063788,,,,,,
train,34,843296,29058.9,0.065265,,,,,,
train,34,843396,29061.8,0.065725,,,,,,
train,34,843496,29064.6,0.060284,,,,,,
train,34,843596,29067.5,0.061796,,,,,,
train,34,843696,29070.4,0.064457,,,,,,
train,34,843796,29073.2,0.060977,,,,,,
train,34,843896,29076.1,0.066202,,,,,,
train,34,843996,29078.9,0.065448,,,,,,
train,34,844096,29081.8,0.061347,,,,,,
train,34,844196,29084.7,0.066493,,,,,,
train,34,844296,29087.5,0.060429,,,,,,
train,34,844396,29090.4,0.063563,,,,,,
train,34,844496,29093.2,0.063555,,,,,,
train,34,844596,29096.1,0.063233,,,,,,
train,34,844696,29098.9,0.062027,,,,,,
train,34,844796,29101.8,0.064839,,,,,,
train,34,844896,29104.7,0.066366,,,,,,
train,34,844996,29107.5,0.063642,,,,,,
train,34,845096,29110.4,0.064383,,,,,,
train,34,845196,29113.2,0.058841,,,,,,
train,34,845296,29116.1,0.061893,,,,,,
train,34,845396,29118.9,0.063242,,,,,,
train,34,845496,29121.8,0.059845,,,,,,
train,34,845596,29124.7,0.064617,,,,,,
train,34,845696,29127.5,0.065642,,,,,,
train,34,845796,29130.4,0.062218,,,,,,
train,34,845896,29133.2,0.066745,,,,,,
train,34,845996,29136.1,0.066895,,,,,,
train,34,846096,29138.9,0.065446,,,,,,
train,34,846196,29141.8,0.064020,,,,,,
train,34,846296,29144.6,0.063787,,,,,,
train,34,846396,29147.5,0.061763,,,,,,
train,34,846496,29150.3,0.059963,,,,,,
train,34,846596,29153.2,0.070106,,,,,,
train,34,846696,29156.1,0.064408,,,,,,
train,34,846796,29159.0,0.065581,,,,,,
train,34,846896,29161.8,0.066962,,,,,,
train,34,846996,29164.7,0.068111,,,,,,
train,34,847096,29167.5,0.064630,,,,,,
train,34,847196,29170.4,0.063552,,,,,,
train,34,847296,29173.2,0.068235,,,,,,
train,34,847396,29176.1,0.061554,,,,,,
train,34,847496,29178.9,0.062571,,,,,,
train,34,847596,29181.8,0.068377,,,,,,
train,34,847696,29184.6,0.063219,,,,,,
train,34,847796,29187.5,0.065296,,,,,,
train,34,847896,29190.3,0.064797,,,,,,
train,34,847996,29193.2,0.061511,,,,,,
train,34,848096,29196.0,0.065671,,,,,,
train,34,848196,29198.9,0.064429,,,,,,
train,34,848296,29201.8,0.064946,,,,,,
train,34,848396,29204.6,0.065825,,,,,,
train,34,848496,29207.5,0.057086,,,,,,
train,34,848596,29210.3,0.062994,,,,,,
train,34,848696,29213.2,0.063720,,,,,,
train,34,848796,29216.0,0.066131,,,,,,
train,34,848896,29218.9,0.057327,,,,,,
train,34,848996,29221.8,0.061993,,,,,,
train,34,849096,29224.6,0.066318,,,,,,
train,34,849196,29227.5,0.064560,,,,,,
train,34,849296,29230.3,0.066788,,,,,,
train,34,849396,29233.2,0.064719,,,,,,
train,34,849496,29236.0,0.066197,,,,,,
train,34,849596,29238.9,0.063530,,,,,,
train,34,849696,29241.7,0.062651,,,,,,
train,34,849796,29244.6,0.060807,,,,,,
train,34,849896,29247.5,0.062065,,,,,,
train,34,849996,29250.3,0.062302,,,,,,
train,34,850096,29253.2,0.062067,,,,,,
train,34,850196,29256.0,0.064078,,,,,,
train,34,850296,29258.9,0.064868,,,,,,
train,34,850396,29261.7,0.065431,,,,,,
train,34,850496,29264.6,0.061398,,,,,,
train,34,850596,29267.5,0.066325,,,,,,
train,34,850696,29270.3,0.068319,,,,,,
train,34,850796,29273.2,0.065083,,,,,,
train,34,850896,29276.0,0.064077,,,,,,
train,34,850996,29278.9,0.064764,,,,,,
train,34,851096,29281.7,0.062358,,,,,,
train,34,851196,29284.6,0.068868,,,,,,
train,34,851296,29287.5,0.065184,,,,,,
train,34,851396,29290.3,0.062294,,,,,,
train,34,851496,29293.2,0.062155,,,,,,
train,34,851596,29296.0,0.059605,,,,,,
train,34,851696,29298.9,0.067560,,,,,,
train,34,851796,29301.8,0.061314,,,,,,
train,34,851896,29304.6,0.067949,,,,,,
train,34,851996,29307.5,0.066009,,,,,,
train,34,852096,29310.3,0.072708,,,,,,
train,34,852196,29313.2,0.065305,,,,,,
train,34,852296,29316.0,0.062631,,,,,,
train,34,852396,29318.9,0.060733,,,,,,
train,34,852496,29321.8,0.062204,,,,,,
train,34,852596,29324.6,0.069014,,,,,,
train,34,852696,29327.5,0.062646,,,,,,
train,34,852796,29330.3,0.064453,,,,,,
train,34,852896,29333.2,0.067042,,,,,,
train,34,852996,29336.0,0.063598,,,,,,
train,34,853096,29338.9,0.064820,,,,,,
train,34,853196,29341.7,0.065137,,,,,,
train,34,853296,29344.6,0.065137,,,,,,
train,34,853396,29347.5,0.064802,,,,,,
train,34,853496,29350.3,0.067018,,,,,,
train,34,853596,29353.2,0.060791,,,,,,
train,34,853696,29356.0,0.063390,,,,,,
train,34,853796,29358.9,0.063212,,,,,,
train,34,853896,29361.7,0.066216,,,,,,
train,34,853996,29364.6,0.068086,,,,,,
train,34,854096,29367.5,0.062720,,,,,,
train,34,854196,29370.3,0.067933,,,,,,
train,34,854296,29373.2,0.065859,,,,,,
train,34,854396,29376.0,0.065193,,,,,,
train,34,854496,29378.9,0.065470,,,,,,
train,34,854596,29381.7,0.065453,,,,,,
train,34,854696,29384.6,0.063483,,,,,,
train,34,854796,29387.4,0.065363,,,,,,
train,34,854896,29390.3,0.062094,,,,,,
train,34,854996,29393.1,0.060268,,,,,,
train,34,855096,29396.0,0.060992,,,,,,
train,34,855196,29398.9,0.061566,,,,,,
train,34,855296,29401.7,0.066547,,,,,,
train,34,855396,29404.5,0.063477,,,,,,
train,34,855496,29407.4,0.067243,,,,,,
val,34,,29551.9,0.062979,0.004051,0.000034,0.010794,0.049247,35.5986,0.953246
train,35,855640,29556.0,0.066368,,,,,,
train,35,855740,29558.8,0.065024,,,,,,
train,35,855840,29561.7,0.063394,,,,,,
train,35,855940,29564.5,0.062999,,,,,,
train,35,856040,29567.4,0.061145,,,,,,
train,35,856140,29570.3,0.060662,,,,,,
train,35,856240,29573.1,0.060067,,,,,,
train,35,856340,29576.0,0.061618,,,,,,
train,35,856440,29578.8,0.063520,,,,,,
train,35,856540,29581.7,0.063601,,,,,,
train,35,856640,29584.5,0.067388,,,,,,
train,35,856740,29587.4,0.065152,,,,,,
train,35,856840,29590.2,0.063341,,,,,,
train,35,856940,29593.1,0.064888,,,,,,
train,35,857040,29595.9,0.065542,,,,,,
train,35,857140,29598.8,0.062783,,,,,,
train,35,857240,29601.6,0.067236,,,,,,
train,35,857340,29604.5,0.061857,,,,,,
train,35,857440,29607.3,0.062564,,,,,,
train,35,857540,29610.2,0.061539,,,,,,
train,35,857640,29613.0,0.066968,,,,,,
train,35,857740,29615.9,0.066046,,,,,,
train,35,857840,29618.7,0.064654,,,,,,
train,35,857940,29621.6,0.062132,,,,,,
train,35,858040,29624.4,0.062408,,,,,,
train,35,858140,29627.3,0.060899,,,,,,
train,35,858240,29630.1,0.063420,,,,,,
train,35,858340,29633.0,0.069965,,,,,,
train,35,858440,29635.8,0.067348,,,,,,
train,35,858540,29638.7,0.065748,,,,,,
train,35,858640,29641.6,0.064781,,,,,,
train,35,858740,29644.4,0.064353,,,,,,
train,35,858840,29647.3,0.064691,,,,,,
train,35,858940,29650.1,0.065516,,,,,,
train,35,859040,29653.0,0.063285,,,,,,
train,35,859140,29655.8,0.064546,,,,,,
train,35,859240,29658.7,0.065603,,,,,,
train,35,859340,29661.5,0.066921,,,,,,
train,35,859440,29664.4,0.061531,,,,,,
train,35,859540,29667.2,0.058199,,,,,,
train,35,859640,29670.1,0.063650,,,,,,
train,35,859740,29672.9,0.063059,,,,,,
train,35,859840,29675.8,0.064841,,,,,,
train,35,859940,29678.6,0.062441,,,,,,
train,35,860040,29681.5,0.062865,,,,,,
train,35,860140,29684.3,0.059998,,,,,,
train,35,860240,29687.2,0.062230,,,,,,
train,35,860340,29690.1,0.063002,,,,,,
train,35,860440,29692.9,0.066774,,,,,,
train,35,860540,29695.8,0.063497,,,,,,
train,35,860640,29698.6,0.062554,,,,,,
train,35,860740,29701.5,0.068586,,,,,,
train,35,860840,29704.3,0.062113,,,,,,
train,35,860940,29707.2,0.064833,,,,,,
train,35,861040,29710.0,0.064115,,,,,,
train,35,861140,29712.9,0.065070,,,,,,
train,35,861240,29715.7,0.064576,,,,,,
train,35,861340,29718.6,0.065302,,,,,,
train,35,861440,29721.4,0.067701,,,,,,
train,35,861540,29724.3,0.065206,,,,,,
train,35,861640,29727.1,0.065557,,,,,,
train,35,861740,29730.0,0.063063,,,,,,
train,35,861840,29732.8,0.062973,,,,,,
train,35,861940,29735.7,0.065671,,,,,,
train,35,862040,29738.5,0.060890,,,,,,
train,35,862140,29741.4,0.064251,,,,,,
train,35,862240,29744.3,0.065157,,,,,,
train,35,862340,29747.1,0.066799,,,,,,
train,35,862440,29750.0,0.062910,,,,,,
train,35,862540,29752.8,0.060694,,,,,,
train,35,862640,29755.7,0.063521,,,,,,
train,35,862740,29758.5,0.061880,,,,,,
train,35,862840,29761.4,0.065306,,,,,,
train,35,862940,29764.2,0.066943,,,,,,
train,35,863040,29767.1,0.065027,,,,,,
train,35,863140,29769.9,0.062024,,,,,,
train,35,863240,29772.8,0.066849,,,,,,
train,35,863340,29775.6,0.061851,,,,,,
train,35,863440,29778.5,0.070566,,,,,,
train,35,863540,29781.3,0.063200,,,,,,
train,35,863640,29784.2,0.065461,,,,,,
train,35,863740,29787.1,0.063334,,,,,,
train,35,863840,29789.9,0.064044,,,,,,
train,35,863940,29792.7,0.067547,,,,,,
train,35,864040,29795.6,0.060808,,,,,,
train,35,864140,29798.4,0.068559,,,,,,
train,35,864240,29801.3,0.065010,,,,,,
train,35,864340,29804.1,0.064820,,,,,,
train,35,864440,29807.0,0.065695,,,,,,
train,35,864540,29809.8,0.059358,,,,,,
train,35,864640,29812.7,0.062545,,,,,,
train,35,864740,29815.6,0.065444,,,,,,
train,35,864840,29818.4,0.068224,,,,,,
train,35,864940,29821.3,0.068135,,,,,,
train,35,865040,29824.1,0.063645,,,,,,
train,35,865140,29827.3,0.066162,,,,,,
train,35,865240,29830.2,0.062672,,,,,,
train,35,865340,29833.0,0.059651,,,,,,
train,35,865440,29835.9,0.063593,,,,,,
train,35,865540,29838.8,0.065658,,,,,,
train,35,865640,29841.6,0.065937,,,,,,
train,35,865740,29844.5,0.063791,,,,,,
train,35,865840,29847.3,0.061977,,,,,,
train,35,865940,29850.2,0.065242,,,,,,
train,35,866040,29853.0,0.063752,,,,,,
train,35,866140,29855.9,0.062481,,,,,,
train,35,866240,29858.7,0.063412,,,,,,
train,35,866340,29861.6,0.064565,,,,,,
train,35,866440,29864.4,0.062516,,,,,,
train,35,866540,29867.3,0.068362,,,,,,
train,35,866640,29870.1,0.060560,,,,,,
train,35,866740,29873.0,0.062747,,,,,,
train,35,866840,29875.9,0.061186,,,,,,
train,35,866940,29878.7,0.064333,,,,,,
train,35,867040,29881.6,0.064744,,,,,,
train,35,867140,29884.4,0.061972,,,,,,
train,35,867240,29887.3,0.064461,,,,,,
train,35,867340,29890.1,0.062606,,,,,,
train,35,867440,29893.0,0.065789,,,,,,
train,35,867540,29896.9,0.062687,,,,,,
train,35,867640,29899.9,0.068311,,,,,,
train,35,867740,29902.7,0.061038,,,,,,
train,35,867840,29905.6,0.065011,,,,,,
train,35,867940,29908.4,0.061953,,,,,,
train,35,868040,29911.3,0.065410,,,,,,
train,35,868140,29914.1,0.061424,,,,,,
train,35,868240,29917.0,0.063173,,,,,,
train,35,868340,29919.8,0.057384,,,,,,
train,35,868440,29922.7,0.062267,,,,,,
train,35,868540,29925.5,0.063136,,,,,,
train,35,868640,29928.4,0.061766,,,,,,
train,35,868740,29931.3,0.066931,,,,,,
train,35,868840,29934.1,0.065213,,,,,,
train,35,868940,29937.0,0.061682,,,,,,
train,35,869040,29939.8,0.061171,,,,,,
train,35,869140,29942.7,0.058638,,,,,,
train,35,869240,29945.5,0.067653,,,,,,
train,35,869340,29948.4,0.063360,,,,,,
train,35,869440,29951.2,0.062919,,,,,,
train,35,869540,29954.1,0.067782,,,,,,
train,35,869640,29956.9,0.067126,,,,,,
train,35,869740,29959.8,0.063508,,,,,,
train,35,869840,29962.6,0.064950,,,,,,
train,35,869940,29965.5,0.058664,,,,,,
train,35,870040,29968.3,0.060611,,,,,,
train,35,870140,29971.2,0.066318,,,,,,
train,35,870240,29974.0,0.063665,,,,,,
train,35,870340,29976.9,0.061056,,,,,,
train,35,870440,29979.7,0.063906,,,,,,
train,35,870540,29982.6,0.064064,,,,,,
train,35,870640,29985.4,0.073975,,,,,,
train,35,870740,29988.3,0.067901,,,,,,
train,35,870840,29991.1,0.065687,,,,,,
train,35,870940,29994.0,0.068929,,,,,,
train,35,871040,29996.8,0.066885,,,,,,
train,35,871140,29999.7,0.065361,,,,,,
train,35,871240,30002.6,0.059664,,,,,,
train,35,871340,30005.4,0.065505,,,,,,
train,35,871440,30008.3,0.062130,,,,,,
train,35,871540,30011.1,0.065727,,,,,,
train,35,871640,30014.0,0.064196,,,,,,
train,35,871740,30016.8,0.060995,,,,,,
train,35,871840,30019.7,0.060639,,,,,,
train,35,871940,30022.5,0.062165,,,,,,
train,35,872040,30025.4,0.067999,,,,,,
train,35,872140,30028.2,0.071642,,,,,,
train,35,872240,30031.1,0.059505,,,,,,
train,35,872340,30033.9,0.061425,,,,,,
train,35,872440,30036.8,0.057384,,,,,,
train,35,872540,30039.6,0.060408,,,,,,
train,35,872640,30042.5,0.060043,,,,,,
train,35,872740,30045.3,0.062542,,,,,,
train,35,872840,30048.2,0.066431,,,,,,
train,35,872940,30051.0,0.064121,,,,,,
train,35,873040,30053.9,0.065420,,,,,,
train,35,873140,30056.7,0.069303,,,,,,
train,35,873240,30059.6,0.065333,,,,,,
train,35,873340,30062.4,0.058795,,,,,,
train,35,873440,30065.3,0.064593,,,,,,
train,35,873540,30068.2,0.063101,,,,,,
train,35,873640,30071.0,0.062326,,,,,,
train,35,873740,30073.9,0.064255,,,,,,
train,35,873840,30076.7,0.070879,,,,,,
train,35,873940,30079.6,0.062118,,,,,,
train,35,874040,30082.4,0.065157,,,,,,
train,35,874140,30085.3,0.066491,,,,,,
train,35,874240,30088.1,0.065774,,,,,,
train,35,874340,30091.0,0.064904,,,,,,
train,35,874440,30093.8,0.063106,,,,,,
train,35,874540,30096.7,0.063018,,,,,,
train,35,874640,30099.5,0.065715,,,,,,
train,35,874740,30102.4,0.062843,,,,,,
train,35,874840,30105.2,0.066205,,,,,,
train,35,874940,30108.1,0.064963,,,,,,
train,35,875040,30110.9,0.065075,,,,,,
train,35,875140,30113.8,0.062201,,,,,,
train,35,875240,30116.6,0.070337,,,,,,
train,35,875340,30119.5,0.062600,,,,,,
train,35,875440,30122.3,0.065128,,,,,,
train,35,875540,30125.2,0.067711,,,,,,
train,35,875640,30128.0,0.062721,,,,,,
train,35,875740,30130.9,0.060674,,,,,,
train,35,875840,30133.7,nan,,,,,,
train,35,875940,30136.6,0.064547,,,,,,
train,35,876040,30139.5,0.064141,,,,,,
train,35,876140,30142.3,0.062291,,,,,,
train,35,876240,30145.2,0.062486,,,,,,
train,35,876340,30148.0,0.064866,,,,,,
train,35,876440,30150.9,0.068450,,,,,,
train,35,876540,30153.7,0.064977,,,,,,
train,35,876640,30156.6,0.060723,,,,,,
train,35,876740,30159.4,0.062503,,,,,,
train,35,876840,30162.3,0.061757,,,,,,
train,35,876940,30165.2,0.064078,,,,,,
train,35,877040,30168.0,0.063135,,,,,,
train,35,877140,30170.9,0.058973,,,,,,
train,35,877240,30173.7,0.061535,,,,,,
train,35,877340,30176.6,0.063030,,,,,,
train,35,877440,30179.4,0.064516,,,,,,
train,35,877540,30182.3,0.065861,,,,,,
train,35,877640,30185.1,0.065710,,,,,,
train,35,877740,30188.0,0.066755,,,,,,
train,35,877840,30190.8,0.062353,,,,,,
train,35,877940,30193.7,0.067252,,,,,,
train,35,878040,30196.6,0.067088,,,,,,
train,35,878140,30199.4,0.063802,,,,,,
train,35,878240,30202.3,0.067965,,,,,,
train,35,878340,30205.1,0.063164,,,,,,
train,35,878440,30208.0,0.065242,,,,,,
train,35,878540,30210.8,0.062231,,,,,,
train,35,878640,30213.7,0.065512,,,,,,
train,35,878740,30216.5,0.062080,,,,,,
train,35,878840,30219.4,0.062260,,,,,,
train,35,878940,30222.2,0.067792,,,,,,
train,35,879040,30225.1,0.063441,,,,,,
train,35,879140,30227.9,0.067883,,,,,,
train,35,879240,30230.8,0.067257,,,,,,
train,35,879340,30233.6,0.063669,,,,,,
train,35,879440,30236.5,0.066156,,,,,,
train,35,879540,30239.3,0.062809,,,,,,
train,35,879640,30242.2,0.064232,,,,,,
train,35,879740,30245.0,0.059628,,,,,,
train,35,879840,30247.9,0.062477,,,,,,
train,35,879940,30250.7,0.060911,,,,,,
val,35,,30395.3,0.062952,0.004046,0.000034,0.010776,0.049115,35.6098,0.953320
train,36,880084,30399.3,0.061004,,,,,,
train,36,880184,30402.2,0.063191,,,,,,
train,36,880284,30405.0,0.061572,,,,,,
train,36,880384,30407.9,0.063380,,,,,,
train,36,880484,30410.8,0.062408,,,,,,
train,36,880584,30413.6,0.062733,,,,,,
train,36,880684,30416.5,0.062909,,,,,,
train,36,880784,30419.3,0.065158,,,,,,
train,36,880884,30422.2,0.063640,,,,,,
train,36,880984,30425.0,0.064237,,,,,,
train,36,881084,30427.9,0.066148,,,,,,
train,36,881184,30430.7,0.066967,,,,,,
train,36,881284,30433.6,0.063485,,,,,,
train,36,881384,30436.4,0.062051,,,,,,
train,36,881484,30439.3,0.061453,,,,,,
train,36,881584,30442.1,0.065856,,,,,,
train,36,881684,30445.0,0.066718,,,,,,
train,36,881784,30447.9,0.061798,,,,,,
train,36,881884,30450.7,0.065765,,,,,,
train,36,881984,30453.6,0.061440,,,,,,
train,36,882084,30456.4,0.058585,,,,,,
train,36,882184,30459.3,0.061727,,,,,,
train,36,882284,30462.1,0.065454,,,,,,
train,36,882384,30465.0,0.064423,,,,,,
train,36,882484,30467.8,0.066134,,,,,,
train,36,882584,30470.7,0.065180,,,,,,
train,36,882684,30473.6,0.063732,,,,,,
train,36,882784,30476.4,0.065485,,,,,,
train,36,882884,30479.3,0.064800,,,,,,
train,36,882984,30482.1,0.067345,,,,,,
train,36,883084,30485.0,0.068825,,,,,,
train,36,883184,30487.8,0.061282,,,,,,
train,36,883284,30490.7,0.064304,,,,,,
train,36,883384,30493.5,0.062864,,,,,,
train,36,883484,30496.4,0.064465,,,,,,
train,36,883584,30499.3,0.062698,,,,,,
train,36,883684,30502.1,0.060100,,,,,,
train,36,883784,30505.0,0.065396,,,,,,
train,36,883884,30507.8,0.063975,,,,,,
train,36,883984,30510.7,0.066037,,,,,,
train,36,884084,30513.6,0.066732,,,,,,
train,36,884184,30516.4,0.066684,,,,,,
train,36,884284,30519.3,0.062034,,,,,,
train,36,884384,30522.1,0.066418,,,,,,
train,36,884484,30525.0,0.063322,,,,,,
train,36,884584,30527.8,0.063031,,,,,,
train,36,884684,30530.7,0.066462,,,,,,
train,36,884784,30533.5,0.065539,,,,,,
train,36,884884,30536.4,0.066066,,,,,,
train,36,884984,30539.3,0.057638,,,,,,
train,36,885084,30542.1,0.067189,,,,,,
train,36,885184,30545.0,0.065696,,,,,,
train,36,885284,30547.8,0.062715,,,,,,
train,36,885384,30550.7,0.060806,,,,,,
train,36,885484,30553.5,0.065212,,,,,,
train,36,885584,30556.4,0.062813,,,,,,
train,36,885684,30559.2,0.064933,,,,,,
train,36,885784,30562.1,0.064870,,,,,,
train,36,885884,30564.9,0.066451,,,,,,
train,36,885984,30567.8,0.062410,,,,,,
train,36,886084,30570.7,0.063333,,,,,,
train,36,886184,30573.5,0.064269,,,,,,
train,36,886284,30576.4,0.065975,,,,,,
train,36,886384,30579.2,0.064474,,,,,,
train,36,886484,30582.1,0.065039,,,,,,
train,36,886584,30585.0,0.065747,,,,,,
train,36,886684,30587.8,0.059871,,,,,,
train,36,886784,30590.7,0.062695,,,,,,
train,36,886884,30593.5,0.065817,,,,,,
train,36,886984,30596.4,0.063233,,,,,,
train,36,887084,30599.2,0.060913,,,,,,
train,36,887184,30602.1,0.063874,,,,,,
train,36,887284,30605.0,0.067513,,,,,,
train,36,887384,30607.9,0.064103,,,,,,
train,36,887484,30610.7,0.059011,,,,,,
train,36,887584,30613.6,0.069052,,,,,,
train,36,887684,30616.4,0.065565,,,,,,
train,36,887784,30619.9,0.065254,,,,,,
train,36,887884,30622.8,0.065259,,,,,,
train,36,887984,30625.7,0.064981,,,,,,
train,36,888084,30628.5,0.061574,,,,,,
train,36,888184,30631.4,0.063451,,,,,,
train,36,888284,30634.2,0.063311,,,,,,
train,36,888384,30637.1,0.063283,,,,,,
train,36,888484,30639.9,0.060263,,,,,,
train,36,888584,30642.8,0.067866,,,,,,
train,36,888684,30645.7,0.066283,,,,,,
train,36,888784,30648.5,0.062293,,,,,,
train,36,888884,30651.4,0.062959,,,,,,
train,36,888984,30654.2,0.066016,,,,,,
train,36,889084,30657.1,0.064451,,,,,,
train,36,889184,30659.9,0.064065,,,,,,
train,36,889284,30662.8,0.065022,,,,,,
train,36,889384,30665.6,0.063009,,,,,,
train,36,889484,30668.5,0.067814,,,,,,
train,36,889584,30671.3,0.059469,,,,,,
train,36,889684,30674.2,0.061767,,,,,,
train,36,889784,30677.1,0.061761,,,,,,
train,36,889884,30679.9,0.061410,,,,,,
train,36,889984,30682.8,0.063531,,,,,,
train,36,890084,30685.6,0.060152,,,,,,
train,36,890184,30688.5,0.064249,,,,,,
train,36,890284,30691.3,0.062472,,,,,,
train,36,890384,30694.2,0.065912,,,,,,
train,36,890484,30697.1,0.063390,,,,,,
train,36,890584,30699.9,0.066920,,,,,,
train,36,890684,30702.8,0.069835,,,,,,
train,36,890784,30705.6,0.061725,,,,,,
train,36,890884,30708.5,0.061639,,,,,,
train,36,890984,30711.3,0.065936,,,,,,
train,36,891084,30714.2,0.059154,,,,,,
train,36,891184,30717.1,0.061574,,,,,,
train,36,891284,30719.9,0.066408,,,,,,
train,36,891384,30722.8,0.061171,,,,,,
train,36,891484,30725.6,0.064458,,,,,,
train,36,891584,30728.5,0.063244,,,,,,
train,36,891684,30731.3,0.064888,,,,,,
train,36,891784,30734.2,0.065988,,,,,,
train,36,891884,30737.1,0.067825,,,,,,
train,36,891984,30739.9,0.065079,,,,,,
train,36,892084,30742.8,0.063579,,,,,,
train,36,892184,30745.6,0.064467,,,,,,
train,36,892284,30748.5,0.064024,,,,,,
train,36,892384,30751.3,0.062715,,,,,,
train,36,892484,30754.2,0.064693,,,,,,
train,36,892584,30757.0,0.063405,,,,,,
train,36,892684,30759.9,0.063236,,,,,,
train,36,892784,30762.8,0.060560,,,,,,
train,36,892884,30765.6,0.063800,,,,,,
train,36,892984,30768.5,0.066347,,,,,,
train,36,893084,30771.3,0.066298,,,,,,
train,36,893184,30774.2,0.067769,,,,,,
train,36,893284,30777.0,0.064548,,,,,,
train,36,893384,30779.9,0.059348,,,,,,
train,36,893484,30782.8,0.063916,,,,,,
train,36,893584,30785.6,0.065337,,,,,,
train,36,893684,30788.5,0.066268,,,,,,
train,36,893784,30791.3,0.063637,,,,,,
train,36,893884,30794.2,0.061338,,,,,,
train,36,893984,30797.1,0.063001,,,,,,
train,36,894084,30799.9,0.064379,,,,,,
train,36,894184,30802.8,0.066857,,,,,,
train,36,894284,30805.6,0.062715,,,,,,
train,36,894384,30808.5,0.063407,,,,,,
train,36,894484,30811.4,0.062658,,,,,,
train,36,894584,30814.2,0.066696,,,,,,
train,36,894684,30817.1,0.060032,,,,,,
train,36,894784,30819.9,0.060593,,,,,,
train,36,894884,30822.8,0.065621,,,,,,
train,36,894984,30825.6,0.065642,,,,,,
train,36,895084,30828.5,0.061435,,,,,,
train,36,895184,30831.4,0.057854,,,,,,
train,36,895284,30834.2,0.066590,,,,,,
train,36,895384,30837.1,0.065389,,,,,,
train,36,895484,30839.9,0.064368,,,,,,
train,36,895584,30842.8,0.060680,,,,,,
train,36,895684,30845.6,0.060454,,,,,,
train,36,895784,30848.5,0.062129,,,,,,
train,36,895884,30851.3,0.065290,,,,,,
train,36,895984,30854.2,0.063910,,,,,,
train,36,896084,30857.1,0.064241,,,,,,
train,36,896184,30859.9,0.064150,,,,,,
train,36,896284,30862.8,0.070105,,,,,,
train,36,896384,30865.6,0.063863,,,,,,
train,36,896484,30868.5,0.062720,,,,,,
train,36,896584,30871.3,0.059239,,,,,,
train,36,896684,30874.2,0.067696,,,,,,
train,36,896784,30877.0,0.065029,,,,,,
train,36,896884,30879.9,0.058163,,,,,,
train,36,896984,30882.8,0.063838,,,,,,
train,36,897084,30885.6,0.062807,,,,,,
train,36,897184,30888.5,0.064056,,,,,,
train,36,897284,30891.3,0.060959,,,,,,
train,36,897384,30894.2,0.062454,,,,,,
train,36,897484,30897.1,0.062656,,,,,,
train,36,897584,30899.9,0.062306,,,,,,
train,36,897684,30902.8,0.066497,,,,,,
train,36,897784,30905.6,0.060906,,,,,,
train,36,897884,30908.5,0.067652,,,,,,
train,36,897984,30911.4,0.064686,,,,,,
train,36,898084,30914.2,0.061642,,,,,,
train,36,898184,30917.1,0.065825,,,,,,
train,36,898284,30919.9,0.059549,,,,,,
train,36,898384,30922.8,0.061029,,,,,,
train,36,898484,30925.6,nan,,,,,,
train,36,898584,30928.5,0.062932,,,,,,
train,36,898684,30931.4,0.063698,,,,,,
train,36,898784,30934.2,0.062221,,,,,,
train,36,898884,30937.1,0.064615,,,,,,
train,36,898984,30939.9,0.062802,,,,,,
train,36,899084,30942.8,0.063689,,,,,,
train,36,899184,30945.7,0.067999,,,,,,
train,36,899284,30948.5,0.062791,,,,,,
train,36,899384,30951.4,0.065160,,,,,,
train,36,899484,30954.2,0.065285,,,,,,
train,36,899584,30957.1,0.061334,,,,,,
train,36,899684,30960.0,0.067150,,,,,,
train,36,899784,30962.8,0.064071,,,,,,
train,36,899884,30965.7,0.062390,,,,,,
train,36,899984,30968.5,0.067482,,,,,,
train,36,900084,30971.4,0.060436,,,,,,
train,36,900184,30974.3,0.066573,,,,,,
train,36,900284,30977.1,0.062603,,,,,,
train,36,900384,30980.0,0.062010,,,,,,
train,36,900484,30982.9,0.064001,,,,,,
train,36,900584,30985.7,0.063409,,,,,,
train,36,900684,30988.6,0.062862,,,,,,
train,36,900784,30991.4,0.065301,,,,,,
train,36,900884,30994.3,0.064545,,,,,,
train,36,900984,30997.2,0.065407,,,,,,
train,36,901084,31000.0,0.067211,,,,,,
train,36,901184,31002.9,0.065417,,,,,,
train,36,901284,31005.7,0.060569,,,,,,
train,36,901384,31008.6,0.067969,,,,,,
train,36,901484,31011.4,0.063310,,,,,,
train,36,901584,31014.3,0.063565,,,,,,
train,36,901684,31017.1,0.064725,,,,,,
train,36,901784,31020.0,0.063144,,,,,,
train,36,901884,31022.9,0.066262,,,,,,
train,36,901984,31025.7,0.062353,,,,,,
train,36,902084,31028.6,0.064407,,,,,,
train,36,902184,31031.4,0.063669,,,,,,
train,36,902284,31034.3,0.064957,,,,,,
train,36,902384,31037.1,0.066440,,,,,,
train,36,902484,31040.0,0.061452,,,,,,
train,36,902584,31042.8,0.061603,,,,,,
train,36,902684,31045.7,0.059945,,,,,,
train,36,902784,31048.6,0.061414,,,,,,
train,36,902884,31051.4,0.063006,,,,,,
train,36,902984,31054.3,0.064147,,,,,,
train,36,903084,31057.1,0.065081,,,,,,
train,36,903184,31060.0,0.061327,,,,,,
train,36,903284,31062.8,0.065627,,,,,,
train,36,903384,31065.7,0.065236,,,,,,
train,36,903484,31068.5,0.061742,,,,,,
train,36,903584,31071.4,0.062569,,,,,,
train,36,903684,31074.2,0.064749,,,,,,
train,36,903784,31077.4,0.060752,,,,,,
train,36,903884,31080.3,0.066684,,,,,,
train,36,903984,31083.1,0.065766,,,,,,
train,36,904084,31086.0,0.062961,,,,,,
train,36,904184,31088.9,0.065049,,,,,,
train,36,904284,31091.7,0.062406,,,,,,
train,36,904384,31094.6,0.062640,,,,,,
val,36,,31239.2,0.062327,0.004040,0.000034,0.010747,0.049040,35.6320,0.953398
train,37,904528,31243.2,0.064841,,,,,,
train,37,904628,31246.1,0.062699,,,,,,
train,37,904728,31248.9,0.062134,,,,,,
train,37,904828,31251.8,0.066611,,,,,,
train,37,904928,31254.6,0.063014,,,,,,
train,37,905028,31257.5,0.066879,,,,,,
train,37,905128,31260.3,0.070449,,,,,,
train,37,905228,31263.2,0.064460,,,,,,
train,37,905328,31266.0,0.063721,,,,,,
train,37,905428,31268.9,0.061520,,,,,,
train,37,905528,31271.7,0.063295,,,,,,
train,37,905628,31274.6,0.064013,,,,,,
train,37,905728,31277.4,0.061855,,,,,,
train,37,905828,31280.3,0.066262,,,,,,
train,37,905928,31283.1,0.061670,,,,,,
train,37,906028,31286.0,0.061183,,,,,,
train,37,906128,31288.8,0.064180,,,,,,
train,37,906228,31291.7,0.062470,,,,,,
train,37,906328,31294.5,0.063122,,,,,,
train,37,906428,31297.4,0.064939,,,,,,
train,37,906528,31300.2,0.063347,,,,,,
train,37,906628,31303.1,0.066052,,,,,,
train,37,906728,31305.9,0.067659,,,,,,
train,37,906828,31308.8,0.063616,,,,,,
train,37,906928,31311.6,0.059083,,,,,,
train,37,907028,31314.5,0.060003,,,,,,
train,37,907128,31317.3,0.061637,,,,,,
train,37,907228,31320.2,0.061919,,,,,,
train,37,907328,31323.0,0.062083,,,,,,
train,37,907428,31325.9,nan,,,,,,
train,37,907528,31328.7,0.065547,,,,,,
train,37,907628,31331.6,0.059662,,,,,,
train,37,907728,31334.4,0.063434,,,,,,
train,37,907828,31337.3,0.062406,,,,,,
train,37,907928,31340.1,0.061562,,,,,,
train,37,908028,31343.0,0.064827,,,,,,
train,37,908128,31345.8,0.064358,,,,,,
train,37,908228,31348.7,0.063719,,,,,,
train,37,908328,31351.6,0.064131,,,,,,
train,37,908428,31354.4,0.063945,,,,,,
train,37,908528,31357.3,0.063613,,,,,,
train,37,908628,31360.1,0.065402,,,,,,
train,37,908728,31363.0,0.062170,,,,,,
train,37,908828,31365.8,0.064528,,,,,,
train,37,908928,31368.7,0.064922,,,,,,
train,37,909028,31371.5,0.055186,,,,,,
train,37,909128,31374.4,0.063580,,,,,,
train,37,909228,31377.2,0.064877,,,,,,
train,37,909328,31380.1,0.063204,,,,,,
train,37,909428,31382.9,0.063384,,,,,,
train,37,909528,31385.8,0.064343,,,,,,
train,37,909628,31388.6,0.065215,,,,,,
train,37,909728,31391.5,0.067295,,,,,,
train,37,909828,31394.3,0.063871,,,,,,
train,37,909928,31397.2,0.060622,,,,,,
train,37,910028,31400.0,0.063914,,,,,,
train,37,910128,31402.9,0.062945,,,,,,
train,37,910228,31405.7,0.059729,,,,,,
train,37,910328,31408.6,0.066998,,,,,,
train,37,910428,31411.4,0.059053,,,,,,
train,37,910528,31414.3,0.057883,,,,,,
train,37,910628,31417.1,0.064727,,,,,,
train,37,910728,31420.0,0.063361,,,,,,
train,37,910828,31422.8,0.061728,,,,,,
train,37,910928,31425.7,0.062684,,,,,,
train,37,911028,31428.5,0.065387,,,,,,
train,37,911128,31431.4,0.059094,,,,,,
train,37,911228,31434.3,0.062834,,,,,,
train,37,911328,31437.1,0.062972,,,,,,
train,37,911428,31439.9,0.062622,,,,,,
train,37,911528,31442.8,0.062441,,,,,,
train,37,911628,31445.6,0.068110,,,,,,
train,37,911728,31448.5,0.063349,,,,,,
train,37,911828,31451.3,0.067646,,,,,,
train,37,911928,31454.2,0.059941,,,,,,
train,37,912028,31457.0,0.060975,,,,,,
train,37,912128,31459.9,0.064289,,,,,,
train,37,912228,31462.7,0.065730,,,,,,
train,37,912328,31465.6,0.065513,,,,,,
train,37,912428,31468.4,0.063512,,,,,,
train,37,912528,31471.3,0.064814,,,,,,
train,37,912628,31474.1,0.063127,,,,,,
train,37,912728,31477.0,0.062489,,,,,,
train,37,912828,31479.8,0.063040,,,,,,
train,37,912928,31482.7,0.064267,,,,,,
train,37,913028,31485.5,0.058679,,,,,,
train,37,913128,31488.4,0.061229,,,,,,
train,37,913228,31491.2,0.066208,,,,,,
train,37,913328,31494.0,0.061255,,,,,,
train,37,913428,31496.9,0.061578,,,,,,
train,37,913528,31499.7,0.062757,,,,,,
train,37,913628,31502.6,0.066179,,,,,,
train,37,913728,31505.4,0.064148,,,,,,
train,37,913828,31508.3,0.063734,,,,,,
train,37,913928,31511.1,0.061170,,,,,,
train,37,914028,31514.0,0.061145,,,,,,
train,37,914128,31516.8,0.068264,,,,,,
train,37,914228,31519.7,0.062998,,,,,,
train,37,914328,31522.5,0.060287,,,,,,
train,37,914428,31525.4,0.063765,,,,,,
train,37,914528,31528.3,0.061971,,,,,,
train,37,914628,31531.1,0.061706,,,,,,
train,37,914728,31534.0,0.061866,,,,,,
train,37,914828,31536.8,0.064064,,,,,,
train,37,914928,31539.7,0.064833,,,,,,
train,37,915028,31542.5,0.061528,,,,,,
train,37,915128,31545.4,0.065759,,,,,,
train,37,915228,31548.2,0.064321,,,,,,
train,37,915328,31551.1,0.060404,,,,,,
train,37,915428,31553.9,0.062656,,,,,,
train,37,915528,31556.8,0.065224,,,,,,
train,37,915628,31559.6,0.062111,,,,,,
train,37,915728,31562.5,0.059705,,,,,,
train,37,915828,31565.3,0.064292,,,,,,
train,37,915928,31568.2,0.061346,,,,,,
train,37,916028,31571.0,0.063585,,,,,,
train,37,916128,31573.9,0.061469,,,,,,
train,37,916228,31576.7,0.059926,,,,,,
train,37,916328,31579.6,0.063234,,,,,,
train,37,916428,31582.4,0.064533,,,,,,
train,37,916528,31585.3,0.065764,,,,,,
train,37,916628,31588.1,0.061945,,,,,,
train,37,916728,31591.0,0.063948,,,,,,
train,37,916828,31593.8,0.068069,,,,,,
train,37,916928,31596.7,0.063769,,,,,,
train,37,917028,31599.5,0.064064,,,,,,
train,37,917128,31602.4,0.060304,,,,,,
train,37,917228,31605.2,0.061087,,,,,,
train,37,917328,31608.1,0.062531,,,,,,
train,37,917428,31610.9,0.064903,,,,,,
train,37,917528,31613.8,0.064198,,,,,,
train,37,917628,31616.6,0.062978,,,,,,
train,37,917728,31619.5,0.064696,,,,,,
train,37,917828,31622.4,0.063645,,,,,,
train,37,917928,31625.2,0.063991,,,,,,
train,37,918028,31628.1,0.061568,,,,,,
train,37,918128,31630.9,0.067322,,,,,,
train,37,918228,31633.8,0.064008,,,,,,
train,37,918328,31636.6,0.063226,,,,,,
train,37,918428,31639.5,0.064872,,,,,,
train,37,918528,31642.3,0.060769,,,,,,
train,37,918628,31645.2,0.062083,,,,,,
train,37,918728,31648.0,0.060993,,,,,,
train,37,918828,31650.9,0.065189,,,,,,
train,37,918928,31653.7,0.063490,,,,,,
train,37,919028,31656.6,0.065810,,,,,,
train,37,919128,31659.4,0.066175,,,,,,
train,37,919228,31662.3,0.060684,,,,,,
train,37,919328,31665.1,0.059705,,,,,,
train,37,919428,31668.0,0.065306,,,,,,
train,37,919528,31670.8,0.063963,,,,,,
train,37,919628,31673.7,0.060560,,,,,,
train,37,919728,31676.5,0.064762,,,,,,
train,37,919828,31679.4,0.064134,,,,,,
train,37,919928,31682.2,0.063648,,,,,,
train,37,920028,31685.1,0.062704,,,,,,
train,37,920128,31687.9,0.063291,,,,,,
train,37,920228,31690.8,0.062865,,,,,,
train,37,920328,31693.6,0.062088,,,,,,
train,37,920428,31696.4,0.064473,,,,,,
train,37,920528,31699.3,0.068522,,,,,,
train,37,920628,31702.1,0.066662,,,,,,
train,37,920728,31705.0,0.061572,,,,,,
train,37,920828,31707.8,0.066167,,,,,,
train,37,920928,31710.7,0.065069,,,,,,
train,37,921028,31713.5,0.065541,,,,,,
train,37,921128,31716.4,0.061909,,,,,,
train,37,921228,31719.2,0.065037,,,,,,
train,37,921328,31722.1,0.059861,,,,,,
train,37,921428,31724.9,0.065504,,,,,,
train,37,921528,31727.8,0.064004,,,,,,
train,37,921628,31730.6,0.065848,,,,,,
train,37,921728,31733.5,0.062040,,,,,,
train,37,921828,31736.4,0.061500,,,,,,
train,37,921928,31739.2,0.063206,,,,,,
train,37,922028,31742.1,0.064182,,,,,,
train,37,922128,31744.9,0.065870,,,,,,
train,37,922228,31747.8,0.067300,,,,,,
train,37,922328,31750.6,0.062247,,,,,,
train,37,922428,31753.5,0.060310,,,,,,
train,37,922528,31756.3,0.062947,,,,,,
train,37,922628,31759.2,0.065327,,,,,,
train,37,922728,31762.0,0.065503,,,,,,
train,37,922828,31764.9,0.062056,,,,,,
train,37,922928,31767.7,0.060660,,,,,,
train,37,923028,31770.6,0.068368,,,,,,
train,37,923128,31773.4,0.061236,,,,,,
train,37,923228,31776.3,0.060526,,,,,,
train,37,923328,31779.1,0.065453,,,,,,
train,37,923428,31782.0,0.064578,,,,,,
train,37,923528,31784.8,0.068175,,,,,,
train,37,923628,31787.8,0.063820,,,,,,
train,37,923728,31791.6,0.061112,,,,,,
train,37,923828,31794.5,0.064835,,,,,,
train,37,923928,31797.3,0.062321,,,,,,
train,37,924028,31800.2,0.062634,,,,,,
train,37,924128,31803.0,0.072572,,,,,,
train,37,924228,31805.9,0.067363,,,,,,
train,37,924328,31808.7,0.065262,,,,,,
train,37,924428,31811.6,0.059904,,,,,,
train,37,924528,31814.5,0.063718,,,,,,
train,37,924628,31817.3,0.062622,,,,,,
train,37,924728,31820.2,0.064723,,,,,,
train,37,924828,31823.0,0.064995,,,,,,
train,37,924928,31825.8,0.061440,,,,,,
train,37,925028,31828.7,0.064558,,,,,,
train,37,925128,31831.5,0.065419,,,,,,
train,37,925228,31834.4,0.064869,,,,,,
train,37,925328,31837.2,0.065491,,,,,,
train,37,925428,31840.1,0.069511,,,,,,
train,37,925528,31842.9,0.061711,,,,,,
train,37,925628,31845.8,0.061374,,,,,,
train,37,925728,31848.7,0.067289,,,,,,
train,37,925828,31851.5,0.060360,,,,,,
train,37,925928,31854.4,0.063456,,,,,,
train,37,926028,31857.2,0.065474,,,,,,
train,37,926128,31860.1,0.065373,,,,,,
train,37,926228,31862.9,0.068382,,,,,,
train,37,926328,31865.8,0.061498,,,,,,
train,37,926428,31868.6,0.061253,,,,,,
train,37,926528,31871.4,0.065860,,,,,,
train,37,926628,31874.3,0.065795,,,,,,
train,37,926728,31877.1,0.063522,,,,,,
train,37,926828,31880.0,0.065931,,,,,,
train,37,926928,31882.8,0.063709,,,,,,
train,37,927028,31885.7,0.066151,,,,,,
train,37,927128,31888.5,0.064194,,,,,,
train,37,927228,31891.4,0.061787,,,,,,
train,37,927328,31894.2,0.068545,,,,,,
train,37,927428,31897.1,0.059166,,,,,,
train,37,927528,31899.9,0.058752,,,,,,
train,37,927628,31902.8,0.061717,,,,,,
train,37,927728,31905.6,0.058943,,,,,,
train,37,927828,31908.5,0.061384,,,,,,
train,37,927928,31911.3,0.062708,,,,,,
train,37,928028,31914.2,0.061767,,,,,,
train,37,928128,31917.0,0.063271,,,,,,
train,37,928228,31919.9,0.064440,,,,,,
train,37,928328,31922.7,0.067023,,,,,,
train,37,928428,31925.6,0.066713,,,,,,
train,37,928528,31928.4,0.067640,,,,,,
train,37,928628,31931.3,0.060095,,,,,,
train,37,928728,31934.1,0.060181,,,,,,
train,37,928828,31937.0,0.066687,,,,,,
val,37,,32081.7,0.062564,0.004033,0.000034,0.010798,0.049175,35.6053,0.953360
train,38,928972,32085.4,0.066378,,,,,,
train,38,929072,32088.2,0.062900,,,,,,
train,38,929172,32091.1,0.058733,,,,,,
train,38,929272,32094.0,0.063712,,,,,,
train,38,929372,32096.8,0.060583,,,,,,
train,38,929472,32099.7,0.064859,,,,,,
train,38,929572,32102.5,0.064891,,,,,,
train,38,929672,32105.4,0.063031,,,,,,
train,38,929772,32108.2,0.065872,,,,,,
train,38,929872,32111.1,0.062011,,,,,,
train,38,929972,32114.0,0.065415,,,,,,
train,38,930072,32116.8,0.065362,,,,,,
train,38,930172,32119.7,0.062717,,,,,,
train,38,930272,32122.5,0.066467,,,,,,
train,38,930372,32125.4,0.067553,,,,,,
train,38,930472,32128.3,0.064988,,,,,,
train,38,930572,32131.1,0.069058,,,,,,
train,38,930672,32134.0,0.060744,,,,,,
train,38,930772,32136.8,0.061639,,,,,,
train,38,930872,32139.7,0.063760,,,,,,
train,38,930972,32142.6,0.063757,,,,,,
train,38,931072,32145.4,0.061815,,,,,,
train,38,931172,32148.3,0.065843,,,,,,
train,38,931272,32151.1,0.060705,,,,,,
train,38,931372,32154.0,0.061149,,,,,,
train,38,931472,32156.9,0.061841,,,,,,
train,38,931572,32159.7,0.064609,,,,,,
train,38,931672,32162.6,0.061984,,,,,,
train,38,931772,32165.5,0.064608,,,,,,
train,38,931872,32168.3,0.061931,,,,,,
train,38,931972,32171.2,0.064904,,,,,,
train,38,932072,32174.1,0.064680,,,,,,
train,38,932172,32176.9,0.066468,,,,,,
train,38,932272,32179.8,0.058797,,,,,,
train,38,932372,32182.6,0.060668,,,,,,
train,38,932472,32185.5,0.063121,,,,,,
train,38,932572,32188.3,0.066730,,,,,,
train,38,932672,32191.2,0.057752,,,,,,
train,38,932772,32194.1,0.065192,,,,,,
train,38,932872,32196.9,0.062806,,,,,,
train,38,932972,32199.8,0.059434,,,,,,
train,38,933072,32202.7,0.065213,,,,,,
train,38,933172,32205.5,0.065022,,,,,,
train,38,933272,32208.4,0.062261,,,,,,
train,38,933372,32211.2,0.063424,,,,,,
train,38,933472,32214.1,0.064265,,,,,,
train,38,933572,32217.0,0.061566,,,,,,
train,38,933672,32219.8,0.067242,,,,,,
train,38,933772,32222.7,0.058641,,,,,,
train,38,933872,32225.5,0.062164,,,,,,
train,38,933972,32228.4,0.060718,,,,,,
train,38,934072,32231.3,0.068535,,,,,,
train,38,934172,32234.1,0.056846,,,,,,
train,38,934272,32237.0,0.067625,,,,,,
train,38,934372,32239.8,0.058510,,,,,,
train,38,934472,32242.7,0.063003,,,,,,
train,38,934572,32245.6,0.059838,,,,,,
train,38,934672,32248.4,0.061526,,,,,,
train,38,934772,32251.3,0.067676,,,,,,
train,38,934872,32254.1,0.064137,,,,,,
train,38,934972,32257.0,0.064269,,,,,,
train,38,935072,32259.9,0.066908,,,,,,
train,38,935172,32262.7,0.065425,,,,,,
train,38,935272,32265.6,0.065478,,,,,,
train,38,935372,32268.4,0.061284,,,,,,
train,38,935472,32271.3,0.060197,,,,,,
train,38,935572,32274.1,0.062514,,,,,,
train,38,935672,32277.0,0.063950,,,,,,
train,38,935772,32279.8,0.062034,,,,,,
train,38,935872,32282.7,0.060591,,,,,,
train,38,935972,32285.5,0.067988,,,,,,
train,38,936072,32288.4,0.059437,,,,,,
train,38,936172,32291.2,0.060793,,,,,,
train,38,936272,32294.1,0.064522,,,,,,
train,38,936372,32297.0,0.063915,,,,,,
train,38,936472,32299.8,0.062275,,,,,,
train,38,936572,32302.7,0.057901,,,,,,
train,38,936672,32305.5,0.061295,,,,,,
train,38,936772,32308.4,0.063767,,,,,,
train,38,936872,32311.3,0.066585,,,,,,
train,38,936972,32314.1,0.060517,,,,,,
train,38,937072,32317.0,0.064539,,,,,,
train,38,937172,32319.8,0.065292,,,,,,
train,38,937272,32322.7,0.065351,,,,,,
train,38,937372,32325.6,0.063483,,,,,,
train,38,937472,32328.4,0.059328,,,,,,
train,38,937572,32331.3,0.064162,,,,,,
train,38,937672,32334.1,0.061062,,,,,,
train,38,937772,32337.0,0.066959,,,,,,
train,38,937872,32339.8,0.062535,,,,,,
train,38,937972,32342.7,0.068076,,,,,,
train,38,938072,32345.5,0.060992,,,,,,
train,38,938172,32348.4,0.061591,,,,,,
train,38,938272,32351.3,0.064453,,,,,,
train,38,938372,32354.1,0.062572,,,,,,
train,38,938472,32357.0,0.066420,,,,,,
train,38,938572,32359.9,0.065102,,,,,,
train,38,938672,32362.7,0.062708,,,,,,
train,38,938772,32365.6,0.066315,,,,,,
train,38,938872,32368.4,0.066218,,,,,,
train,38,938972,32371.3,0.061453,,,,,,
train,38,939072,32374.2,0.061815,,,,,,
train,38,939172,32377.0,0.065251,,,,,,
train,38,939272,32379.9,0.061726,,,,,,
train,38,939372,32382.7,0.063781,,,,,,
train,38,939472,32385.6,0.061739,,,,,,
train,38,939572,32388.5,0.062839,,,,,,
train,38,939672,32391.3,0.063524,,,,,,
train,38,939772,32394.2,0.064001,,,,,,
train,38,939872,32397.1,0.063574,,,,,,
train,38,939972,32399.9,0.061748,,,,,,
train,38,940072,32402.8,0.061502,,,,,,
train,38,940172,32405.6,0.068049,,,,,,
train,38,940272,32408.5,0.061254,,,,,,
train,38,940372,32411.4,0.064416,,,,,,
train,38,940472,32414.2,0.062536,,,,,,
train,38,940572,32417.1,0.064167,,,,,,
train,38,940672,32420.0,0.065661,,,,,,
train,38,940772,32422.8,0.059518,,,,,,
train,38,940872,32425.7,0.061833,,,,,,
train,38,940972,32428.7,0.063776,,,,,,
train,38,941072,32431.5,0.066807,,,,,,
train,38,941172,32434.4,0.061167,,,,,,
train,38,941272,32437.3,0.060888,,,,,,
train,38,941372,32440.1,0.065089,,,,,,
train,38,941472,32443.0,0.066273,,,,,,
train,38,941572,32445.9,0.062056,,,,,,
train,38,941672,32448.7,0.063790,,,,,,
train,38,941772,32451.6,0.063403,,,,,,
train,38,941872,32454.4,0.062056,,,,,,
train,38,941972,32457.3,0.062430,,,,,,
train,38,942072,32460.2,0.062217,,,,,,
train,38,942172,32463.1,0.065135,,,,,,
train,38,942272,32465.9,0.059897,,,,,,
train,38,942372,32468.8,0.062688,,,,,,
train,38,942472,32471.7,0.062338,,,,,,
train,38,942572,32474.5,0.057946,,,,,,
train,38,942672,32477.4,0.061872,,,,,,
train,38,942772,32480.2,0.064460,,,,,,
train,38,942872,32483.1,0.061717,,,,,,
train,38,942972,32486.0,0.058126,,,,,,
train,38,943072,32488.8,0.060916,,,,,,
train,38,943172,32491.7,0.070146,,,,,,
train,38,943272,32494.5,0.064724,,,,,,
train,38,943372,32497.4,0.059024,,,,,,
train,38,943472,32500.2,0.062520,,,,,,
train,38,943572,32503.1,0.060358,,,,,,
train,38,943672,32505.9,0.060810,,,,,,
train,38,943772,32508.8,0.065257,,,,,,
train,38,943872,32511.7,0.063745,,,,,,
train,38,943972,32514.5,0.058652,,,,,,
train,38,944072,32517.4,0.060306,,,,,,
train,38,944172,32520.2,0.067341,,,,,,
train,38,944272,32523.1,0.062790,,,,,,
train,38,944372,32525.9,0.062506,,,,,,
train,38,944472,32528.8,0.061945,,,,,,
train,38,944572,32531.7,0.061096,,,,,,
train,38,944672,32534.6,0.064966,,,,,,
train,38,944772,32537.4,0.064802,,,,,,
train,38,944872,32540.3,0.065839,,,,,,
train,38,944972,32543.2,0.062580,,,,,,
train,38,945072,32546.0,0.059465,,,,,,
train,38,945172,32548.9,0.064636,,,,,,
train,38,945272,32551.7,0.070170,,,,,,
train,38,945372,32554.6,0.061985,,,,,,
train,38,945472,32557.4,0.061616,,,,,,
train,38,945572,32560.3,0.061815,,,,,,
train,38,945672,32563.2,0.069521,,,,,,
train,38,945772,32566.0,0.062955,,,,,,
train,38,945872,32568.9,0.063139,,,,,,
train,38,945972,32571.7,0.062583,,,,,,
train,38,946072,32574.6,0.065041,,,,,,
train,38,946172,32577.4,0.068064,,,,,,
train,38,946272,32580.3,0.068165,,,,,,
train,38,946372,32583.2,0.065401,,,,,,
train,38,946472,32586.0,0.061995,,,,,,
train,38,946572,32588.9,0.065508,,,,,,
train,38,946672,32591.7,0.068323,,,,,,
train,38,946772,32594.6,0.065088,,,,,,
train,38,946872,32597.5,0.064271,,,,,,
train,38,946972,32600.4,0.061202,,,,,,
train,38,947072,32603.3,0.063377,,,,,,
train,38,947172,32606.1,0.065571,,,,,,
train,38,947272,32609.0,0.061293,,,,,,
train,38,947372,32611.9,0.061325,,,,,,
train,38,947472,32614.7,0.062978,,,,,,
train,38,947572,32617.6,0.062593,,,,,,
train,38,947672,32620.4,0.067379,,,,,,
train,38,947772,32623.3,0.065266,,,,,,
train,38,947872,32626.2,0.065184,,,,,,
train,38,947972,32629.0,0.061859,,,,,,
train,38,948072,32631.9,0.060940,,,,,,
train,38,948172,32634.8,0.062336,,,,,,
train,38,948272,32637.6,0.063224,,,,,,
train,38,948372,32640.5,0.065276,,,,,,
train,38,948472,32643.3,0.058686,,,,,,
train,38,948572,32646.2,0.062560,,,,,,
train,38,948672,32649.0,0.058489,,,,,,
train,38,948772,32651.9,0.062775,,,,,,
train,38,948872,32654.8,0.065565,,,,,,
train,38,948972,32657.6,0.066544,,,,,,
train,38,949072,32660.5,0.064306,,,,,,
train,38,949172,32663.3,0.061670,,,,,,
train,38,949272,32666.2,0.062394,,,,,,
train,38,949372,32669.0,0.061009,,,,,,
train,38,949472,32671.9,0.064752,,,,,,
train,38,949572,32674.9,0.061845,,,,,,
train,38,949672,32677.8,0.064317,,,,,,
train,38,949772,32680.7,0.061484,,,,,,
train,38,949872,32683.5,0.063889,,,,,,
train,38,949972,32686.4,0.064626,,,,,,
train,38,950072,32689.2,0.064155,,,,,,
train,38,950172,32692.1,0.065856,,,,,,
train,38,950272,32694.9,0.063744,,,,,,
train,38,950372,32697.8,0.070883,,,,,,
train,38,950472,32700.7,0.064011,,,,,,
train,38,950572,32703.5,0.063219,,,,,,
train,38,950672,32706.4,0.064734,,,,,,
train,38,950772,32709.2,0.068725,,,,,,
train,38,950872,32712.1,0.064860,,,,,,
train,38,950972,32715.0,0.068359,,,,,,
train,38,951072,32717.8,0.062939,,,,,,
train,38,951172,32720.7,0.065188,,,,,,
train,38,951272,32723.5,0.067088,,,,,,
train,38,951372,32726.4,0.058997,,,,,,
train,38,951472,32729.2,0.062650,,,,,,
train,38,951572,32732.1,0.057978,,,,,,
train,38,951672,32735.0,0.063758,,,,,,
train,38,951772,32737.8,0.061943,,,,,,
train,38,951872,32740.7,0.061759,,,,,,
train,38,951972,32743.5,nan,,,,,,
train,38,952072,32746.4,0.065591,,,,,,
train,38,952172,32749.2,0.064918,,,,,,
train,38,952272,32752.1,0.060721,,,,,,
train,38,952372,32754.9,0.064389,,,,,,
train,38,952472,32757.8,0.063726,,,,,,
train,38,952572,32760.7,0.059153,,,,,,
train,38,952672,32763.5,0.063786,,,,,,
train,38,952772,32766.4,0.060647,,,,,,
train,38,952872,32769.2,0.058300,,,,,,
train,38,952972,32772.1,0.060701,,,,,,
train,38,953072,32775.0,0.066378,,,,,,
train,38,953172,32777.8,0.062121,,,,,,
train,38,953272,32780.7,0.065394,,,,,,
val,38,,32925.6,0.062197,0.004026,0.000034,0.010787,0.049042,35.5997,0.953426
train,39,953416,32929.7,0.068982,,,,,,
train,39,953516,32932.5,0.063082,,,,,,
train,39,953616,32935.4,0.063385,,,,,,
train,39,953716,32938.2,0.062134,,,,,,
train,39,953816,32941.1,0.064579,,,,,,
train,39,953916,32943.9,0.059253,,,,,,
train,39,954016,32946.8,0.057989,,,,,,
train,39,954116,32949.6,0.064898,,,,,,
train,39,954216,32952.5,0.063355,,,,,,
train,39,954316,32955.3,0.062072,,,,,,
train,39,954416,32958.2,0.063572,,,,,,
train,39,954516,32961.0,0.063430,,,,,,
train,39,954616,32963.9,0.063878,,,,,,
train,39,954716,32966.7,0.058520,,,,,,
train,39,954816,32969.6,0.067149,,,,,,
train,39,954916,32972.4,0.061698,,,,,,
train,39,955016,32975.3,0.066869,,,,,,
train,39,955116,32978.1,0.064823,,,,,,
train,39,955216,32981.0,0.066060,,,,,,
train,39,955316,32983.8,0.065356,,,,,,
train,39,955416,32986.7,0.061168,,,,,,
train,39,955516,32989.6,0.065034,,,,,,
train,39,955616,32992.4,0.060036,,,,,,
train,39,955716,32995.3,0.062703,,,,,,
train,39,955816,32998.1,0.065304,,,,,,
train,39,955916,33001.0,0.068135,,,,,,
train,39,956016,33003.8,0.064630,,,,,,
train,39,956116,33006.7,0.067067,,,,,,
train,39,956216,33009.5,0.063522,,,,,,
train,39,956316,33012.4,0.059208,,,,,,
train,39,956416,33015.2,0.064717,,,,,,
train,39,956516,33018.1,0.068223,,,,,,
train,39,956616,33021.0,0.062603,,,,,,
train,39,956716,33023.8,0.069438,,,,,,
train,39,956816,33026.7,0.064219,,,,,,
train,39,956916,33029.5,0.066642,,,,,,
train,39,957016,33032.4,0.059723,,,,,,
train,39,957116,33035.2,0.061067,,,,,,
train,39,957216,33038.1,0.062457,,,,,,
train,39,957316,33041.0,0.062585,,,,,,
train,39,957416,33043.8,0.065771,,,,,,
train,39,957516,33046.7,0.062884,,,,,,
train,39,957616,33049.5,0.064138,,,,,,
train,39,957716,33052.4,0.062278,,,,,,
train,39,957816,33055.2,0.063449,,,,,,
train,39,957916,33058.1,0.063999,,,,,,
train,39,958016,33060.9,0.061158,,,,,,
train,39,958116,33063.8,0.064862,,,,,,
train,39,958216,33066.7,0.060002,,,,,,
train,39,958316,33069.5,0.064535,,,,,,
train,39,958416,33072.4,0.059477,,,,,,
train,39,958516,33075.2,0.063252,,,,,,
train,39,958616,33078.1,0.064053,,,,,,
train,39,958716,33080.9,0.065638,,,,,,
train,39,958816,33083.8,0.060429,,,,,,
train,39,958916,33086.6,0.062867,,,,,,
train,39,959016,33089.5,0.062933,,,,,,
train,39,959116,33092.4,0.061523,,,,,,
train,39,959216,33095.2,0.065074,,,,,,
train,39,959316,33098.0,0.060479,,,,,,
train,39,959416,33100.9,0.062530,,,,,,
train,39,959516,33103.7,0.057530,,,,,,
train,39,959616,33106.6,0.061625,,,,,,
train,39,959716,33109.4,0.062663,,,,,,
train,39,959816,33112.3,0.069029,,,,,,
train,39,959916,33115.1,0.062455,,,,,,
train,39,960016,33118.0,0.058388,,,,,,
train,39,960116,33120.8,0.066140,,,,,,
train,39,960216,33123.7,0.064567,,,,,,
train,39,960316,33126.6,0.061078,,,,,,
train,39,960416,33129.4,0.065871,,,,,,
train,39,960516,33132.3,0.059111,,,,,,
train,39,960616,33135.1,0.062042,,,,,,
train,39,960716,33138.1,0.063635,,,,,,
train,39,960816,33140.9,0.063295,,,,,,
train,39,960916,33143.8,0.066174,,,,,,
train,39,961016,33146.6,0.062906,,,,,,
train,39,961116,33149.5,0.061979,,,,,,
train,39,961216,33152.3,0.055836,,,,,,
train,39,961316,33155.2,0.065751,,,,,,
train,39,961416,33158.1,0.062798,,,,,,
train,39,961516,33161.0,0.063963,,,,,,
train,39,961616,33163.8,0.068037,,,,,,
train,39,961716,33166.7,0.065997,,,,,,
train,39,961816,33169.5,0.062542,,,,,,
train,39,961916,33172.4,0.063170,,,,,,
train,39,962016,33175.3,0.064319,,,,,,
train,39,962116,33178.1,0.060982,,,,,,
train,39,962216,33181.0,0.062687,,,,,,
train,39,962316,33183.8,0.063935,,,,,,
train,39,962416,33186.7,0.055621,,,,,,
train,39,962516,33189.5,0.064128,,,,,,
train,39,962616,33192.4,0.064094,,,,,,
train,39,962716,33195.2,0.062299,,,,,,
train,39,962816,33198.1,0.059006,,,,,,
train,39,962916,33200.9,0.060010,,,,,,
train,39,963016,33203.8,0.069579,,,,,,
train,39,963116,33206.6,0.062019,,,,,,
train,39,963216,33209.5,0.064584,,,,,,
train,39,963316,33212.4,0.064663,,,,,,
train,39,963416,33215.2,0.062567,,,,,,
train,39,963516,33218.1,0.060427,,,,,,
train,39,963616,33220.9,0.058153,,,,,,
train,39,963716,33224.1,0.065254,,,,,,
train,39,963816,33227.0,0.064643,,,,,,
train,39,963916,33229.9,0.062408,,,,,,
train,39,964016,33232.7,0.061716,,,,,,
train,39,964116,33235.6,0.062807,,,,,,
train,39,964216,33238.4,0.062693,,,,,,
train,39,964316,33241.3,0.068041,,,,,,
train,39,964416,33244.2,0.064933,,,,,,
train,39,964516,33247.0,0.066058,,,,,,
train,39,964616,33249.9,0.061093,,,,,,
train,39,964716,33252.7,0.062868,,,,,,
train,39,964816,33255.6,0.061535,,,,,,
train,39,964916,33258.4,0.062699,,,,,,
train,39,965016,33261.3,0.061200,,,,,,
train,39,965116,33264.1,0.061122,,,,,,
train,39,965216,33267.0,0.062050,,,,,,
train,39,965316,33269.9,0.066606,,,,,,
train,39,965416,33272.7,0.064021,,,,,,
train,39,965516,33275.6,0.068351,,,,,,
train,39,965616,33278.4,0.063449,,,,,,
train,39,965716,33281.3,0.068540,,,,,,
train,39,965816,33284.1,0.063325,,,,,,
train,39,965916,33287.0,0.063851,,,,,,
train,39,966016,33289.8,0.067377,,,,,,
train,39,966116,33292.7,0.064517,,,,,,
train,39,966216,33295.6,0.061024,,,,,,
train,39,966316,33298.4,0.060092,,,,,,
train,39,966416,33301.3,0.061966,,,,,,
train,39,966516,33304.1,0.062863,,,,,,
train,39,966616,33307.0,0.060995,,,,,,
train,39,966716,33309.8,0.062835,,,,,,
train,39,966816,33312.7,0.060708,,,,,,
train,39,966916,33315.5,0.063826,,,,,,
train,39,967016,33318.4,0.059404,,,,,,
train,39,967116,33321.3,0.062099,,,,,,
train,39,967216,33324.1,0.068424,,,,,,
train,39,967316,33327.0,0.065599,,,,,,
train,39,967416,33329.8,0.060535,,,,,,
train,39,967516,33332.7,0.061555,,,,,,
train,39,967616,33335.5,0.065155,,,,,,
train,39,967716,33338.4,0.063382,,,,,,
train,39,967816,33341.2,0.068379,,,,,,
train,39,967916,33344.1,0.064703,,,,,,
train,39,968016,33346.9,0.062098,,,,,,
train,39,968116,33349.8,0.066743,,,,,,
train,39,968216,33352.6,0.063465,,,,,,
train,39,968316,33355.5,0.061196,,,,,,
train,39,968416,33358.3,0.063070,,,,,,
train,39,968516,33361.2,0.064187,,,,,,
train,39,968616,33364.1,0.068423,,,,,,
train,39,968716,33367.1,0.062936,,,,,,
train,39,968816,33369.9,0.068883,,,,,,
train,39,968916,33372.8,0.059686,,,,,,
train,39,969016,33375.7,0.065829,,,,,,
train,39,969116,33378.5,0.060226,,,,,,
train,39,969216,33381.4,0.063752,,,,,,
train,39,969316,33384.2,0.063163,,,,,,
train,39,969416,33387.1,0.063092,,,,,,
train,39,969516,33389.9,nan,,,,,,
train,39,969616,33392.8,0.063972,,,,,,
train,39,969716,33395.8,0.063064,,,,,,
train,39,969816,33398.6,0.059020,,,,,,
train,39,969916,33401.5,0.064746,,,,,,
train,39,970016,33404.3,0.062709,,,,,,
train,39,970116,33407.2,0.059357,,,,,,
train,39,970216,33410.1,0.070368,,,,,,
train,39,970316,33412.9,0.070118,,,,,,
train,39,970416,33415.8,0.064314,,,,,,
train,39,970516,33418.6,0.070623,,,,,,
train,39,970616,33421.5,0.065870,,,,,,
train,39,970716,33424.3,0.062998,,,,,,
train,39,970816,33427.2,0.056857,,,,,,
train,39,970916,33431.5,0.062829,,,,,,
train,39,971016,33434.5,0.063500,,,,,,
train,39,971116,33437.3,0.068843,,,,,,
train,39,971216,33440.2,0.064511,,,,,,
train,39,971316,33443.0,0.062576,,,,,,
train,39,971416,33445.9,0.060961,,,,,,
train,39,971516,33448.7,0.056991,,,,,,
train,39,971616,33451.6,0.063375,,,,,,
train,39,971716,33454.4,0.064250,,,,,,
train,39,971816,33457.3,0.068080,,,,,,
train,39,971916,33460.2,0.059370,,,,,,
train,39,972016,33463.1,0.064682,,,,,,
train,39,972116,33465.9,0.064856,,,,,,
train,39,972216,33468.8,0.062167,,,,,,
train,39,972316,33471.7,0.063038,,,,,,
train,39,972416,33474.5,0.064279,,,,,,
train,39,972516,33477.4,0.065449,,,,,,
train,39,972616,33480.2,0.061722,,,,,,
train,39,972716,33483.1,0.067001,,,,,,
train,39,972816,33485.9,0.069090,,,,,,
train,39,972916,33488.8,0.060592,,,,,,
train,39,973016,33491.6,0.058763,,,,,,
train,39,973116,33494.5,0.066375,,,,,,
train,39,973216,33497.3,0.059263,,,,,,
train,39,973316,33500.2,0.067249,,,,,,
train,39,973416,33503.0,0.063250,,,,,,
train,39,973516,33505.9,0.065341,,,,,,
train,39,973616,33508.7,0.065923,,,,,,
train,39,973716,33511.6,0.062030,,,,,,
train,39,973816,33514.4,0.059966,,,,,,
train,39,973916,33517.3,0.066534,,,,,,
train,39,974016,33520.1,0.065251,,,,,,
train,39,974116,33523.0,0.060596,,,,,,
train,39,974216,33525.8,0.059506,,,,,,
train,39,974316,33528.7,0.066053,,,,,,
train,39,974416,33531.6,0.062121,,,,,,
train,39,974516,33534.4,0.065806,,,,,,
train,39,974616,33537.3,0.059808,,,,,,
train,39,974716,33540.1,0.061877,,,,,,
train,39,974816,33543.0,0.058373,,,,,,
train,39,974916,33545.8,0.061089,,,,,,
train,39,975016,33548.7,0.061497,,,,,,
train,39,975116,33551.5,0.065401,,,,,,
train,39,975216,33554.4,0.059191,,,,,,
train,39,975316,33557.2,0.062454,,,,,,
train,39,975416,33560.1,0.057408,,,,,,
train,39,975516,33562.9,0.064366,,,,,,
train,39,975616,33565.8,0.062010,,,,,,
train,39,975716,33568.6,0.067023,,,,,,
train,39,975816,33571.5,0.063324,,,,,,
train,39,975916,33574.3,0.060734,,,,,,
train,39,976016,33577.2,0.067461,,,,,,
train,39,976116,33580.0,0.059102,,,,,,
train,39,976216,33582.9,0.065606,,,,,,
train,39,976316,33585.7,0.063707,,,,,,
train,39,976416,33588.6,0.065747,,,,,,
train,39,976516,33591.4,0.062611,,,,,,
train,39,976616,33594.3,0.064272,,,,,,
train,39,976716,33597.1,0.063660,,,,,,
train,39,976816,33600.0,0.063258,,,,,,
train,39,976916,33602.8,0.060415,,,,,,
train,39,977016,33605.7,0.063745,,,,,,
train,39,977116,33608.6,0.060328,,,,,,
train,39,977216,33611.4,0.064976,,,,,,
train,39,977316,33614.3,0.064244,,,,,,
train,39,977416,33617.1,0.058814,,,,,,
train,39,977516,33620.0,0.068387,,,,,,
train,39,977616,33622.8,0.066246,,,,,,
train,39,977716,33625.7,0.059134,,,,,,
val,39,,33770.5,0.062244,0.004023,0.000034,0.010776,0.049080,35.6169,0.953468
train,40,977860,33774.2,0.062027,,,,,,
train,40,977960,33777.0,0.062551,,,,,,
train,40,978060,33779.9,0.064881,,,,,,
train,40,978160,33782.7,0.061259,,,,,,
train,40,978260,33785.6,0.060188,,,,,,
train,40,978360,33788.5,0.061988,,,,,,
train,40,978460,33791.3,0.057937,,,,,,
train,40,978560,33794.2,0.059781,,,,,,
train,40,978660,33797.1,0.060275,,,,,,
train,40,978760,33799.9,0.062476,,,,,,
train,40,978860,33802.8,0.060746,,,,,,
train,40,978960,33805.6,0.063295,,,,,,
train,40,979060,33808.5,0.065676,,,,,,
train,40,979160,33811.4,0.064370,,,,,,
train,40,979260,33814.2,0.062097,,,,,,
train,40,979360,33817.1,0.065833,,,,,,
train,40,979460,33819.9,0.060200,,,,,,
train,40,979560,33822.8,0.062826,,,,,,
train,40,979660,33825.7,0.061624,,,,,,
train,40,979760,33828.7,0.062325,,,,,,
train,40,979860,33831.6,0.065260,,,,,,
train,40,979960,33834.4,0.063977,,,,,,
train,40,980060,33837.3,0.065270,,,,,,
train,40,980160,33840.1,0.064421,,,,,,
train,40,980260,33843.0,0.066703,,,,,,
train,40,980360,33845.9,0.063087,,,,,,
train,40,980460,33848.7,0.063437,,,,,,
train,40,980560,33851.6,0.064141,,,,,,
train,40,980660,33854.4,0.064784,,,,,,
train,40,980760,33857.3,0.061263,,,,,,
train,40,980860,33860.2,0.069315,,,,,,
train,40,980960,33863.0,0.066465,,,,,,
train,40,981060,33865.9,0.065162,,,,,,
train,40,981160,33868.7,0.061649,,,,,,
train,40,981260,33871.6,0.062180,,,,,,
train,40,981360,33874.5,0.063231,,,,,,
train,40,981460,33877.3,0.063241,,,,,,
train,40,981560,33880.2,0.060884,,,,,,
train,40,981660,33883.0,0.061188,,,,,,
train,40,981760,33885.9,0.067101,,,,,,
train,40,981860,33888.8,0.064294,,,,,,
train,40,981960,33891.6,0.060750,,,,,,
train,40,982060,33894.5,0.065402,,,,,,
train,40,982160,33897.3,0.062269,,,,,,
train,40,982260,33900.2,0.064121,,,,,,
train,40,982360,33903.0,0.068533,,,,,,
train,40,982460,33905.9,0.064191,,,,,,
train,40,982560,33908.8,0.062605,,,,,,
train,40,982660,33911.6,0.061688,,,,,,
train,40,982760,33914.5,0.060911,,,,,,
train,40,982860,33917.3,0.063804,,,,,,
train,40,982960,33920.2,0.066099,,,,,,
train,40,983060,33923.0,0.063079,,,,,,
train,40,983160,33925.9,0.062928,,,,,,
train,40,983260,33928.7,0.062834,,,,,,
train,40,983360,33931.6,0.062530,,,,,,
train,40,983460,33934.4,0.057624,,,,,,
train,40,983560,33937.3,0.066552,,,,,,
train,40,983660,33940.2,0.062172,,,,,,
train,40,983760,33943.0,0.061975,,,,,,
train,40,983860,33945.9,0.061431,,,,,,
train,40,983960,33948.7,0.062586,,,,,,
train,40,984060,33951.6,0.059410,,,,,,
train,40,984160,33954.4,0.062466,,,,,,
train,40,984260,33957.3,0.059749,,,,,,
train,40,984360,33960.1,0.057972,,,,,,
train,40,984460,33963.0,0.065014,,,,,,
train,40,984560,33965.9,0.061962,,,,,,
train,40,984660,33968.7,0.062315,,,,,,
train,40,984760,33971.6,0.065149,,,,,,
train,40,984860,33974.5,0.062135,,,,,,
train,40,984960,33977.3,0.063552,,,,,,
train,40,985060,33980.2,0.063089,,,,,,
train,40,985160,33983.0,0.060753,,,,,,
train,40,985260,33985.9,0.060688,,,,,,
train,40,985360,33988.8,0.062082,,,,,,
train,40,985460,33991.6,0.067228,,,,,,
train,40,985560,33994.5,0.061543,,,,,,
train,40,985660,33997.3,0.063762,,,,,,
train,40,985760,34000.2,0.055639,,,,,,
train,40,985860,34003.0,0.064240,,,,,,
train,40,985960,34006.0,0.061994,,,,,,
train,40,986060,34008.8,0.057154,,,,,,
train,40,986160,34012.1,0.064761,,,,,,
train,40,986260,34014.9,0.063898,,,,,,
train,40,986360,34017.8,0.065435,,,,,,
train,40,986460,34020.7,0.059561,,,,,,
train,40,986560,34023.5,0.063663,,,,,,
train,40,986660,34026.4,0.062170,,,,,,
train,40,986760,34029.2,0.062936,,,,,,
train,40,986860,34032.1,0.061332,,,,,,
train,40,986960,34035.0,0.060148,,,,,,
train,40,987060,34037.8,0.063901,,,,,,
train,40,987160,34040.7,0.065223,,,,,,
train,40,987260,34043.5,0.062094,,,,,,
train,40,987360,34046.4,0.063900,,,,,,
train,40,987460,34049.2,0.063889,,,,,,
train,40,987560,34052.1,0.065260,,,,,,
train,40,987660,34055.1,0.065229,,,,,,
train,40,987760,34058.0,0.063285,,,,,,
train,40,987860,34060.8,0.064397,,,,,,
train,40,987960,34063.7,0.064459,,,,,,
train,40,988060,34066.6,0.064008,,,,,,
train,40,988160,34069.4,0.064092,,,,,,
train,40,988260,34072.3,0.062015,,,,,,
train,40,988360,34075.1,0.064566,,,,,,
train,40,988460,34078.0,0.061224,,,,,,
train,40,988560,34080.8,0.063290,,,,,,
train,40,988660,34083.7,0.061396,,,,,,
train,40,988760,34086.6,0.062399,,,,,,
train,40,988860,34089.4,0.064482,,,,,,
train,40,988960,34092.3,0.067878,,,,,,
train,40,989060,34095.1,0.063223,,,,,,
train,40,989160,34098.0,0.065318,,,,,,
train,40,989260,34100.8,0.064457,,,,,,
train,40,989360,34103.7,0.063740,,,,,,
train,40,989460,34106.6,0.061673,,,,,,
train,40,989560,34109.4,0.058857,,,,,,
train,40,989660,34112.3,0.062438,,,,,,
train,40,989760,34115.1,0.066236,,,,,,
train,40,989860,34118.0,0.064804,,,,,,
train,40,989960,34120.8,0.065896,,,,,,
train,40,990060,34123.7,0.058651,,,,,,
train,40,990160,34126.5,0.062577,,,,,,
train,40,990260,34129.4,0.065662,,,,,,
train,40,990360,34132.3,0.065391,,,,,,
train,40,990460,34135.1,0.065964,,,,,,
train,40,990560,34138.0,0.063315,,,,,,
train,40,990660,34140.8,0.061333,,,,,,
train,40,990760,34143.7,0.063162,,,,,,
train,40,990860,34146.5,0.065275,,,,,,
train,40,990960,34149.4,0.061160,,,,,,
train,40,991060,34152.3,0.066457,,,,,,
train,40,991160,34155.1,0.062236,,,,,,
train,40,991260,34158.0,0.061300,,,,,,
train,40,991360,34160.8,0.063034,,,,,,
train,40,991460,34163.7,0.066153,,,,,,
train,40,991560,34166.5,0.059709,,,,,,
train,40,991660,34169.4,0.061416,,,,,,
train,40,991760,34172.3,0.061654,,,,,,
train,40,991860,34175.1,0.063752,,,,,,
train,40,991960,34178.0,0.067278,,,,,,
train,40,992060,34180.8,0.061255,,,,,,
train,40,992160,34183.7,0.061616,,,,,,
train,40,992260,34186.6,0.062750,,,,,,
train,40,992360,34189.4,0.059863,,,,,,
train,40,992460,34192.3,0.064411,,,,,,
train,40,992560,34195.1,0.064975,,,,,,
train,40,992660,34198.0,0.064184,,,,,,
train,40,992760,34200.9,0.060949,,,,,,
train,40,992860,34203.7,0.064261,,,,,,
train,40,992960,34206.6,0.060776,,,,,,
train,40,993060,34209.4,0.061360,,,,,,
train,40,993160,34212.3,0.060297,,,,,,
train,40,993260,34215.2,0.065644,,,,,,
train,40,993360,34218.0,0.062538,,,,,,
train,40,993460,34220.9,0.057121,,,,,,
train,40,993560,34223.7,0.065313,,,,,,
train,40,993660,34226.6,0.064354,,,,,,
train,40,993760,34229.4,0.062968,,,,,,
train,40,993860,34232.3,0.060735,,,,,,
train,40,993960,34235.1,0.063148,,,,,,
train,40,994060,34238.0,0.060056,,,,,,
train,40,994160,34240.8,0.061649,,,,,,
train,40,994260,34243.7,0.059991,,,,,,
train,40,994360,34246.6,0.065260,,,,,,
train,40,994460,34249.4,0.062369,,,,,,
train,40,994560,34252.3,nan,,,,,,
train,40,994660,34255.1,0.061871,,,,,,
train,40,994760,34258.0,0.066493,,,,,,
train,40,994860,34260.9,0.057219,,,,,,
train,40,994960,34263.7,0.063924,,,,,,
train,40,995060,34266.6,0.063694,,,,,,
train,40,995160,34269.4,0.061352,,,,,,
train,40,995260,34272.3,0.064401,,,,,,
train,40,995360,34275.2,0.062278,,,,,,
train,40,995460,34278.0,0.062024,,,,,,
train,40,995560,34280.9,0.064959,,,,,,
train,40,995660,34283.7,0.065142,,,,,,
train,40,995760,34286.6,0.064925,,,,,,
train,40,995860,34289.5,0.062521,,,,,,
train,40,995960,34292.3,0.058667,,,,,,
train,40,996060,34295.2,0.062828,,,,,,
train,40,996160,34298.0,0.061759,,,,,,
train,40,996260,34300.9,0.059352,,,,,,
train,40,996360,34303.8,0.065038,,,,,,
train,40,996460,34306.6,0.061568,,,,,,
train,40,996560,34309.5,0.063203,,,,,,
train,40,996660,34312.3,0.062388,,,,,,
train,40,996760,34315.2,0.061813,,,,,,
train,40,996860,34318.1,0.060949,,,,,,
train,40,996960,34320.9,0.070996,,,,,,
train,40,997060,34323.8,0.061547,,,,,,
train,40,997160,34326.7,0.064026,,,,,,
train,40,997260,34329.5,0.064058,,,,,,
train,40,997360,34332.4,0.063978,,,,,,
train,40,997460,34335.2,0.062218,,,,,,
train,40,997560,34338.1,0.061789,,,,,,
train,40,997660,34340.9,0.062377,,,,,,
train,40,997760,34343.8,0.062826,,,,,,
train,40,997860,34346.6,0.065019,,,,,,
train,40,997960,34349.5,0.060530,,,,,,
train,40,998060,34352.4,0.064695,,,,,,
train,40,998160,34355.2,0.060220,,,,,,
train,40,998260,34358.1,0.060769,,,,,,
train,40,998360,34360.9,0.063833,,,,,,
train,40,998460,34363.8,0.060989,,,,,,
train,40,998560,34366.6,0.062091,,,,,,
train,40,998660,34369.5,0.063574,,,,,,
train,40,998760,34372.3,0.061414,,,,,,
train,40,998860,34375.2,0.062191,,,,,,
train,40,998960,34378.1,0.062430,,,,,,
train,40,999060,34380.9,0.062734,,,,,,
train,40,999160,34383.8,0.062341,,,,,,
train,40,999260,34386.6,0.062481,,,,,,
train,40,999360,34389.5,0.064563,,,,,,
train,40,999460,34392.3,0.061833,,,,,,
train,40,999560,34395.2,0.061571,,,,,,
train,40,999660,34398.1,0.063893,,,,,,
train,40,999760,34400.9,0.062964,,,,,,
train,40,999860,34403.8,0.062318,,,,,,
train,40,999960,34406.6,0.061596,,,,,,
train,40,1000060,34409.5,0.062785,,,,,,
train,40,1000160,34412.3,0.063480,,,,,,
train,40,1000260,34415.2,0.061955,,,,,,
train,40,1000360,34418.1,0.065969,,,,,,
train,40,1000460,34420.9,0.064670,,,,,,
train,40,1000560,34423.8,0.065115,,,,,,
train,40,1000660,34426.6,0.061311,,,,,,
train,40,1000760,34429.5,0.064732,,,,,,
train,40,1000860,34432.3,0.064613,,,,,,
train,40,1000960,34435.2,0.066827,,,,,,
train,40,1001060,34438.1,0.063392,,,,,,
train,40,1001160,34440.9,0.063308,,,,,,
train,40,1001260,34443.8,0.061230,,,,,,
train,40,1001360,34446.6,0.062726,,,,,,
train,40,1001460,34449.5,0.062920,,,,,,
train,40,1001560,34452.4,0.069855,,,,,,
train,40,1001660,34455.2,0.061976,,,,,,
train,40,1001760,34458.1,0.060090,,,,,,
train,40,1001860,34460.9,0.061525,,,,,,
train,40,1001960,34463.8,0.062660,,,,,,
train,40,1002060,34466.6,0.060199,,,,,,
train,40,1002160,34469.5,0.061233,,,,,,
val,40,,34614.3,0.061822,0.004017,0.000034,0.010771,0.049071,35.6138,0.953543
train,41,1002304,34618.3,0.056502,,,,,,
train,41,1002404,34621.2,0.060602,,,,,,
train,41,1002504,34624.0,0.061923,,,,,,
train,41,1002604,34626.9,0.059821,,,,,,
train,41,1002704,34629.7,0.064003,,,,,,
train,41,1002804,34632.6,0.067756,,,,,,
train,41,1002904,34635.4,0.060712,,,,,,
train,41,1003004,34638.3,0.060057,,,,,,
train,41,1003104,34641.1,0.060592,,,,,,
train,41,1003204,34644.0,0.060444,,,,,,
train,41,1003304,34646.9,0.064064,,,,,,
train,41,1003404,34649.7,0.060183,,,,,,
train,41,1003504,34652.6,0.061671,,,,,,
train,41,1003604,34655.4,0.062418,,,,,,
train,41,1003704,34658.3,0.062340,,,,,,
train,41,1003804,34661.1,0.067808,,,,,,
train,41,1003904,34664.0,0.061401,,,,,,
train,41,1004004,34666.8,0.063169,,,,,,
train,41,1004104,34669.7,0.062324,,,,,,
train,41,1004204,34672.5,0.058456,,,,,,
train,41,1004304,34675.4,0.066318,,,,,,
train,41,1004404,34678.2,0.062264,,,,,,
train,41,1004504,34681.1,0.064271,,,,,,
train,41,1004604,34683.9,0.063568,,,,,,
train,41,1004704,34687.3,0.059410,,,,,,
train,41,1004804,34690.1,0.060748,,,,,,
train,41,1004904,34693.0,0.059725,,,,,,
train,41,1005004,34695.8,0.060740,,,,,,
train,41,1005104,34698.7,0.065086,,,,,,
train,41,1005204,34701.5,0.065625,,,,,,
train,41,1005304,34704.4,0.059913,,,,,,
train,41,1005404,34707.2,0.061132,,,,,,
train,41,1005504,34710.1,0.061490,,,,,,
train,41,1005604,34712.9,0.062959,,,,,,
train,41,1005704,34715.8,0.062544,,,,,,
train,41,1005804,34718.6,0.060363,,,,,,
train,41,1005904,34721.5,0.061161,,,,,,
train,41,1006004,34724.4,0.065432,,,,,,
train,41,1006104,34727.2,0.065006,,,,,,
train,41,1006204,34730.1,0.060967,,,,,,
train,41,1006304,34732.9,0.059754,,,,,,
train,41,1006404,34735.8,0.063066,,,,,,
train,41,1006504,34738.6,0.059957,,,,,,
train,41,1006604,34741.5,0.065749,,,,,,
train,41,1006704,34744.3,0.056015,,,,,,
train,41,1006804,34747.2,0.057797,,,,,,
train,41,1006904,34750.0,0.061075,,,,,,
train,41,1007004,34752.9,0.063907,,,,,,
train,41,1007104,34755.7,0.063268,,,,,,
train,41,1007204,34758.6,0.064125,,,,,,
train,41,1007304,34761.4,0.063309,,,,,,
train,41,1007404,34764.3,0.061871,,,,,,
train,41,1007504,34767.1,0.061230,,,,,,
train,41,1007604,34770.0,0.062691,,,,,,
train,41,1007704,34772.8,0.061164,,,,,,
train,41,1007804,34775.7,0.063556,,,,,,
train,41,1007904,34778.6,0.058040,,,,,,
train,41,1008004,34781.4,0.061882,,,,,,
train,41,1008104,34784.3,0.063401,,,,,,
train,41,1008204,34787.1,0.059609,,,,,,
train,41,1008304,34790.0,0.061568,,,,,,
train,41,1008404,34792.8,0.060150,,,,,,
train,41,1008504,34795.7,0.059754,,,,,,
train,41,1008604,34798.5,0.065253,,,,,,
train,41,1008704,34801.4,0.066323,,,,,,
train,41,1008804,34804.2,0.060981,,,,,,
train,41,1008904,34807.1,0.065314,,,,,,
train,41,1009004,34809.9,0.058798,,,,,,
train,41,1009104,34812.8,0.064145,,,,,,
train,41,1009204,34815.6,0.066788,,,,,,
train,41,1009304,34818.5,0.065099,,,,,,
train,41,1009404,34821.3,0.060125,,,,,,
train,41,1009504,34824.2,0.058502,,,,,,
train,41,1009604,34827.0,0.067844,,,,,,
train,41,1009704,34829.9,0.062773,,,,,,
train,41,1009804,34832.7,0.062673,,,,,,
train,41,1009904,34835.6,0.059606,,,,,,
train,41,1010004,34838.4,0.065909,,,,,,
train,41,1010104,34841.3,0.055908,,,,,,
train,41,1010204,34844.1,0.058544,,,,,,
train,41,1010304,34847.0,0.062902,,,,,,
train,41,1010404,34849.8,0.061970,,,,,,
train,41,1010504,34852.7,0.062495,,,,,,
train,41,1010604,34855.5,0.061592,,,,,,
train,41,1010704,34858.4,0.059083,,,,,,
train,41,1010804,34861.2,0.061919,,,,,,
train,41,1010904,34864.1,0.062879,,,,,,
train,41,1011004,34866.9,0.062037,,,,,,
train,41,1011104,34869.8,0.062980,,,,,,
train,41,1011204,34872.6,0.061725,,,,,,
train,41,1011304,34875.5,0.064338,,,,,,
train,41,1011404,34878.4,0.063905,,,,,,
train,41,1011504,34881.2,0.060330,,,,,,
train,41,1011604,34884.0,0.060409,,,,,,
train,41,1011704,34886.9,0.062881,,,,,,
train,41,1011804,34889.7,0.064553,,,,,,
train,41,1011904,34892.6,0.064383,,,,,,
train,41,1012004,34895.5,0.063901,,,,,,
train,41,1012104,34898.3,0.063489,,,,,,
train,41,1012204,34901.2,0.062362,,,,,,
train,41,1012304,34904.0,0.059538,,,,,,
train,41,1012404,34906.9,0.064649,,,,,,
train,41,1012504,34909.7,0.060232,,,,,,
train,41,1012604,34912.6,0.064876,,,,,,
train,41,1012704,34915.4,0.066534,,,,,,
train,41,1012804,34918.3,0.064917,,,,,,
train,41,1012904,34921.1,0.066635,,,,,,
train,41,1013004,34924.0,0.060482,,,,,,
train,41,1013104,34926.8,0.065487,,,,,,
train,41,1013204,34929.7,0.062811,,,,,,
train,41,1013304,34932.5,0.063024,,,,,,
train,41,1013404,34935.4,0.060670,,,,,,
train,41,1013504,34938.2,0.064121,,,,,,
train,41,1013604,34941.1,0.064172,,,,,,
train,41,1013704,34944.0,0.069311,,,,,,
train,41,1013804,34946.9,0.060509,,,,,,
train,41,1013904,34949.7,0.060866,,,,,,
train,41,1014004,34952.6,0.059590,,,,,,
train,41,1014104,34955.4,0.060469,,,,,,
train,41,1014204,34958.3,0.058782,,,,,,
train,41,1014304,34961.1,0.070563,,,,,,
train,41,1014404,34964.0,0.066697,,,,,,
train,41,1014504,34966.8,0.060720,,,,,,
train,41,1014604,34969.7,0.063596,,,,,,
train,41,1014704,34972.5,0.063342,,,,,,
train,41,1014804,34975.4,0.065786,,,,,,
train,41,1014904,34978.3,0.065518,,,,,,
train,41,1015004,34981.1,0.061130,,,,,,
train,41,1015104,34984.0,0.060419,,,,,,
train,41,1015204,34986.8,0.062458,,,,,,
train,41,1015304,34989.7,0.061424,,,,,,
train,41,1015404,34992.5,0.065710,,,,,,
train,41,1015504,34995.4,0.065060,,,,,,
train,41,1015604,34998.2,0.058796,,,,,,
train,41,1015704,35001.1,0.067830,,,,,,
train,41,1015804,35003.9,0.066875,,,,,,
train,41,1015904,35006.8,0.064226,,,,,,
train,41,1016004,35009.7,0.062423,,,,,,
train,41,1016104,35012.5,0.062957,,,,,,
train,41,1016204,35015.4,0.061989,,,,,,
train,41,1016304,35018.2,0.063602,,,,,,
train,41,1016404,35021.1,0.061642,,,,,,
train,41,1016504,35023.9,0.065694,,,,,,
train,41,1016604,35026.7,0.059529,,,,,,
train,41,1016704,35029.6,0.062609,,,,,,
train,41,1016804,35032.5,0.064347,,,,,,
train,41,1016904,35035.3,0.060037,,,,,,
train,41,1017004,35038.2,0.069065,,,,,,
train,41,1017104,35041.0,0.062660,,,,,,
train,41,1017204,35043.9,0.064496,,,,,,
train,41,1017304,35046.7,0.063818,,,,,,
train,41,1017404,35049.6,0.061325,,,,,,
train,41,1017504,35052.4,0.062225,,,,,,
train,41,1017604,35055.3,0.059775,,,,,,
train,41,1017704,35058.1,0.065055,,,,,,
train,41,1017804,35061.0,0.061583,,,,,,
train,41,1017904,35063.8,0.064246,,,,,,
train,41,1018004,35066.7,0.060895,,,,,,
train,41,1018104,35069.6,0.063845,,,,,,
train,41,1018204,35072.4,0.062401,,,,,,
train,41,1018304,35075.3,0.060745,,,,,,
train,41,1018404,35078.1,0.059150,,,,,,
train,41,1018504,35081.0,0.059884,,,,,,
train,41,1018604,35083.8,0.060925,,,,,,
train,41,1018704,35086.7,0.069599,,,,,,
train,41,1018804,35089.5,0.062034,,,,,,
train,41,1018904,35092.4,0.065769,,,,,,
train,41,1019004,35095.2,0.060478,,,,,,
train,41,1019104,35098.1,0.064767,,,,,,
train,41,1019204,35100.9,0.060385,,,,,,
train,41,1019304,35103.8,0.065891,,,,,,
train,41,1019404,35106.7,0.064202,,,,,,
train,41,1019504,35109.5,0.056226,,,,,,
train,41,1019604,35112.4,0.066888,,,,,,
train,41,1019704,35115.2,0.061687,,,,,,
train,41,1019804,35118.1,0.059591,,,,,,
train,41,1019904,35120.9,0.064240,,,,,,
train,41,1020004,35123.8,0.065336,,,,,,
train,41,1020104,35126.7,0.066001,,,,,,
train,41,1020204,35129.5,0.064041,,,,,,
train,41,1020304,35132.4,0.061375,,,,,,
train,41,1020404,35135.2,0.067878,,,,,,
train,41,1020504,35138.1,0.065692,,,,,,
train,41,1020604,35140.9,0.059403,,,,,,
train,41,1020704,35143.8,0.063472,,,,,,
train,41,1020804,35146.6,0.062239,,,,,,
train,41,1020904,35149.5,0.065321,,,,,,
train,41,1021004,35152.3,0.059150,,,,,,
train,41,1021104,35155.2,0.064599,,,,,,
train,41,1021204,35158.0,0.066559,,,,,,
train,41,1021304,35160.9,0.057830,,,,,,
train,41,1021404,35163.8,0.067121,,,,,,
train,41,1021504,35166.6,0.061505,,,,,,
train,41,1021604,35169.5,0.063919,,,,,,
train,41,1021704,35172.3,0.059892,,,,,,
train,41,1021804,35175.2,0.061735,,,,,,
train,41,1021904,35178.0,0.060634,,,,,,
train,41,1022004,35180.9,0.063432,,,,,,
train,41,1022104,35183.7,nan,,,,,,
train,41,1022204,35186.6,0.064696,,,,,,
train,41,1022304,35189.4,0.065167,,,,,,
train,41,1022404,35192.3,0.062217,,,,,,
train,41,1022504,35195.1,0.066523,,,,,,
train,41,1022604,35198.0,0.058188,,,,,,
train,41,1022704,35200.9,0.061677,,,,,,
train,41,1022804,35203.7,0.063985,,,,,,
train,41,1022904,35206.6,0.061136,,,,,,
train,41,1023004,35209.4,0.062385,,,,,,
train,41,1023104,35212.4,0.058578,,,,,,
train,41,1023204,35215.3,0.059202,,,,,,
train,41,1023304,35218.1,0.063650,,,,,,
train,41,1023404,35221.1,0.064195,,,,,,
train,41,1023504,35223.9,0.062376,,,,,,
train,41,1023604,35226.9,0.063883,,,,,,
train,41,1023704,35229.7,0.060357,,,,,,
train,41,1023804,35232.6,0.057712,,,,,,
train,41,1023904,35235.4,0.064122,,,,,,
train,41,1024004,35238.4,0.065935,,,,,,
train,41,1024104,35241.2,0.061523,,,,,,
train,41,1024204,35244.1,0.063240,,,,,,
train,41,1024304,35246.9,0.059766,,,,,,
train,41,1024404,35249.8,0.061312,,,,,,
train,41,1024504,35252.6,0.058912,,,,,,
train,41,1024604,35255.5,0.062875,,,,,,
train,41,1024704,35258.3,0.064066,,,,,,
train,41,1024804,35261.2,0.064078,,,,,,
train,41,1024904,35264.0,0.064721,,,,,,
train,41,1025004,35266.9,0.062601,,,,,,
train,41,1025104,35269.7,0.062219,,,,,,
train,41,1025204,35272.6,0.067191,,,,,,
train,41,1025304,35275.4,0.065597,,,,,,
train,41,1025404,35278.3,0.064941,,,,,,
train,41,1025504,35281.1,0.062735,,,,,,
train,41,1025604,35284.0,0.064207,,,,,,
train,41,1025704,35286.8,0.068991,,,,,,
train,41,1025804,35289.7,0.059437,,,,,,
train,41,1025904,35292.5,0.063052,,,,,,
train,41,1026004,35295.4,0.065086,,,,,,
train,41,1026104,35298.2,0.064499,,,,,,
train,41,1026204,35301.1,0.063803,,,,,,
train,41,1026304,35304.0,0.065350,,,,,,
train,41,1026404,35306.8,0.064231,,,,,,
train,41,1026504,35309.7,0.064275,,,,,,
train,41,1026604,35312.7,0.059579,,,,,,
val,41,,35457.4,0.062177,0.004013,0.000034,0.010745,0.049020,35.6413,0.953546
train,42,1026748,35461.1,0.061359,,,,,,
train,42,1026848,35463.9,0.060532,,,,,,
train,42,1026948,35467.5,0.065529,,,,,,
train,42,1027048,35470.4,0.059484,,,,,,
train,42,1027148,35473.3,0.065708,,,,,,
train,42,1027248,35476.2,0.061700,,,,,,
train,42,1027348,35479.0,0.060463,,,,,,
train,42,1027448,35481.9,0.065272,,,,,,
train,42,1027548,35484.7,0.063245,,,,,,
train,42,1027648,35487.6,0.061215,,,,,,
train,42,1027748,35490.5,0.059859,,,,,,
train,42,1027848,35493.3,0.061760,,,,,,
train,42,1027948,35496.2,0.059018,,,,,,
train,42,1028048,35499.1,0.060539,,,,,,
train,42,1028148,35501.9,0.067348,,,,,,
train,42,1028248,35504.8,0.061045,,,,,,
train,42,1028348,35507.7,0.059418,,,,,,
train,42,1028448,35510.5,0.058342,,,,,,
train,42,1028548,35513.4,0.063808,,,,,,
train,42,1028648,35516.3,0.059422,,,,,,
train,42,1028748,35519.1,0.062452,,,,,,
train,42,1028848,35522.0,0.062668,,,,,,
train,42,1028948,35524.9,0.061830,,,,,,
train,42,1029048,35527.7,0.059042,,,,,,
train,42,1029148,35530.6,0.063682,,,,,,
train,42,1029248,35533.5,0.062057,,,,,,
train,42,1029348,35536.3,0.056397,,,,,,
train,42,1029448,35539.2,0.061456,,,,,,
train,42,1029548,35542.1,0.061711,,,,,,
train,42,1029648,35544.9,0.058837,,,,,,
train,42,1029748,35547.8,0.061879,,,,,,
train,42,1029848,35550.6,0.060437,,,,,,
train,42,1029948,35553.5,0.062485,,,,,,
train,42,1030048,35556.4,0.064252,,,,,,
train,42,1030148,35559.2,0.062141,,,,,,
train,42,1030248,35562.1,0.062286,,,,,,
train,42,1030348,35565.0,0.061722,,,,,,
train,42,1030448,35567.8,0.061503,,,,,,
train,42,1030548,35570.7,0.064904,,,,,,
train,42,1030648,35573.6,0.062779,,,,,,
train,42,1030748,35576.4,0.060841,,,,,,
train,42,1030848,35579.3,0.062648,,,,,,
train,42,1030948,35582.2,0.064559,,,,,,
train,42,1031048,35585.0,0.064021,,,,,,
train,42,1031148,35587.9,0.061631,,,,,,
train,42,1031248,35590.7,0.064429,,,,,,
train,42,1031348,35593.6,0.063778,,,,,,
train,42,1031448,35596.5,0.062421,,,,,,
train,42,1031548,35599.3,0.060141,,,,,,
train,42,1031648,35602.2,0.064190,,,,,,
train,42,1031748,35605.1,0.058754,,,,,,
train,42,1031848,35607.9,0.069933,,,,,,
train,42,1031948,35610.8,0.056978,,,,,,
train,42,1032048,35613.7,0.064046,,,,,,
train,42,1032148,35616.5,0.062038,,,,,,
train,42,1032248,35619.4,0.063320,,,,,,
train,42,1032348,35622.3,0.066149,,,,,,
train,42,1032448,35625.1,0.064038,,,,,,
train,42,1032548,35628.0,0.067477,,,,,,
train,42,1032648,35630.9,nan,,,,,,
train,42,1032748,35633.7,0.063069,,,,,,
train,42,1032848,35636.6,0.060733,,,,,,
train,42,1032948,35639.5,0.059715,,,,,,
train,42,1033048,35642.3,0.064477,,,,,,
train,42,1033148,35645.2,0.061616,,,,,,
train,42,1033248,35648.1,0.060515,,,,,,
train,42,1033348,35650.9,0.060193,,,,,,
train,42,1033448,35653.8,0.065435,,,,,,
train,42,1033548,35656.7,0.061595,,,,,,
train,42,1033648,35659.5,0.063728,,,,,,
train,42,1033748,35662.4,0.060484,,,,,,
train,42,1033848,35665.3,0.063321,,,,,,
train,42,1033948,35668.1,0.061446,,,,,,
train,42,1034048,35671.0,0.058775,,,,,,
train,42,1034148,35673.9,0.063320,,,,,,
train,42,1034248,35676.7,0.064048,,,,,,
train,42,1034348,35679.6,0.060441,,,,,,
train,42,1034448,35682.4,0.062631,,,,,,
train,42,1034548,35685.3,0.061930,,,,,,
train,42,1034648,35688.2,0.064636,,,,,,
train,42,1034748,35691.1,0.060773,,,,,,
train,42,1034848,35694.0,0.055734,,,,,,
train,42,1034948,35696.8,0.061370,,,,,,
train,42,1035048,35699.7,0.062425,,,,,,
train,42,1035148,35702.6,0.062730,,,,,,
train,42,1035248,35705.4,0.063917,,,,,,
train,42,1035348,35708.3,0.064490,,,,,,
train,42,1035448,35711.1,0.063144,,,,,,
train,42,1035548,35714.0,0.061115,,,,,,
train,42,1035648,35716.9,0.067753,,,,,,
train,42,1035748,35719.7,0.061385,,,,,,
train,42,1035848,35722.7,0.063155,,,,,,
train,42,1035948,35725.6,0.064975,,,,,,
train,42,1036048,35728.5,0.061031,,,,,,
train,42,1036148,35731.3,0.058999,,,,,,
train,42,1036248,35734.2,0.069155,,,,,,
train,42,1036348,35737.1,0.062468,,,,,,
train,42,1036448,35739.9,0.063442,,,,,,
train,42,1036548,35742.8,0.057421,,,,,,
train,42,1036648,35745.7,0.062965,,,,,,
train,42,1036748,35748.5,0.062773,,,,,,
train,42,1036848,35751.4,0.059432,,,,,,
train,42,1036948,35754.3,0.065603,,,,,,
train,42,1037048,35757.1,0.061177,,,,,,
train,42,1037148,35760.0,0.059537,,,,,,
train,42,1037248,35762.9,0.062816,,,,,,
train,42,1037348,35765.7,0.063841,,,,,,
train,42,1037448,35768.6,0.059566,,,,,,
train,42,1037548,35771.5,0.063146,,,,,,
train,42,1037648,35774.3,0.064003,,,,,,
train,42,1037748,35777.2,0.069202,,,,,,
train,42,1037848,35780.1,0.062274,,,,,,
train,42,1037948,35782.9,0.067333,,,,,,
train,42,1038048,35785.8,0.064028,,,,,,
train,42,1038148,35788.6,0.059837,,,,,,
train,42,1038248,35791.5,0.061517,,,,,,
train,42,1038348,35794.4,0.064461,,,,,,
train,42,1038448,35797.2,0.062652,,,,,,
train,42,1038548,35800.1,0.064449,,,,,,
train,42,1038648,35803.0,0.061399,,,,,,
train,42,1038748,35805.8,0.064351,,,,,,
train,42,1038848,35808.7,0.062448,,,,,,
train,42,1038948,35811.6,0.065080,,,,,,
train,42,1039048,35814.4,0.060377,,,,,,
train,42,1039148,35817.3,0.063677,,,,,,
train,42,1039248,35820.2,0.061622,,,,,,
train,42,1039348,35823.0,0.061967,,,,,,
train,42,1039448,35825.9,0.064121,,,,,,
train,42,1039548,35828.8,0.063220,,,,,,
train,42,1039648,35831.6,0.060466,,,,,,
train,42,1039748,35834.5,0.064916,,,,,,
train,42,1039848,35837.4,0.063625,,,,,,
train,42,1039948,35840.2,0.059746,,,,,,
train,42,1040048,35843.1,0.062145,,,,,,
train,42,1040148,35846.0,0.062496,,,,,,
train,42,1040248,35848.8,0.062794,,,,,,
train,42,1040348,35851.7,0.060346,,,,,,
train,42,1040448,35854.6,0.066045,,,,,,
train,42,1040548,35857.4,0.065974,,,,,,
train,42,1040648,35860.3,0.064408,,,,,,
train,42,1040748,35863.1,0.062316,,,,,,
train,42,1040848,35866.0,0.062243,,,,,,
train,42,1040948,35868.9,0.068131,,,,,,
train,42,1041048,35871.7,0.065420,,,,,,
train,42,1041148,35874.6,0.064085,,,,,,
train,42,1041248,35877.5,0.059525,,,,,,
train,42,1041348,35880.3,0.059438,,,,,,
train,42,1041448,35883.2,0.062852,,,,,,
train,42,1041548,35886.1,0.065036,,,,,,
train,42,1041648,35888.9,0.062357,,,,,,
train,42,1041748,35891.8,0.062206,,,,,,
train,42,1041848,35894.6,0.060506,,,,,,
train,42,1041948,35897.5,0.062076,,,,,,
train,42,1042048,35900.4,0.063462,,,,,,
train,42,1042148,35903.2,0.065105,,,,,,
train,42,1042248,35906.1,0.063985,,,,,,
train,42,1042348,35909.0,0.061856,,,,,,
train,42,1042448,35911.8,0.063624,,,,,,
train,42,1042548,35914.7,0.061898,,,,,,
train,42,1042648,35917.6,0.060972,,,,,,
train,42,1042748,35920.4,0.059922,,,,,,
train,42,1042848,35923.3,0.064281,,,,,,
train,42,1042948,35926.2,0.062837,,,,,,
train,42,1043048,35929.0,0.062503,,,,,,
train,42,1043148,35931.9,0.062759,,,,,,
train,42,1043248,35934.8,0.065798,,,,,,
train,42,1043348,35937.6,0.064362,,,,,,
train,42,1043448,35940.5,0.060898,,,,,,
train,42,1043548,35943.4,0.063928,,,,,,
train,42,1043648,35946.2,0.057009,,,,,,
train,42,1043748,35949.1,0.065387,,,,,,
train,42,1043848,35951.9,0.062725,,,,,,
train,42,1043948,35954.8,0.062199,,,,,,
train,42,1044048,35957.7,0.064008,,,,,,
train,42,1044148,35960.6,0.059519,,,,,,
train,42,1044248,35963.4,0.063680,,,,,,
train,42,1044348,35966.3,0.064282,,,,,,
train,42,1044448,35969.1,0.066935,,,,,,
train,42,1044548,35972.0,0.064524,,,,,,
train,42,1044648,35974.9,0.061148,,,,,,
train,42,1044748,35977.7,0.061299,,,,,,
train,42,1044848,35980.6,0.067603,,,,,,
train,42,1044948,35983.5,0.060357,,,,,,
train,42,1045048,35986.3,0.059778,,,,,,
train,42,1045148,35989.2,0.063891,,,,,,
train,42,1045248,35992.1,0.060261,,,,,,
train,42,1045348,35994.9,0.066113,,,,,,
train,42,1045448,35997.8,0.065723,,,,,,
train,42,1045548,36000.7,0.063416,,,,,,
train,42,1045648,36003.5,0.059906,,,,,,
train,42,1045748,36006.4,0.062551,,,,,,
train,42,1045848,36009.3,0.068096,,,,,,
train,42,1045948,36012.1,0.067539,,,,,,
train,42,1046048,36015.0,0.064288,,,,,,
train,42,1046148,36017.9,0.062173,,,,,,
train,42,1046248,36020.7,0.063206,,,,,,
train,42,1046348,36023.6,0.060060,,,,,,
train,42,1046448,36026.5,0.065610,,,,,,
train,42,1046548,36029.3,0.056083,,,,,,
train,42,1046648,36032.2,0.060031,,,,,,
train,42,1046748,36035.0,0.061732,,,,,,
train,42,1046848,36037.9,0.064243,,,,,,
train,42,1046948,36040.8,0.062649,,,,,,
train,42,1047048,36043.6,0.063257,,,,,,
train,42,1047148,36046.5,0.062530,,,,,,
train,42,1047248,36050.2,0.062813,,,,,,
train,42,1047348,36053.1,0.060577,,,,,,
train,42,1047448,36055.9,0.063595,,,,,,
train,42,1047548,36058.8,0.058626,,,,,,
train,42,1047648,36061.7,0.058260,,,,,,
train,42,1047748,36064.5,0.064928,,,,,,
train,42,1047848,36067.8,0.068159,,,,,,
train,42,1047948,36070.6,0.059648,,,,,,
train,42,1048048,36073.5,0.060966,,,,,,
train,42,1048148,36076.3,0.061253,,,,,,
train,42,1048248,36079.2,0.060988,,,,,,
train,42,1048348,36082.1,0.063502,,,,,,
train,42,1048448,36084.9,0.061907,,,,,,
train,42,1048548,36087.8,0.060403,,,,,,
train,42,1048648,36090.7,0.060421,,,,,,
train,42,1048748,36093.5,0.064371,,,,,,
train,42,1048848,36096.4,0.060688,,,,,,
train,42,1048948,36099.3,0.059435,,,,,,
train,42,1049048,36102.1,0.066411,,,,,,
train,42,1049148,36105.0,0.067807,,,,,,
train,42,1049248,36107.8,0.058364,,,,,,
train,42,1049348,36110.7,0.059039,,,,,,
train,42,1049448,36113.6,0.060175,,,,,,
train,42,1049548,36116.4,0.065701,,,,,,
train,42,1049648,36119.3,0.062779,,,,,,
train,42,1049748,36122.2,0.065923,,,,,,
train,42,1049848,36125.0,0.060244,,,,,,
train,42,1049948,36127.9,0.061791,,,,,,
train,42,1050048,36130.8,0.058242,,,,,,
train,42,1050148,36133.6,0.063857,,,,,,
train,42,1050248,36136.5,0.064145,,,,,,
train,42,1050348,36139.3,0.057866,,,,,,
train,42,1050448,36142.2,0.057651,,,,,,
train,42,1050548,36145.1,0.059423,,,,,,
train,42,1050648,36147.9,0.062724,,,,,,
train,42,1050748,36150.8,0.067389,,,,,,
train,42,1050848,36153.7,0.064866,,,,,,
train,42,1050948,36156.5,0.064969,,,,,,
train,42,1051048,36159.4,0.065514,,,,,,
val,42,,36304.0,0.061457,0.004008,0.000034,0.010728,0.048960,35.6463,0.953613
train,43,1051192,36308.1,0.067435,,,,,,
train,43,1051292,36310.9,0.062531,,,,,,
train,43,1051392,36313.8,0.058094,,,,,,
train,43,1051492,36316.6,0.061517,,,,,,
train,43,1051592,36319.5,0.064829,,,,,,
train,43,1051692,36322.3,0.062035,,,,,,
train,43,1051792,36325.2,0.067794,,,,,,
train,43,1051892,36328.0,0.064630,,,,,,
train,43,1051992,36330.9,0.061950,,,,,,
train,43,1052092,36333.8,0.061551,,,,,,
train,43,1052192,36336.6,0.060918,,,,,,
train,43,1052292,36339.5,0.064494,,,,,,
train,43,1052392,36342.3,0.065123,,,,,,
train,43,1052492,36345.2,0.059460,,,,,,
train,43,1052592,36348.0,0.063449,,,,,,
train,43,1052692,36350.9,0.063444,,,,,,
train,43,1052792,36353.7,0.064798,,,,,,
train,43,1052892,36356.6,0.063117,,,,,,
train,43,1052992,36359.4,0.058915,,,,,,
train,43,1053092,36362.3,0.060444,,,,,,
train,43,1053192,36365.2,0.067396,,,,,,
train,43,1053292,36368.0,0.062568,,,,,,
train,43,1053392,36370.9,0.060750,,,,,,
train,43,1053492,36373.7,0.057270,,,,,,
train,43,1053592,36376.6,0.059949,,,,,,
train,43,1053692,36379.4,0.062484,,,,,,
train,43,1053792,36382.3,0.062991,,,,,,
train,43,1053892,36385.1,0.064089,,,,,,
train,43,1053992,36388.0,0.065549,,,,,,
train,43,1054092,36390.9,0.058591,,,,,,
train,43,1054192,36393.7,0.065243,,,,,,
train,43,1054292,36396.6,0.060834,,,,,,
train,43,1054392,36399.4,0.062914,,,,,,
train,43,1054492,36402.3,0.063296,,,,,,
train,43,1054592,36405.1,0.061559,,,,,,
train,43,1054692,36408.0,0.063980,,,,,,
train,43,1054792,36410.8,0.067832,,,,,,
train,43,1054892,36413.7,0.060439,,,,,,
train,43,1054992,36416.6,0.065323,,,,,,
train,43,1055092,36419.4,0.061715,,,,,,
train,43,1055192,36422.3,0.061728,,,,,,
train,43,1055292,36425.1,0.064752,,,,,,
train,43,1055392,36428.0,0.060716,,,,,,
train,43,1055492,36430.8,0.059735,,,,,,
train,43,1055592,36433.7,0.063091,,,,,,
train,43,1055692,36436.5,0.061461,,,,,,
train,43,1055792,36439.4,0.058908,,,,,,
train,43,1055892,36442.3,0.063473,,,,,,
train,43,1055992,36445.1,0.060296,,,,,,
train,43,1056092,36448.0,0.059087,,,,,,
train,43,1056192,36450.8,0.062694,,,,,,
train,43,1056292,36453.7,0.059663,,,,,,
train,43,1056392,36456.5,0.060934,,,,,,
train,43,1056492,36459.4,0.068184,,,,,,
train,43,1056592,36462.2,0.060457,,,,,,
train,43,1056692,36465.1,0.060679,,,,,,
train,43,1056792,36468.0,0.069511,,,,,,
train,43,1056892,36470.8,0.061701,,,,,,
train,43,1056992,36473.7,0.059164,,,,,,
train,43,1057092,36476.5,0.062938,,,,,,
train,43,1057192,36479.4,0.064658,,,,,,
train,43,1057292,36482.2,0.060529,,,,,,
train,43,1057392,36485.1,0.062695,,,,,,
train,43,1057492,36487.9,0.063744,,,,,,
train,43,1057592,36490.8,nan,,,,,,
train,43,1057692,36493.6,0.063982,,,,,,
train,43,1057792,36496.5,0.063423,,,,,,
train,43,1057892,36499.4,0.059213,,,,,,
train,43,1057992,36502.2,0.062340,,,,,,
train,43,1058092,36505.0,0.064483,,,,,,
train,43,1058192,36507.9,0.058638,,,,,,
train,43,1058292,36510.7,0.061623,,,,,,
train,43,1058392,36513.6,0.061548,,,,,,
train,43,1058492,36516.5,0.065138,,,,,,
train,43,1058592,36519.3,0.060632,,,,,,
train,43,1058692,36522.2,0.065954,,,,,,
train,43,1058792,36525.0,0.059880,,,,,,
train,43,1058892,36527.9,0.059139,,,,,,
train,43,1058992,36530.7,0.062634,,,,,,
train,43,1059092,36533.6,0.065992,,,,,,
train,43,1059192,36536.4,0.060891,,,,,,
train,43,1059292,36539.3,0.062333,,,,,,
train,43,1059392,36542.1,0.064536,,,,,,
train,43,1059492,36545.0,0.067834,,,,,,
train,43,1059592,36547.8,0.066733,,,,,,
train,43,1059692,36550.7,0.062135,,,,,,
train,43,1059792,36553.6,0.063324,,,,,,
train,43,1059892,36556.4,0.064857,,,,,,
train,43,1059992,36559.3,0.060187,,,,,,
train,43,1060092,36562.1,0.064717,,,,,,
train,43,1060192,36565.0,0.064776,,,,,,
train,43,1060292,36567.8,0.060777,,,,,,
train,43,1060392,36570.7,0.062808,,,,,,
train,43,1060492,36573.5,0.058497,,,,,,
train,43,1060592,36576.4,0.062947,,,,,,
train,43,1060692,36579.2,0.060942,,,,,,
train,43,1060792,36582.1,0.063989,,,,,,
train,43,1060892,36585.0,0.057183,,,,,,
train,43,1060992,36587.8,0.056649,,,,,,
train,43,1061092,36590.7,0.063426,,,,,,
train,43,1061192,36593.5,0.063224,,,,,,
train,43,1061292,36596.4,0.066815,,,,,,
train,43,1061392,36599.2,0.067885,,,,,,
train,43,1061492,36602.1,0.066868,,,,,,
train,43,1061592,36604.9,0.068567,,,,,,
train,43,1061692,36607.8,0.061703,,,,,,
train,43,1061792,36610.6,0.062898,,,,,,
train,43,1061892,36613.5,0.062569,,,,,,
train,43,1061992,36616.3,0.062486,,,,,,
train,43,1062092,36619.2,0.065855,,,,,,
train,43,1062192,36622.1,0.064188,,,,,,
train,43,1062292,36624.9,0.062458,,,,,,
train,43,1062392,36627.8,0.059958,,,,,,
train,43,1062492,36630.6,0.060373,,,,,,
train,43,1062592,36633.5,0.061825,,,,,,
train,43,1062692,36636.3,0.058549,,,,,,
train,43,1062792,36639.2,0.067309,,,,,,
train,43,1062892,36642.0,0.066109,,,,,,
train,43,1062992,36644.9,0.063065,,,,,,
train,43,1063092,36647.7,0.058625,,,,,,
train,43,1063192,36650.6,0.064410,,,,,,
train,43,1063292,36653.5,0.062702,,,,,,
train,43,1063392,36656.3,0.062876,,,,,,
train,43,1063492,36659.2,0.062428,,,,,,
train,43,1063592,36662.0,0.061092,,,,,,
train,43,1063692,36664.9,0.064237,,,,,,
train,43,1063792,36667.7,0.065142,,,,,,
train,43,1063892,36670.6,0.062041,,,,,,
train,43,1063992,36673.5,0.061655,,,,,,
train,43,1064092,36676.3,0.067893,,,,,,
train,43,1064192,36679.2,0.063688,,,,,,
train,43,1064292,36682.1,0.059945,,,,,,
train,43,1064392,36684.9,0.062673,,,,,,
train,43,1064492,36687.8,0.060554,,,,,,
train,43,1064592,36690.6,0.059217,,,,,,
train,43,1064692,36693.5,0.061711,,,,,,
train,43,1064792,36696.3,0.061280,,,,,,
train,43,1064892,36699.2,0.062332,,,,,,
train,43,1064992,36702.0,0.065669,,,,,,
train,43,1065092,36704.9,0.060203,,,,,,
train,43,1065192,36707.7,0.063257,,,,,,
train,43,1065292,36710.6,0.063485,,,,,,
train,43,1065392,36713.4,0.062323,,,,,,
train,43,1065492,36716.3,0.062873,,,,,,
train,43,1065592,36719.2,0.064088,,,,,,
train,43,1065692,36722.0,0.061887,,,,,,
train,43,1065792,36724.9,0.066140,,,,,,
train,43,1065892,36727.7,0.065470,,,,,,
train,43,1065992,36730.6,0.066095,,,,,,
train,43,1066092,36733.4,0.063670,,,,,,
train,43,1066192,36736.3,0.062841,,,,,,
train,43,1066292,36739.1,0.063675,,,,,,
train,43,1066392,36742.0,0.063043,,,,,,
train,43,1066492,36744.8,0.060357,,,,,,
train,43,1066592,36747.7,0.064505,,,,,,
train,43,1066692,36750.5,0.059384,,,,,,
train,43,1066792,36753.4,0.063303,,,,,,
train,43,1066892,36756.3,0.064858,,,,,,
train,43,1066992,36759.1,0.062219,,,,,,
train,43,1067092,36762.0,0.061241,,,,,,
train,43,1067192,36764.8,0.058512,,,,,,
train,43,1067292,36767.7,0.060189,,,,,,
train,43,1067392,36770.5,0.059683,,,,,,
train,43,1067492,36773.4,0.063787,,,,,,
train,43,1067592,36776.2,0.060873,,,,,,
train,43,1067692,36779.1,0.065642,,,,,,
train,43,1067792,36781.9,0.061950,,,,,,
train,43,1067892,36784.8,0.063476,,,,,,
train,43,1067992,36787.6,0.066907,,,,,,
train,43,1068092,36790.5,0.060477,,,,,,
train,43,1068192,36793.4,0.057771,,,,,,
train,43,1068292,36796.2,0.060736,,,,,,
train,43,1068392,36799.1,0.061549,,,,,,
train,43,1068492,36801.9,0.060868,,,,,,
train,43,1068592,36804.8,0.059946,,,,,,
train,43,1068692,36807.6,0.062610,,,,,,
train,43,1068792,36810.5,0.063388,,,,,,
train,43,1068892,36813.3,0.057282,,,,,,
train,43,1068992,36816.5,0.059967,,,,,,
train,43,1069092,36819.4,0.061480,,,,,,
train,43,1069192,36822.3,0.064654,,,,,,
train,43,1069292,36825.1,0.061662,,,,,,
train,43,1069392,36828.0,0.059743,,,,,,
train,43,1069492,36830.8,0.065803,,,,,,
train,43,1069592,36833.7,0.062777,,,,,,
train,43,1069692,36836.5,0.064324,,,,,,
train,43,1069792,36839.4,0.063826,,,,,,
train,43,1069892,36842.3,0.060068,,,,,,
train,43,1069992,36845.1,0.058011,,,,,,
train,43,1070092,36848.0,0.060358,,,,,,
train,43,1070192,36850.8,0.060158,,,,,,
train,43,1070292,36853.7,0.062215,,,,,,
train,43,1070392,36856.5,0.062569,,,,,,
train,43,1070492,36859.4,0.060329,,,,,,
train,43,1070592,36862.3,0.063865,,,,,,
train,43,1070692,36865.1,0.065423,,,,,,
train,43,1070792,36868.0,0.065678,,,,,,
train,43,1070892,36870.8,0.059211,,,,,,
train,43,1070992,36873.7,0.062327,,,,,,
train,43,1071092,36876.5,0.065990,,,,,,
train,43,1071192,36879.4,0.061651,,,,,,
train,43,1071292,36882.3,0.062142,,,,,,
train,43,1071392,36885.1,0.059736,,,,,,
train,43,1071492,36888.0,0.061908,,,,,,
train,43,1071592,36890.8,0.062428,,,,,,
train,43,1071692,36893.7,0.063834,,,,,,
train,43,1071792,36896.5,0.059840,,,,,,
train,43,1071892,36899.4,0.060543,,,,,,
train,43,1071992,36902.5,0.063954,,,,,,
train,43,1072092,36905.6,0.059242,,,,,,
train,43,1072192,36908.5,0.062588,,,,,,
train,43,1072292,36911.3,0.062023,,,,,,
train,43,1072392,36914.2,0.059949,,,,,,
train,43,1072492,36917.0,0.061566,,,,,,
train,43,1072592,36919.9,0.061154,,,,,,
train,43,1072692,36922.7,0.062944,,,,,,
train,43,1072792,36925.6,0.060382,,,,,,
train,43,1072892,36928.5,0.063680,,,,,,
train,43,1072992,36931.3,0.060030,,,,,,
train,43,1073092,36934.2,0.061277,,,,,,
train,43,1073192,36937.0,0.061710,,,,,,
train,43,1073292,36939.9,0.063519,,,,,,
train,43,1073392,36942.7,0.063606,,,,,,
train,43,1073492,36945.6,0.066852,,,,,,
train,43,1073592,36948.4,0.061782,,,,,,
train,43,1073692,36951.3,0.061146,,,,,,
train,43,1073792,36954.1,0.059046,,,,,,
train,43,1073892,36957.0,0.060369,,,,,,
train,43,1073992,36959.8,0.059923,,,,,,
train,43,1074092,36962.7,0.062840,,,,,,
train,43,1074192,36965.5,0.064273,,,,,,
train,43,1074292,36968.4,0.066699,,,,,,
train,43,1074392,36971.2,0.062074,,,,,,
train,43,1074492,36974.1,0.062850,,,,,,
train,43,1074592,36976.9,0.059910,,,,,,
train,43,1074692,36979.8,0.057241,,,,,,
train,43,1074792,36982.7,0.059751,,,,,,
train,43,1074892,36985.5,0.061270,,,,,,
train,43,1074992,36988.4,0.060140,,,,,,
train,43,1075092,36991.2,0.064617,,,,,,
train,43,1075192,36994.1,0.063298,,,,,,
train,43,1075292,36996.9,0.066299,,,,,,
train,43,1075392,36999.8,0.064162,,,,,,
train,43,1075492,37002.6,0.057091,,,,,,
val,43,,37147.3,0.061177,0.004004,0.000034,0.010716,0.048942,35.6514,0.953696
train,44,1075636,37151.3,0.062271,,,,,,
train,44,1075736,37154.2,0.061887,,,,,,
train,44,1075836,37157.0,0.065994,,,,,,
train,44,1075936,37159.9,0.063163,,,,,,
train,44,1076036,37162.7,0.062422,,,,,,
train,44,1076136,37165.6,0.062698,,,,,,
train,44,1076236,37168.4,0.057122,,,,,,
train,44,1076336,37171.3,0.065834,,,,,,
train,44,1076436,37174.1,0.060216,,,,,,
train,44,1076536,37177.0,0.059609,,,,,,
train,44,1076636,37179.8,0.061316,,,,,,
train,44,1076736,37182.7,0.061728,,,,,,
train,44,1076836,37185.6,0.062330,,,,,,
train,44,1076936,37188.4,0.062046,,,,,,
train,44,1077036,37191.3,0.062597,,,,,,
train,44,1077136,37194.1,0.064029,,,,,,
train,44,1077236,37197.0,0.061832,,,,,,
train,44,1077336,37199.8,0.061689,,,,,,
train,44,1077436,37202.7,0.058625,,,,,,
train,44,1077536,37205.5,0.061361,,,,,,
train,44,1077636,37208.4,0.059238,,,,,,
train,44,1077736,37211.3,0.059583,,,,,,
train,44,1077836,37214.1,0.058391,,,,,,
train,44,1077936,37217.0,0.060532,,,,,,
train,44,1078036,37219.8,0.063616,,,,,,
train,44,1078136,37222.7,0.061845,,,,,,
train,44,1078236,37225.5,0.065735,,,,,,
train,44,1078336,37228.4,0.066037,,,,,,
train,44,1078436,37231.3,0.061069,,,,,,
train,44,1078536,37234.1,0.065001,,,,,,
train,44,1078636,37237.0,0.063874,,,,,,
train,44,1078736,37239.8,0.067075,,,,,,
train,44,1078836,37242.8,0.063729,,,,,,
train,44,1078936,37245.6,0.063903,,,,,,
train,44,1079036,37248.5,0.058691,,,,,,
train,44,1079136,37251.3,0.064784,,,,,,
train,44,1079236,37254.2,0.065256,,,,,,
train,44,1079336,37257.0,0.065735,,,,,,
train,44,1079436,37259.9,0.063204,,,,,,
train,44,1079536,37262.8,0.063874,,,,,,
train,44,1079636,37265.6,0.063178,,,,,,
train,44,1079736,37268.5,0.061657,,,,,,
train,44,1079836,37271.3,0.060985,,,,,,
train,44,1079936,37274.2,0.062230,,,,,,
train,44,1080036,37277.0,0.063362,,,,,,
train,44,1080136,37279.9,0.061489,,,,,,
train,44,1080236,37282.8,0.060190,,,,,,
train,44,1080336,37285.6,0.060977,,,,,,
train,44,1080436,37288.5,0.063283,,,,,,
train,44,1080536,37291.3,0.059600,,,,,,
train,44,1080636,37294.2,0.060219,,,,,,
train,44,1080736,37297.0,0.059710,,,,,,
train,44,1080836,37299.9,0.064518,,,,,,
train,44,1080936,37302.8,0.060896,,,,,,
train,44,1081036,37305.6,0.061366,,,,,,
train,44,1081136,37308.5,0.063746,,,,,,
train,44,1081236,37311.3,0.064397,,,,,,
train,44,1081336,37314.2,0.058378,,,,,,
train,44,1081436,37317.0,0.062092,,,,,,
train,44,1081536,37319.9,0.061390,,,,,,
train,44,1081636,37322.8,0.059535,,,,,,
train,44,1081736,37325.8,0.063067,,,,,,
train,44,1081836,37328.8,0.064333,,,,,,
train,44,1081936,37331.6,0.064062,,,,,,
train,44,1082036,37334.5,0.061463,,,,,,
train,44,1082136,37337.4,0.064740,,,,,,
train,44,1082236,37340.2,0.063774,,,,,,
train,44,1082336,37343.1,0.061743,,,,,,
train,44,1082436,37345.9,0.063981,,,,,,
train,44,1082536,37348.8,0.063251,,,,,,
train,44,1082636,37351.7,0.061168,,,,,,
train,44,1082736,37354.5,0.062500,,,,,,
train,44,1082836,37357.4,0.059604,,,,,,
train,44,1082936,37360.3,0.059731,,,,,,
train,44,1083036,37363.3,0.062091,,,,,,
train,44,1083136,37366.1,0.059679,,,,,,
train,44,1083236,37369.0,0.061646,,,,,,
train,44,1083336,37371.8,0.063390,,,,,,
train,44,1083436,37374.7,0.065579,,,,,,
train,44,1083536,37377.6,0.064871,,,,,,
train,44,1083636,37380.4,0.063526,,,,,,
train,44,1083736,37383.3,0.061561,,,,,,
train,44,1083836,37386.1,0.059490,,,,,,
train,44,1083936,37389.0,0.064582,,,,,,
train,44,1084036,37391.8,0.060696,,,,,,
train,44,1084136,37394.7,0.062459,,,,,,
train,44,1084236,37397.6,0.063527,,,,,,
train,44,1084336,37400.4,0.064747,,,,,,
train,44,1084436,37403.3,0.062924,,,,,,
train,44,1084536,37406.1,0.062690,,,,,,
train,44,1084636,37409.0,0.061125,,,,,,
train,44,1084736,37411.9,0.066650,,,,,,
train,44,1084836,37414.7,0.062421,,,,,,
train,44,1084936,37417.6,0.060291,,,,,,
train,44,1085036,37420.4,0.063945,,,,,,
train,44,1085136,37423.3,0.063102,,,,,,
train,44,1085236,37426.1,0.063176,,,,,,
train,44,1085336,37429.0,0.057691,,,,,,
train,44,1085436,37431.9,0.055556,,,,,,
train,44,1085536,37434.7,0.059199,,,,,,
train,44,1085636,37437.6,0.061915,,,,,,
train,44,1085736,37440.4,0.067520,,,,,,
train,44,1085836,37443.3,0.063684,,,,,,
train,44,1085936,37446.1,0.064475,,,,,,
train,44,1086036,37449.0,0.057408,,,,,,
train,44,1086136,37451.9,0.063851,,,,,,
train,44,1086236,37454.7,0.064313,,,,,,
train,44,1086336,37457.6,0.062838,,,,,,
train,44,1086436,37460.4,0.061359,,,,,,
train,44,1086536,37463.3,0.063575,,,,,,
train,44,1086636,37466.1,0.060559,,,,,,
train,44,1086736,37469.0,0.064780,,,,,,
train,44,1086836,37471.9,0.058567,,,,,,
train,44,1086936,37474.7,0.063182,,,,,,
train,44,1087036,37477.6,0.066287,,,,,,
train,44,1087136,37480.4,0.059369,,,,,,
train,44,1087236,37483.3,0.059752,,,,,,
train,44,1087336,37486.2,0.062813,,,,,,
train,44,1087436,37489.0,0.058769,,,,,,
train,44,1087536,37491.9,0.060731,,,,,,
train,44,1087636,37494.7,0.063170,,,,,,
train,44,1087736,37497.6,0.058228,,,,,,
train,44,1087836,37500.4,0.061218,,,,,,
train,44,1087936,37503.3,0.060957,,,,,,
train,44,1088036,37506.2,0.062938,,,,,,
train,44,1088136,37509.0,0.063043,,,,,,
train,44,1088236,37511.9,0.061706,,,,,,
train,44,1088336,37514.7,0.060572,,,,,,
train,44,1088436,37517.6,0.064317,,,,,,
train,44,1088536,37520.5,0.062903,,,,,,
train,44,1088636,37523.3,0.055124,,,,,,
train,44,1088736,37526.2,0.059872,,,,,,
train,44,1088836,37529.0,0.063190,,,,,,
train,44,1088936,37531.9,0.061094,,,,,,
train,44,1089036,37534.7,0.059129,,,,,,
train,44,1089136,37537.6,0.061480,,,,,,
train,44,1089236,37540.4,0.062054,,,,,,
train,44,1089336,37543.3,0.061794,,,,,,
train,44,1089436,37546.1,0.063802,,,,,,
train,44,1089536,37549.0,0.062774,,,,,,
train,44,1089636,37551.8,0.060138,,,,,,
train,44,1089736,37554.7,0.064683,,,,,,
train,44,1089836,37557.5,0.065198,,,,,,
train,44,1089936,37560.4,0.061755,,,,,,
train,44,1090036,37563.2,0.062062,,,,,,
train,44,1090136,37566.1,0.057350,,,,,,
train,44,1090236,37568.9,0.064365,,,,,,
train,44,1090336,37571.8,0.062183,,,,,,
train,44,1090436,37574.7,0.065648,,,,,,
train,44,1090536,37577.5,0.066089,,,,,,
train,44,1090636,37580.4,0.062962,,,,,,
train,44,1090736,37583.2,0.063606,,,,,,
train,44,1090836,37586.1,0.062272,,,,,,
train,44,1090936,37588.9,0.060575,,,,,,
train,44,1091036,37591.8,0.059778,,,,,,
train,44,1091136,37594.6,0.065401,,,,,,
train,44,1091236,37597.5,0.063348,,,,,,
train,44,1091336,37600.4,0.062339,,,,,,
train,44,1091436,37603.2,0.060302,,,,,,
train,44,1091536,37606.1,0.065622,,,,,,
train,44,1091636,37608.9,0.059940,,,,,,
train,44,1091736,37611.8,0.061482,,,,,,
train,44,1091836,37614.7,0.063128,,,,,,
train,44,1091936,37617.5,0.061328,,,,,,
train,44,1092036,37620.4,0.068416,,,,,,
train,44,1092136,37623.2,0.056351,,,,,,
train,44,1092236,37626.1,nan,,,,,,
train,44,1092336,37629.0,0.064210,,,,,,
train,44,1092436,37631.8,0.060274,,,,,,
train,44,1092536,37634.7,0.067079,,,,,,
train,44,1092636,37637.5,0.060805,,,,,,
train,44,1092736,37640.4,0.065048,,,,,,
train,44,1092836,37643.2,0.061313,,,,,,
train,44,1092936,37646.1,0.064931,,,,,,
train,44,1093036,37648.9,0.064167,,,,,,
train,44,1093136,37651.8,0.060263,,,,,,
train,44,1093236,37654.7,0.064455,,,,,,
train,44,1093336,37657.5,0.063309,,,,,,
train,44,1093436,37660.4,0.063016,,,,,,
train,44,1093536,37663.2,0.079774,,,,,,
train,44,1093636,37666.1,0.063317,,,,,,
train,44,1093736,37668.9,0.058706,,,,,,
train,44,1093836,37671.8,0.060718,,,,,,
train,44,1093936,37674.7,0.060614,,,,,,
train,44,1094036,37677.5,0.068329,,,,,,
train,44,1094136,37680.4,0.068220,,,,,,
train,44,1094236,37683.2,0.064088,,,,,,
train,44,1094336,37686.1,0.060531,,,,,,
train,44,1094436,37688.9,0.060732,,,,,,
train,44,1094536,37691.8,0.058276,,,,,,
train,44,1094636,37694.7,0.063030,,,,,,
train,44,1094736,37697.5,0.061740,,,,,,
train,44,1094836,37700.4,0.063094,,,,,,
train,44,1094936,37703.2,0.061563,,,,,,
train,44,1095036,37706.1,0.066572,,,,,,
train,44,1095136,37708.9,0.059487,,,,,,
train,44,1095236,37711.8,0.056917,,,,,,
train,44,1095336,37714.6,0.059854,,,,,,
train,44,1095436,37717.5,0.060493,,,,,,
train,44,1095536,37720.5,0.059228,,,,,,
train,44,1095636,37723.3,0.060644,,,,,,
train,44,1095736,37726.2,0.059401,,,,,,
train,44,1095836,37729.0,0.063082,,,,,,
train,44,1095936,37731.9,0.060323,,,,,,
train,44,1096036,37734.7,0.059899,,,,,,
train,44,1096136,37737.6,0.063183,,,,,,
train,44,1096236,37740.6,0.060933,,,,,,
train,44,1096336,37743.5,0.059464,,,,,,
train,44,1096436,37746.3,0.060108,,,,,,
train,44,1096536,37749.2,0.062377,,,,,,
train,44,1096636,37752.0,0.062126,,,,,,
train,44,1096736,37754.9,0.065618,,,,,,
train,44,1096836,37757.7,0.059706,,,,,,
train,44,1096936,37760.6,0.059945,,,,,,
train,44,1097036,37763.4,0.060784,,,,,,
train,44,1097136,37766.3,0.060901,,,,,,
train,44,1097236,37769.1,0.064694,,,,,,
train,44,1097336,37772.0,0.063940,,,,,,
train,44,1097436,37774.9,0.068150,,,,,,
train,44,1097536,37777.7,0.062548,,,,,,
train,44,1097636,37780.6,0.060178,,,,,,
train,44,1097736,37783.4,0.059809,,,,,,
train,44,1097836,37786.3,0.061826,,,,,,
train,44,1097936,37789.1,0.058848,,,,,,
train,44,1098036,37792.0,0.068540,,,,,,
train,44,1098136,37794.8,0.066815,,,,,,
train,44,1098236,37797.7,0.064615,,,,,,
train,44,1098336,37800.6,0.062873,,,,,,
train,44,1098436,37803.4,0.060264,,,,,,
train,44,1098536,37806.3,0.064871,,,,,,
train,44,1098636,37809.1,0.062949,,,,,,
train,44,1098736,37812.0,0.061514,,,,,,
train,44,1098836,37814.8,0.059890,,,,,,
train,44,1098936,37817.9,0.061151,,,,,,
train,44,1099036,37820.8,0.061432,,,,,,
train,44,1099136,37823.6,0.062203,,,,,,
train,44,1099236,37826.5,0.056245,,,,,,
train,44,1099336,37829.3,0.067520,,,,,,
train,44,1099436,37832.2,0.061390,,,,,,
train,44,1099536,37835.1,0.062632,,,,,,
train,44,1099636,37837.9,0.059789,,,,,,
train,44,1099736,37840.8,0.059886,,,,,,
train,44,1099836,37843.6,0.062769,,,,,,
train,44,1099936,37846.5,0.066809,,,,,,
val,44,,37991.2,0.060625,0.004000,0.000034,0.010716,0.048988,35.6667,0.953647
train,45,1100080,37995.3,0.058532,,,,,,
train,45,1100180,37998.2,0.062835,,,,,,
train,45,1100280,38001.0,0.062294,,,,,,
train,45,1100380,38003.9,0.063482,,,,,,
train,45,1100480,38006.7,0.061053,,,,,,
train,45,1100580,38009.6,0.060070,,,,,,
train,45,1100680,38012.4,0.061161,,,,,,
train,45,1100780,38015.3,0.057119,,,,,,
train,45,1100880,38018.1,0.060765,,,,,,
train,45,1100980,38021.0,0.064638,,,,,,
train,45,1101080,38023.8,0.059768,,,,,,
train,45,1101180,38026.7,0.063698,,,,,,
train,45,1101280,38029.5,0.061087,,,,,,
train,45,1101380,38032.4,0.061107,,,,,,
train,45,1101480,38035.2,0.058908,,,,,,
train,45,1101580,38038.1,0.062824,,,,,,
train,45,1101680,38041.0,0.064165,,,,,,
train,45,1101780,38043.8,0.061782,,,,,,
train,45,1101880,38046.7,0.064125,,,,,,
train,45,1101980,38049.5,0.062083,,,,,,
train,45,1102080,38052.4,0.057996,,,,,,
train,45,1102180,38055.2,0.060774,,,,,,
train,45,1102280,38058.1,0.059720,,,,,,
train,45,1102380,38060.9,0.059559,,,,,,
train,45,1102480,38063.8,0.063399,,,,,,
train,45,1102580,38066.6,0.061041,,,,,,
train,45,1102680,38069.5,0.064156,,,,,,
train,45,1102780,38072.4,0.065789,,,,,,
train,45,1102880,38075.2,0.066284,,,,,,
train,45,1102980,38078.1,0.066529,,,,,,
train,45,1103080,38080.9,0.062566,,,,,,
train,45,1103180,38083.8,0.056425,,,,,,
train,45,1103280,38086.6,0.062929,,,,,,
train,45,1103380,38089.5,0.060191,,,,,,
train,45,1103480,38092.3,0.060176,,,,,,
train,45,1103580,38095.2,0.059806,,,,,,
train,45,1103680,38098.0,0.059631,,,,,,
train,45,1103780,38100.9,0.061367,,,,,,
train,45,1103880,38103.8,0.061670,,,,,,
train,45,1103980,38106.6,0.059737,,,,,,
train,45,1104080,38109.5,0.058335,,,,,,
train,45,1104180,38112.3,0.060625,,,,,,
train,45,1104280,38115.2,0.062827,,,,,,
train,45,1104380,38118.0,0.058624,,,,,,
train,45,1104480,38120.9,0.063104,,,,,,
train,45,1104580,38123.7,0.061415,,,,,,
train,45,1104680,38126.6,0.058619,,,,,,
train,45,1104780,38129.5,0.060864,,,,,,
train,45,1104880,38132.3,0.059360,,,,,,
train,45,1104980,38135.2,0.060728,,,,,,
train,45,1105080,38138.0,0.060495,,,,,,
train,45,1105180,38140.9,0.058682,,,,,,
train,45,1105280,38143.7,0.062223,,,,,,
train,45,1105380,38146.6,0.063857,,,,,,
train,45,1105480,38149.5,0.060752,,,,,,
train,45,1105580,38152.3,0.057952,,,,,,
train,45,1105680,38155.2,0.067270,,,,,,
train,45,1105780,38158.0,0.056918,,,,,,
train,45,1105880,38160.9,0.059158,,,,,,
train,45,1105980,38163.7,0.060759,,,,,,
train,45,1106080,38166.6,0.059910,,,,,,
train,45,1106180,38169.4,0.064679,,,,,,
train,45,1106280,38172.3,0.061321,,,,,,
train,45,1106380,38175.1,0.062331,,,,,,
train,45,1106480,38178.0,0.059305,,,,,,
train,45,1106580,38180.8,0.060891,,,,,,
train,45,1106680,38183.7,0.063109,,,,,,
train,45,1106780,38186.5,0.060972,,,,,,
train,45,1106880,38189.4,0.066101,,,,,,
train,45,1106980,38192.2,0.064405,,,,,,
train,45,1107080,38195.1,0.056905,,,,,,
train,45,1107180,38197.9,0.064185,,,,,,
train,45,1107280,38200.8,0.057498,,,,,,
train,45,1107380,38203.7,0.060746,,,,,,
train,45,1107480,38206.5,0.063518,,,,,,
train,45,1107580,38209.4,0.061294,,,,,,
train,45,1107680,38212.2,0.063497,,,,,,
train,45,1107780,38215.1,0.064691,,,,,,
train,45,1107880,38217.9,0.068018,,,,,,
train,45,1107980,38220.8,0.057931,,,,,,
train,45,1108080,38223.6,0.061104,,,,,,
train,45,1108180,38226.5,0.063424,,,,,,
train,45,1108280,38229.3,0.067854,,,,,,
train,45,1108380,38232.2,0.059723,,,,,,
train,45,1108480,38235.0,0.064864,,,,,,
train,45,1108580,38237.9,0.060186,,,,,,
train,45,1108680,38240.8,0.060615,,,,,,
train,45,1108780,38243.6,0.059653,,,,,,
train,45,1108880,38246.5,0.063043,,,,,,
train,45,1108980,38249.3,0.059564,,,,,,
train,45,1109080,38252.4,0.062714,,,,,,
train,45,1109180,38255.3,0.067402,,,,,,
train,45,1109280,38258.1,0.064457,,,,,,
train,45,1109380,38261.0,0.061612,,,,,,
train,45,1109480,38263.8,0.063015,,,,,,
train,45,1109580,38266.7,0.063727,,,,,,
train,45,1109680,38269.5,0.061454,,,,,,
train,45,1109780,38272.4,0.061461,,,,,,
train,45,1109880,38275.2,0.059063,,,,,,
train,45,1109980,38278.1,0.063430,,,,,,
train,45,1110080,38281.0,0.067823,,,,,,
train,45,1110180,38283.8,0.063330,,,,,,
train,45,1110280,38286.7,0.063856,,,,,,
train,45,1110380,38289.5,0.057274,,,,,,
train,45,1110480,38292.4,0.062452,,,,,,
train,45,1110580,38295.2,0.064517,,,,,,
train,45,1110680,38298.1,0.065656,,,,,,
train,45,1110780,38300.9,0.067134,,,,,,
train,45,1110880,38303.8,0.065018,,,,,,
train,45,1110980,38306.6,0.061171,,,,,,
train,45,1111080,38309.5,0.065263,,,,,,
train,45,1111180,38312.4,0.057179,,,,,,
train,45,1111280,38315.2,0.062731,,,,,,
train,45,1111380,38318.1,0.061709,,,,,,
train,45,1111480,38320.9,0.060938,,,,,,
train,45,1111580,38323.8,0.061123,,,,,,
train,45,1111680,38326.6,0.064523,,,,,,
train,45,1111780,38329.5,0.059868,,,,,,
train,45,1111880,38332.3,0.055046,,,,,,
train,45,1111980,38335.2,0.057959,,,,,,
train,45,1112080,38338.0,0.059752,,,,,,
train,45,1112180,38340.9,0.063971,,,,,,
train,45,1112280,38343.8,0.061108,,,,,,
train,45,1112380,38346.6,0.059729,,,,,,
train,45,1112480,38349.5,0.061285,,,,,,
train,45,1112580,38352.3,0.058768,,,,,,
train,45,1112680,38355.2,0.062756,,,,,,
train,45,1112780,38358.0,0.064840,,,,,,
train,45,1112880,38360.9,0.063576,,,,,,
train,45,1112980,38363.7,0.065444,,,,,,
train,45,1113080,38366.6,0.064673,,,,,,
train,45,1113180,38369.5,0.059538,,,,,,
train,45,1113280,38372.3,0.063742,,,,,,
train,45,1113380,38375.2,nan,,,,,,
train,45,1113480,38378.0,0.062390,,,,,,
train,45,1113580,38380.9,0.059035,,,,,,
train,45,1113680,38383.7,0.064806,,,,,,
train,45,1113780,38386.6,0.062990,,,,,,
train,45,1113880,38389.4,0.063485,,,,,,
train,45,1113980,38392.3,0.061260,,,,,,
train,45,1114080,38395.1,0.061308,,,,,,
train,45,1114180,38398.0,0.061626,,,,,,
train,45,1114280,38400.8,0.065450,,,,,,
train,45,1114380,38403.7,0.061728,,,,,,
train,45,1114480,38406.5,0.065093,,,,,,
train,45,1114580,38409.4,0.061360,,,,,,
train,45,1114680,38412.2,0.062329,,,,,,
train,45,1114780,38415.1,0.061144,,,,,,
train,45,1114880,38417.9,0.062891,,,,,,
train,45,1114980,38420.8,0.063732,,,,,,
train,45,1115080,38423.7,0.064362,,,,,,
train,45,1115180,38426.5,0.062742,,,,,,
train,45,1115280,38429.7,0.064809,,,,,,
train,45,1115380,38432.6,0.064749,,,,,,
train,45,1115480,38435.4,0.060460,,,,,,
train,45,1115580,38438.3,0.058501,,,,,,
train,45,1115680,38441.1,0.061898,,,,,,
train,45,1115780,38444.1,0.057688,,,,,,
train,45,1115880,38446.9,0.060246,,,,,,
train,45,1115980,38449.8,0.063290,,,,,,
train,45,1116080,38452.6,0.064916,,,,,,
train,45,1116180,38455.6,0.061349,,,,,,
train,45,1116280,38458.4,0.058907,,,,,,
train,45,1116380,38461.3,0.062165,,,,,,
train,45,1116480,38464.1,0.062790,,,,,,
train,45,1116580,38467.0,0.062406,,,,,,
train,45,1116680,38469.8,0.061192,,,,,,
train,45,1116780,38472.7,0.061562,,,,,,
train,45,1116880,38475.6,0.065783,,,,,,
train,45,1116980,38478.4,0.059388,,,,,,
train,45,1117080,38481.3,0.060620,,,,,,
train,45,1117180,38484.1,0.064470,,,,,,
train,45,1117280,38487.0,0.058035,,,,,,
train,45,1117380,38489.8,0.062057,,,,,,
train,45,1117480,38492.7,0.065040,,,,,,
train,45,1117580,38495.6,0.066813,,,,,,
train,45,1117680,38498.4,0.069755,,,,,,
train,45,1117780,38501.3,0.061717,,,,,,
train,45,1117880,38504.1,0.059200,,,,,,
train,45,1117980,38507.0,0.060685,,,,,,
train,45,1118080,38509.8,0.057095,,,,,,
train,45,1118180,38512.7,0.062785,,,,,,
train,45,1118280,38515.6,0.057933,,,,,,
train,45,1118380,38518.4,0.062636,,,,,,
train,45,1118480,38521.3,0.065888,,,,,,
train,45,1118580,38524.1,0.064168,,,,,,
train,45,1118680,38527.0,0.062805,,,,,,
train,45,1118780,38529.8,0.064684,,,,,,
train,45,1118880,38532.7,0.063187,,,,,,
train,45,1118980,38535.6,0.060777,,,,,,
train,45,1119080,38538.4,0.059114,,,,,,
train,45,1119180,38541.3,0.063268,,,,,,
train,45,1119280,38544.1,0.061087,,,,,,
train,45,1119380,38547.0,0.058792,,,,,,
train,45,1119480,38549.9,0.063507,,,,,,
train,45,1119580,38552.7,0.061144,,,,,,
train,45,1119680,38555.6,0.063055,,,,,,
train,45,1119780,38558.4,0.060838,,,,,,
train,45,1119880,38561.3,0.059051,,,,,,
train,45,1119980,38564.1,0.062540,,,,,,
train,45,1120080,38567.0,0.064154,,,,,,
train,45,1120180,38569.8,0.059514,,,,,,
train,45,1120280,38572.7,0.053386,,,,,,
train,45,1120380,38575.5,0.064710,,,,,,
train,45,1120480,38578.4,0.062317,,,,,,
train,45,1120580,38581.2,0.062552,,,,,,
train,45,1120680,38584.1,0.056540,,,,,,
train,45,1120780,38586.9,0.062014,,,,,,
train,45,1120880,38589.8,0.064579,,,,,,
train,45,1120980,38592.7,0.064308,,,,,,
train,45,1121080,38595.5,0.066439,,,,,,
train,45,1121180,38598.4,0.061275,,,,,,
train,45,1121280,38601.2,0.063427,,,,,,
train,45,1121380,38604.1,0.064088,,,,,,
train,45,1121480,38606.9,0.057710,,,,,,
train,45,1121580,38609.8,0.060634,,,,,,
train,45,1121680,38612.6,0.065911,,,,,,
train,45,1121780,38615.5,0.062150,,,,,,
train,45,1121880,38618.3,0.057229,,,,,,
train,45,1121980,38621.2,0.064357,,,,,,
train,45,1122080,38624.0,0.060579,,,,,,
train,45,1122180,38626.9,0.068167,,,,,,
train,45,1122280,38629.7,0.059073,,,,,,
train,45,1122380,38632.6,0.061097,,,,,,
train,45,1122480,38635.4,0.060375,,,,,,
train,45,1122580,38638.3,0.062749,,,,,,
train,45,1122680,38641.1,0.065711,,,,,,
train,45,1122780,38644.9,0.067264,,,,,,
train,45,1122880,38647.7,0.061779,,,,,,
train,45,1122980,38650.6,0.066711,,,,,,
train,45,1123080,38653.4,0.060986,,,,,,
train,45,1123180,38656.3,0.060190,,,,,,
train,45,1123280,38659.4,0.065206,,,,,,
train,45,1123380,38662.2,0.060650,,,,,,
train,45,1123480,38665.1,0.060139,,,,,,
train,45,1123580,38667.9,0.062554,,,,,,
train,45,1123680,38670.8,0.065680,,,,,,
train,45,1123780,38673.6,0.061654,,,,,,
train,45,1123880,38676.5,0.061295,,,,,,
train,45,1123980,38679.3,0.060602,,,,,,
train,45,1124080,38682.2,0.056430,,,,,,
train,45,1124180,38685.0,0.060829,,,,,,
train,45,1124280,38687.9,0.060814,,,,,,
train,45,1124380,38690.7,0.061428,,,,,,
val,45,,38836.6,0.060981,0.003995,0.000034,0.010751,0.048993,35.6409,0.953731
train,46,1124524,38840.3,0.063622,,,,,,
train,46,1124624,38843.1,0.059270,,,,,,
train,46,1124724,38846.0,0.059671,,,,,,
train,46,1124824,38848.9,0.058368,,,,,,
train,46,1124924,38851.7,0.059298,,,,,,
train,46,1125024,38854.6,0.061263,,,,,,
train,46,1125124,38857.4,0.058432,,,,,,
train,46,1125224,38860.3,0.060995,,,,,,
train,46,1125324,38863.1,0.059040,,,,,,
train,46,1125424,38866.0,0.059744,,,,,,
train,46,1125524,38868.8,0.063770,,,,,,
train,46,1125624,38871.7,0.060517,,,,,,
train,46,1125724,38874.5,0.060627,,,,,,
train,46,1125824,38877.4,0.060515,,,,,,
train,46,1125924,38880.2,0.064770,,,,,,
train,46,1126024,38883.1,0.060771,,,,,,
train,46,1126124,38886.0,0.060206,,,,,,
train,46,1126224,38888.8,0.060193,,,,,,
train,46,1126324,38891.7,0.060271,,,,,,
train,46,1126424,38894.5,0.062430,,,,,,
train,46,1126524,38897.4,0.058323,,,,,,
train,46,1126624,38900.2,0.062902,,,,,,
train,46,1126724,38903.1,0.059736,,,,,,
train,46,1126824,38906.0,0.060187,,,,,,
train,46,1126924,38908.8,0.060613,,,,,,
train,46,1127024,38911.7,0.058556,,,,,,
train,46,1127124,38914.5,0.064956,,,,,,
train,46,1127224,38917.4,0.062744,,,,,,
train,46,1127324,38920.2,0.062970,,,,,,
train,46,1127424,38923.1,0.058433,,,,,,
train,46,1127524,38926.0,0.060361,,,,,,
train,46,1127624,38928.8,0.062886,,,,,,
train,46,1127724,38931.7,0.062540,,,,,,
train,46,1127824,38934.5,0.060409,,,,,,
train,46,1127924,38937.4,0.060801,,,,,,
train,46,1128024,38940.2,0.063811,,,,,,
train,46,1128124,38943.1,0.059077,,,,,,
train,46,1128224,38945.9,0.058785,,,,,,
train,46,1128324,38948.8,0.063131,,,,,,
train,46,1128424,38951.6,0.061664,,,,,,
train,46,1128524,38954.5,0.063910,,,,,,
train,46,1128624,38957.3,0.066178,,,,,,
train,46,1128724,38960.2,0.064328,,,,,,
train,46,1128824,38963.1,0.058339,,,,,,
train,46,1128924,38965.9,0.063714,,,,,,
train,46,1129024,38968.8,0.062634,,,,,,
train,46,1129124,38971.6,0.062537,,,,,,
train,46,1129224,38974.5,0.062647,,,,,,
train,46,1129324,38977.3,0.060419,,,,,,
train,46,1129424,38980.2,0.062667,,,,,,
train,46,1129524,38983.1,0.062846,,,,,,
train,46,1129624,38985.9,0.061427,,,,,,
train,46,1129724,38988.8,0.064220,,,,,,
train,46,1129824,38991.6,0.066348,,,,,,
train,46,1129924,38994.5,0.062978,,,,,,
train,46,1130024,38997.3,0.061404,,,,,,
train,46,1130124,39000.2,0.064154,,,,,,
train,46,1130224,39003.0,0.062051,,,,,,
train,46,1130324,39005.9,0.062050,,,,,,
train,46,1130424,39008.7,0.063991,,,,,,
train,46,1130524,39011.6,0.062780,,,,,,
train,46,1130624,39014.5,0.061738,,,,,,
train,46,1130724,39017.3,0.061148,,,,,,
train,46,1130824,39020.2,0.062627,,,,,,
train,46,1130924,39023.0,0.056557,,,,,,
train,46,1131024,39025.9,0.063029,,,,,,
train,46,1131124,39028.7,0.062967,,,,,,
train,46,1131224,39031.6,0.059414,,,,,,
train,46,1131324,39034.4,0.064629,,,,,,
train,46,1131424,39037.3,0.063441,,,,,,
train,46,1131524,39040.1,0.060857,,,,,,
train,46,1131624,39043.0,0.057410,,,,,,
train,46,1131724,39045.8,0.063264,,,,,,
train,46,1131824,39048.7,0.067810,,,,,,
train,46,1131924,39051.5,0.066494,,,,,,
train,46,1132024,39054.4,0.060876,,,,,,
train,46,1132124,39057.3,0.065956,,,,,,
train,46,1132224,39060.1,0.062547,,,,,,
train,46,1132324,39063.0,0.063218,,,,,,
train,46,1132424,39065.8,0.066469,,,,,,
train,46,1132524,39068.7,0.061934,,,,,,
train,46,1132624,39071.5,0.058727,,,,,,
train,46,1132724,39074.4,0.065011,,,,,,
train,46,1132824,39077.2,0.061893,,,,,,
train,46,1132924,39080.1,0.060125,,,,,,
train,46,1133024,39082.9,0.058705,,,,,,
train,46,1133124,39085.8,0.062847,,,,,,
train,46,1133224,39088.6,0.064513,,,,,,
train,46,1133324,39091.5,0.062745,,,,,,
train,46,1133424,39094.3,0.057117,,,,,,
train,46,1133524,39097.2,0.058962,,,,,,
train,46,1133624,39100.0,0.061912,,,,,,
train,46,1133724,39102.9,0.065674,,,,,,
train,46,1133824,39105.7,0.061580,,,,,,
train,46,1133924,39108.6,0.061509,,,,,,
train,46,1134024,39111.4,0.062841,,,,,,
train,46,1134124,39114.3,0.059966,,,,,,
train,46,1134224,39117.1,0.060918,,,,,,
train,46,1134324,39120.0,0.060693,,,,,,
train,46,1134424,39122.9,0.062052,,,,,,
train,46,1134524,39125.7,0.059837,,,,,,
train,46,1134624,39128.6,0.061250,,,,,,
train,46,1134724,39131.4,0.063570,,,,,,
train,46,1134824,39134.3,0.061176,,,,,,
train,46,1134924,39137.2,0.063508,,,,,,
train,46,1135024,39140.0,0.065391,,,,,,
train,46,1135124,39142.9,0.060376,,,,,,
train,46,1135224,39145.8,0.062739,,,,,,
train,46,1135324,39148.7,0.057993,,,,,,
train,46,1135424,39151.5,0.061598,,,,,,
train,46,1135524,39154.4,0.061050,,,,,,
train,46,1135624,39157.2,0.061415,,,,,,
train,46,1135724,39160.1,0.058634,,,,,,
train,46,1135824,39163.0,0.059846,,,,,,
train,46,1135924,39165.9,0.060622,,,,,,
train,46,1136024,39168.7,0.060117,,,,,,
train,46,1136124,39171.6,0.062199,,,,,,
train,46,1136224,39174.4,0.062579,,,,,,
train,46,1136324,39177.3,0.064989,,,,,,
train,46,1136424,39180.1,0.061604,,,,,,
train,46,1136524,39183.0,0.062261,,,,,,
train,46,1136624,39185.9,0.058796,,,,,,
train,46,1136724,39188.7,0.060454,,,,,,
train,46,1136824,39191.6,0.064582,,,,,,
train,46,1136924,39194.4,0.064381,,,,,,
train,46,1137024,39197.3,0.059939,,,,,,
train,46,1137124,39200.1,0.063340,,,,,,
train,46,1137224,39203.0,0.062179,,,,,,
train,46,1137324,39205.8,0.063772,,,,,,
train,46,1137424,39208.7,0.061587,,,,,,
train,46,1137524,39211.6,0.064971,,,,,,
train,46,1137624,39214.4,0.061458,,,,,,
train,46,1137724,39217.3,0.061760,,,,,,
train,46,1137824,39220.1,0.061007,,,,,,
train,46,1137924,39223.0,0.063633,,,,,,
train,46,1138024,39225.8,0.064040,,,,,,
train,46,1138124,39228.7,0.066484,,,,,,
train,46,1138224,39231.5,0.059917,,,,,,
train,46,1138324,39234.4,0.062478,,,,,,
train,46,1138424,39237.3,0.062884,,,,,,
train,46,1138524,39240.1,0.059869,,,,,,
train,46,1138624,39243.0,0.064305,,,,,,
train,46,1138724,39245.8,0.058732,,,,,,
train,46,1138824,39248.7,0.058670,,,,,,
train,46,1138924,39251.5,0.065209,,,,,,
train,46,1139024,39254.4,0.065558,,,,,,
train,46,1139124,39257.2,0.064888,,,,,,
train,46,1139224,39260.1,0.066094,,,,,,
train,46,1139324,39262.9,0.064625,,,,,,
train,46,1139424,39265.8,0.058443,,,,,,
train,46,1139524,39268.6,0.063374,,,,,,
train,46,1139624,39271.5,0.060296,,,,,,
train,46,1139724,39274.3,0.061015,,,,,,
train,46,1139824,39277.2,0.059060,,,,,,
train,46,1139924,39280.0,0.063209,,,,,,
train,46,1140024,39282.9,0.064164,,,,,,
train,46,1140124,39285.8,0.064784,,,,,,
train,46,1140224,39288.6,0.062604,,,,,,
train,46,1140324,39291.5,0.064323,,,,,,
train,46,1140424,39294.3,0.060565,,,,,,
train,46,1140524,39297.2,0.061030,,,,,,
train,46,1140624,39300.0,0.066635,,,,,,
train,46,1140724,39302.9,0.062910,,,,,,
train,46,1140824,39305.7,0.064212,,,,,,
train,46,1140924,39308.6,0.059479,,,,,,
train,46,1141024,39311.4,0.059271,,,,,,
train,46,1141124,39314.3,0.059522,,,,,,
train,46,1141224,39317.2,0.061021,,,,,,
train,46,1141324,39320.0,0.059652,,,,,,
train,46,1141424,39322.9,0.061294,,,,,,
train,46,1141524,39325.7,0.062403,,,,,,
train,46,1141624,39328.6,0.066806,,,,,,
train,46,1141724,39331.4,0.064319,,,,,,
train,46,1141824,39334.3,0.057695,,,,,,
train,46,1141924,39337.1,0.059600,,,,,,
train,46,1142024,39340.0,0.061237,,,,,,
train,46,1142124,39342.8,0.061869,,,,,,
train,46,1142224,39345.7,0.060233,,,,,,
train,46,1142324,39348.6,0.063423,,,,,,
train,46,1142424,39351.4,0.061144,,,,,,
train,46,1142524,39354.3,0.058417,,,,,,
train,46,1142624,39357.1,0.058663,,,,,,
train,46,1142724,39360.0,0.062473,,,,,,
train,46,1142824,39362.8,0.058506,,,,,,
train,46,1142924,39365.7,0.061016,,,,,,
train,46,1143024,39368.5,0.062470,,,,,,
train,46,1143124,39371.4,0.065460,,,,,,
train,46,1143224,39374.2,0.059364,,,,,,
train,46,1143324,39377.1,0.062508,,,,,,
train,46,1143424,39380.0,0.060783,,,,,,
train,46,1143524,39382.8,0.064337,,,,,,
train,46,1143624,39385.7,0.062351,,,,,,
train,46,1143724,39388.5,0.059386,,,,,,
train,46,1143824,39391.4,0.058406,,,,,,
train,46,1143924,39394.3,0.061888,,,,,,
train,46,1144024,39397.2,0.060436,,,,,,
train,46,1144124,39400.0,0.062852,,,,,,
train,46,1144224,39402.9,0.063394,,,,,,
train,46,1144324,39405.7,0.064903,,,,,,
train,46,1144424,39408.6,0.058155,,,,,,
train,46,1144524,39411.4,0.058796,,,,,,
train,46,1144624,39414.3,0.061546,,,,,,
train,46,1144724,39417.1,0.063299,,,,,,
train,46,1144824,39420.0,0.059417,,,,,,
train,46,1144924,39422.9,0.061575,,,,,,
train,46,1145024,39425.7,0.065956,,,,,,
train,46,1145124,39428.6,0.062299,,,,,,
train,46,1145224,39431.4,0.059490,,,,,,
train,46,1145324,39434.3,0.065681,,,,,,
train,46,1145424,39437.1,0.059835,,,,,,
train,46,1145524,39440.0,0.065353,,,,,,
train,46,1145624,39442.9,0.057351,,,,,,
train,46,1145724,39445.7,0.060745,,,,,,
train,46,1145824,39448.6,0.063069,,,,,,
train,46,1145924,39451.4,0.064302,,,,,,
train,46,1146024,39454.3,0.062579,,,,,,
train,46,1146124,39457.1,0.065209,,,,,,
train,46,1146224,39460.0,0.060006,,,,,,
train,46,1146324,39462.9,0.060447,,,,,,
train,46,1146424,39465.7,0.062143,,,,,,
train,46,1146524,39468.6,0.059270,,,,,,
train,46,1146624,39471.4,0.065208,,,,,,
train,46,1146724,39474.3,0.060182,,,,,,
train,46,1146824,39477.1,0.059137,,,,,,
train,46,1146924,39480.0,0.063412,,,,,,
train,46,1147024,39482.8,0.059807,,,,,,
train,46,1147124,39485.7,0.063898,,,,,,
train,46,1147224,39488.5,0.058361,,,,,,
train,46,1147324,39491.4,nan,,,,,,
train,46,1147424,39494.2,0.060467,,,,,,
train,46,1147524,39497.1,0.061281,,,,,,
train,46,1147624,39499.9,0.061526,,,,,,
train,46,1147724,39502.8,0.057233,,,,,,
train,46,1147824,39505.6,0.059161,,,,,,
train,46,1147924,39508.5,0.061341,,,,,,
train,46,1148024,39511.4,0.058752,,,,,,
train,46,1148124,39514.2,0.063034,,,,,,
train,46,1148224,39517.1,0.059724,,,,,,
train,46,1148324,39519.9,0.059703,,,,,,
train,46,1148424,39522.8,0.058564,,,,,,
train,46,1148524,39525.6,0.061446,,,,,,
train,46,1148624,39528.5,0.061920,,,,,,
train,46,1148724,39531.3,0.057258,,,,,,
train,46,1148824,39534.2,0.055705,,,,,,
val,46,,39678.8,0.061151,0.003990,0.000034,0.010711,0.048908,35.6715,0.953750
train,47,1148968,39682.5,0.062018,,,,,,
train,47,1149068,39685.3,0.060493,,,,,,
train,47,1149168,39688.2,0.059599,,,,,,
train,47,1149268,39691.1,0.059536,,,,,,
train,47,1149368,39693.9,0.059650,,,,,,
train,47,1149468,39696.8,0.058061,,,,,,
train,47,1149568,39699.6,0.063956,,,,,,
train,47,1149668,39702.5,0.057870,,,,,,
train,47,1149768,39705.3,0.062219,,,,,,
train,47,1149868,39708.2,0.061465,,,,,,
train,47,1149968,39711.1,0.059481,,,,,,
train,47,1150068,39713.9,0.059430,,,,,,
train,47,1150168,39716.8,0.061231,,,,,,
train,47,1150268,39719.6,0.061488,,,,,,
train,47,1150368,39722.5,0.062444,,,,,,
train,47,1150468,39725.3,0.059200,,,,,,
train,47,1150568,39728.2,0.062644,,,,,,
train,47,1150668,39731.1,0.063313,,,,,,
train,47,1150768,39733.9,0.061364,,,,,,
train,47,1150868,39736.8,0.061221,,,,,,
train,47,1150968,39739.6,0.058903,,,,,,
train,47,1151068,39742.5,0.064220,,,,,,
train,47,1151168,39745.4,0.059961,,,,,,
train,47,1151268,39748.2,0.062724,,,,,,
train,47,1151368,39751.1,0.063601,,,,,,
train,47,1151468,39754.0,0.061269,,,,,,
train,47,1151568,39756.8,0.060347,,,,,,
train,47,1151668,39759.7,0.061528,,,,,,
train,47,1151768,39762.5,0.059189,,,,,,
train,47,1151868,39765.4,0.063959,,,,,,
train,47,1151968,39768.2,0.058780,,,,,,
train,47,1152068,39771.1,0.063649,,,,,,
train,47,1152168,39774.0,0.059211,,,,,,
train,47,1152268,39776.8,0.062619,,,,,,
train,47,1152368,39779.7,0.065049,,,,,,
train,47,1152468,39782.5,0.064093,,,,,,
train,47,1152568,39785.4,0.064788,,,,,,
train,47,1152668,39788.3,0.065164,,,,,,
train,47,1152768,39791.1,0.064137,,,,,,
train,47,1152868,39794.0,0.061040,,,,,,
train,47,1152968,39796.9,0.058610,,,,,,
train,47,1153068,39799.8,0.063689,,,,,,
train,47,1153168,39802.7,0.062424,,,,,,
train,47,1153268,39805.5,0.065192,,,,,,
train,47,1153368,39808.4,0.064548,,,,,,
train,47,1153468,39811.2,0.062116,,,,,,
train,47,1153568,39814.1,0.061012,,,,,,
train,47,1153668,39817.0,0.060790,,,,,,
train,47,1153768,39819.8,0.057310,,,,,,
train,47,1153868,39822.7,0.058477,,,,,,
train,47,1153968,39825.5,0.062003,,,,,,
train,47,1154068,39828.4,0.057853,,,,,,
train,47,1154168,39831.3,0.059666,,,,,,
train,47,1154268,39834.1,0.058287,,,,,,
train,47,1154368,39837.0,0.060007,,,,,,
train,47,1154468,39839.8,0.061663,,,,,,
train,47,1154568,39842.7,0.061584,,,,,,
train,47,1154668,39845.6,0.063278,,,,,,
train,47,1154768,39848.4,0.062101,,,,,,
train,47,1154868,39851.3,0.059336,,,,,,
train,47,1154968,39854.1,0.058341,,,,,,
train,47,1155068,39857.0,0.062115,,,,,,
train,47,1155168,39859.9,0.060162,,,,,,
train,47,1155268,39862.7,0.064133,,,,,,
train,47,1155368,39865.6,0.064317,,,,,,
train,47,1155468,39868.5,0.056249,,,,,,
train,47,1155568,39871.3,0.061628,,,,,,
train,47,1155668,39874.2,0.058065,,,,,,
train,47,1155768,39877.0,0.062573,,,,,,
train,47,1155868,39879.9,0.060567,,,,,,
train,47,1155968,39882.8,0.065518,,,,,,
train,47,1156068,39885.6,0.064558,,,,,,
train,47,1156168,39888.5,0.059734,,,,,,
train,47,1156268,39891.4,0.059896,,,,,,
train,47,1156368,39894.2,0.062903,,,,,,
train,47,1156468,39897.1,0.061255,,,,,,
train,47,1156568,39899.9,0.059412,,,,,,
train,47,1156668,39902.8,0.063661,,,,,,
train,47,1156768,39905.7,0.064704,,,,,,
train,47,1156868,39908.5,0.057453,,,,,,
train,47,1156968,39911.4,0.057394,,,,,,
train,47,1157068,39914.2,0.063177,,,,,,
train,47,1157168,39917.1,0.054937,,,,,,
train,47,1157268,39919.9,0.065802,,,,,,
train,47,1157368,39922.8,0.063866,,,,,,
train,47,1157468,39925.6,0.058974,,,,,,
train,47,1157568,39928.5,0.058500,,,,,,
train,47,1157668,39931.3,0.063181,,,,,,
train,47,1157768,39934.2,0.061757,,,,,,
train,47,1157868,39937.1,0.062936,,,,,,
train,47,1157968,39939.9,0.062383,,,,,,
train,47,1158068,39942.8,0.058682,,,,,,
train,47,1158168,39945.6,0.059126,,,,,,
train,47,1158268,39948.5,0.059901,,,,,,
train,47,1158368,39951.3,0.065955,,,,,,
train,47,1158468,39954.2,0.064260,,,,,,
train,47,1158568,39957.1,0.058454,,,,,,
train,47,1158668,39959.9,0.064543,,,,,,
train,47,1158768,39962.8,0.061665,,,,,,
train,47,1158868,39965.7,0.062050,,,,,,
train,47,1158968,39968.5,0.059765,,,,,,
train,47,1159068,39971.4,0.064012,,,,,,
train,47,1159168,39974.2,0.061638,,,,,,
train,47,1159268,39977.1,0.065421,,,,,,
train,47,1159368,39980.0,0.060255,,,,,,
train,47,1159468,39982.8,0.069244,,,,,,
train,47,1159568,39985.7,0.063061,,,,,,
train,47,1159668,39988.5,0.060806,,,,,,
train,47,1159768,39991.4,0.063308,,,,,,
train,47,1159868,39994.3,0.061245,,,,,,
train,47,1159968,39997.1,0.061253,,,,,,
train,47,1160068,40000.0,0.062565,,,,,,
train,47,1160168,40002.9,0.062420,,,,,,
train,47,1160268,40005.7,0.061346,,,,,,
train,47,1160368,40008.6,0.059146,,,,,,
train,47,1160468,40011.9,0.065245,,,,,,
train,47,1160568,40015.3,0.059516,,,,,,
train,47,1160668,40018.2,0.063366,,,,,,
train,47,1160768,40021.0,0.066375,,,,,,
train,47,1160868,40024.0,0.060018,,,,,,
train,47,1160968,40026.9,0.061835,,,,,,
train,47,1161068,40029.7,0.061010,,,,,,
train,47,1161168,40032.6,0.064025,,,,,,
train,47,1161268,40035.5,0.059166,,,,,,
train,47,1161368,40038.3,0.061013,,,,,,
train,47,1161468,40041.2,0.060180,,,,,,
train,47,1161568,40044.0,0.062171,,,,,,
train,47,1161668,40046.9,0.062895,,,,,,
train,47,1161768,40049.8,0.060197,,,,,,
train,47,1161868,40052.6,0.063659,,,,,,
train,47,1161968,40055.5,0.059978,,,,,,
train,47,1162068,40058.3,0.060637,,,,,,
train,47,1162168,40061.2,0.063704,,,,,,
train,47,1162268,40064.1,0.059875,,,,,,
train,47,1162368,40066.9,0.060833,,,,,,
train,47,1162468,40069.8,0.058636,,,,,,
train,47,1162568,40072.6,0.062005,,,,,,
train,47,1162668,40075.5,0.059702,,,,,,
train,47,1162768,40078.4,0.061501,,,,,,
train,47,1162868,40081.2,0.059961,,,,,,
train,47,1162968,40084.1,0.062039,,,,,,
train,47,1163068,40086.9,0.064143,,,,,,
train,47,1163168,40089.8,0.062770,,,,,,
train,47,1163268,40092.7,0.057680,,,,,,
train,47,1163368,40095.5,0.066423,,,,,,
train,47,1163468,40098.4,0.066711,,,,,,
train,47,1163568,40101.2,0.059243,,,,,,
train,47,1163668,40104.1,0.062266,,,,,,
train,47,1163768,40107.0,0.057911,,,,,,
train,47,1163868,40109.8,0.060939,,,,,,
train,47,1163968,40112.7,0.058876,,,,,,
train,47,1164068,40115.5,0.061972,,,,,,
train,47,1164168,40118.4,0.057982,,,,,,
train,47,1164268,40121.2,0.059196,,,,,,
train,47,1164368,40124.1,0.061822,,,,,,
train,47,1164468,40127.0,0.060408,,,,,,
train,47,1164568,40129.8,0.061481,,,,,,
train,47,1164668,40132.7,0.063210,,,,,,
train,47,1164768,40135.5,0.060309,,,,,,
train,47,1164868,40138.4,0.059149,,,,,,
train,47,1164968,40141.2,0.063274,,,,,,
train,47,1165068,40144.1,0.064457,,,,,,
train,47,1165168,40146.9,0.059089,,,,,,
train,47,1165268,40149.8,0.065388,,,,,,
train,47,1165368,40152.7,0.061922,,,,,,
train,47,1165468,40155.5,0.062781,,,,,,
train,47,1165568,40158.4,0.063060,,,,,,
train,47,1165668,40161.2,0.064507,,,,,,
train,47,1165768,40164.1,0.056942,,,,,,
train,47,1165868,40166.9,0.063306,,,,,,
train,47,1165968,40169.8,0.060254,,,,,,
train,47,1166068,40172.7,0.057724,,,,,,
train,47,1166168,40175.5,0.059071,,,,,,
train,47,1166268,40178.4,nan,,,,,,
train,47,1166368,40181.2,0.060560,,,,,,
train,47,1166468,40184.1,0.061985,,,,,,
train,47,1166568,40187.0,0.063031,,,,,,
train,47,1166668,40189.8,0.065130,,,,,,
train,47,1166768,40192.7,0.060451,,,,,,
train,47,1166868,40195.5,0.062019,,,,,,
train,47,1166968,40198.4,0.060781,,,,,,
train,47,1167068,40201.3,0.061032,,,,,,
train,47,1167168,40204.1,0.062345,,,,,,
train,47,1167268,40207.0,0.065920,,,,,,
train,47,1167368,40209.8,0.064189,,,,,,
train,47,1167468,40212.7,0.060416,,,,,,
train,47,1167568,40215.6,0.060891,,,,,,
train,47,1167668,40218.4,0.062429,,,,,,
train,47,1167768,40221.3,0.060553,,,,,,
train,47,1167868,40224.1,0.059948,,,,,,
train,47,1167968,40227.0,0.062655,,,,,,
train,47,1168068,40229.9,0.058548,,,,,,
train,47,1168168,40232.7,0.057716,,,,,,
train,47,1168268,40235.6,0.060966,,,,,,
train,47,1168368,40238.4,0.063087,,,,,,
train,47,1168468,40241.3,0.058694,,,,,,
train,47,1168568,40244.2,0.064151,,,,,,
train,47,1168668,40247.0,0.067107,,,,,,
train,47,1168768,40249.9,0.065218,,,,,,
train,47,1168868,40252.7,0.060188,,,,,,
train,47,1168968,40255.6,0.060625,,,,,,
train,47,1169068,40258.5,0.061387,,,,,,
train,47,1169168,40261.3,0.062879,,,,,,
train,47,1169268,40264.2,0.057723,,,,,,
train,47,1169368,40267.0,0.061258,,,,,,
train,47,1169468,40269.9,0.065707,,,,,,
train,47,1169568,40272.7,0.061051,,,,,,
train,47,1169668,40275.6,0.062228,,,,,,
train,47,1169768,40278.5,0.058587,,,,,,
train,47,1169868,40281.3,0.060067,,,,,,
train,47,1169968,40284.2,0.061208,,,,,,
train,47,1170068,40287.0,0.062781,,,,,,
train,47,1170168,40289.9,0.058927,,,,,,
train,47,1170268,40292.7,0.060261,,,,,,
train,47,1170368,40295.6,0.062906,,,,,,
train,47,1170468,40298.5,0.060156,,,,,,
train,47,1170568,40301.3,0.056415,,,,,,
train,47,1170668,40304.2,0.062561,,,,,,
train,47,1170768,40307.1,0.066057,,,,,,
train,47,1170868,40309.9,0.060431,,,,,,
train,47,1170968,40312.8,0.060411,,,,,,
train,47,1171068,40315.6,0.062343,,,,,,
train,47,1171168,40318.5,0.064945,,,,,,
train,47,1171268,40321.4,0.063287,,,,,,
train,47,1171368,40324.2,0.058559,,,,,,
train,47,1171468,40327.1,0.062098,,,,,,
train,47,1171568,40329.9,0.058374,,,,,,
train,47,1171668,40332.8,0.060423,,,,,,
train,47,1171768,40335.7,0.061567,,,,,,
train,47,1171868,40338.5,0.059904,,,,,,
train,47,1171968,40341.4,0.060604,,,,,,
train,47,1172068,40344.2,0.060424,,,,,,
train,47,1172168,40347.1,0.056975,,,,,,
train,47,1172268,40350.0,0.060365,,,,,,
train,47,1172368,40352.8,0.057217,,,,,,
train,47,1172468,40355.7,0.059370,,,,,,
train,47,1172568,40358.5,0.064987,,,,,,
train,47,1172668,40361.4,0.060174,,,,,,
train,47,1172768,40364.2,0.061935,,,,,,
train,47,1172868,40367.1,0.059104,,,,,,
train,47,1172968,40370.0,0.056915,,,,,,
train,47,1173068,40372.8,0.066404,,,,,,
train,47,1173168,40375.7,0.059188,,,,,,
train,47,1173268,40378.5,0.063999,,,,,,
val,47,,40523.2,0.061105,0.003987,0.000033,0.010724,0.048957,35.6519,0.953754
train,48,1173412,40526.8,0.060189,,,,,,
train,48,1173512,40529.7,0.061620,,,,,,
train,48,1173612,40532.5,0.059987,,,,,,
train,48,1173712,40535.4,0.059562,,,,,,
train,48,1173812,40538.2,0.058294,,,,,,
train,48,1173912,40541.1,0.060555,,,,,,
train,48,1174012,40543.9,0.061483,,,,,,
train,48,1174112,40546.8,0.065147,,,,,,
train,48,1174212,40549.6,0.063113,,,,,,
train,48,1174312,40552.5,0.058281,,,,,,
train,48,1174412,40555.3,0.059079,,,,,,
train,48,1174512,40558.2,0.062326,,,,,,
train,48,1174612,40561.0,0.062961,,,,,,
train,48,1174712,40563.9,0.059195,,,,,,
train,48,1174812,40566.7,0.056573,,,,,,
train,48,1174912,40569.6,0.060646,,,,,,
train,48,1175012,40572.4,0.062382,,,,,,
train,48,1175112,40575.3,0.063222,,,,,,
train,48,1175212,40578.1,0.059115,,,,,,
train,48,1175312,40581.0,0.063018,,,,,,
train,48,1175412,40583.8,0.061077,,,,,,
train,48,1175512,40586.8,0.057360,,,,,,
train,48,1175612,40589.7,0.062755,,,,,,
train,48,1175712,40592.5,0.059615,,,,,,
train,48,1175812,40595.4,0.062424,,,,,,
train,48,1175912,40598.2,0.064897,,,,,,
train,48,1176012,40601.1,0.065915,,,,,,
train,48,1176112,40603.9,0.064500,,,,,,
train,48,1176212,40606.8,0.063369,,,,,,
train,48,1176312,40609.6,0.057703,,,,,,
train,48,1176412,40612.5,0.066471,,,,,,
train,48,1176512,40615.3,0.060463,,,,,,
train,48,1176612,40618.2,0.062325,,,,,,
train,48,1176712,40621.1,0.058551,,,,,,
train,48,1176812,40623.9,0.060829,,,,,,
train,48,1176912,40626.8,0.060228,,,,,,
train,48,1177012,40629.6,0.061378,,,,,,
train,48,1177112,40632.5,0.057831,,,,,,
train,48,1177212,40635.3,0.064304,,,,,,
train,48,1177312,40638.2,0.059801,,,,,,
train,48,1177412,40641.0,0.062654,,,,,,
train,48,1177512,40643.9,0.060532,,,,,,
train,48,1177612,40646.7,0.060050,,,,,,
train,48,1177712,40649.6,0.061355,,,,,,
train,48,1177812,40652.4,0.060507,,,,,,
train,48,1177912,40655.3,0.058510,,,,,,
train,48,1178012,40658.1,0.056020,,,,,,
train,48,1178112,40661.0,0.060769,,,,,,
train,48,1178212,40663.8,0.069545,,,,,,
train,48,1178312,40666.7,0.056986,,,,,,
train,48,1178412,40669.5,0.061476,,,,,,
train,48,1178512,40672.4,0.065372,,,,,,
train,48,1178612,40675.2,0.057974,,,,,,
train,48,1178712,40678.1,0.058807,,,,,,
train,48,1178812,40680.9,0.063850,,,,,,
train,48,1178912,40683.8,0.058523,,,,,,
train,48,1179012,40686.6,0.061606,,,,,,
train,48,1179112,40689.5,0.059674,,,,,,
train,48,1179212,40692.3,0.062947,,,,,,
train,48,1179312,40695.2,0.062214,,,,,,
train,48,1179412,40698.0,0.058101,,,,,,
train,48,1179512,40700.9,0.062106,,,,,,
train,48,1179612,40703.7,0.060449,,,,,,
train,48,1179712,40706.6,0.058275,,,,,,
train,48,1179812,40709.5,0.058445,,,,,,
train,48,1179912,40712.3,0.060805,,,,,,
train,48,1180012,40715.2,0.062845,,,,,,
train,48,1180112,40718.0,0.056992,,,,,,
train,48,1180212,40720.9,0.061918,,,,,,
train,48,1180312,40723.7,0.062327,,,,,,
train,48,1180412,40726.6,0.060894,,,,,,
train,48,1180512,40729.4,0.061903,,,,,,
train,48,1180612,40732.3,0.060892,,,,,,
train,48,1180712,40735.1,0.059495,,,,,,
train,48,1180812,40738.0,0.058296,,,,,,
train,48,1180912,40740.8,nan,,,,,,
train,48,1181012,40743.7,0.065122,,,,,,
train,48,1181112,40746.5,0.062527,,,,,,
train,48,1181212,40749.8,0.058043,,,,,,
train,48,1181312,40752.6,0.060055,,,,,,
train,48,1181412,40755.4,0.058898,,,,,,
train,48,1181512,40758.3,0.058383,,,,,,
train,48,1181612,40761.1,0.061593,,,,,,
train,48,1181712,40764.0,0.065503,,,,,,
train,48,1181812,40766.8,0.058163,,,,,,
train,48,1181912,40769.7,0.060145,,,,,,
train,48,1182012,40772.5,0.058055,,,,,,
train,48,1182112,40775.4,0.063077,,,,,,
train,48,1182212,40778.2,0.060112,,,,,,
train,48,1182312,40781.1,0.063329,,,,,,
train,48,1182412,40783.9,0.063149,,,,,,
train,48,1182512,40786.8,0.066779,,,,,,
train,48,1182612,40789.6,0.062502,,,,,,
train,48,1182712,40792.5,0.064645,,,,,,
train,48,1182812,40795.3,0.061771,,,,,,
train,48,1182912,40798.2,0.061512,,,,,,
train,48,1183012,40801.0,0.062119,,,,,,
train,48,1183112,40803.9,0.069023,,,,,,
train,48,1183212,40806.7,0.064386,,,,,,
train,48,1183312,40809.6,0.060029,,,,,,
train,48,1183412,40812.4,0.062240,,,,,,
train,48,1183512,40815.3,0.061629,,,,,,
train,48,1183612,40818.1,0.061780,,,,,,
train,48,1183712,40821.0,0.058026,,,,,,
train,48,1183812,40823.8,0.063913,,,,,,
train,48,1183912,40826.7,0.062550,,,,,,
train,48,1184012,40829.5,0.063344,,,,,,
train,48,1184112,40832.4,0.064937,,,,,,
train,48,1184212,40835.2,0.059654,,,,,,
train,48,1184312,40838.1,0.059462,,,,,,
train,48,1184412,40840.9,0.062044,,,,,,
train,48,1184512,40843.8,0.060642,,,,,,
train,48,1184612,40846.7,0.064448,,,,,,
train,48,1184712,40849.5,0.060002,,,,,,
train,48,1184812,40852.4,0.060768,,,,,,
train,48,1184912,40855.2,0.062779,,,,,,
train,48,1185012,40858.1,0.060814,,,,,,
train,48,1185112,40860.9,0.063637,,,,,,
train,48,1185212,40863.8,0.061808,,,,,,
train,48,1185312,40866.6,0.063411,,,,,,
train,48,1185412,40869.5,0.064513,,,,,,
train,48,1185512,40872.3,0.059306,,,,,,
train,48,1185612,40875.2,0.059747,,,,,,
train,48,1185712,40878.0,0.063540,,,,,,
train,48,1185812,40880.9,0.062725,,,,,,
train,48,1185912,40883.7,0.056385,,,,,,
train,48,1186012,40886.6,0.061132,,,,,,
train,48,1186112,40889.4,0.055947,,,,,,
train,48,1186212,40892.3,0.062938,,,,,,
train,48,1186312,40895.1,0.068386,,,,,,
train,48,1186412,40898.0,0.058656,,,,,,
train,48,1186512,40900.8,0.062859,,,,,,
train,48,1186612,40903.7,0.060876,,,,,,
train,48,1186712,40906.5,0.058618,,,,,,
train,48,1186812,40909.4,0.059854,,,,,,
train,48,1186912,40912.2,0.059518,,,,,,
train,48,1187012,40915.1,0.062007,,,,,,
train,48,1187112,40917.9,0.065542,,,,,,
train,48,1187212,40920.8,0.061958,,,,,,
train,48,1187312,40923.6,0.064590,,,,,,
train,48,1187412,40926.5,0.057802,,,,,,
train,48,1187512,40929.3,0.059830,,,,,,
train,48,1187612,40932.2,0.062745,,,,,,
train,48,1187712,40935.1,0.059868,,,,,,
train,48,1187812,40937.9,0.060465,,,,,,
train,48,1187912,40940.8,0.064851,,,,,,
train,48,1188012,40943.6,0.059887,,,,,,
train,48,1188112,40946.5,0.061732,,,,,,
train,48,1188212,40949.3,0.058770,,,,,,
train,48,1188312,40952.2,0.067552,,,,,,
train,48,1188412,40955.0,0.066695,,,,,,
train,48,1188512,40957.9,0.062133,,,,,,
train,48,1188612,40960.7,0.064702,,,,,,
train,48,1188712,40963.6,0.061797,,,,,,
train,48,1188812,40966.4,0.056898,,,,,,
train,48,1188912,40969.3,0.059333,,,,,,
train,48,1189012,40972.1,0.063139,,,,,,
train,48,1189112,40975.0,0.060274,,,,,,
train,48,1189212,40977.8,0.059531,,,,,,
train,48,1189312,40980.7,0.063606,,,,,,
train,48,1189412,40983.5,0.058697,,,,,,
train,48,1189512,40986.4,0.061763,,,,,,
train,48,1189612,40989.2,0.056797,,,,,,
train,48,1189712,40992.1,0.061567,,,,,,
train,48,1189812,40995.0,0.060731,,,,,,
train,48,1189912,40997.8,0.058589,,,,,,
train,48,1190012,41000.9,0.059371,,,,,,
train,48,1190112,41003.7,0.066320,,,,,,
train,48,1190212,41006.6,0.061324,,,,,,
train,48,1190312,41009.4,0.064538,,,,,,
train,48,1190412,41012.3,0.069349,,,,,,
train,48,1190512,41015.1,0.061135,,,,,,
train,48,1190612,41018.0,0.062684,,,,,,
train,48,1190712,41020.8,0.061434,,,,,,
train,48,1190812,41023.7,0.063802,,,,,,
train,48,1190912,41026.5,0.060131,,,,,,
train,48,1191012,41029.4,0.060070,,,,,,
train,48,1191112,41032.2,0.060156,,,,,,
train,48,1191212,41035.1,0.060360,,,,,,
train,48,1191312,41037.9,0.060684,,,,,,
train,48,1191412,41040.8,0.060400,,,,,,
train,48,1191512,41043.6,0.058153,,,,,,
train,48,1191612,41046.5,0.065508,,,,,,
train,48,1191712,41049.3,0.058656,,,,,,
train,48,1191812,41052.2,0.062478,,,,,,
train,48,1191912,41055.0,0.062423,,,,,,
train,48,1192012,41057.9,0.064462,,,,,,
train,48,1192112,41060.7,0.060423,,,,,,
train,48,1192212,41063.6,0.060070,,,,,,
train,48,1192312,41066.5,0.055442,,,,,,
train,48,1192412,41069.4,0.059693,,,,,,
train,48,1192512,41072.2,0.060222,,,,,,
train,48,1192612,41075.1,0.061575,,,,,,
train,48,1192712,41077.9,0.063863,,,,,,
train,48,1192812,41080.8,0.065479,,,,,,
train,48,1192912,41083.6,0.058259,,,,,,
train,48,1193012,41086.5,0.058645,,,,,,
train,48,1193112,41089.3,0.062306,,,,,,
train,48,1193212,41092.2,0.062456,,,,,,
train,48,1193312,41095.0,0.062384,,,,,,
train,48,1193412,41097.9,0.058322,,,,,,
train,48,1193512,41100.7,0.061057,,,,,,
train,48,1193612,41103.6,0.061429,,,,,,
train,48,1193712,41106.5,0.061373,,,,,,
train,48,1193812,41109.3,0.065072,,,,,,
train,48,1193912,41112.2,0.059063,,,,,,
train,48,1194012,41115.0,0.063455,,,,,,
train,48,1194112,41117.9,0.060050,,,,,,
train,48,1194212,41120.7,0.059504,,,,,,
train,48,1194312,41124.1,0.058874,,,,,,
train,48,1194412,41126.9,0.061132,,,,,,
train,48,1194512,41129.8,0.060703,,,,,,
train,48,1194612,41132.6,0.063312,,,,,,
train,48,1194712,41135.5,0.061112,,,,,,
train,48,1194812,41138.3,0.060717,,,,,,
train,48,1194912,41141.2,0.060200,,,,,,
train,48,1195012,41144.0,0.065699,,,,,,
train,48,1195112,41146.9,0.063366,,,,,,
train,48,1195212,41149.7,0.063644,,,,,,
train,48,1195312,41152.6,0.063634,,,,,,
train,48,1195412,41155.4,0.060906,,,,,,
train,48,1195512,41158.3,0.061175,,,,,,
train,48,1195612,41161.2,0.062201,,,,,,
train,48,1195712,41164.0,0.058261,,,,,,
train,48,1195812,41166.9,0.059783,,,,,,
train,48,1195912,41169.7,0.063874,,,,,,
train,48,1196012,41172.5,0.060340,,,,,,
train,48,1196112,41175.4,0.061878,,,,,,
train,48,1196212,41178.2,0.061057,,,,,,
train,48,1196312,41181.1,0.062859,,,,,,
train,48,1196412,41183.9,0.056028,,,,,,
train,48,1196512,41186.8,0.062576,,,,,,
train,48,1196612,41189.6,0.059478,,,,,,
train,48,1196712,41192.5,0.059139,,,,,,
train,48,1196812,41195.3,0.061235,,,,,,
train,48,1196912,41198.2,0.063646,,,,,,
train,48,1197012,41201.0,0.063098,,,,,,
train,48,1197112,41203.9,0.063879,,,,,,
train,48,1197212,41206.7,0.061933,,,,,,
train,48,1197312,41209.6,0.065338,,,,,,
train,48,1197412,41212.4,0.059759,,,,,,
train,48,1197512,41215.3,0.065246,,,,,,
train,48,1197612,41218.1,0.060726,,,,,,
train,48,1197712,41221.0,0.060774,,,,,,
val,48,,41365.7,0.060769,0.003982,0.000033,0.010721,0.048883,35.6551,0.953831
train,49,1197856,41369.2,0.061735,,,,,,
train,49,1197956,41372.1,0.059559,,,,,,
train,49,1198056,41374.9,0.061569,,,,,,
train,49,1198156,41377.8,0.058665,,,,,,
train,49,1198256,41380.7,0.058988,,,,,,
train,49,1198356,41383.6,0.063424,,,,,,
train,49,1198456,41386.5,0.066349,,,,,,
train,49,1198556,41389.3,0.063935,,,,,,
train,49,1198656,41392.2,nan,,,,,,
train,49,1198756,41395.0,0.066801,,,,,,
train,49,1198856,41397.9,0.061121,,,,,,
train,49,1198956,41400.7,0.060362,,,,,,
train,49,1199056,41403.6,0.060318,,,,,,
train,49,1199156,41406.4,0.061010,,,,,,
train,49,1199256,41409.3,0.060358,,,,,,
train,49,1199356,41412.2,0.061468,,,,,,
train,49,1199456,41415.0,0.062799,,,,,,
train,49,1199556,41417.9,0.062238,,,,,,
train,49,1199656,41420.7,0.062482,,,,,,
train,49,1199756,41423.6,0.068582,,,,,,
train,49,1199856,41426.4,0.067700,,,,,,
train,49,1199956,41429.3,0.062331,,,,,,
train,49,1200056,41432.1,0.059293,,,,,,
train,49,1200156,41435.0,0.056668,,,,,,
train,49,1200256,41437.8,0.055899,,,,,,
train,49,1200356,41440.7,0.063770,,,,,,
train,49,1200456,41443.5,0.066121,,,,,,
train,49,1200556,41446.4,0.059049,,,,,,
train,49,1200656,41449.2,0.061803,,,,,,
train,49,1200756,41452.1,0.058589,,,,,,
train,49,1200856,41454.9,0.056622,,,,,,
train,49,1200956,41457.8,0.064212,,,,,,
train,49,1201056,41460.7,0.063783,,,,,,
train,49,1201156,41463.5,0.063458,,,,,,
train,49,1201256,41466.4,0.066786,,,,,,
train,49,1201356,41469.2,0.063946,,,,,,
train,49,1201456,41472.1,0.059931,,,,,,
train,49,1201556,41474.9,0.058644,,,,,,
train,49,1201656,41477.8,0.058315,,,,,,
train,49,1201756,41480.6,0.062085,,,,,,
train,49,1201856,41483.5,0.068571,,,,,,
train,49,1201956,41486.3,0.061832,,,,,,
train,49,1202056,41489.2,0.062843,,,,,,
train,49,1202156,41492.0,0.062635,,,,,,
train,49,1202256,41494.9,0.061526,,,,,,
train,49,1202356,41497.8,0.062406,,,,,,
train,49,1202456,41500.6,0.060486,,,,,,
train,49,1202556,41503.5,0.064363,,,,,,
train,49,1202656,41506.3,0.063517,,,,,,
train,49,1202756,41509.2,0.060617,,,,,,
train,49,1202856,41512.0,0.060995,,,,,,
train,49,1202956,41514.9,0.053975,,,,,,
train,49,1203056,41517.7,0.060664,,,,,,
train,49,1203156,41520.6,0.060365,,,,,,
train,49,1203256,41523.4,0.064207,,,,,,
train,49,1203356,41526.3,0.058165,,,,,,
train,49,1203456,41529.1,0.056817,,,,,,
train,49,1203556,41532.0,0.061362,,,,,,
train,49,1203656,41534.8,0.062862,,,,,,
train,49,1203756,41537.7,0.057541,,,,,,
train,49,1203856,41540.6,0.059348,,,,,,
train,49,1203956,41543.4,0.063126,,,,,,
train,49,1204056,41546.3,0.064480,,,,,,
train,49,1204156,41549.2,0.062103,,,,,,
train,49,1204256,41552.1,0.063185,,,,,,
train,49,1204356,41554.9,0.065225,,,,,,
train,49,1204456,41557.8,0.062052,,,,,,
train,49,1204556,41560.6,0.064436,,,,,,
train,49,1204656,41563.5,0.061848,,,,,,
train,49,1204756,41566.4,0.058480,,,,,,
train,49,1204856,41569.2,0.059149,,,,,,
train,49,1204956,41572.1,0.059676,,,,,,
train,49,1205056,41574.9,0.060484,,,,,,
train,49,1205156,41577.8,0.056139,,,,,,
train,49,1205256,41580.6,0.060295,,,,,,
train,49,1205356,41583.5,0.060108,,,,,,
train,49,1205456,41586.3,0.060275,,,,,,
train,49,1205556,41589.2,0.060520,,,,,,
train,49,1205656,41592.0,0.057878,,,,,,
train,49,1205756,41594.9,0.056332,,,,,,
train,49,1205856,41597.7,0.060081,,,,,,
train,49,1205956,41600.6,0.061059,,,,,,
train,49,1206056,41603.4,0.056999,,,,,,
train,49,1206156,41606.3,0.060393,,,,,,
train,49,1206256,41609.1,0.059430,,,,,,
train,49,1206356,41612.0,0.059406,,,,,,
train,49,1206456,41614.8,0.063069,,,,,,
train,49,1206556,41617.7,0.063010,,,,,,
train,49,1206656,41620.5,0.065163,,,,,,
train,49,1206756,41623.4,0.063985,,,,,,
train,49,1206856,41626.2,0.061252,,,,,,
train,49,1206956,41629.1,0.063793,,,,,,
train,49,1207056,41631.9,0.062604,,,,,,
train,49,1207156,41634.8,0.058706,,,,,,
train,49,1207256,41637.6,0.058497,,,,,,
train,49,1207356,41640.5,0.055711,,,,,,
train,49,1207456,41643.3,0.062095,,,,,,
train,49,1207556,41646.2,0.063765,,,,,,
train,49,1207656,41649.0,0.060098,,,,,,
train,49,1207756,41651.9,0.063447,,,,,,
train,49,1207856,41654.7,0.066473,,,,,,
train,49,1207956,41657.6,0.063955,,,,,,
train,49,1208056,41660.4,0.058382,,,,,,
train,49,1208156,41663.3,0.059098,,,,,,
train,49,1208256,41666.2,0.062983,,,,,,
train,49,1208356,41669.0,0.064111,,,,,,
train,49,1208456,41671.9,0.060520,,,,,,
train,49,1208556,41674.7,0.061340,,,,,,
train,49,1208656,41677.6,0.061941,,,,,,
train,49,1208756,41680.4,0.061297,,,,,,
train,49,1208856,41683.3,0.060829,,,,,,
train,49,1208956,41686.1,0.062759,,,,,,
train,49,1209056,41689.0,0.062052,,,,,,
train,49,1209156,41691.8,0.065300,,,,,,
train,49,1209256,41694.7,0.059086,,,,,,
train,49,1209356,41697.6,0.067951,,,,,,
train,49,1209456,41700.4,0.059064,,,,,,
train,49,1209556,41703.3,0.065185,,,,,,
train,49,1209656,41706.1,0.060098,,,,,,
train,49,1209756,41709.0,0.060635,,,,,,
train,49,1209856,41711.9,0.059395,,,,,,
train,49,1209956,41714.7,0.062990,,,,,,
train,49,1210056,41717.6,0.062883,,,,,,
train,49,1210156,41720.4,0.054983,,,,,,
train,49,1210256,41723.3,0.057828,,,,,,
train,49,1210356,41726.1,0.059271,,,,,,
train,49,1210456,41729.0,0.058210,,,,,,
train,49,1210556,41731.9,0.063134,,,,,,
train,49,1210656,41734.7,0.058809,,,,,,
train,49,1210756,41737.6,0.055035,,,,,,
train,49,1210856,41740.4,0.063335,,,,,,
train,49,1210956,41743.3,0.058884,,,,,,
train,49,1211056,41746.1,0.063093,,,,,,
train,49,1211156,41749.0,0.061006,,,,,,
train,49,1211256,41751.9,0.059087,,,,,,
train,49,1211356,41754.7,0.061106,,,,,,
train,49,1211456,41757.6,0.058235,,,,,,
train,49,1211556,41760.4,0.057179,,,,,,
train,49,1211656,41763.3,0.064069,,,,,,
train,49,1211756,41766.1,0.060109,,,,,,
train,49,1211856,41769.0,0.062815,,,,,,
train,49,1211956,41771.8,0.066163,,,,,,
train,49,1212056,41774.7,0.060389,,,,,,
train,49,1212156,41777.5,0.059921,,,,,,
train,49,1212256,41780.4,0.059255,,,,,,
train,49,1212356,41783.3,0.061429,,,,,,
train,49,1212456,41786.1,0.057576,,,,,,
train,49,1212556,41789.0,0.064462,,,,,,
train,49,1212656,41791.8,0.063247,,,,,,
train,49,1212756,41794.7,0.064059,,,,,,
train,49,1212856,41797.5,0.062462,,,,,,
train,49,1212956,41800.4,0.062370,,,,,,
train,49,1213056,41803.2,0.063512,,,,,,
train,49,1213156,41806.1,0.063264,,,,,,
train,49,1213256,41808.9,0.065543,,,,,,
train,49,1213356,41811.8,0.061071,,,,,,
train,49,1213456,41814.6,0.062878,,,,,,
train,49,1213556,41817.5,0.061020,,,,,,
train,49,1213656,41820.3,0.058703,,,,,,
train,49,1213756,41823.2,0.062458,,,,,,
train,49,1213856,41826.0,0.058466,,,,,,
train,49,1213956,41828.9,0.060915,,,,,,
train,49,1214056,41831.7,0.063762,,,,,,
train,49,1214156,41834.6,0.059743,,,,,,
train,49,1214256,41837.4,0.058400,,,,,,
train,49,1214356,41840.3,0.067419,,,,,,
train,49,1214456,41843.1,0.061808,,,,,,
train,49,1214556,41846.0,0.058380,,,,,,
train,49,1214656,41848.8,0.061546,,,,,,
train,49,1214756,41851.7,0.058223,,,,,,
train,49,1214856,41854.5,0.062114,,,,,,
train,49,1214956,41857.4,0.059809,,,,,,
train,49,1215056,41860.3,0.062201,,,,,,
train,49,1215156,41863.1,0.060705,,,,,,
train,49,1215256,41866.0,0.061810,,,,,,
train,49,1215356,41868.8,0.060593,,,,,,
train,49,1215456,41871.7,0.060939,,,,,,
train,49,1215556,41874.5,0.062589,,,,,,
train,49,1215656,41877.4,0.060343,,,,,,
train,49,1215756,41880.2,0.061778,,,,,,
train,49,1215856,41883.1,0.056832,,,,,,
train,49,1215956,41885.9,0.062353,,,,,,
train,49,1216056,41888.8,0.064456,,,,,,
train,49,1216156,41891.6,0.059298,,,,,,
train,49,1216256,41894.5,0.061245,,,,,,
train,49,1216356,41897.4,0.062598,,,,,,
train,49,1216456,41900.2,0.059917,,,,,,
train,49,1216556,41903.1,0.063559,,,,,,
train,49,1216656,41905.9,0.062580,,,,,,
train,49,1216756,41908.8,0.059627,,,,,,
train,49,1216856,41911.6,0.059937,,,,,,
train,49,1216956,41914.5,0.055849,,,,,,
train,49,1217056,41917.3,0.058433,,,,,,
train,49,1217156,41920.2,0.060021,,,,,,
train,49,1217256,41923.0,0.062001,,,,,,
train,49,1217356,41925.9,0.061546,,,,,,
train,49,1217456,41928.8,0.060476,,,,,,
train,49,1217556,41931.6,0.062057,,,,,,
train,49,1217656,41934.5,0.061577,,,,,,
train,49,1217756,41937.3,0.061646,,,,,,
train,49,1217856,41940.2,0.063954,,,,,,
train,49,1217956,41943.0,0.062659,,,,,,
train,49,1218056,41945.9,0.059798,,,,,,
train,49,1218156,41948.7,0.060445,,,,,,
train,49,1218256,41951.6,0.067493,,,,,,
train,49,1218356,41954.4,0.057028,,,,,,
train,49,1218456,41957.3,0.061348,,,,,,
train,49,1218556,41960.1,0.059613,,,,,,
train,49,1218656,41963.0,0.062017,,,,,,
train,49,1218756,41965.9,0.057503,,,,,,
train,49,1218856,41968.7,0.063003,,,,,,
train,49,1218956,41971.6,0.064700,,,,,,
train,49,1219056,41974.4,0.058641,,,,,,
train,49,1219156,41977.3,0.062197,,,,,,
train,49,1219256,41980.1,0.058684,,,,,,
train,49,1219356,41983.0,0.061917,,,,,,
train,49,1219456,41985.8,0.062506,,,,,,
train,49,1219556,41990.0,0.062617,,,,,,
train,49,1219656,41992.9,0.060472,,,,,,
train,49,1219756,41995.8,0.061659,,,,,,
train,49,1219856,41998.6,0.061525,,,,,,
train,49,1219956,42001.5,0.060029,,,,,,
train,49,1220056,42004.3,0.056724,,,,,,
train,49,1220156,42007.2,0.063829,,,,,,
train,49,1220256,42010.0,0.058162,,,,,,
train,49,1220356,42012.9,0.055734,,,,,,
train,49,1220456,42015.8,0.057681,,,,,,
train,49,1220556,42018.6,0.063111,,,,,,
train,49,1220656,42021.4,0.060444,,,,,,
train,49,1220756,42024.3,0.058033,,,,,,
train,49,1220856,42027.2,0.060421,,,,,,
train,49,1220956,42030.0,0.061692,,,,,,
train,49,1221056,42032.9,0.062147,,,,,,
train,49,1221156,42035.7,0.060331,,,,,,
train,49,1221256,42038.6,0.064158,,,,,,
train,49,1221356,42041.4,0.059745,,,,,,
train,49,1221456,42044.3,0.061386,,,,,,
train,49,1221556,42047.1,0.062457,,,,,,
train,49,1221656,42050.0,0.059766,,,,,,
train,49,1221756,42052.8,0.062112,,,,,,
train,49,1221856,42055.7,0.064840,,,,,,
train,49,1221956,42058.5,0.057251,,,,,,
train,49,1222056,42061.4,0.060948,,,,,,
train,49,1222156,42064.3,0.060499,,,,,,
val,49,,42209.2,0.060568,0.003978,0.000033,0.010711,0.048901,35.6591,0.953833
train,50,1222300,42213.2,0.061435,,,,,,
train,50,1222400,42216.1,0.058390,,,,,,
train,50,1222500,42218.9,0.058945,,,,,,
train,50,1222600,42221.8,0.058878,,,,,,
train,50,1222700,42224.7,0.061419,,,,,,
train,50,1222800,42227.5,0.062265,,,,,,
train,50,1222900,42230.4,0.063363,,,,,,
train,50,1223000,42233.2,0.063401,,,,,,
train,50,1223100,42236.1,0.058848,,,,,,
train,50,1223200,42238.9,0.057298,,,,,,
train,50,1223300,42241.8,0.063188,,,,,,
train,50,1223400,42244.7,0.063454,,,,,,
train,50,1223500,42247.5,0.060441,,,,,,
train,50,1223600,42250.4,0.063184,,,,,,
train,50,1223700,42253.2,0.062103,,,,,,
train,50,1223800,42256.1,0.059389,,,,,,
train,50,1223900,42259.0,0.061415,,,,,,
train,50,1224000,42261.8,0.061181,,,,,,
train,50,1224100,42264.8,0.059628,,,,,,
train,50,1224200,42267.8,0.059660,,,,,,
train,50,1224300,42270.7,0.062854,,,,,,
train,50,1224400,42273.5,0.060381,,,,,,
train,50,1224500,42276.4,0.059866,,,,,,
train,50,1224600,42279.3,0.063302,,,,,,
train,50,1224700,42282.1,0.066593,,,,,,
train,50,1224800,42285.0,0.063831,,,,,,
train,50,1224900,42287.8,0.058099,,,,,,
train,50,1225000,42290.7,0.058556,,,,,,
train,50,1225100,42293.6,0.065878,,,,,,
train,50,1225200,42296.4,0.058244,,,,,,
train,50,1225300,42299.3,0.059388,,,,,,
train,50,1225400,42302.2,0.059756,,,,,,
train,50,1225500,42305.0,0.063355,,,,,,
train,50,1225600,42307.9,0.061329,,,,,,
train,50,1225700,42310.7,0.059682,,,,,,
train,50,1225800,42313.6,0.061297,,,,,,
train,50,1225900,42316.5,0.064273,,,,,,
train,50,1226000,42319.3,0.063765,,,,,,
train,50,1226100,42322.2,0.063635,,,,,,
train,50,1226200,42325.1,0.058727,,,,,,
train,50,1226300,42327.9,0.064256,,,,,,
train,50,1226400,42330.8,0.065185,,,,,,
train,50,1226500,42333.6,0.059560,,,,,,
train,50,1226600,42336.5,0.066080,,,,,,
train,50,1226700,42339.4,0.064491,,,,,,
train,50,1226800,42342.2,0.068117,,,,,,
train,50,1226900,42345.1,0.066489,,,,,,
train,50,1227000,42348.0,0.065965,,,,,,
train,50,1227100,42350.8,0.058311,,,,,,
train,50,1227200,42353.7,0.067555,,,,,,
train,50,1227300,42356.6,0.058653,,,,,,
train,50,1227400,42359.4,0.063468,,,,,,
train,50,1227500,42362.3,0.058635,,,,,,
train,50,1227600,42365.1,0.061785,,,,,,
train,50,1227700,42368.0,0.066885,,,,,,
train,50,1227800,42370.8,0.062766,,,,,,
train,50,1227900,42373.7,0.062096,,,,,,
train,50,1228000,42376.6,0.061730,,,,,,
train,50,1228100,42379.4,0.062451,,,,,,
train,50,1228200,42382.3,0.061912,,,,,,
train,50,1228300,42385.2,0.060883,,,,,,
train,50,1228400,42388.0,0.064288,,,,,,
train,50,1228500,42390.9,0.061855,,,,,,
train,50,1228600,42393.8,0.059734,,,,,,
train,50,1228700,42396.6,0.059719,,,,,,
train,50,1228800,42399.5,0.058561,,,,,,
train,50,1228900,42402.3,0.058744,,,,,,
train,50,1229000,42405.2,0.062975,,,,,,
train,50,1229100,42408.0,0.061791,,,,,,
train,50,1229200,42410.9,0.060004,,,,,,
train,50,1229300,42413.8,0.062950,,,,,,
train,50,1229400,42416.6,0.062759,,,,,,
train,50,1229500,42419.5,0.059544,,,,,,
train,50,1229600,42422.6,0.059411,,,,,,
train,50,1229700,42425.5,0.062763,,,,,,
train,50,1229800,42428.3,0.057986,,,,,,
train,50,1229900,42433.5,0.061222,,,,,,
train,50,1230000,42436.4,0.062118,,,,,,
train,50,1230100,42439.2,0.059452,,,,,,
train,50,1230200,42442.1,0.065066,,,,,,
train,50,1230300,42444.9,0.056821,,,,,,
train,50,1230400,42447.8,0.058221,,,,,,
train,50,1230500,42450.7,0.052853,,,,,,
train,50,1230600,42453.5,0.057554,,,,,,
train,50,1230700,42456.4,0.066065,,,,,,
train,50,1230800,42459.2,0.062029,,,,,,
train,50,1230900,42462.1,0.062106,,,,,,
train,50,1231000,42465.0,0.061123,,,,,,
train,50,1231100,42467.8,0.061121,,,,,,
train,50,1231200,42471.0,0.059890,,,,,,
train,50,1231300,42473.9,0.057153,,,,,,
train,50,1231400,42476.8,0.062269,,,,,,
train,50,1231500,42479.6,0.061322,,,,,,
train,50,1231600,42482.5,0.058714,,,,,,
train,50,1231700,42485.3,0.064039,,,,,,
train,50,1231800,42488.2,0.062631,,,,,,
train,50,1231900,42491.0,0.062293,,,,,,
train,50,1232000,42493.9,0.059818,,,,,,
train,50,1232100,42496.8,0.064580,,,,,,
train,50,1232200,42499.6,0.063652,,,,,,
train,50,1232300,42502.5,0.065564,,,,,,
train,50,1232400,42505.4,0.060741,,,,,,
train,50,1232500,42508.2,0.064400,,,,,,
train,50,1232600,42511.1,0.062025,,,,,,
train,50,1232700,42514.0,0.063330,,,,,,
train,50,1232800,42516.8,0.058522,,,,,,
train,50,1232900,42519.7,0.059470,,,,,,
train,50,1233000,42522.5,0.065736,,,,,,
train,50,1233100,42525.4,0.063556,,,,,,
train,50,1233200,42528.2,0.062167,,,,,,
train,50,1233300,42531.1,0.059519,,,,,,
train,50,1233400,42534.0,0.060414,,,,,,
train,50,1233500,42536.8,0.056900,,,,,,
train,50,1233600,42539.7,0.057296,,,,,,
train,50,1233700,42542.6,0.062485,,,,,,
train,50,1233800,42545.4,0.057954,,,,,,
train,50,1233900,42548.3,0.058212,,,,,,
train,50,1234000,42551.2,0.062140,,,,,,
train,50,1234100,42554.0,0.061032,,,,,,
train,50,1234200,42556.9,0.061222,,,,,,
train,50,1234300,42559.7,0.061771,,,,,,
train,50,1234400,42562.6,0.058650,,,,,,
train,50,1234500,42565.5,0.066488,,,,,,
train,50,1234600,42568.3,0.061500,,,,,,
train,50,1234700,42571.2,0.061458,,,,,,
train,50,1234800,42574.1,0.060509,,,,,,
train,50,1234900,42576.9,nan,,,,,,
train,50,1235000,42579.8,0.064706,,,,,,
train,50,1235100,42582.7,0.060620,,,,,,
train,50,1235200,42585.5,0.062817,,,,,,
train,50,1235300,42588.4,0.059726,,,,,,
train,50,1235400,42591.3,0.059179,,,,,,
train,50,1235500,42594.1,0.063884,,,,,,
train,50,1235600,42597.0,0.061170,,,,,,
train,50,1235700,42599.8,0.062928,,,,,,
train,50,1235800,42602.7,0.060586,,,,,,
train,50,1235900,42605.6,0.062613,,,,,,
train,50,1236000,42608.4,0.065182,,,,,,
train,50,1236100,42611.3,0.062146,,,,,,
train,50,1236200,42614.2,0.064497,,,,,,
train,50,1236300,42617.0,0.063168,,,,,,
train,50,1236400,42619.9,0.067440,,,,,,
train,50,1236500,42622.8,0.061272,,,,,,
train,50,1236600,42625.6,0.059513,,,,,,
train,50,1236700,42628.5,0.065854,,,,,,
train,50,1236800,42631.3,0.061538,,,,,,
train,50,1236900,42634.2,0.060349,,,,,,
train,50,1237000,42637.1,0.060590,,,,,,
train,50,1237100,42639.9,0.056728,,,,,,
train,50,1237200,42642.8,0.059295,,,,,,
train,50,1237300,42645.7,0.062067,,,,,,
train,50,1237400,42648.5,0.061557,,,,,,
train,50,1237500,42651.4,0.055446,,,,,,
train,50,1237600,42654.2,0.060052,,,,,,
train,50,1237700,42657.1,0.060764,,,,,,
train,50,1237800,42660.0,0.061375,,,,,,
train,50,1237900,42662.8,0.057847,,,,,,
train,50,1238000,42665.7,0.057838,,,,,,
train,50,1238100,42668.5,0.062557,,,,,,
train,50,1238200,42671.4,0.059876,,,,,,
train,50,1238300,42674.2,0.062603,,,,,,
train,50,1238400,42677.1,0.060554,,,,,,
train,50,1238500,42680.0,0.062217,,,,,,
train,50,1238600,42682.8,0.060626,,,,,,
train,50,1238700,42685.7,0.064896,,,,,,
train,50,1238800,42688.5,0.060794,,,,,,
train,50,1238900,42691.4,0.063569,,,,,,
train,50,1239000,42694.3,0.058622,,,,,,
train,50,1239100,42697.1,0.060207,,,,,,
train,50,1239200,42700.0,0.061362,,,,,,
train,50,1239300,42702.8,0.058606,,,,,,
train,50,1239400,42705.7,0.063039,,,,,,
train,50,1239500,42708.6,0.063392,,,,,,
train,50,1239600,42711.4,0.060801,,,,,,
train,50,1239700,42714.3,0.055747,,,,,,
train,50,1239800,42717.2,0.055491,,,,,,
train,50,1239900,42720.0,0.062154,,,,,,
train,50,1240000,42722.9,0.060041,,,,,,
train,50,1240100,42725.7,0.061251,,,,,,
train,50,1240200,42728.6,0.065653,,,,,,
train,50,1240300,42731.5,0.058845,,,,,,
train,50,1240400,42734.3,0.061112,,,,,,
train,50,1240500,42737.2,0.058886,,,,,,
train,50,1240600,42740.1,0.059447,,,,,,
train,50,1240700,42742.9,0.059715,,,,,,
train,50,1240800,42745.8,0.059308,,,,,,
train,50,1240900,42748.6,0.060235,,,,,,
train,50,1241000,42751.5,0.058193,,,,,,
train,50,1241100,42754.4,0.061864,,,,,,
train,50,1241200,42757.2,0.058988,,,,,,
train,50,1241300,42760.1,0.059171,,,,,,
train,50,1241400,42763.0,0.066212,,,,,,
train,50,1241500,42765.8,0.061326,,,,,,
train,50,1241600,42768.7,0.065923,,,,,,
train,50,1241700,42771.5,0.064101,,,,,,
train,50,1241800,42774.4,0.061956,,,,,,
train,50,1241900,42777.4,0.062084,,,,,,
train,50,1242000,42780.2,0.061684,,,,,,
train,50,1242100,42783.1,0.061176,,,,,,
train,50,1242200,42785.9,0.062413,,,,,,
train,50,1242300,42788.8,0.059704,,,,,,
train,50,1242400,42791.7,0.060077,,,,,,
train,50,1242500,42794.5,0.059197,,,,,,
train,50,1242600,42797.4,0.060062,,,,,,
train,50,1242700,42800.3,0.063158,,,,,,
train,50,1242800,42803.1,0.061256,,,,,,
train,50,1242900,42806.0,0.063491,,,,,,
train,50,1243000,42808.9,0.057714,,,,,,
train,50,1243100,42811.7,0.064838,,,,,,
train,50,1243200,42814.6,0.064356,,,,,,
train,50,1243300,42817.4,0.058584,,,,,,
train,50,1243400,42820.3,0.056154,,,,,,
train,50,1243500,42823.2,0.064708,,,,,,
train,50,1243600,42826.0,0.066815,,,,,,
train,50,1243700,42828.9,0.063789,,,,,,
train,50,1243800,42831.7,0.063053,,,,,,
train,50,1243900,42834.6,0.060056,,,,,,
train,50,1244000,42837.4,0.059334,,,,,,
train,50,1244100,42840.3,0.068040,,,,,,
train,50,1244200,42843.2,0.060165,,,,,,
train,50,1244300,42846.0,0.061585,,,,,,
train,50,1244400,42848.9,0.061732,,,,,,
train,50,1244500,42851.8,0.061348,,,,,,
train,50,1244600,42854.6,0.060246,,,,,,
train,50,1244700,42857.5,0.067518,,,,,,
train,50,1244800,42860.4,0.057165,,,,,,
train,50,1244900,42863.2,0.056169,,,,,,
train,50,1245000,42866.1,0.059196,,,,,,
train,50,1245100,42869.0,0.060269,,,,,,
train,50,1245200,42871.8,0.061959,,,,,,
train,50,1245300,42874.7,0.059258,,,,,,
train,50,1245400,42877.5,0.058787,,,,,,
train,50,1245500,42880.4,0.063131,,,,,,
train,50,1245600,42883.3,0.060026,,,,,,
train,50,1245700,42886.1,0.061465,,,,,,
train,50,1245800,42889.0,0.065438,,,,,,
train,50,1245900,42891.8,0.065014,,,,,,
train,50,1246000,42894.7,0.062407,,,,,,
train,50,1246100,42897.6,0.057920,,,,,,
train,50,1246200,42900.4,0.059663,,,,,,
train,50,1246300,42903.3,0.061940,,,,,,
train,50,1246400,42906.1,0.060694,,,,,,
train,50,1246500,42909.1,0.057113,,,,,,
train,50,1246600,42912.0,0.057403,,,,,,
val,50,,43056.9,0.060405,0.003977,0.000033,0.010712,0.048868,35.6670,0.953885
train,51,1246744,43060.9,0.063323,,,,,,
train,51,1246844,43063.7,0.058684,,,,,,
train,51,1246944,43066.6,0.058393,,,,,,
train,51,1247044,43069.5,0.061880,,,,,,
train,51,1247144,43072.5,0.059193,,,,,,
train,51,1247244,43075.3,0.055991,,,,,,
train,51,1247344,43078.2,0.060813,,,,,,
train,51,1247444,43081.1,0.058543,,,,,,
train,51,1247544,43083.9,0.058301,,,,,,
train,51,1247644,43086.8,0.061967,,,,,,
train,51,1247744,43089.7,0.061648,,,,,,
train,51,1247844,43092.5,0.060078,,,,,,
train,51,1247944,43095.4,0.061888,,,,,,
train,51,1248044,43098.3,0.058987,,,,,,
train,51,1248144,43101.1,0.062800,,,,,,
train,51,1248244,43104.0,0.063181,,,,,,
train,51,1248344,43106.8,0.061960,,,,,,
train,51,1248444,43109.7,0.060373,,,,,,
train,51,1248544,43112.5,0.060744,,,,,,
train,51,1248644,43115.4,0.057811,,,,,,
train,51,1248744,43118.3,0.061359,,,,,,
train,51,1248844,43121.1,0.062116,,,,,,
train,51,1248944,43124.0,0.060511,,,,,,
train,51,1249044,43126.9,0.059196,,,,,,
train,51,1249144,43129.7,0.061781,,,,,,
train,51,1249244,43132.6,0.058964,,,,,,
train,51,1249344,43135.4,0.059038,,,,,,
train,51,1249444,43138.3,0.064341,,,,,,
train,51,1249544,43141.2,0.061790,,,,,,
train,51,1249644,43144.0,0.056024,,,,,,
train,51,1249744,43146.9,0.062932,,,,,,
train,51,1249844,43149.8,0.059395,,,,,,
train,51,1249944,43152.7,0.063886,,,,,,
train,51,1250044,43155.5,0.059719,,,,,,
train,51,1250144,43158.4,0.059297,,,,,,
train,51,1250244,43161.3,0.059954,,,,,,
train,51,1250344,43164.1,0.059575,,,,,,
train,51,1250444,43167.0,0.062553,,,,,,
train,51,1250544,43169.8,nan,,,,,,
train,51,1250644,43172.7,0.060886,,,,,,
train,51,1250744,43175.6,0.060249,,,,,,
train,51,1250844,43178.4,0.060924,,,,,,
train,51,1250944,43181.3,0.060131,,,,,,
train,51,1251044,43184.1,0.059730,,,,,,
train,51,1251144,43187.0,0.060698,,,,,,
train,51,1251244,43189.9,0.059867,,,,,,
train,51,1251344,43192.8,0.055448,,,,,,
train,51,1251444,43195.6,0.058587,,,,,,
train,51,1251544,43198.5,0.062971,,,,,,
train,51,1251644,43201.4,0.057671,,,,,,
train,51,1251744,43204.2,0.059852,,,,,,
train,51,1251844,43207.1,0.058947,,,,,,
train,51,1251944,43210.0,0.060403,,,,,,
train,51,1252044,43212.8,0.059574,,,,,,
train,51,1252144,43215.7,0.061965,,,,,,
train,51,1252244,43218.6,0.059740,,,,,,
train,51,1252344,43221.4,0.061972,,,,,,
train,51,1252444,43224.3,0.059986,,,,,,
train,51,1252544,43227.2,0.060027,,,,,,
train,51,1252644,43230.0,0.059475,,,,,,
train,51,1252744,43232.9,0.055525,,,,,,
train,51,1252844,43235.8,0.060719,,,,,,
train,51,1252944,43238.6,0.062914,,,,,,
train,51,1253044,43241.5,0.056800,,,,,,
train,51,1253144,43244.4,0.058270,,,,,,
train,51,1253244,43247.2,0.059345,,,,,,
train,51,1253344,43250.1,0.062731,,,,,,
train,51,1253444,43253.0,0.058635,,,,,,
train,51,1253544,43256.3,0.057614,,,,,,
train,51,1253644,43259.1,0.060906,,,,,,
train,51,1253744,43262.0,0.062548,,,,,,
train,51,1253844,43264.9,0.059943,,,,,,
train,51,1253944,43267.8,0.057301,,,,,,
train,51,1254044,43270.6,0.061014,,,,,,
train,51,1254144,43273.5,0.057882,,,,,,
train,51,1254244,43276.4,0.057609,,,,,,
train,51,1254344,43279.2,0.061060,,,,,,
train,51,1254444,43282.1,0.060526,,,,,,
train,51,1254544,43284.9,0.061570,,,,,,
train,51,1254644,43287.8,0.057362,,,,,,
train,51,1254744,43290.7,0.060358,,,,,,
train,51,1254844,43293.6,0.063303,,,,,,
train,51,1254944,43296.4,0.060703,,,,,,
train,51,1255044,43299.3,0.059407,,,,,,
train,51,1255144,43302.2,0.062735,,,,,,
train,51,1255244,43305.0,0.061455,,,,,,
train,51,1255344,43307.9,0.060098,,,,,,
train,51,1255444,43310.8,0.061867,,,,,,
train,51,1255544,43313.6,0.063221,,,,,,
train,51,1255644,43316.5,0.060743,,,,,,
train,51,1255744,43319.3,0.057733,,,,,,
train,51,1255844,43322.2,0.062372,,,,,,
train,51,1255944,43325.1,0.067361,,,,,,
train,51,1256044,43327.9,0.062870,,,,,,
train,51,1256144,43330.8,0.057041,,,,,,
train,51,1256244,43333.7,0.059143,,,,,,
train,51,1256344,43336.5,0.061577,,,,,,
train,51,1256444,43339.4,0.058912,,,,,,
train,51,1256544,43342.2,0.060565,,,,,,
train,51,1256644,43345.1,0.060126,,,,,,
train,51,1256744,43348.0,0.058201,,,,,,
train,51,1256844,43350.8,0.061156,,,,,,
train,51,1256944,43353.7,0.059043,,,,,,
train,51,1257044,43356.6,0.065872,,,,,,
train,51,1257144,43359.4,0.059585,,,,,,
train,51,1257244,43362.3,0.064431,,,,,,
train,51,1257344,43365.2,0.060370,,,,,,
train,51,1257444,43368.0,0.063651,,,,,,
train,51,1257544,43370.9,0.060009,,,,,,
train,51,1257644,43373.7,0.061709,,,,,,
train,51,1257744,43376.6,0.060057,,,,,,
train,51,1257844,43379.5,0.058537,,,,,,
train,51,1257944,43382.4,0.064114,,,,,,
train,51,1258044,43385.2,0.063804,,,,,,
train,51,1258144,43388.1,0.061953,,,,,,
train,51,1258244,43391.0,0.058919,,,,,,
train,51,1258344,43393.8,0.055656,,,,,,
train,51,1258444,43396.7,0.058143,,,,,,
train,51,1258544,43399.6,0.065010,,,,,,
train,51,1258644,43402.4,0.063964,,,,,,
train,51,1258744,43405.3,0.063238,,,,,,
train,51,1258844,43408.1,0.062199,,,,,,
train,51,1258944,43411.0,0.063279,,,,,,
train,51,1259044,43413.9,0.061000,,,,,,
train,51,1259144,43416.7,0.059576,,,,,,
train,51,1259244,43419.6,0.062376,,,,,,
train,51,1259344,43422.5,0.061089,,,,,,
train,51,1259444,43425.3,0.062993,,,,,,
train,51,1259544,43428.2,0.060281,,,,,,
train,51,1259644,43431.1,0.060160,,,,,,
train,51,1259744,43433.9,0.059281,,,,,,
train,51,1259844,43436.8,0.060797,,,,,,
train,51,1259944,43439.7,0.058770,,,,,,
train,51,1260044,43442.5,0.062588,,,,,,
train,51,1260144,43445.4,0.058386,,,,,,
train,51,1260244,43448.3,0.061208,,,,,,
train,51,1260344,43451.1,0.063396,,,,,,
train,51,1260444,43454.0,0.062855,,,,,,
train,51,1260544,43456.8,0.059874,,,,,,
train,51,1260644,43459.7,0.058668,,,,,,
train,51,1260744,43462.6,0.064778,,,,,,
train,51,1260844,43465.4,0.059694,,,,,,
train,51,1260944,43468.3,0.059664,,,,,,
train,51,1261044,43471.2,0.057916,,,,,,
train,51,1261144,43474.0,0.062398,,,,,,
train,51,1261244,43476.9,0.064684,,,,,,
train,51,1261344,43479.8,0.058153,,,,,,
train,51,1261444,43482.6,0.058410,,,,,,
train,51,1261544,43485.5,0.058459,,,,,,
train,51,1261644,43488.3,0.061651,,,,,,
train,51,1261744,43491.2,0.061987,,,,,,
train,51,1261844,43494.1,0.060859,,,,,,
train,51,1261944,43496.9,0.062550,,,,,,
train,51,1262044,43499.8,0.059922,,,,,,
train,51,1262144,43502.7,0.060199,,,,,,
train,51,1262244,43505.5,0.062286,,,,,,
train,51,1262344,43508.4,0.061447,,,,,,
train,51,1262444,43511.3,0.058253,,,,,,
train,51,1262544,43514.1,0.059539,,,,,,
train,51,1262644,43517.0,0.061482,,,,,,
train,51,1262744,43519.9,0.059116,,,,,,
train,51,1262844,43522.7,0.058712,,,,,,
train,51,1262944,43525.6,0.061658,,,,,,
train,51,1263044,43528.5,0.061264,,,,,,
train,51,1263144,43531.3,0.058785,,,,,,
train,51,1263244,43534.2,0.057522,,,,,,
train,51,1263344,43537.0,0.068456,,,,,,
train,51,1263444,43539.9,0.062999,,,,,,
train,51,1263544,43542.8,0.060397,,,,,,
train,51,1263644,43545.6,0.060877,,,,,,
train,51,1263744,43548.5,0.060340,,,,,,
train,51,1263844,43551.4,0.066521,,,,,,
train,51,1263944,43554.2,0.063405,,,,,,
train,51,1264044,43557.1,0.060465,,,,,,
train,51,1264144,43560.0,0.067301,,,,,,
train,51,1264244,43562.9,0.062594,,,,,,
train,51,1264344,43565.8,0.059881,,,,,,
train,51,1264444,43568.6,0.057275,,,,,,
train,51,1264544,43571.5,0.064786,,,,,,
train,51,1264644,43574.4,0.057313,,,,,,
train,51,1264744,43577.2,0.058088,,,,,,
train,51,1264844,43580.1,0.061911,,,,,,
train,51,1264944,43582.9,0.064520,,,,,,
train,51,1265044,43585.8,0.060832,,,,,,
train,51,1265144,43588.7,0.059232,,,,,,
train,51,1265244,43591.5,0.058834,,,,,,
train,51,1265344,43594.4,0.063407,,,,,,
train,51,1265444,43597.3,0.062635,,,,,,
train,51,1265544,43600.1,0.060852,,,,,,
train,51,1265644,43603.0,0.064775,,,,,,
train,51,1265744,43605.9,0.060199,,,,,,
train,51,1265844,43608.7,0.058759,,,,,,
train,51,1265944,43611.6,0.059372,,,,,,
train,51,1266044,43614.4,0.060275,,,,,,
train,51,1266144,43617.3,0.065410,,,,,,
train,51,1266244,43620.2,0.064375,,,,,,
train,51,1266344,43623.0,0.060760,,,,,,
train,51,1266444,43626.4,0.059234,,,,,,
train,51,1266544,43629.3,0.058026,,,,,,
train,51,1266644,43632.1,0.059647,,,,,,
train,51,1266744,43635.0,0.059724,,,,,,
train,51,1266844,43637.9,0.059747,,,,,,
train,51,1266944,43640.7,0.060535,,,,,,
train,51,1267044,43643.6,0.062129,,,,,,
train,51,1267144,43646.5,0.059878,,,,,,
train,51,1267244,43649.3,0.058923,,,,,,
train,51,1267344,43652.2,0.062156,,,,,,
train,51,1267444,43655.1,0.062200,,,,,,
train,51,1267544,43657.9,0.063108,,,,,,
train,51,1267644,43660.8,0.060818,,,,,,
train,51,1267744,43663.7,0.060310,,,,,,
train,51,1267844,43666.5,0.062577,,,,,,
train,51,1267944,43669.4,0.067141,,,,,,
train,51,1268044,43672.3,0.065331,,,,,,
train,51,1268144,43675.1,0.061419,,,,,,
train,51,1268244,43678.0,0.063234,,,,,,
train,51,1268344,43680.9,0.062645,,,,,,
train,51,1268444,43683.7,0.060269,,,,,,
train,51,1268544,43686.6,0.061755,,,,,,
train,51,1268644,43689.5,0.060931,,,,,,
train,51,1268744,43692.3,0.057244,,,,,,
train,51,1268844,43695.2,0.063117,,,,,,
train,51,1268944,43698.0,0.059230,,,,,,
train,51,1269044,43700.9,0.061169,,,,,,
train,51,1269144,43703.8,0.058691,,,,,,
train,51,1269244,43706.6,0.057768,,,,,,
train,51,1269344,43709.5,0.060216,,,,,,
train,51,1269444,43712.3,0.060369,,,,,,
train,51,1269544,43715.2,0.062737,,,,,,
train,51,1269644,43718.1,0.059938,,,,,,
train,51,1269744,43720.9,0.061372,,,,,,
train,51,1269844,43723.8,0.065750,,,,,,
train,51,1269944,43726.6,0.062552,,,,,,
train,51,1270044,43729.5,0.058880,,,,,,
train,51,1270144,43732.4,0.060076,,,,,,
train,51,1270244,43735.2,0.063833,,,,,,
train,51,1270344,43738.1,0.059756,,,,,,
train,51,1270444,43740.9,0.056626,,,,,,
train,51,1270544,43743.8,0.058252,,,,,,
train,51,1270644,43746.7,0.059771,,,,,,
train,51,1270744,43749.5,0.064776,,,,,,
train,51,1270844,43752.4,0.060832,,,,,,
train,51,1270944,43755.2,0.062661,,,,,,
train,51,1271044,43758.1,0.061345,,,,,,
val,51,,43902.7,0.060807,0.003971,0.000033,0.010672,0.048868,35.6905,0.953913
train,52,1271188,43906.4,0.063293,,,,,,
train,52,1271288,43909.2,0.062038,,,,,,
train,52,1271388,43912.1,0.060263,,,,,,
train,52,1271488,43915.0,0.062529,,,,,,
train,52,1271588,43917.8,0.058995,,,,,,
train,52,1271688,43920.7,0.057196,,,,,,
train,52,1271788,43923.5,0.060870,,,,,,
train,52,1271888,43926.4,0.058509,,,,,,
train,52,1271988,43929.2,0.063185,,,,,,
train,52,1272088,43932.1,0.065546,,,,,,
train,52,1272188,43935.0,0.061786,,,,,,
train,52,1272288,43937.8,0.061237,,,,,,
train,52,1272388,43940.7,0.059480,,,,,,
train,52,1272488,43943.5,0.059321,,,,,,
train,52,1272588,43946.4,0.061539,,,,,,
train,52,1272688,43949.2,0.061172,,,,,,
train,52,1272788,43952.1,0.061095,,,,,,
train,52,1272888,43954.9,0.062837,,,,,,
train,52,1272988,43957.8,0.061218,,,,,,
train,52,1273088,43960.7,0.060193,,,,,,
train,52,1273188,43963.5,0.061859,,,,,,
train,52,1273288,43966.4,0.056045,,,,,,
train,52,1273388,43969.2,0.056827,,,,,,
train,52,1273488,43972.1,0.061803,,,,,,
train,52,1273588,43974.9,0.059538,,,,,,
train,52,1273688,43977.8,0.059764,,,,,,
train,52,1273788,43980.7,0.058683,,,,,,
train,52,1273888,43983.5,0.060711,,,,,,
train,52,1273988,43986.4,0.059931,,,,,,
train,52,1274088,43989.2,0.060487,,,,,,
train,52,1274188,43992.1,0.057302,,,,,,
train,52,1274288,43995.0,0.061180,,,,,,
train,52,1274388,43997.8,0.058546,,,,,,
train,52,1274488,44000.7,0.061941,,,,,,
train,52,1274588,44003.5,0.064633,,,,,,
train,52,1274688,44006.4,0.066266,,,,,,
train,52,1274788,44009.2,0.060603,,,,,,
train,52,1274888,44012.1,0.060668,,,,,,
train,52,1274988,44015.0,0.059921,,,,,,
train,52,1275088,44018.1,0.061608,,,,,,
train,52,1275188,44020.9,0.060855,,,,,,
train,52,1275288,44023.8,0.062772,,,,,,
train,52,1275388,44026.6,0.058161,,,,,,
train,52,1275488,44029.5,0.063098,,,,,,
train,52,1275588,44032.4,0.059049,,,,,,
train,52,1275688,44035.2,0.059819,,,,,,
train,52,1275788,44038.1,0.062423,,,,,,
train,52,1275888,44040.9,0.054965,,,,,,
train,52,1275988,44043.8,nan,,,,,,
train,52,1276088,44046.6,0.065880,,,,,,
train,52,1276188,44049.5,0.063325,,,,,,
train,52,1276288,44052.4,0.062401,,,,,,
train,52,1276388,44055.2,0.056850,,,,,,
train,52,1276488,44058.1,0.062607,,,,,,
train,52,1276588,44060.9,0.058651,,,,,,
train,52,1276688,44063.8,0.065744,,,,,,
train,52,1276788,44066.6,0.061707,,,,,,
train,52,1276888,44069.5,0.063526,,,,,,
train,52,1276988,44072.4,0.060302,,,,,,
train,52,1277088,44075.2,0.059177,,,,,,
train,52,1277188,44078.1,0.055187,,,,,,
train,52,1277288,44080.9,0.057891,,,,,,
train,52,1277388,44083.8,0.061017,,,,,,
train,52,1277488,44086.6,0.062336,,,,,,
train,52,1277588,44089.5,0.059180,,,,,,
train,52,1277688,44092.4,0.061606,,,,,,
train,52,1277788,44095.2,0.056984,,,,,,
train,52,1277888,44098.1,0.062149,,,,,,
train,52,1277988,44100.9,0.062359,,,,,,
train,52,1278088,44103.8,0.060328,,,,,,
train,52,1278188,44106.6,0.061083,,,,,,
train,52,1278288,44109.5,0.062751,,,,,,
train,52,1278388,44112.4,0.061718,,,,,,
train,52,1278488,44115.2,0.060507,,,,,,
train,52,1278588,44118.1,0.058838,,,,,,
train,52,1278688,44120.9,0.059820,,,,,,
train,52,1278788,44123.8,0.060633,,,,,,
train,52,1278888,44126.6,0.060373,,,,,,
train,52,1278988,44129.5,0.062897,,,,,,
train,52,1279088,44132.4,0.058787,,,,,,
train,52,1279188,44135.2,0.058215,,,,,,
train,52,1279288,44138.1,0.063060,,,,,,
train,52,1279388,44140.9,0.062960,,,,,,
train,52,1279488,44143.8,0.059131,,,,,,
train,52,1279588,44146.6,0.060669,,,,,,
train,52,1279688,44149.5,0.063480,,,,,,
train,52,1279788,44152.3,0.061590,,,,,,
train,52,1279888,44155.2,0.057680,,,,,,
train,52,1279988,44158.1,0.063056,,,,,,
train,52,1280088,44160.9,0.058412,,,,,,
train,52,1280188,44163.8,0.058553,,,,,,
train,52,1280288,44166.6,0.060182,,,,,,
train,52,1280388,44169.5,0.056770,,,,,,
train,52,1280488,44172.3,0.057829,,,,,,
train,52,1280588,44175.2,0.062515,,,,,,
train,52,1280688,44178.0,0.060728,,,,,,
train,52,1280788,44180.9,0.061294,,,,,,
train,52,1280888,44183.7,0.060502,,,,,,
train,52,1280988,44186.6,0.063651,,,,,,
train,52,1281088,44189.5,0.062533,,,,,,
train,52,1281188,44192.3,0.057723,,,,,,
train,52,1281288,44195.2,0.058824,,,,,,
train,52,1281388,44198.0,0.059735,,,,,,
train,52,1281488,44200.9,0.064050,,,,,,
train,52,1281588,44203.8,0.064159,,,,,,
train,52,1281688,44206.6,0.058283,,,,,,
train,52,1281788,44209.5,0.059890,,,,,,
train,52,1281888,44212.3,0.062827,,,,,,
train,52,1281988,44215.2,0.060097,,,,,,
train,52,1282088,44218.0,0.060107,,,,,,
train,52,1282188,44220.9,0.062178,,,,,,
train,52,1282288,44224.2,0.054086,,,,,,
train,52,1282388,44229.7,0.064571,,,,,,
train,52,1282488,44232.6,0.059659,,,,,,
train,52,1282588,44235.5,0.061034,,,,,,
train,52,1282688,44238.3,0.060009,,,,,,
train,52,1282788,44241.2,0.058752,,,,,,
train,52,1282888,44244.1,0.064406,,,,,,
train,52,1282988,44246.9,0.057794,,,,,,
train,52,1283088,44249.8,0.066162,,,,,,
train,52,1283188,44252.7,0.058805,,,,,,
train,52,1283288,44255.5,0.064418,,,,,,
train,52,1283388,44258.4,0.057855,,,,,,
train,52,1283488,44261.2,0.059058,,,,,,
train,52,1283588,44264.1,0.058187,,,,,,
train,52,1283688,44266.9,0.064312,,,,,,
train,52,1283788,44269.8,0.057434,,,,,,
train,52,1283888,44272.7,0.061453,,,,,,
train,52,1283988,44275.5,0.064194,,,,,,
train,52,1284088,44278.4,0.061768,,,,,,
train,52,1284188,44281.2,0.057577,,,,,,
train,52,1284288,44284.1,0.060650,,,,,,
train,52,1284388,44287.0,0.056737,,,,,,
train,52,1284488,44289.8,0.062848,,,,,,
train,52,1284588,44292.7,0.062077,,,,,,
train,52,1284688,44295.6,0.062667,,,,,,
train,52,1284788,44298.4,0.063120,,,,,,
train,52,1284888,44301.3,0.056558,,,,,,
train,52,1284988,44304.1,0.059931,,,,,,
train,52,1285088,44307.0,0.062575,,,,,,
train,52,1285188,44309.8,0.061236,,,,,,
train,52,1285288,44312.7,0.063402,,,,,,
train,52,1285388,44315.5,0.060136,,,,,,
train,52,1285488,44318.4,0.060982,,,,,,
train,52,1285588,44321.3,0.058496,,,,,,
train,52,1285688,44324.1,0.061455,,,,,,
train,52,1285788,44327.0,0.060500,,,,,,
train,52,1285888,44329.8,0.057527,,,,,,
train,52,1285988,44332.7,0.061794,,,,,,
train,52,1286088,44335.6,0.061526,,,,,,
train,52,1286188,44338.4,0.057012,,,,,,
train,52,1286288,44341.3,0.061496,,,,,,
train,52,1286388,44344.1,0.058786,,,,,,
train,52,1286488,44347.0,0.063396,,,,,,
train,52,1286588,44349.8,0.060224,,,,,,
train,52,1286688,44352.7,0.059434,,,,,,
train,52,1286788,44355.5,0.063632,,,,,,
train,52,1286888,44358.4,0.063255,,,,,,
train,52,1286988,44361.2,0.058183,,,,,,
train,52,1287088,44364.1,0.062148,,,,,,
train,52,1287188,44367.0,0.060933,,,,,,
train,52,1287288,44369.8,0.059769,,,,,,
train,52,1287388,44372.7,0.060780,,,,,,
train,52,1287488,44375.6,0.057694,,,,,,
train,52,1287588,44378.5,0.060770,,,,,,
train,52,1287688,44381.3,0.062414,,,,,,
train,52,1287788,44384.2,0.061483,,,,,,
train,52,1287888,44387.0,0.058911,,,,,,
train,52,1287988,44389.9,0.066335,,,,,,
train,52,1288088,44392.7,0.062368,,,,,,
train,52,1288188,44395.6,0.060350,,,,,,
train,52,1288288,44398.4,0.062577,,,,,,
train,52,1288388,44401.3,0.058610,,,,,,
train,52,1288488,44404.2,0.061613,,,,,,
train,52,1288588,44407.0,0.061780,,,,,,
train,52,1288688,44409.9,0.062707,,,,,,
train,52,1288788,44412.7,0.063597,,,,,,
train,52,1288888,44415.6,0.061557,,,,,,
train,52,1288988,44418.4,0.060165,,,,,,
train,52,1289088,44421.3,0.061101,,,,,,
train,52,1289188,44424.2,0.059719,,,,,,
train,52,1289288,44427.0,0.059028,,,,,,
train,52,1289388,44429.9,0.062017,,,,,,
train,52,1289488,44432.7,0.059650,,,,,,
train,52,1289588,44435.6,0.061460,,,,,,
train,52,1289688,44438.4,0.062465,,,,,,
train,52,1289788,44441.3,0.060531,,,,,,
train,52,1289888,44444.1,0.061439,,,,,,
train,52,1289988,44447.0,0.058821,,,,,,
train,52,1290088,44449.9,0.060581,,,,,,
train,52,1290188,44452.7,0.059610,,,,,,
train,52,1290288,44455.6,0.059506,,,,,,
train,52,1290388,44458.4,0.060965,,,,,,
train,52,1290488,44461.3,0.064477,,,,,,
train,52,1290588,44464.1,0.058050,,,,,,
train,52,1290688,44467.0,0.064937,,,,,,
train,52,1290788,44469.8,0.057155,,,,,,
train,52,1290888,44472.7,0.061396,,,,,,
train,52,1290988,44475.6,0.060558,,,,,,
train,52,1291088,44478.4,0.057850,,,,,,
train,52,1291188,44481.3,0.063009,,,,,,
train,52,1291288,44484.1,0.057509,,,,,,
train,52,1291388,44487.0,0.062775,,,,,,
train,52,1291488,44489.9,0.060897,,,,,,
train,52,1291588,44492.7,0.060696,,,,,,
train,52,1291688,44495.6,0.059979,,,,,,
train,52,1291788,44498.4,0.064893,,,,,,
train,52,1291888,44501.3,0.062619,,,,,,
train,52,1291988,44504.1,0.059455,,,,,,
train,52,1292088,44507.0,0.058980,,,,,,
train,52,1292188,44509.8,0.060105,,,,,,
train,52,1292288,44512.7,0.065869,,,,,,
train,52,1292388,44515.6,0.059405,,,,,,
train,52,1292488,44518.4,0.059065,,,,,,
train,52,1292588,44521.3,0.062529,,,,,,
train,52,1292688,44524.1,0.058894,,,,,,
train,52,1292788,44527.0,0.058264,,,,,,
train,52,1292888,44529.9,0.063765,,,,,,
train,52,1292988,44532.7,0.062646,,,,,,
train,52,1293088,44535.6,0.061649,,,,,,
train,52,1293188,44538.4,0.059599,,,,,,
train,52,1293288,44541.3,0.064717,,,,,,
train,52,1293388,44544.2,0.059134,,,,,,
train,52,1293488,44547.0,0.060931,,,,,,
train,52,1293588,44549.9,0.058713,,,,,,
train,52,1293688,44552.7,0.062003,,,,,,
train,52,1293788,44555.6,0.057835,,,,,,
train,52,1293888,44558.4,0.057841,,,,,,
train,52,1293988,44561.3,0.057734,,,,,,
train,52,1294088,44564.2,0.061128,,,,,,
train,52,1294188,44567.0,0.063338,,,,,,
train,52,1294288,44569.9,0.058015,,,,,,
train,52,1294388,44572.7,0.063003,,,,,,
train,52,1294488,44575.6,0.060511,,,,,,
train,52,1294588,44578.4,0.062171,,,,,,
train,52,1294688,44581.3,0.058748,,,,,,
train,52,1294788,44584.2,0.060983,,,,,,
train,52,1294888,44587.0,0.055935,,,,,,
train,52,1294988,44589.9,0.059855,,,,,,
train,52,1295088,44592.7,0.059398,,,,,,
train,52,1295188,44595.6,0.058617,,,,,,
train,52,1295288,44598.4,0.063561,,,,,,
train,52,1295388,44601.3,0.060248,,,,,,
train,52,1295488,44604.1,0.059164,,,,,,
val,52,,44749.0,0.060580,0.003967,0.000033,0.010684,0.048858,35.6931,0.953917
train,53,1295632,44752.6,0.060978,,,,,,
train,53,1295732,44755.5,0.063651,,,,,,
train,53,1295832,44758.3,0.065189,,,,,,
train,53,1295932,44761.2,0.059795,,,,,,
train,53,1296032,44764.0,0.056708,,,,,,
train,53,1296132,44766.9,0.062693,,,,,,
train,53,1296232,44769.7,0.062512,,,,,,
train,53,1296332,44772.6,0.061877,,,,,,
train,53,1296432,44775.4,0.059540,,,,,,
train,53,1296532,44778.3,0.060545,,,,,,
train,53,1296632,44781.1,0.061075,,,,,,
train,53,1296732,44784.0,0.060228,,,,,,
train,53,1296832,44786.8,0.061241,,,,,,
train,53,1296932,44789.7,0.057436,,,,,,
train,53,1297032,44792.6,0.056857,,,,,,
train,53,1297132,44795.4,0.059774,,,,,,
train,53,1297232,44798.3,0.055235,,,,,,
train,53,1297332,44801.1,0.058003,,,,,,
train,53,1297432,44804.0,0.058938,,,,,,
train,53,1297532,44806.8,0.061391,,,,,,
train,53,1297632,44809.7,0.059738,,,,,,
train,53,1297732,44812.5,0.062566,,,,,,
train,53,1297832,44815.4,0.059836,,,,,,
train,53,1297932,44818.4,0.062186,,,,,,
train,53,1298032,44821.3,0.061619,,,,,,
train,53,1298132,44824.1,0.058290,,,,,,
train,53,1298232,44827.0,0.062527,,,,,,
train,53,1298332,44829.8,0.057597,,,,,,
train,53,1298432,44832.7,0.062565,,,,,,
train,53,1298532,44835.6,0.062956,,,,,,
train,53,1298632,44838.4,0.057916,,,,,,
train,53,1298732,44841.3,0.060334,,,,,,
train,53,1298832,44844.1,0.062356,,,,,,
train,53,1298932,44847.0,0.061134,,,,,,
train,53,1299032,44849.8,0.061697,,,,,,
train,53,1299132,44852.7,0.059113,,,,,,
train,53,1299232,44855.5,0.061343,,,,,,
train,53,1299332,44858.4,0.061996,,,,,,
train,53,1299432,44861.3,0.066645,,,,,,
train,53,1299532,44864.1,0.062554,,,,,,
train,53,1299632,44867.0,0.061683,,,,,,
train,53,1299732,44869.8,0.060146,,,,,,
train,53,1299832,44872.7,0.057951,,,,,,
train,53,1299932,44875.5,0.058566,,,,,,
train,53,1300032,44878.4,0.061553,,,,,,
train,53,1300132,44881.2,0.059074,,,,,,
train,53,1300232,44884.1,0.063480,,,,,,
train,53,1300332,44887.0,0.063051,,,,,,
train,53,1300432,44889.8,0.063351,,,,,,
train,53,1300532,44892.7,0.062284,,,,,,
train,53,1300632,44895.5,0.060647,,,,,,
train,53,1300732,44898.4,0.062458,,,,,,
train,53,1300832,44901.2,0.059901,,,,,,
train,53,1300932,44904.1,0.062348,,,,,,
train,53,1301032,44907.0,0.060356,,,,,,
train,53,1301132,44909.9,0.063940,,,,,,
train,53,1301232,44912.7,0.062122,,,,,,
train,53,1301332,44915.6,0.062203,,,,,,
train,53,1301432,44918.4,0.060353,,,,,,
train,53,1301532,44921.3,0.063100,,,,,,
train,53,1301632,44924.1,0.060764,,,,,,
train,53,1301732,44927.0,0.059130,,,,,,
train,53,1301832,44929.9,0.065978,,,,,,
train,53,1301932,44932.7,0.063024,,,,,,
train,53,1302032,44935.6,0.059468,,,,,,
train,53,1302132,44938.4,0.057262,,,,,,
train,53,1302232,44941.3,0.061983,,,,,,
train,53,1302332,44944.1,0.056909,,,,,,
train,53,1302432,44947.0,0.064850,,,,,,
train,53,1302532,44949.8,0.064137,,,,,,
train,53,1302632,44952.7,0.060186,,,,,,
train,53,1302732,44955.5,0.057705,,,,,,
train,53,1302832,44958.4,0.060639,,,,,,
train,53,1302932,44961.2,0.057015,,,,,,
train,53,1303032,44964.1,0.060250,,,,,,
train,53,1303132,44967.0,0.059900,,,,,,
train,53,1303232,44969.8,0.059965,,,,,,
train,53,1303332,44972.7,0.060141,,,,,,
train,53,1303432,44975.5,0.059236,,,,,,
train,53,1303532,44978.4,0.063440,,,,,,
train,53,1303632,44981.2,0.059411,,,,,,
train,53,1303732,44984.1,0.062989,,,,,,
train,53,1303832,44986.9,0.058996,,,,,,
train,53,1303932,44989.8,0.059913,,,,,,
train,53,1304032,44992.6,0.066441,,,,,,
train,53,1304132,44995.5,0.063695,,,,,,
train,53,1304232,44998.3,0.061056,,,,,,
train,53,1304332,45001.2,0.056380,,,,,,
train,53,1304432,45004.0,0.059218,,,,,,
train,53,1304532,45006.9,0.060699,,,,,,
train,53,1304632,45009.7,0.058659,,,,,,
train,53,1304732,45012.6,0.063324,,,,,,
train,53,1304832,45015.6,0.060750,,,,,,
train,53,1304932,45018.4,0.058373,,,,,,
train,53,1305032,45021.3,0.058911,,,,,,
train,53,1305132,45024.1,0.060244,,,,,,
train,53,1305232,45027.0,0.057368,,,,,,
train,53,1305332,45029.8,0.062942,,,,,,
train,53,1305432,45032.7,0.055509,,,,,,
train,53,1305532,45035.5,0.056637,,,,,,
train,53,1305632,45038.4,0.060214,,,,,,
train,53,1305732,45041.2,0.059934,,,,,,
train,53,1305832,45044.1,0.062124,,,,,,
train,53,1305932,45046.9,0.062014,,,,,,
train,53,1306032,45049.8,0.062093,,,,,,
train,53,1306132,45052.7,0.059694,,,,,,
train,53,1306232,45055.5,0.058803,,,,,,
train,53,1306332,45058.4,0.058649,,,,,,
train,53,1306432,45061.2,0.058253,,,,,,
train,53,1306532,45064.1,0.057660,,,,,,
train,53,1306632,45066.9,0.060169,,,,,,
train,53,1306732,45069.8,0.063333,,,,,,
train,53,1306832,45072.6,nan,,,,,,
train,53,1306932,45075.5,0.063262,,,,,,
train,53,1307032,45078.3,0.061658,,,,,,
train,53,1307132,45081.2,0.055808,,,,,,
train,53,1307232,45084.1,0.058850,,,,,,
train,53,1307332,45086.9,0.063297,,,,,,
train,53,1307432,45089.8,0.058464,,,,,,
train,53,1307532,45092.6,0.059586,,,,,,
train,53,1307632,45095.5,0.063691,,,,,,
train,53,1307732,45098.3,0.060508,,,,,,
train,53,1307832,45101.2,0.060870,,,,,,
train,53,1307932,45104.0,0.063521,,,,,,
train,53,1308032,45106.9,0.056552,,,,,,
train,53,1308132,45109.7,0.057400,,,,,,
train,53,1308232,45112.6,0.060410,,,,,,
train,53,1308332,45115.5,0.057969,,,,,,
train,53,1308432,45118.3,0.060869,,,,,,
train,53,1308532,45121.2,0.058961,,,,,,
train,53,1308632,45124.0,0.065427,,,,,,
train,53,1308732,45126.9,0.060073,,,,,,
train,53,1308832,45129.7,0.061391,,,,,,
train,53,1308932,45132.6,0.063460,,,,,,
train,53,1309032,45135.5,0.058043,,,,,,
train,53,1309132,45138.3,0.062037,,,,,,
train,53,1309232,45141.2,0.060848,,,,,,
train,53,1309332,45144.0,0.057542,,,,,,
train,53,1309432,45146.9,0.066669,,,,,,
train,53,1309532,45149.7,0.056888,,,,,,
train,53,1309632,45152.6,0.063244,,,,,,
train,53,1309732,45155.5,0.064640,,,,,,
train,53,1309832,45158.3,0.057866,,,,,,
train,53,1309932,45161.2,0.058032,,,,,,
train,53,1310032,45164.0,0.058072,,,,,,
train,53,1310132,45166.9,0.058982,,,,,,
train,53,1310232,45169.7,0.060827,,,,,,
train,53,1310332,45172.6,0.061643,,,,,,
train,53,1310432,45175.4,0.058128,,,,,,
train,53,1310532,45178.3,0.061614,,,,,,
train,53,1310632,45181.2,0.061378,,,,,,
train,53,1310732,45184.0,0.059258,,,,,,
train,53,1310832,45186.9,0.062614,,,,,,
train,53,1310932,45189.7,0.061282,,,,,,
train,53,1311032,45192.7,0.064028,,,,,,
train,53,1311132,45195.6,0.061172,,,,,,
train,53,1311232,45198.4,0.058901,,,,,,
train,53,1311332,45201.3,0.062918,,,,,,
train,53,1311432,45204.1,0.059638,,,,,,
train,53,1311532,45207.0,0.056857,,,,,,
train,53,1311632,45209.8,0.056289,,,,,,
train,53,1311732,45212.7,0.059510,,,,,,
train,53,1311832,45215.5,0.064153,,,,,,
train,53,1311932,45218.4,0.060662,,,,,,
train,53,1312032,45221.2,0.062124,,,,,,
train,53,1312132,45224.1,0.062190,,,,,,
train,53,1312232,45226.9,0.060770,,,,,,
train,53,1312332,45229.8,0.061885,,,,,,
train,53,1312432,45232.8,0.059071,,,,,,
train,53,1312532,45235.6,0.061032,,,,,,
train,53,1312632,45238.5,0.065501,,,,,,
train,53,1312732,45241.3,0.058826,,,,,,
train,53,1312832,45244.2,0.060901,,,,,,
train,53,1312932,45247.0,0.058290,,,,,,
train,53,1313032,45249.9,0.061232,,,,,,
train,53,1313132,45252.9,0.058315,,,,,,
train,53,1313232,45255.9,0.060281,,,,,,
train,53,1313332,45258.8,0.058783,,,,,,
train,53,1313432,45261.7,0.058309,,,,,,
train,53,1313532,45264.5,0.060572,,,,,,
train,53,1313632,45267.4,0.060477,,,,,,
train,53,1313732,45270.2,0.060356,,,,,,
train,53,1313832,45273.1,0.057526,,,,,,
train,53,1313932,45276.0,0.057786,,,,,,
train,53,1314032,45278.8,0.058441,,,,,,
train,53,1314132,45281.7,0.063728,,,,,,
train,53,1314232,45284.7,0.056922,,,,,,
train,53,1314332,45287.5,0.059561,,,,,,
train,53,1314432,45290.4,0.056298,,,,,,
train,53,1314532,45293.2,0.056555,,,,,,
train,53,1314632,45296.1,0.058290,,,,,,
train,53,1314732,45298.9,0.059154,,,,,,
train,53,1314832,45301.8,0.062148,,,,,,
train,53,1314932,45304.6,0.059248,,,,,,
train,53,1315032,45307.5,0.059028,,,,,,
train,53,1315132,45310.4,0.065879,,,,,,
train,53,1315232,45313.2,0.062778,,,,,,
train,53,1315332,45316.1,0.058460,,,,,,
train,53,1315432,45318.9,0.055958,,,,,,
train,53,1315532,45321.8,0.057346,,,,,,
train,53,1315632,45324.6,0.061708,,,,,,
train,53,1315732,45327.5,0.064900,,,,,,
train,53,1315832,45330.3,0.065078,,,,,,
train,53,1315932,45333.2,0.061834,,,,,,
train,53,1316032,45336.1,0.062042,,,,,,
train,53,1316132,45338.9,0.055835,,,,,,
train,53,1316232,45341.8,0.059123,,,,,,
train,53,1316332,45344.7,0.061028,,,,,,
train,53,1316432,45347.5,0.061279,,,,,,
train,53,1316532,45350.4,0.060021,,,,,,
train,53,1316632,45353.2,0.060149,,,,,,
train,53,1316732,45356.1,0.061806,,,,,,
train,53,1316832,45358.9,0.062994,,,,,,
train,53,1316932,45361.8,0.062359,,,,,,
train,53,1317032,45364.7,0.059111,,,,,,
train,53,1317132,45367.5,0.062060,,,,,,
train,53,1317232,45370.4,0.058038,,,,,,
train,53,1317332,45373.2,0.059845,,,,,,
train,53,1317432,45376.1,0.061752,,,,,,
train,53,1317532,45378.9,0.057291,,,,,,
train,53,1317632,45381.8,0.063134,,,,,,
train,53,1317732,45384.7,0.062470,,,,,,
train,53,1317832,45387.5,0.060362,,,,,,
train,53,1317932,45390.4,0.058946,,,,,,
train,53,1318032,45393.2,0.059731,,,,,,
train,53,1318132,45396.1,0.058659,,,,,,
train,53,1318232,45398.9,0.061568,,,,,,
train,53,1318332,45401.9,0.059130,,,,,,
train,53,1318432,45405.1,0.059834,,,,,,
train,53,1318532,45407.9,0.062860,,,,,,
train,53,1318632,45410.8,0.059422,,,,,,
train,53,1318732,45413.6,0.059388,,,,,,
train,53,1318832,45416.5,0.058688,,,,,,
train,53,1318932,45419.4,0.059750,,,,,,
train,53,1319032,45422.2,0.058365,,,,,,
train,53,1319132,45425.1,0.060234,,,,,,
train,53,1319232,45427.9,0.058641,,,,,,
train,53,1319332,45430.8,0.058957,,,,,,
train,53,1319432,45433.6,0.059987,,,,,,
train,53,1319532,45436.5,0.061260,,,,,,
train,53,1319632,45439.3,0.058533,,,,,,
train,53,1319732,45442.2,0.057441,,,,,,
train,53,1319832,45445.0,0.060764,,,,,,
train,53,1319932,45447.9,0.065151,,,,,,
val,53,,45592.6,0.060839,0.003963,0.000033,0.010665,0.048850,35.7073,0.953938
train,54,1320076,45596.2,0.064028,,,,,,
train,54,1320176,45599.1,0.059487,,,,,,
train,54,1320276,45601.9,0.061031,,,,,,
train,54,1320376,45604.8,0.061336,,,,,,
train,54,1320476,45607.6,0.063551,,,,,,
train,54,1320576,45610.5,0.060925,,,,,,
train,54,1320676,45613.3,0.059174,,,,,,
train,54,1320776,45616.2,0.059420,,,,,,
train,54,1320876,45619.0,0.058265,,,,,,
train,54,1320976,45621.9,0.059091,,,,,,
train,54,1321076,45624.7,0.059106,,,,,,
train,54,1321176,45627.6,0.060952,,,,,,
train,54,1321276,45630.4,0.058727,,,,,,
train,54,1321376,45633.3,0.062469,,,,,,
train,54,1321476,45636.1,0.061319,,,,,,
train,54,1321576,45639.0,0.063315,,,,,,
train,54,1321676,45641.8,0.059323,,,,,,
train,54,1321776,45644.7,0.060034,,,,,,
train,54,1321876,45647.5,0.062783,,,,,,
train,54,1321976,45650.4,0.063576,,,,,,
train,54,1322076,45653.2,0.059360,,,,,,
train,54,1322176,45656.1,0.057357,,,,,,
train,54,1322276,45658.9,0.061744,,,,,,
train,54,1322376,45661.8,0.058854,,,,,,
train,54,1322476,45664.6,0.059919,,,,,,
train,54,1322576,45667.5,0.063391,,,,,,
train,54,1322676,45670.3,0.065196,,,,,,
train,54,1322776,45673.2,0.053046,,,,,,
train,54,1322876,45676.0,0.059184,,,,,,
train,54,1322976,45678.8,0.062548,,,,,,
train,54,1323076,45681.7,0.057643,,,,,,
train,54,1323176,45684.5,0.058276,,,,,,
train,54,1323276,45687.4,0.060315,,,,,,
train,54,1323376,45690.3,0.064854,,,,,,
train,54,1323476,45693.1,0.063158,,,,,,
train,54,1323576,45696.0,0.061896,,,,,,
train,54,1323676,45698.8,0.059458,,,,,,
train,54,1323776,45701.7,0.056486,,,,,,
train,54,1323876,45704.5,0.060947,,,,,,
train,54,1323976,45707.4,0.058205,,,,,,
train,54,1324076,45710.2,0.057800,,,,,,
train,54,1324176,45713.1,0.061425,,,,,,
train,54,1324276,45715.9,0.057619,,,,,,
train,54,1324376,45718.8,0.062637,,,,,,
train,54,1324476,45721.6,0.061398,,,,,,
train,54,1324576,45724.5,0.060770,,,,,,
train,54,1324676,45727.3,0.059619,,,,,,
train,54,1324776,45730.2,0.061213,,,,,,
train,54,1324876,45733.0,0.058293,,,,,,
train,54,1324976,45735.9,0.062820,,,,,,
train,54,1325076,45738.7,0.063191,,,,,,
train,54,1325176,45741.6,0.059935,,,,,,
train,54,1325276,45744.4,0.058487,,,,,,
train,54,1325376,45747.3,0.064529,,,,,,
train,54,1325476,45750.1,0.060944,,,,,,
train,54,1325576,45753.0,0.052522,,,,,,
train,54,1325676,45755.8,0.063451,,,,,,
train,54,1325776,45758.7,0.058779,,,,,,
train,54,1325876,45761.5,0.057486,,,,,,
train,54,1325976,45764.4,0.065094,,,,,,
train,54,1326076,45767.2,0.059976,,,,,,
train,54,1326176,45770.1,0.056135,,,,,,
train,54,1326276,45772.9,0.060674,,,,,,
train,54,1326376,45775.8,0.057016,,,,,,
train,54,1326476,45778.6,0.060121,,,,,,
train,54,1326576,45781.5,0.066799,,,,,,
train,54,1326676,45784.3,0.056642,,,,,,
train,54,1326776,45787.2,0.061907,,,,,,
train,54,1326876,45790.0,0.064443,,,,,,
train,54,1326976,45792.9,0.061006,,,,,,
train,54,1327076,45795.7,0.057556,,,,,,
train,54,1327176,45798.6,0.058177,,,,,,
train,54,1327276,45801.4,0.062855,,,,,,
train,54,1327376,45804.3,0.056546,,,,,,
train,54,1327476,45807.1,0.059075,,,,,,
train,54,1327576,45810.0,0.061824,,,,,,
train,54,1327676,45812.8,0.060368,,,,,,
train,54,1327776,45815.7,0.058054,,,,,,
train,54,1327876,45818.5,0.064105,,,,,,
train,54,1327976,45821.4,0.055469,,,,,,
train,54,1328076,45824.2,0.059526,,,,,,
train,54,1328176,45827.1,0.057529,,,,,,
train,54,1328276,45829.9,0.061962,,,,,,
train,54,1328376,45832.8,0.061095,,,,,,
train,54,1328476,45835.6,0.058846,,,,,,
train,54,1328576,45838.4,0.057490,,,,,,
train,54,1328676,45841.3,0.062687,,,,,,
train,54,1328776,45844.1,0.060326,,,,,,
train,54,1328876,45847.0,0.061589,,,,,,
train,54,1328976,45849.8,0.055859,,,,,,
train,54,1329076,45852.7,0.064184,,,,,,
train,54,1329176,45855.5,0.062741,,,,,,
train,54,1329276,45858.4,0.057645,,,,,,
train,54,1329376,45861.2,0.064625,,,,,,
train,54,1329476,45864.1,0.059597,,,,,,
train,54,1329576,45866.9,0.061936,,,,,,
train,54,1329676,45869.8,0.057601,,,,,,
train,54,1329776,45872.6,0.056361,,,,,,
train,54,1329876,45875.5,0.064204,,,,,,
train,54,1329976,45878.3,0.065317,,,,,,
train,54,1330076,45881.2,0.060462,,,,,,
train,54,1330176,45884.0,0.056844,,,,,,
train,54,1330276,45886.9,0.055022,,,,,,
train,54,1330376,45889.7,0.058760,,,,,,
train,54,1330476,45892.6,0.064071,,,,,,
train,54,1330576,45895.4,0.059574,,,,,,
train,54,1330676,45898.3,0.059389,,,,,,
train,54,1330776,45901.1,0.057993,,,,,,
train,54,1330876,45904.0,0.061594,,,,,,
train,54,1330976,45906.8,0.061787,,,,,,
train,54,1331076,45909.7,0.059438,,,,,,
train,54,1331176,45912.5,0.058380,,,,,,
train,54,1331276,45915.4,0.059529,,,,,,
train,54,1331376,45918.2,0.057454,,,,,,
train,54,1331476,45921.1,0.057251,,,,,,
train,54,1331576,45923.9,0.061876,,,,,,
train,54,1331676,45926.8,0.060205,,,,,,
train,54,1331776,45929.6,0.056163,,,,,,
train,54,1331876,45932.5,0.059112,,,,,,
train,54,1331976,45935.3,0.060914,,,,,,
train,54,1332076,45938.2,0.061536,,,,,,
train,54,1332176,45941.0,0.058858,,,,,,
train,54,1332276,45943.9,0.058502,,,,,,
train,54,1332376,45946.8,0.060954,,,,,,
train,54,1332476,45949.6,0.057639,,,,,,
train,54,1332576,45952.5,0.059614,,,,,,
train,54,1332676,45955.3,0.059275,,,,,,
train,54,1332776,45958.2,0.062376,,,,,,
train,54,1332876,45961.0,0.059417,,,,,,
train,54,1332976,45963.9,0.058423,,,,,,
train,54,1333076,45966.7,0.057636,,,,,,
train,54,1333176,45969.6,0.060296,,,,,,
train,54,1333276,45972.4,0.066314,,,,,,
train,54,1333376,45975.3,0.063878,,,,,,
train,54,1333476,45978.1,0.062927,,,,,,
train,54,1333576,45981.0,0.059096,,,,,,
train,54,1333676,45983.8,0.059430,,,,,,
train,54,1333776,45986.7,0.060828,,,,,,
train,54,1333876,45989.5,0.060478,,,,,,
train,54,1333976,45992.4,0.059627,,,,,,
train,54,1334076,45995.3,0.061826,,,,,,
train,54,1334176,45998.1,0.058544,,,,,,
train,54,1334276,46001.0,0.065595,,,,,,
train,54,1334376,46003.8,0.063078,,,,,,
train,54,1334476,46006.7,0.053889,,,,,,
train,54,1334576,46009.5,0.062801,,,,,,
train,54,1334676,46012.4,0.058401,,,,,,
train,54,1334776,46015.2,0.061405,,,,,,
train,54,1334876,46018.1,0.060657,,,,,,
train,54,1334976,46020.9,0.059799,,,,,,
train,54,1335076,46023.8,0.059740,,,,,,
train,54,1335176,46026.6,0.062295,,,,,,
train,54,1335276,46029.5,0.061345,,,,,,
train,54,1335376,46032.3,0.064864,,,,,,
train,54,1335476,46035.2,0.063213,,,,,,
train,54,1335576,46038.0,0.058594,,,,,,
train,54,1335676,46040.9,0.063704,,,,,,
train,54,1335776,46043.7,0.065476,,,,,,
train,54,1335876,46046.6,0.057671,,,,,,
train,54,1335976,46049.5,0.061469,,,,,,
train,54,1336076,46052.3,0.061139,,,,,,
train,54,1336176,46055.2,0.062985,,,,,,
train,54,1336276,46058.0,0.064242,,,,,,
train,54,1336376,46060.9,0.061405,,,,,,
train,54,1336476,46063.7,0.062664,,,,,,
train,54,1336576,46066.6,0.062112,,,,,,
train,54,1336676,46069.4,0.062368,,,,,,
train,54,1336776,46072.3,0.062162,,,,,,
train,54,1336876,46075.1,0.056092,,,,,,
train,54,1336976,46078.0,0.058803,,,,,,
train,54,1337076,46080.8,0.061035,,,,,,
train,54,1337176,46083.6,0.058925,,,,,,
train,54,1337276,46086.5,0.062279,,,,,,
train,54,1337376,46089.4,0.057735,,,,,,
train,54,1337476,46092.2,0.062545,,,,,,
train,54,1337576,46095.1,0.062367,,,,,,
train,54,1337676,46097.9,0.060612,,,,,,
train,54,1337776,46100.8,0.060823,,,,,,
train,54,1337876,46103.6,0.063398,,,,,,
train,54,1337976,46106.5,0.060899,,,,,,
train,54,1338076,46109.3,0.058203,,,,,,
train,54,1338176,46112.2,0.056281,,,,,,
train,54,1338276,46115.0,0.059307,,,,,,
train,54,1338376,46117.9,0.060531,,,,,,
train,54,1338476,46120.7,0.057953,,,,,,
train,54,1338576,46123.6,0.059143,,,,,,
train,54,1338676,46126.4,0.058443,,,,,,
train,54,1338776,46129.3,0.058664,,,,,,
train,54,1338876,46132.1,0.060861,,,,,,
train,54,1338976,46135.0,0.059064,,,,,,
train,54,1339076,46137.8,0.060795,,,,,,
train,54,1339176,46140.7,0.057302,,,,,,
train,54,1339276,46143.5,nan,,,,,,
train,54,1339376,46146.4,0.059175,,,,,,
train,54,1339476,46149.2,0.059565,,,,,,
train,54,1339576,46152.1,0.056726,,,,,,
train,54,1339676,46154.9,0.058824,,,,,,
train,54,1339776,46157.8,0.058994,,,,,,
train,54,1339876,46160.6,0.055584,,,,,,
train,54,1339976,46163.5,0.062017,,,,,,
train,54,1340076,46166.3,0.060566,,,,,,
train,54,1340176,46169.2,0.058809,,,,,,
train,54,1340276,46172.0,0.061605,,,,,,
train,54,1340376,46174.9,0.060001,,,,,,
train,54,1340476,46177.7,0.059595,,,,,,
train,54,1340576,46180.6,0.059196,,,,,,
train,54,1340676,46183.4,0.062778,,,,,,
train,54,1340776,46186.3,0.058260,,,,,,
train,54,1340876,46189.1,0.060692,,,,,,
train,54,1340976,46192.0,0.057033,,,,,,
train,54,1341076,46194.8,0.066980,,,,,,
train,54,1341176,46197.7,0.057552,,,,,,
train,54,1341276,46200.5,0.059426,,,,,,
train,54,1341376,46203.4,0.062242,,,,,,
train,54,1341476,46206.2,0.064504,,,,,,
train,54,1341576,46209.1,0.061054,,,,,,
train,54,1341676,46211.9,0.057156,,,,,,
train,54,1341776,46214.8,0.062996,,,,,,
train,54,1341876,46217.6,0.055779,,,,,,
train,54,1341976,46220.4,0.062538,,,,,,
train,54,1342076,46223.3,0.056321,,,,,,
train,54,1342176,46226.1,0.059335,,,,,,
train,54,1342276,46229.0,0.064907,,,,,,
train,54,1342376,46231.8,0.061659,,,,,,
train,54,1342476,46234.7,0.062655,,,,,,
train,54,1342576,46237.5,0.063313,,,,,,
train,54,1342676,46240.4,0.057739,,,,,,
train,54,1342776,46243.2,0.059389,,,,,,
train,54,1342876,46246.1,0.062030,,,,,,
train,54,1342976,46248.9,0.064310,,,,,,
train,54,1343076,46251.8,0.060807,,,,,,
train,54,1343176,46254.6,0.057931,,,,,,
train,54,1343276,46257.5,0.057292,,,,,,
train,54,1343376,46260.3,0.057013,,,,,,
train,54,1343476,46263.2,0.061855,,,,,,
train,54,1343576,46266.0,0.056726,,,,,,
train,54,1343676,46268.9,0.063779,,,,,,
train,54,1343776,46271.7,0.057347,,,,,,
train,54,1343876,46274.5,0.059076,,,,,,
train,54,1343976,46277.4,0.061267,,,,,,
train,54,1344076,46280.2,0.061570,,,,,,
train,54,1344176,46283.1,0.058235,,,,,,
train,54,1344276,46285.9,0.061590,,,,,,
train,54,1344376,46288.8,0.060845,,,,,,
val,54,,46433.4,0.060308,0.003960,0.000033,0.010690,0.048851,35.6837,0.953952
train,55,1344520,46437.3,0.057434,,,,,,
train,55,1344620,46440.2,0.061306,,,,,,
train,55,1344720,46443.0,0.057171,,,,,,
train,55,1344820,46445.9,0.060498,,,,,,
train,55,1344920,46448.7,0.055596,,,,,,
train,55,1345020,46451.6,0.057469,,,,,,
train,55,1345120,46454.4,0.059553,,,,,,
train,55,1345220,46457.3,0.060292,,,,,,
train,55,1345320,46460.1,0.062811,,,,,,
train,55,1345420,46463.0,0.061722,,,,,,
train,55,1345520,46465.8,0.058970,,,,,,
train,55,1345620,46468.7,0.059459,,,,,,
train,55,1345720,46471.5,0.062672,,,,,,
train,55,1345820,46474.4,0.060028,,,,,,
train,55,1345920,46477.2,0.064713,,,,,,
train,55,1346020,46480.1,0.064580,,,,,,
train,55,1346120,46482.9,0.057842,,,,,,
train,55,1346220,46485.8,0.061179,,,,,,
train,55,1346320,46488.6,0.057526,,,,,,
train,55,1346420,46491.5,0.059698,,,,,,
train,55,1346520,46494.3,0.060148,,,,,,
train,55,1346620,46497.2,0.060114,,,,,,
train,55,1346720,46500.0,0.061721,,,,,,
train,55,1346820,46502.9,0.060167,,,,,,
train,55,1346920,46505.7,0.062825,,,,,,
train,55,1347020,46508.6,0.060180,,,,,,
train,55,1347120,46511.4,0.060010,,,,,,
train,55,1347220,46514.3,0.060149,,,,,,
train,55,1347320,46517.1,0.056226,,,,,,
train,55,1347420,46520.0,0.062631,,,,,,
train,55,1347520,46522.8,0.058290,,,,,,
train,55,1347620,46525.7,0.060494,,,,,,
train,55,1347720,46528.5,0.057929,,,,,,
train,55,1347820,46531.4,0.060652,,,,,,
train,55,1347920,46534.2,0.059331,,,,,,
train,55,1348020,46537.1,0.062664,,,,,,
train,55,1348120,46539.9,0.059294,,,,,,
train,55,1348220,46542.8,0.061725,,,,,,
train,55,1348320,46545.7,0.056262,,,,,,
train,55,1348420,46548.5,0.055908,,,,,,
train,55,1348520,46551.4,0.061199,,,,,,
train,55,1348620,46554.2,0.060195,,,,,,
train,55,1348720,46557.1,0.059202,,,,,,
train,55,1348820,46559.9,0.059627,,,,,,
train,55,1348920,46562.8,0.061319,,,,,,
train,55,1349020,46565.6,0.063285,,,,,,
train,55,1349120,46568.5,0.058596,,,,,,
train,55,1349220,46571.3,0.062698,,,,,,
train,55,1349320,46574.2,0.060929,,,,,,
train,55,1349420,46577.0,0.065709,,,,,,
train,55,1349520,46579.9,0.058368,,,,,,
train,55,1349620,46582.8,0.062117,,,,,,
train,55,1349720,46585.6,0.061235,,,,,,
train,55,1349820,46588.5,0.062369,,,,,,
train,55,1349920,46591.3,0.059286,,,,,,
train,55,1350020,46594.2,0.061676,,,,,,
train,55,1350120,46597.0,0.060755,,,,,,
train,55,1350220,46599.9,0.057181,,,,,,
train,55,1350320,46602.7,0.062479,,,,,,
train,55,1350420,46605.6,0.060222,,,,,,
train,55,1350520,46608.4,0.062282,,,,,,
train,55,1350620,46611.3,0.058754,,,,,,
train,55,1350720,46614.1,0.061740,,,,,,
train,55,1350820,46617.0,0.058947,,,,,,
train,55,1350920,46619.8,0.054192,,,,,,
train,55,1351020,46622.7,0.059000,,,,,,
train,55,1351120,46625.5,0.060239,,,,,,
train,55,1351220,46628.4,0.062354,,,,,,
train,55,1351320,46631.2,0.065752,,,,,,
train,55,1351420,46634.1,0.056292,,,,,,
train,55,1351520,46636.9,0.058206,,,,,,
train,55,1351620,46639.8,0.057673,,,,,,
train,55,1351720,46642.6,0.057438,,,,,,
train,55,1351820,46645.5,0.059829,,,,,,
train,55,1351920,46648.3,0.061164,,,,,,
train,55,1352020,46651.1,0.063111,,,,,,
train,55,1352120,46654.0,0.061809,,,,,,
train,55,1352220,46656.8,0.061249,,,,,,
train,55,1352320,46659.7,0.057325,,,,,,
train,55,1352420,46662.5,0.056770,,,,,,
train,55,1352520,46665.4,0.058496,,,,,,
train,55,1352620,46668.2,0.058247,,,,,,
train,55,1352720,46671.1,0.058874,,,,,,
train,55,1352820,46673.9,0.058256,,,,,,
train,55,1352920,46676.8,0.063701,,,,,,
train,55,1353020,46679.6,0.060442,,,,,,
train,55,1353120,46682.5,0.061039,,,,,,
train,55,1353220,46685.3,0.061575,,,,,,
train,55,1353320,46688.2,0.058115,,,,,,
train,55,1353420,46691.0,0.062497,,,,,,
train,55,1353520,46693.9,0.056114,,,,,,
train,55,1353620,46696.8,0.055612,,,,,,
train,55,1353720,46699.6,0.059977,,,,,,
train,55,1353820,46702.5,0.058959,,,,,,
train,55,1353920,46705.3,0.059705,,,,,,
train,55,1354020,46708.2,0.058185,,,,,,
train,55,1354120,46711.0,0.057986,,,,,,
train,55,1354220,46713.9,0.059727,,,,,,
train,55,1354320,46716.7,0.066498,,,,,,
train,55,1354420,46719.6,0.060856,,,,,,
train,55,1354520,46722.7,0.058315,,,,,,
train,55,1354620,46725.6,0.058902,,,,,,
train,55,1354720,46728.4,0.063704,,,,,,
train,55,1354820,46731.3,0.062613,,,,,,
train,55,1354920,46734.1,0.062850,,,,,,
train,55,1355020,46737.0,0.063268,,,,,,
train,55,1355120,46739.8,0.059141,,,,,,
train,55,1355220,46742.7,0.062545,,,,,,
train,55,1355320,46745.5,0.059783,,,,,,
train,55,1355420,46748.4,0.061363,,,,,,
train,55,1355520,46751.2,0.061150,,,,,,
train,55,1355620,46754.1,0.061780,,,,,,
train,55,1355720,46756.9,0.061398,,,,,,
train,55,1355820,46759.8,0.057788,,,,,,
train,55,1355920,46762.6,0.062439,,,,,,
train,55,1356020,46765.5,0.057790,,,,,,
train,55,1356120,46768.3,0.057890,,,,,,
train,55,1356220,46771.2,0.059840,,,,,,
train,55,1356320,46774.0,0.056632,,,,,,
train,55,1356420,46776.9,0.060683,,,,,,
train,55,1356520,46779.7,0.055282,,,,,,
train,55,1356620,46782.6,0.056087,,,,,,
train,55,1356720,46785.5,0.061516,,,,,,
train,55,1356820,46788.4,0.056400,,,,,,
train,55,1356920,46791.2,nan,,,,,,
train,55,1357020,46794.1,0.060102,,,,,,
train,55,1357120,46796.9,0.061335,,,,,,
train,55,1357220,46799.8,0.058299,,,,,,
train,55,1357320,46802.7,0.060152,,,,,,
train,55,1357420,46805.7,0.058580,,,,,,
train,55,1357520,46808.5,0.059720,,,,,,
train,55,1357620,46811.4,0.063203,,,,,,
train,55,1357720,46814.2,0.061577,,,,,,
train,55,1357820,46817.1,0.060826,,,,,,
train,55,1357920,46819.9,0.062872,,,,,,
train,55,1358020,46822.8,0.059844,,,,,,
train,55,1358120,46825.6,0.060174,,,,,,
train,55,1358220,46828.5,0.062825,,,,,,
train,55,1358320,46831.3,0.059436,,,,,,
train,55,1358420,46834.2,0.057501,,,,,,
train,55,1358520,46837.0,0.060431,,,,,,
train,55,1358620,46839.8,0.057518,,,,,,
train,55,1358720,46842.7,0.058843,,,,,,
train,55,1358820,46845.5,0.059413,,,,,,
train,55,1358920,46848.4,0.062768,,,,,,
train,55,1359020,46851.2,0.068705,,,,,,
train,55,1359120,46854.1,0.059296,,,,,,
train,55,1359220,46856.9,0.057759,,,,,,
train,55,1359320,46859.8,0.061113,,,,,,
train,55,1359420,46862.6,0.061799,,,,,,
train,55,1359520,46865.5,0.060515,,,,,,
train,55,1359620,46868.3,0.060139,,,,,,
train,55,1359720,46871.1,0.056565,,,,,,
train,55,1359820,46874.0,0.061153,,,,,,
train,55,1359920,46876.8,0.060631,,,,,,
train,55,1360020,46879.7,0.059703,,,,,,
train,55,1360120,46882.5,0.063705,,,,,,
train,55,1360220,46885.4,0.059851,,,,,,
train,55,1360320,46888.2,0.065255,,,,,,
train,55,1360420,46891.1,0.062395,,,,,,
train,55,1360520,46893.9,0.059093,,,,,,
train,55,1360620,46896.8,0.059434,,,,,,
train,55,1360720,46899.6,0.060868,,,,,,
train,55,1360820,46902.5,0.064746,,,,,,
train,55,1360920,46905.3,0.063461,,,,,,
train,55,1361020,46908.2,0.060635,,,,,,
train,55,1361120,46911.0,0.059179,,,,,,
train,55,1361220,46913.9,0.059663,,,,,,
train,55,1361320,46916.7,0.059763,,,,,,
train,55,1361420,46919.6,0.063944,,,,,,
train,55,1361520,46922.4,0.058490,,,,,,
train,55,1361620,46925.3,0.057886,,,,,,
train,55,1361720,46928.1,0.056439,,,,,,
train,55,1361820,46931.0,0.065789,,,,,,
train,55,1361920,46933.8,0.059155,,,,,,
train,55,1362020,46936.7,0.057019,,,,,,
train,55,1362120,46939.5,0.064616,,,,,,
train,55,1362220,46942.4,0.053962,,,,,,
train,55,1362320,46945.2,0.058708,,,,,,
train,55,1362420,46948.1,0.060799,,,,,,
train,55,1362520,46950.9,0.063510,,,,,,
train,55,1362620,46953.8,0.061600,,,,,,
train,55,1362720,46956.6,0.063795,,,,,,
train,55,1362820,46959.5,0.055859,,,,,,
train,55,1362920,46962.3,0.057423,,,,,,
train,55,1363020,46965.2,0.059096,,,,,,
train,55,1363120,46968.1,0.065960,,,,,,
train,55,1363220,46971.0,0.058194,,,,,,
train,55,1363320,46974.0,0.061397,,,,,,
train,55,1363420,46976.8,0.060662,,,,,,
train,55,1363520,46979.7,0.064685,,,,,,
train,55,1363620,46982.5,0.060313,,,,,,
train,55,1363720,46985.4,0.058930,,,,,,
train,55,1363820,46988.2,0.061281,,,,,,
train,55,1363920,46991.1,0.059749,,,,,,
train,55,1364020,46993.9,0.059543,,,,,,
train,55,1364120,46996.8,0.059029,,,,,,
train,55,1364220,46999.7,0.061057,,,,,,
train,55,1364320,47002.5,0.062902,,,,,,
train,55,1364420,47005.4,0.060411,,,,,,
train,55,1364520,47008.2,0.064082,,,,,,
train,55,1364620,47011.1,0.057773,,,,,,
train,55,1364720,47014.1,0.059895,,,,,,
train,55,1364820,47017.0,0.060601,,,,,,
train,55,1364920,47019.8,0.060199,,,,,,
train,55,1365020,47022.7,0.055400,,,,,,
train,55,1365120,47025.5,0.061398,,,,,,
train,55,1365220,47028.4,0.058177,,,,,,
train,55,1365320,47031.2,0.062189,,,,,,
train,55,1365420,47034.1,0.056377,,,,,,
train,55,1365520,47036.9,0.057775,,,,,,
train,55,1365620,47039.8,0.054310,,,,,,
train,55,1365720,47042.6,0.062419,,,,,,
train,55,1365820,47045.5,0.060228,,,,,,
train,55,1365920,47048.3,0.061117,,,,,,
train,55,1366020,47051.1,0.056488,,,,,,
train,55,1366120,47054.0,0.066755,,,,,,
train,55,1366220,47056.8,0.058137,,,,,,
train,55,1366320,47059.7,0.062422,,,,,,
train,55,1366420,47062.5,0.058695,,,,,,
train,55,1366520,47065.4,0.060539,,,,,,
train,55,1366620,47068.2,0.057465,,,,,,
train,55,1366720,47071.1,0.065370,,,,,,
train,55,1366820,47073.9,0.062701,,,,,,
train,55,1366920,47076.8,0.059626,,,,,,
train,55,1367020,47079.6,0.060556,,,,,,
train,55,1367120,47082.5,0.060341,,,,,,
train,55,1367220,47085.3,0.060923,,,,,,
train,55,1367320,47088.2,0.057108,,,,,,
train,55,1367420,47091.0,0.058829,,,,,,
train,55,1367520,47093.9,0.060525,,,,,,
train,55,1367620,47096.7,0.062287,,,,,,
train,55,1367720,47099.6,0.058965,,,,,,
train,55,1367820,47102.4,0.059902,,,,,,
train,55,1367920,47105.3,0.062489,,,,,,
train,55,1368020,47108.1,0.062870,,,,,,
train,55,1368120,47111.0,0.059460,,,,,,
train,55,1368220,47113.8,0.060295,,,,,,
train,55,1368320,47116.7,0.058468,,,,,,
train,55,1368420,47119.5,0.059778,,,,,,
train,55,1368520,47122.4,0.058056,,,,,,
train,55,1368620,47125.2,0.063597,,,,,,
train,55,1368720,47128.1,0.057401,,,,,,
train,55,1368820,47130.9,0.058459,,,,,,
val,55,,47275.8,0.059925,0.003958,0.000033,0.010660,0.048790,35.7081,0.953972
train,56,1368964,47279.8,0.057724,,,,,,
train,56,1369064,47282.6,0.063104,,,,,,
train,56,1369164,47285.5,0.060707,,,,,,
train,56,1369264,47288.3,0.064056,,,,,,
train,56,1369364,47291.2,0.059623,,,,,,
train,56,1369464,47294.0,0.061140,,,,,,
train,56,1369564,47296.9,0.058595,,,,,,
train,56,1369664,47299.8,0.061870,,,,,,
train,56,1369764,47302.6,0.064868,,,,,,
train,56,1369864,47305.5,0.060756,,,,,,
train,56,1369964,47308.3,0.060869,,,,,,
train,56,1370064,47311.2,0.060276,,,,,,
train,56,1370164,47314.1,0.060198,,,,,,
train,56,1370264,47316.9,0.058044,,,,,,
train,56,1370364,47319.8,0.058779,,,,,,
train,56,1370464,47322.6,0.054421,,,,,,
train,56,1370564,47325.5,0.058653,,,,,,
train,56,1370664,47328.4,0.056122,,,,,,
train,56,1370764,47331.3,0.062264,,,,,,
train,56,1370864,47334.2,0.060377,,,,,,
train,56,1370964,47337.1,0.061760,,,,,,
train,56,1371064,47339.9,0.058658,,,,,,
train,56,1371164,47342.8,0.059777,,,,,,
train,56,1371264,47345.6,0.062822,,,,,,
train,56,1371364,47348.5,0.061465,,,,,,
train,56,1371464,47351.3,0.062664,,,,,,
train,56,1371564,47354.2,0.060156,,,,,,
train,56,1371664,47357.0,0.060270,,,,,,
train,56,1371764,47359.9,0.059631,,,,,,
train,56,1371864,47362.8,0.065182,,,,,,
train,56,1371964,47365.6,0.058371,,,,,,
train,56,1372064,47368.5,0.064762,,,,,,
train,56,1372164,47371.3,0.061724,,,,,,
train,56,1372264,47374.2,0.056913,,,,,,
train,56,1372364,47377.0,0.057532,,,,,,
train,56,1372464,47379.9,0.063629,,,,,,
train,56,1372564,47382.8,0.058516,,,,,,
train,56,1372664,47385.6,0.063054,,,,,,
train,56,1372764,47388.5,0.059694,,,,,,
train,56,1372864,47391.3,0.061471,,,,,,
train,56,1372964,47394.2,0.060933,,,,,,
train,56,1373064,47397.1,0.056788,,,,,,
train,56,1373164,47399.9,0.060307,,,,,,
train,56,1373264,47402.8,0.056536,,,,,,
train,56,1373364,47405.6,0.056294,,,,,,
train,56,1373464,47408.5,0.057533,,,,,,
train,56,1373564,47411.4,0.059204,,,,,,
train,56,1373664,47414.2,0.058359,,,,,,
train,56,1373764,47417.1,0.062315,,,,,,
train,56,1373864,47419.9,0.057495,,,,,,
train,56,1373964,47422.8,0.059732,,,,,,
train,56,1374064,47425.6,0.058511,,,,,,
train,56,1374164,47428.5,0.060022,,,,,,
train,56,1374264,47431.4,0.064339,,,,,,
train,56,1374364,47434.2,0.058197,,,,,,
train,56,1374464,47437.1,0.061726,,,,,,
train,56,1374564,47439.9,0.056938,,,,,,
train,56,1374664,47442.8,0.063250,,,,,,
train,56,1374764,47445.7,0.058347,,,,,,
train,56,1374864,47448.5,0.059857,,,,,,
train,56,1374964,47451.4,0.059346,,,,,,
train,56,1375064,47454.3,0.065056,,,,,,
train,56,1375164,47457.1,0.055760,,,,,,
train,56,1375264,47460.0,0.060696,,,,,,
train,56,1375364,47462.8,0.059977,,,,,,
train,56,1375464,47465.7,0.060871,,,,,,
train,56,1375564,47468.6,0.057935,,,,,,
train,56,1375664,47471.4,0.058341,,,,,,
train,56,1375764,47474.3,0.056768,,,,,,
train,56,1375864,47477.1,0.062228,,,,,,
train,56,1375964,47480.0,0.058107,,,,,,
train,56,1376064,47482.9,0.056935,,,,,,
train,56,1376164,47485.7,0.056797,,,,,,
train,56,1376264,47488.7,0.062884,,,,,,
train,56,1376364,47492.0,0.060967,,,,,,
train,56,1376464,47494.8,0.061253,,,,,,
train,56,1376564,47497.7,0.064213,,,,,,
train,56,1376664,47500.5,0.064245,,,,,,
train,56,1376764,47503.4,0.058154,,,,,,
train,56,1376864,47506.3,0.062341,,,,,,
train,56,1376964,47509.1,0.058843,,,,,,
train,56,1377064,47512.0,0.060111,,,,,,
train,56,1377164,47514.8,0.057330,,,,,,
train,56,1377264,47517.9,0.060538,,,,,,
train,56,1377364,47520.8,0.055791,,,,,,
train,56,1377464,47523.6,0.058806,,,,,,
train,56,1377564,47526.5,0.061348,,,,,,
train,56,1377664,47529.3,0.060391,,,,,,
train,56,1377764,47532.2,0.062568,,,,,,
train,56,1377864,47535.1,0.064338,,,,,,
train,56,1377964,47537.9,0.059428,,,,,,
train,56,1378064,47540.8,0.059123,,,,,,
train,56,1378164,47543.6,0.060461,,,,,,
train,56,1378264,47546.5,0.062660,,,,,,
train,56,1378364,47549.3,0.058033,,,,,,
train,56,1378464,47552.2,0.060604,,,,,,
train,56,1378564,47555.1,0.062203,,,,,,
train,56,1378664,47557.9,0.057401,,,,,,
train,56,1378764,47560.8,0.062869,,,,,,
train,56,1378864,47563.6,0.060348,,,,,,
train,56,1378964,47566.5,0.059715,,,,,,
train,56,1379064,47569.3,0.060877,,,,,,
train,56,1379164,47572.2,0.059699,,,,,,
train,56,1379264,47575.1,0.065150,,,,,,
train,56,1379364,47577.9,0.061596,,,,,,
train,56,1379464,47580.8,0.056865,,,,,,
train,56,1379564,47583.6,0.056456,,,,,,
train,56,1379664,47586.5,0.059822,,,,,,
train,56,1379764,47589.4,0.066116,,,,,,
train,56,1379864,47592.3,0.061253,,,,,,
train,56,1379964,47595.1,0.061021,,,,,,
train,56,1380064,47598.0,0.060933,,,,,,
train,56,1380164,47600.9,0.057073,,,,,,
train,56,1380264,47603.7,0.065637,,,,,,
train,56,1380364,47606.6,0.059206,,,,,,
train,56,1380464,47609.5,0.057818,,,,,,
train,56,1380564,47612.3,0.067511,,,,,,
train,56,1380664,47615.2,0.061557,,,,,,
train,56,1380764,47618.0,0.057533,,,,,,
train,56,1380864,47620.9,0.058207,,,,,,
train,56,1380964,47623.8,0.059602,,,,,,
train,56,1381064,47626.6,0.059236,,,,,,
train,56,1381164,47629.5,nan,,,,,,
train,56,1381264,47632.4,0.059191,,,,,,
train,56,1381364,47635.2,0.056657,,,,,,
train,56,1381464,47638.1,0.055641,,,,,,
train,56,1381564,47641.1,0.062158,,,,,,
train,56,1381664,47643.9,0.062707,,,,,,
train,56,1381764,47646.8,0.061353,,,,,,
train,56,1381864,47649.7,0.058903,,,,,,
train,56,1381964,47652.5,0.063523,,,,,,
train,56,1382064,47655.4,0.058335,,,,,,
train,56,1382164,47658.2,0.059807,,,,,,
train,56,1382264,47661.1,0.060962,,,,,,
train,56,1382364,47664.0,0.058418,,,,,,
train,56,1382464,47666.8,0.059346,,,,,,
train,56,1382564,47669.7,0.060855,,,,,,
train,56,1382664,47672.5,0.058312,,,,,,
train,56,1382764,47675.4,0.065684,,,,,,
train,56,1382864,47678.3,0.063046,,,,,,
train,56,1382964,47681.1,0.063257,,,,,,
train,56,1383064,47684.0,0.059937,,,,,,
train,56,1383164,47686.9,0.060828,,,,,,
train,56,1383264,47689.7,0.056310,,,,,,
train,56,1383364,47692.6,0.064488,,,,,,
train,56,1383464,47695.4,0.066148,,,,,,
train,56,1383564,47698.3,0.059212,,,,,,
train,56,1383664,47701.2,0.060427,,,,,,
train,56,1383764,47704.0,0.065488,,,,,,
train,56,1383864,47706.9,0.058704,,,,,,
train,56,1383964,47709.9,0.061732,,,,,,
train,56,1384064,47712.8,0.059694,,,,,,
train,56,1384164,47715.6,0.058900,,,,,,
train,56,1384264,47718.5,0.063776,,,,,,
train,56,1384364,47721.3,0.058779,,,,,,
train,56,1384464,47724.2,0.059609,,,,,,
train,56,1384564,47727.1,0.058322,,,,,,
train,56,1384664,47729.9,0.059662,,,,,,
train,56,1384764,47732.8,0.059931,,,,,,
train,56,1384864,47735.6,0.060889,,,,,,
train,56,1384964,47738.5,0.058397,,,,,,
train,56,1385064,47741.3,0.059275,,,,,,
train,56,1385164,47744.2,0.059459,,,,,,
train,56,1385264,47747.1,0.060219,,,,,,
train,56,1385364,47749.9,0.064824,,,,,,
train,56,1385464,47752.8,0.062015,,,,,,
train,56,1385564,47755.6,0.062403,,,,,,
train,56,1385664,47758.5,0.063804,,,,,,
train,56,1385764,47761.4,0.059956,,,,,,
train,56,1385864,47764.2,0.059117,,,,,,
train,56,1385964,47767.1,0.062337,,,,,,
train,56,1386064,47769.9,0.058820,,,,,,
train,56,1386164,47772.8,0.060266,,,,,,
train,56,1386264,47775.6,0.056375,,,,,,
train,56,1386364,47778.5,0.059703,,,,,,
train,56,1386464,47781.4,0.061547,,,,,,
train,56,1386564,47784.2,0.063559,,,,,,
train,56,1386664,47787.1,0.057891,,,,,,
train,56,1386764,47790.0,0.057751,,,,,,
train,56,1386864,47792.8,0.060271,,,,,,
train,56,1386964,47795.7,0.059092,,,,,,
train,56,1387064,47798.5,0.059047,,,,,,
train,56,1387164,47801.4,0.058498,,,,,,
train,56,1387264,47804.3,0.059152,,,,,,
train,56,1387364,47807.1,0.059180,,,,,,
train,56,1387464,47810.0,0.057051,,,,,,
train,56,1387564,47812.8,0.056255,,,,,,
train,56,1387664,47815.7,0.060024,,,,,,
train,56,1387764,47818.6,0.060037,,,,,,
train,56,1387864,47821.4,0.059048,,,,,,
train,56,1387964,47824.3,0.061007,,,,,,
train,56,1388064,47827.2,0.060804,,,,,,
train,56,1388164,47830.2,0.062190,,,,,,
train,56,1388264,47833.1,0.060746,,,,,,
train,56,1388364,47836.0,0.060800,,,,,,
train,56,1388464,47838.8,0.060057,,,,,,
train,56,1388564,47841.7,0.058567,,,,,,
train,56,1388664,47844.6,0.058200,,,,,,
train,56,1388764,47847.4,0.056710,,,,,,
train,56,1388864,47850.3,0.059843,,,,,,
train,56,1388964,47853.1,0.059585,,,,,,
train,56,1389064,47856.0,0.057806,,,,,,
train,56,1389164,47858.8,0.062756,,,,,,
train,56,1389264,47861.7,0.061321,,,,,,
train,56,1389364,47864.5,0.059832,,,,,,
train,56,1389464,47867.4,0.056938,,,,,,
train,56,1389564,47870.3,0.058257,,,,,,
train,56,1389664,47873.1,0.062683,,,,,,
train,56,1389764,47876.0,0.065574,,,,,,
train,56,1389864,47878.9,0.061606,,,,,,
train,56,1389964,47881.7,0.059073,,,,,,
train,56,1390064,47884.6,0.062419,,,,,,
train,56,1390164,47887.4,0.058625,,,,,,
train,56,1390264,47890.3,0.059065,,,,,,
train,56,1390364,47893.1,0.058583,,,,,,
train,56,1390464,47896.0,0.059130,,,,,,
train,56,1390564,47898.9,0.059029,,,,,,
train,56,1390664,47901.7,0.057177,,,,,,
train,56,1390764,47904.6,0.055916,,,,,,
train,56,1390864,47907.4,0.058720,,,,,,
train,56,1390964,47910.3,0.061064,,,,,,
train,56,1391064,47913.1,0.059120,,,,,,
train,56,1391164,47916.0,0.061192,,,,,,
train,56,1391264,47918.9,0.063615,,,,,,
train,56,1391364,47921.7,0.060775,,,,,,
train,56,1391464,47924.6,0.059829,,,,,,
train,56,1391564,47927.5,0.059280,,,,,,
train,56,1391664,47930.3,0.059912,,,,,,
train,56,1391764,47933.2,0.059159,,,,,,
train,56,1391864,47936.0,0.057237,,,,,,
train,56,1391964,47938.9,0.057066,,,,,,
train,56,1392064,47941.7,0.058374,,,,,,
train,56,1392164,47944.6,0.055667,,,,,,
train,56,1392264,47947.5,0.060069,,,,,,
train,56,1392364,47950.3,0.058800,,,,,,
train,56,1392464,47953.2,0.059131,,,,,,
train,56,1392564,47956.0,0.057424,,,,,,
train,56,1392664,47958.9,0.062637,,,,,,
train,56,1392764,47961.7,0.054093,,,,,,
train,56,1392864,47964.6,0.059945,,,,,,
train,56,1392964,47967.4,0.060608,,,,,,
train,56,1393064,47970.3,0.058203,,,,,,
train,56,1393164,47973.1,0.062311,,,,,,
train,56,1393264,47976.0,0.061115,,,,,,
val,56,,48120.6,0.060449,0.003954,0.000033,0.010671,0.048836,35.6958,0.953988
train,57,1393408,48124.2,0.057233,,,,,,
train,57,1393508,48127.1,0.062832,,,,,,
train,57,1393608,48130.0,0.060710,,,,,,
train,57,1393708,48132.8,0.059079,,,,,,
train,57,1393808,48135.7,0.061307,,,,,,
train,57,1393908,48138.5,0.064772,,,,,,
train,57,1394008,48141.4,0.058069,,,,,,
train,57,1394108,48144.2,0.060923,,,,,,
train,57,1394208,48147.1,0.065481,,,,,,
train,57,1394308,48149.9,0.058333,,,,,,
train,57,1394408,48152.8,0.062101,,,,,,
train,57,1394508,48155.7,0.058305,,,,,,
train,57,1394608,48158.5,0.058769,,,,,,
train,57,1394708,48161.4,0.059464,,,,,,
train,57,1394808,48164.2,0.058820,,,,,,
train,57,1394908,48167.1,0.057869,,,,,,
train,57,1395008,48169.9,0.057366,,,,,,
train,57,1395108,48172.8,0.061392,,,,,,
train,57,1395208,48175.6,0.063720,,,,,,
train,57,1395308,48178.5,0.056990,,,,,,
train,57,1395408,48181.3,0.057870,,,,,,
train,57,1395508,48184.2,0.059547,,,,,,
train,57,1395608,48187.2,0.061809,,,,,,
train,57,1395708,48190.0,0.058221,,,,,,
train,57,1395808,48192.9,0.058196,,,,,,
train,57,1395908,48195.7,0.055215,,,,,,
train,57,1396008,48198.6,0.064724,,,,,,
train,57,1396108,48201.5,0.062515,,,,,,
train,57,1396208,48204.3,0.062609,,,,,,
train,57,1396308,48207.2,0.058200,,,,,,
train,57,1396408,48210.0,0.059080,,,,,,
train,57,1396508,48212.9,0.060096,,,,,,
train,57,1396608,48215.7,0.060709,,,,,,
train,57,1396708,48218.6,0.060429,,,,,,
train,57,1396808,48221.5,0.057846,,,,,,
train,57,1396908,48224.4,0.058602,,,,,,
train,57,1397008,48227.2,0.058700,,,,,,
train,57,1397108,48230.1,0.059403,,,,,,
train,57,1397208,48232.9,0.059007,,,,,,
train,57,1397308,48235.8,0.060399,,,,,,
train,57,1397408,48238.7,0.059410,,,,,,
train,57,1397508,48241.5,0.059055,,,,,,
train,57,1397608,48244.4,0.060424,,,,,,
train,57,1397708,48247.2,0.060579,,,,,,
train,57,1397808,48250.1,0.058291,,,,,,
train,57,1397908,48252.9,0.063635,,,,,,
train,57,1398008,48255.8,0.056557,,,,,,
train,57,1398108,48258.6,0.060041,,,,,,
train,57,1398208,48261.5,0.059065,,,,,,
train,57,1398308,48264.4,0.061819,,,,,,
train,57,1398408,48267.2,0.059038,,,,,,
train,57,1398508,48270.1,0.061409,,,,,,
train,57,1398608,48272.9,0.058820,,,,,,
train,57,1398708,48275.8,0.057838,,,,,,
train,57,1398808,48278.6,0.055648,,,,,,
train,57,1398908,48281.5,0.062886,,,,,,
train,57,1399008,48284.4,0.057747,,,,,,
train,57,1399108,48287.2,0.060953,,,,,,
train,57,1399208,48290.1,0.057039,,,,,,
train,57,1399308,48292.9,0.059914,,,,,,
train,57,1399408,48295.8,0.061690,,,,,,
train,57,1399508,48298.6,0.060637,,,,,,
train,57,1399608,48301.5,0.065325,,,,,,
train,57,1399708,48304.3,0.058254,,,,,,
train,57,1399808,48307.2,0.060419,,,,,,
train,57,1399908,48310.1,0.060482,,,,,,
train,57,1400008,48312.9,0.059397,,,,,,
train,57,1400108,48315.8,0.059924,,,,,,
train,57,1400208,48318.6,0.061361,,,,,,
train,57,1400308,48321.5,0.058033,,,,,,
train,57,1400408,48324.3,0.064593,,,,,,
train,57,1400508,48327.2,0.059521,,,,,,
train,57,1400608,48330.0,0.059059,,,,,,
train,57,1400708,48332.9,0.065889,,,,,,
train,57,1400808,48335.8,0.061170,,,,,,
train,57,1400908,48338.6,0.057714,,,,,,
train,57,1401008,48341.5,0.057246,,,,,,
train,57,1401108,48344.3,0.061668,,,,,,
train,57,1401208,48347.2,0.059055,,,,,,
train,57,1401308,48350.0,0.060295,,,,,,
train,57,1401408,48352.9,nan,,,,,,
train,57,1401508,48355.7,0.058644,,,,,,
train,57,1401608,48358.6,0.063644,,,,,,
train,57,1401708,48361.4,0.060308,,,,,,
train,57,1401808,48364.3,0.065265,,,,,,
train,57,1401908,48367.1,0.060974,,,,,,
train,57,1402008,48370.0,0.064384,,,,,,
train,57,1402108,48372.8,0.059439,,,,,,
train,57,1402208,48375.7,0.061114,,,,,,
train,57,1402308,48378.5,0.059248,,,,,,
train,57,1402408,48381.4,0.058713,,,,,,
train,57,1402508,48384.3,0.059163,,,,,,
train,57,1402608,48387.1,0.061462,,,,,,
train,57,1402708,48390.0,0.063565,,,,,,
train,57,1402808,48392.8,0.060560,,,,,,
train,57,1402908,48395.7,0.063553,,,,,,
train,57,1403008,48398.5,0.061521,,,,,,
train,57,1403108,48401.4,0.061113,,,,,,
train,57,1403208,48404.3,0.058964,,,,,,
train,57,1403308,48407.3,0.059750,,,,,,
train,57,1403408,48410.1,0.061821,,,,,,
train,57,1403508,48413.0,0.059439,,,,,,
train,57,1403608,48415.8,0.062038,,,,,,
train,57,1403708,48418.7,0.061443,,,,,,
train,57,1403808,48421.5,0.059762,,,,,,
train,57,1403908,48424.4,0.056412,,,,,,
train,57,1404008,48427.4,0.058800,,,,,,
train,57,1404108,48430.2,0.060229,,,,,,
train,57,1404208,48433.1,0.063455,,,,,,
train,57,1404308,48435.9,0.056470,,,,,,
train,57,1404408,48438.8,0.059978,,,,,,
train,57,1404508,48441.6,0.057132,,,,,,
train,57,1404608,48444.5,0.063081,,,,,,
train,57,1404708,48447.4,0.057769,,,,,,
train,57,1404808,48450.2,0.061936,,,,,,
train,57,1404908,48453.2,0.057570,,,,,,
train,57,1405008,48456.5,0.062033,,,,,,
train,57,1405108,48459.3,0.055672,,,,,,
train,57,1405208,48462.2,0.057680,,,,,,
train,57,1405308,48465.1,0.058772,,,,,,
train,57,1405408,48467.9,0.062632,,,,,,
train,57,1405508,48470.8,0.066377,,,,,,
train,57,1405608,48473.6,0.058781,,,,,,
train,57,1405708,48476.5,0.057429,,,,,,
train,57,1405808,48479.3,0.059899,,,,,,
train,57,1405908,48482.2,0.061575,,,,,,
train,57,1406008,48485.1,0.060913,,,,,,
train,57,1406108,48487.9,0.063033,,,,,,
train,57,1406208,48490.8,0.059029,,,,,,
train,57,1406308,48493.6,0.060710,,,,,,
train,57,1406408,48496.5,0.061541,,,,,,
train,57,1406508,48499.3,0.058190,,,,,,
train,57,1406608,48502.2,0.056342,,,,,,
train,57,1406708,48505.1,0.059665,,,,,,
train,57,1406808,48508.2,0.061840,,,,,,
train,57,1406908,48511.0,0.060017,,,,,,
train,57,1407008,48513.9,0.059220,,,,,,
train,57,1407108,48516.7,0.057357,,,,,,
train,57,1407208,48519.6,0.060095,,,,,,
train,57,1407308,48522.4,0.060331,,,,,,
train,57,1407408,48525.3,0.056874,,,,,,
train,57,1407508,48528.2,0.061759,,,,,,
train,57,1407608,48531.0,0.056117,,,,,,
train,57,1407708,48533.9,0.059500,,,,,,
train,57,1407808,48536.7,0.060557,,,,,,
train,57,1407908,48539.6,0.063396,,,,,,
train,57,1408008,48542.4,0.057934,,,,,,
train,57,1408108,48545.3,0.060133,,,,,,
train,57,1408208,48548.2,0.056468,,,,,,
train,57,1408308,48551.0,0.063529,,,,,,
train,57,1408408,48553.9,0.059486,,,,,,
train,57,1408508,48556.7,0.061428,,,,,,
train,57,1408608,48559.6,0.061679,,,,,,
train,57,1408708,48562.6,0.062378,,,,,,
train,57,1408808,48565.4,0.058990,,,,,,
train,57,1408908,48568.3,0.057640,,,,,,
train,57,1409008,48571.1,0.058297,,,,,,
train,57,1409108,48574.0,0.059208,,,,,,
train,57,1409208,48576.8,0.055670,,,,,,
train,57,1409308,48579.7,0.059641,,,,,,
train,57,1409408,48582.5,0.060884,,,,,,
train,57,1409508,48585.4,0.055221,,,,,,
train,57,1409608,48588.2,0.061577,,,,,,
train,57,1409708,48591.1,0.060859,,,,,,
train,57,1409808,48593.9,0.059219,,,,,,
train,57,1409908,48596.8,0.060893,,,,,,
train,57,1410008,48599.7,0.062298,,,,,,
train,57,1410108,48602.5,0.062283,,,,,,
train,57,1410208,48605.4,0.056654,,,,,,
train,57,1410308,48608.2,0.057168,,,,,,
train,57,1410408,48611.1,0.058091,,,,,,
train,57,1410508,48613.9,0.062877,,,,,,
train,57,1410608,48616.8,0.062831,,,,,,
train,57,1410708,48619.6,0.061618,,,,,,
train,57,1410808,48622.5,0.063235,,,,,,
train,57,1410908,48625.3,0.056843,,,,,,
train,57,1411008,48628.2,0.061941,,,,,,
train,57,1411108,48631.0,0.064425,,,,,,
train,57,1411208,48633.9,0.057374,,,,,,
train,57,1411308,48636.8,0.063080,,,,,,
train,57,1411408,48639.6,0.061058,,,,,,
train,57,1411508,48642.5,0.062753,,,,,,
train,57,1411608,48645.3,0.063326,,,,,,
train,57,1411708,48648.2,0.058221,,,,,,
train,57,1411808,48651.0,0.058134,,,,,,
train,57,1411908,48653.9,0.055703,,,,,,
train,57,1412008,48656.8,0.058803,,,,,,
train,57,1412108,48659.6,0.063255,,,,,,
train,57,1412208,48662.5,0.056881,,,,,,
train,57,1412308,48665.3,0.060303,,,,,,
train,57,1412408,48668.2,0.059191,,,,,,
train,57,1412508,48671.0,0.064747,,,,,,
train,57,1412608,48673.9,0.063226,,,,,,
train,57,1412708,48676.7,0.061241,,,,,,
train,57,1412808,48679.6,0.058287,,,,,,
train,57,1412908,48682.5,0.057492,,,,,,
train,57,1413008,48685.3,0.056950,,,,,,
train,57,1413108,48688.2,0.062145,,,,,,
train,57,1413208,48691.0,0.057921,,,,,,
train,57,1413308,48693.9,0.056954,,,,,,
train,57,1413408,48696.7,0.057087,,,,,,
train,57,1413508,48699.6,0.057643,,,,,,
train,57,1413608,48702.5,0.057939,,,,,,
train,57,1413708,48705.3,0.060271,,,,,,
train,57,1413808,48708.2,0.060960,,,,,,
train,57,1413908,48711.0,0.055029,,,,,,
train,57,1414008,48713.9,0.060918,,,,,,
train,57,1414108,48716.7,0.059473,,,,,,
train,57,1414208,48719.6,0.061927,,,,,,
train,57,1414308,48722.4,0.059347,,,,,,
train,57,1414408,48725.3,0.059268,,,,,,
train,57,1414508,48728.2,0.057923,,,,,,
train,57,1414608,48731.0,0.055393,,,,,,
train,57,1414708,48733.9,0.062000,,,,,,
train,57,1414808,48736.7,0.062072,,,,,,
train,57,1414908,48739.6,0.059423,,,,,,
train,57,1415008,48742.5,0.060609,,,,,,
train,57,1415108,48745.3,0.057245,,,,,,
train,57,1415208,48748.2,0.059715,,,,,,
train,57,1415308,48751.0,0.060954,,,,,,
train,57,1415408,48753.9,0.059362,,,,,,
train,57,1415508,48756.7,0.061810,,,,,,
train,57,1415608,48759.6,0.059568,,,,,,
train,57,1415708,48762.4,0.061786,,,,,,
train,57,1415808,48765.3,0.059847,,,,,,
train,57,1415908,48768.2,0.059176,,,,,,
train,57,1416008,48771.0,0.059676,,,,,,
train,57,1416108,48773.9,0.060911,,,,,,
train,57,1416208,48776.7,0.058972,,,,,,
train,57,1416308,48779.6,0.062081,,,,,,
train,57,1416408,48782.4,0.059616,,,,,,
train,57,1416508,48785.3,0.059535,,,,,,
train,57,1416608,48788.1,0.061334,,,,,,
train,57,1416708,48791.0,0.058658,,,,,,
train,57,1416808,48793.8,0.059893,,,,,,
train,57,1416908,48796.7,0.060802,,,,,,
train,57,1417008,48799.5,0.060799,,,,,,
train,57,1417108,48802.4,0.060312,,,,,,
train,57,1417208,48805.2,0.060920,,,,,,
train,57,1417308,48808.2,0.060049,,,,,,
train,57,1417408,48811.1,0.055654,,,,,,
train,57,1417508,48813.9,0.059882,,,,,,
train,57,1417608,48816.8,0.064618,,,,,,
train,57,1417708,48819.7,0.058017,,,,,,
val,57,,48964.3,0.060053,0.003952,0.000033,0.010689,0.048783,35.6947,0.954020
train,58,1417852,48967.9,0.056916,,,,,,
train,58,1417952,48970.8,0.059603,,,,,,
train,58,1418052,48973.7,0.058544,,,,,,
train,58,1418152,48976.5,0.063459,,,,,,
train,58,1418252,48979.4,0.057629,,,,,,
train,58,1418352,48982.5,0.060227,,,,,,
train,58,1418452,48985.6,0.058966,,,,,,
train,58,1418552,48988.5,0.057836,,,,,,
train,58,1418652,48991.3,0.061799,,,,,,
train,58,1418752,48994.3,0.063079,,,,,,
train,58,1418852,48997.1,0.059784,,,,,,
train,58,1418952,49000.0,0.057834,,,,,,
train,58,1419052,49002.8,0.062789,,,,,,
train,58,1419152,49005.7,0.058871,,,,,,
train,58,1419252,49008.5,0.057359,,,,,,
train,58,1419352,49011.4,0.057988,,,,,,
train,58,1419452,49014.2,0.064897,,,,,,
train,58,1419552,49017.1,0.057175,,,,,,
train,58,1419652,49020.0,0.057680,,,,,,
train,58,1419752,49022.8,0.058005,,,,,,
train,58,1419852,49025.7,0.059446,,,,,,
train,58,1419952,49028.5,0.063321,,,,,,
train,58,1420052,49031.4,0.057384,,,,,,
train,58,1420152,49034.3,0.063197,,,,,,
train,58,1420252,49037.1,0.058387,,,,,,
train,58,1420352,49040.0,0.058029,,,,,,
train,58,1420452,49042.8,0.064343,,,,,,
train,58,1420552,49045.7,0.058593,,,,,,
train,58,1420652,49048.5,0.059050,,,,,,
train,58,1420752,49051.4,0.060636,,,,,,
train,58,1420852,49054.3,0.060690,,,,,,
train,58,1420952,49057.1,0.060945,,,,,,
train,58,1421052,49060.2,0.060001,,,,,,
train,58,1421152,49063.0,0.056300,,,,,,
train,58,1421252,49065.9,0.056014,,,,,,
train,58,1421352,49068.8,0.059463,,,,,,
train,58,1421452,49071.6,0.058835,,,,,,
train,58,1421552,49074.5,0.061841,,,,,,
train,58,1421652,49077.3,0.060279,,,,,,
train,58,1421752,49080.2,0.056388,,,,,,
train,58,1421852,49083.1,0.064134,,,,,,
train,58,1421952,49085.9,0.059710,,,,,,
train,58,1422052,49088.8,0.055929,,,,,,
train,58,1422152,49091.7,0.057033,,,,,,
train,58,1422252,49094.5,0.057619,,,,,,
train,58,1422352,49097.4,0.056486,,,,,,
train,58,1422452,49100.2,0.065206,,,,,,
train,58,1422552,49103.1,0.061376,,,,,,
train,58,1422652,49106.0,0.062120,,,,,,
train,58,1422752,49108.8,0.056593,,,,,,
train,58,1422852,49111.7,0.058528,,,,,,
train,58,1422952,49114.6,0.060125,,,,,,
train,58,1423052,49117.4,0.063509,,,,,,
train,58,1423152,49120.3,0.060360,,,,,,
train,58,1423252,49123.1,0.059098,,,,,,
train,58,1423352,49126.0,0.059109,,,,,,
train,58,1423452,49128.9,0.058930,,,,,,
train,58,1423552,49131.7,0.059392,,,,,,
train,58,1423652,49134.6,0.064019,,,,,,
train,58,1423752,49137.4,0.060131,,,,,,
train,58,1423852,49140.3,0.059075,,,,,,
train,58,1423952,49143.2,0.060055,,,,,,
train,58,1424052,49146.0,0.063211,,,,,,
train,58,1424152,49148.9,0.060269,,,,,,
train,58,1424252,49151.8,0.063219,,,,,,
train,58,1424352,49154.6,0.059919,,,,,,
train,58,1424452,49157.5,0.055267,,,,,,
train,58,1424552,49160.3,0.056831,,,,,,
train,58,1424652,49163.2,0.060115,,,,,,
train,58,1424752,49166.1,0.059255,,,,,,
train,58,1424852,49168.9,0.062549,,,,,,
train,58,1424952,49171.8,0.060299,,,,,,
train,58,1425052,49174.6,0.057603,,,,,,
train,58,1425152,49177.5,0.060196,,,,,,
train,58,1425252,49180.3,0.055995,,,,,,
train,58,1425352,49183.2,0.067352,,,,,,
train,58,1425452,49186.1,0.057045,,,,,,
train,58,1425552,49188.9,0.060960,,,,,,
train,58,1425652,49191.8,0.064101,,,,,,
train,58,1425752,49194.6,0.060186,,,,,,
train,58,1425852,49197.5,0.059836,,,,,,
train,58,1425952,49200.3,0.064375,,,,,,
train,58,1426052,49203.2,nan,,,,,,
train,58,1426152,49206.0,0.056700,,,,,,
train,58,1426252,49208.9,0.057179,,,,,,
train,58,1426352,49211.7,0.060600,,,,,,
train,58,1426452,49214.6,0.062041,,,,,,
train,58,1426552,49217.5,0.057590,,,,,,
train,58,1426652,49220.4,0.061741,,,,,,
train,58,1426752,49223.2,0.060245,,,,,,
train,58,1426852,49226.1,0.060621,,,,,,
train,58,1426952,49228.9,0.063809,,,,,,
train,58,1427052,49231.8,0.055108,,,,,,
train,58,1427152,49234.6,0.062166,,,,,,
train,58,1427252,49237.5,0.056813,,,,,,
train,58,1427352,49240.4,0.063587,,,,,,
train,58,1427452,49243.2,0.059481,,,,,,
train,58,1427552,49246.1,0.058351,,,,,,
train,58,1427652,49248.9,0.059758,,,,,,
train,58,1427752,49251.8,0.061428,,,,,,
train,58,1427852,49254.6,0.060498,,,,,,
train,58,1427952,49257.5,0.059150,,,,,,
train,58,1428052,49260.4,0.055939,,,,,,
train,58,1428152,49263.2,0.060281,,,,,,
train,58,1428252,49266.1,0.057816,,,,,,
train,58,1428352,49268.9,0.061247,,,,,,
train,58,1428452,49271.8,0.056447,,,,,,
train,58,1428552,49274.6,0.061507,,,,,,
train,58,1428652,49277.5,0.061874,,,,,,
train,58,1428752,49280.4,0.062941,,,,,,
train,58,1428852,49283.2,0.060117,,,,,,
train,58,1428952,49286.2,0.060065,,,,,,
train,58,1429052,49289.0,0.060064,,,,,,
train,58,1429152,49291.9,0.058697,,,,,,
train,58,1429252,49294.7,0.060748,,,,,,
train,58,1429352,49297.6,0.058638,,,,,,
train,58,1429452,49300.6,0.059335,,,,,,
train,58,1429552,49303.4,0.060349,,,,,,
train,58,1429652,49306.3,0.058339,,,,,,
train,58,1429752,49309.1,0.061381,,,,,,
train,58,1429852,49312.0,0.060065,,,,,,
train,58,1429952,49314.8,0.057260,,,,,,
train,58,1430052,49317.7,0.058620,,,,,,
train,58,1430152,49320.6,0.059504,,,,,,
train,58,1430252,49323.4,0.059521,,,,,,
train,58,1430352,49326.3,0.061262,,,,,,
train,58,1430452,49329.1,0.061429,,,,,,
train,58,1430552,49332.0,0.060116,,,,,,
train,58,1430652,49334.9,0.059896,,,,,,
train,58,1430752,49337.7,0.054525,,,,,,
train,58,1430852,49340.6,0.062146,,,,,,
train,58,1430952,49343.5,0.065713,,,,,,
train,58,1431052,49346.3,0.063307,,,,,,
train,58,1431152,49349.2,0.058514,,,,,,
train,58,1431252,49352.1,0.055029,,,,,,
train,58,1431352,49354.9,0.060676,,,,,,
train,58,1431452,49357.8,0.059462,,,,,,
train,58,1431552,49360.7,0.060224,,,,,,
train,58,1431652,49363.5,0.057968,,,,,,
train,58,1431752,49366.4,0.060943,,,,,,
train,58,1431852,49369.2,0.060209,,,,,,
train,58,1431952,49372.1,0.059562,,,,,,
train,58,1432052,49375.0,0.062248,,,,,,
train,58,1432152,49377.8,0.057580,,,,,,
train,58,1432252,49380.7,0.065707,,,,,,
train,58,1432352,49383.5,0.058793,,,,,,
train,58,1432452,49386.4,0.061706,,,,,,
train,58,1432552,49389.3,0.058843,,,,,,
train,58,1432652,49392.1,0.054073,,,,,,
train,58,1432752,49395.0,0.059333,,,,,,
train,58,1432852,49397.9,0.056661,,,,,,
train,58,1432952,49400.7,0.058254,,,,,,
train,58,1433052,49403.6,0.059879,,,,,,
train,58,1433152,49406.4,0.059809,,,,,,
train,58,1433252,49409.3,0.060029,,,,,,
train,58,1433352,49412.1,0.056269,,,,,,
train,58,1433452,49415.0,0.060917,,,,,,
train,58,1433552,49417.8,0.060779,,,,,,
train,58,1433652,49420.7,0.057032,,,,,,
train,58,1433752,49423.6,0.055416,,,,,,
train,58,1433852,49426.4,0.061799,,,,,,
train,58,1433952,49429.3,0.060679,,,,,,
train,58,1434052,49432.1,0.058135,,,,,,
train,58,1434152,49435.0,0.060630,,,,,,
train,58,1434252,49437.8,0.057155,,,,,,
train,58,1434352,49440.7,0.060178,,,,,,
train,58,1434452,49443.5,0.055560,,,,,,
train,58,1434552,49446.4,0.059487,,,,,,
train,58,1434652,49449.3,0.058076,,,,,,
train,58,1434752,49452.1,0.060422,,,,,,
train,58,1434852,49455.0,0.061412,,,,,,
train,58,1434952,49457.8,0.062668,,,,,,
train,58,1435052,49460.7,0.058298,,,,,,
train,58,1435152,49463.5,0.062865,,,,,,
train,58,1435252,49466.4,0.065566,,,,,,
train,58,1435352,49469.3,0.060002,,,,,,
train,58,1435452,49472.1,0.054172,,,,,,
train,58,1435552,49475.0,0.057710,,,,,,
train,58,1435652,49477.8,0.060287,,,,,,
train,58,1435752,49480.7,0.062283,,,,,,
train,58,1435852,49483.6,0.063661,,,,,,
train,58,1435952,49486.4,0.058044,,,,,,
train,58,1436052,49489.3,0.059985,,,,,,
train,58,1436152,49492.1,0.054896,,,,,,
train,58,1436252,49495.0,0.056725,,,,,,
train,58,1436352,49497.9,0.061530,,,,,,
train,58,1436452,49500.7,0.061545,,,,,,
train,58,1436552,49503.6,0.059508,,,,,,
train,58,1436652,49506.4,0.058735,,,,,,
train,58,1436752,49509.3,0.061345,,,,,,
train,58,1436852,49512.1,0.058522,,,,,,
train,58,1436952,49515.0,0.063014,,,,,,
train,58,1437052,49517.9,0.059447,,,,,,
train,58,1437152,49520.7,0.060146,,,,,,
train,58,1437252,49523.6,0.061414,,,,,,
train,58,1437352,49526.5,0.060481,,,,,,
train,58,1437452,49529.3,0.060974,,,,,,
train,58,1437552,49532.2,0.060555,,,,,,
train,58,1437652,49535.0,0.057350,,,,,,
train,58,1437752,49537.9,0.059635,,,,,,
train,58,1437852,49540.7,0.057227,,,,,,
train,58,1437952,49543.6,0.060209,,,,,,
train,58,1438052,49546.5,0.056912,,,,,,
train,58,1438152,49549.3,0.060094,,,,,,
train,58,1438252,49552.2,0.056305,,,,,,
train,58,1438352,49555.0,0.061195,,,,,,
train,58,1438452,49557.9,0.058700,,,,,,
train,58,1438552,49560.8,0.061092,,,,,,
train,58,1438652,49563.6,0.061039,,,,,,
train,58,1438752,49566.5,0.060032,,,,,,
train,58,1438852,49569.4,0.055840,,,,,,
train,58,1438952,49572.2,0.061360,,,,,,
train,58,1439052,49575.1,0.061398,,,,,,
train,58,1439152,49577.9,0.057379,,,,,,
train,58,1439252,49580.8,0.056628,,,,,,
train,58,1439352,49583.7,0.063187,,,,,,
train,58,1439452,49586.5,0.062907,,,,,,
train,58,1439552,49589.4,0.063319,,,,,,
train,58,1439652,49592.2,0.057504,,,,,,
train,58,1439752,49595.1,0.060233,,,,,,
train,58,1439852,49598.0,0.058011,,,,,,
train,58,1439952,49600.8,0.061831,,,,,,
train,58,1440052,49603.7,0.060854,,,,,,
train,58,1440152,49606.5,0.059369,,,,,,
train,58,1440252,49609.4,0.057781,,,,,,
train,58,1440352,49612.3,0.061077,,,,,,
train,58,1440452,49615.1,0.062816,,,,,,
train,58,1440552,49618.0,0.059852,,,,,,
train,58,1440652,49620.8,0.065009,,,,,,
train,58,1440752,49623.7,0.058144,,,,,,
train,58,1440852,49626.6,0.063266,,,,,,
train,58,1440952,49629.4,0.059987,,,,,,
train,58,1441052,49632.3,0.059313,,,,,,
train,58,1441152,49635.1,0.061603,,,,,,
train,58,1441252,49638.0,0.058354,,,,,,
train,58,1441352,49640.8,0.058683,,,,,,
train,58,1441452,49643.7,0.054943,,,,,,
train,58,1441552,49646.6,0.060717,,,,,,
train,58,1441652,49649.4,0.057803,,,,,,
train,58,1441752,49652.3,0.058464,,,,,,
train,58,1441852,49655.6,0.061301,,,,,,
train,58,1441952,49658.4,0.059389,,,,,,
train,58,1442052,49661.3,0.060099,,,,,,
train,58,1442152,49664.1,0.061264,,,,,,
val,58,,49808.8,0.060242,0.003949,0.000033,0.010659,0.048788,35.7099,0.954078
train,59,1442296,49812.4,0.060660,,,,,,
train,59,1442396,49815.2,0.057563,,,,,,
train,59,1442496,49818.1,0.061510,,,,,,
train,59,1442596,49820.9,0.060670,,,,,,
train,59,1442696,49823.8,0.057344,,,,,,
train,59,1442796,49826.6,0.059931,,,,,,
train,59,1442896,49829.5,0.061905,,,,,,
train,59,1442996,49832.4,0.058632,,,,,,
train,59,1443096,49835.2,0.063225,,,,,,
train,59,1443196,49838.1,0.058808,,,,,,
train,59,1443296,49840.9,0.062597,,,,,,
train,59,1443396,49843.8,0.059747,,,,,,
train,59,1443496,49846.6,0.059993,,,,,,
train,59,1443596,49849.5,0.060506,,,,,,
train,59,1443696,49852.3,0.057653,,,,,,
train,59,1443796,49855.2,0.058139,,,,,,
train,59,1443896,49858.0,0.058592,,,,,,
train,59,1443996,49860.9,0.059607,,,,,,
train,59,1444096,49863.7,0.061241,,,,,,
train,59,1444196,49866.6,0.060166,,,,,,
train,59,1444296,49869.4,0.058871,,,,,,
train,59,1444396,49872.3,0.059903,,,,,,
train,59,1444496,49875.1,0.064690,,,,,,
train,59,1444596,49878.0,0.056221,,,,,,
train,59,1444696,49880.8,0.061279,,,,,,
train,59,1444796,49883.7,0.062500,,,,,,
train,59,1444896,49886.5,0.058988,,,,,,
train,59,1444996,49889.4,0.061405,,,,,,
train,59,1445096,49892.3,0.054837,,,,,,
train,59,1445196,49895.1,0.056143,,,,,,
train,59,1445296,49898.0,nan,,,,,,
train,59,1445396,49900.8,0.063088,,,,,,
train,59,1445496,49903.7,0.058078,,,,,,
train,59,1445596,49906.5,0.060468,,,,,,
train,59,1445696,49909.4,0.063124,,,,,,
train,59,1445796,49912.2,0.060883,,,,,,
train,59,1445896,49915.1,0.058533,,,,,,
train,59,1445996,49917.9,0.058337,,,,,,
train,59,1446096,49920.8,0.065352,,,,,,
train,59,1446196,49923.8,0.061714,,,,,,
train,59,1446296,49926.6,0.056403,,,,,,
train,59,1446396,49929.5,0.058541,,,,,,
train,59,1446496,49932.3,0.059094,,,,,,
train,59,1446596,49935.2,0.055044,,,,,,
train,59,1446696,49938.1,0.058785,,,,,,
train,59,1446796,49940.9,0.064003,,,,,,
train,59,1446896,49943.8,0.062327,,,,,,
train,59,1446996,49946.6,0.061089,,,,,,
train,59,1447096,49949.5,0.058423,,,,,,
train,59,1447196,49952.3,0.061402,,,,,,
train,59,1447296,49955.2,0.057439,,,,,,
train,59,1447396,49958.1,0.057734,,,,,,
train,59,1447496,49960.9,0.057914,,,,,,
train,59,1447596,49963.8,0.059165,,,,,,
train,59,1447696,49966.6,0.060543,,,,,,
train,59,1447796,49969.5,0.057201,,,,,,
train,59,1447896,49972.4,0.061138,,,,,,
train,59,1447996,49975.2,0.062055,,,,,,
train,59,1448096,49978.1,0.058418,,,,,,
train,59,1448196,49980.9,0.054629,,,,,,
train,59,1448296,49983.8,0.059848,,,,,,
train,59,1448396,49986.6,0.062033,,,,,,
train,59,1448496,49989.5,0.057857,,,,,,
train,59,1448596,49992.3,0.055888,,,,,,
train,59,1448696,49995.2,0.060169,,,,,,
train,59,1448796,49998.1,0.056243,,,,,,
train,59,1448896,50000.9,0.057893,,,,,,
train,59,1448996,50003.8,0.057302,,,,,,
train,59,1449096,50006.6,0.061924,,,,,,
train,59,1449196,50009.5,0.061246,,,,,,
train,59,1449296,50012.3,0.061601,,,,,,
train,59,1449396,50015.2,0.057064,,,,,,
train,59,1449496,50018.1,0.063679,,,,,,
train,59,1449596,50020.9,0.060323,,,,,,
train,59,1449696,50023.8,0.064536,,,,,,
train,59,1449796,50026.7,0.057139,,,,,,
train,59,1449896,50029.5,0.055740,,,,,,
train,59,1449996,50032.4,0.060965,,,,,,
train,59,1450096,50035.2,0.057950,,,,,,
train,59,1450196,50038.1,0.057152,,,,,,
train,59,1450296,50040.9,0.063778,,,,,,
train,59,1450396,50043.8,0.060026,,,,,,
train,59,1450496,50046.6,0.062405,,,,,,
train,59,1450596,50049.5,0.054563,,,,,,
train,59,1450696,50052.3,0.058147,,,,,,
train,59,1450796,50055.2,0.062072,,,,,,
train,59,1450896,50058.0,0.059210,,,,,,
train,59,1450996,50060.9,0.060238,,,,,,
train,59,1451096,50063.7,0.058212,,,,,,
train,59,1451196,50066.6,0.060293,,,,,,
train,59,1451296,50069.4,0.058500,,,,,,
train,59,1451396,50072.3,0.059608,,,,,,
train,59,1451496,50075.2,0.060921,,,,,,
train,59,1451596,50078.0,0.055217,,,,,,
train,59,1451696,50080.9,0.059389,,,,,,
train,59,1451796,50083.7,0.058310,,,,,,
train,59,1451896,50086.6,0.059618,,,,,,
train,59,1451996,50089.4,0.062422,,,,,,
train,59,1452096,50092.3,0.059221,,,,,,
train,59,1452196,50095.1,0.059893,,,,,,
train,59,1452296,50098.0,0.056254,,,,,,
train,59,1452396,50100.9,0.060102,,,,,,
train,59,1452496,50103.7,0.055642,,,,,,
train,59,1452596,50106.6,0.058915,,,,,,
train,59,1452696,50109.4,0.060424,,,,,,
train,59,1452796,50112.3,0.061248,,,,,,
train,59,1452896,50115.1,0.056244,,,,,,
train,59,1452996,50118.0,0.059761,,,,,,
train,59,1453096,50120.8,0.056651,,,,,,
train,59,1453196,50123.7,0.059231,,,,,,
train,59,1453296,50126.6,0.060981,,,,,,
train,59,1453396,50129.4,0.060227,,,,,,
train,59,1453496,50132.3,0.062078,,,,,,
train,59,1453596,50135.1,0.060112,,,,,,
train,59,1453696,50138.0,0.055181,,,,,,
train,59,1453796,50140.8,0.059656,,,,,,
train,59,1453896,50143.7,0.061201,,,,,,
train,59,1453996,50146.5,0.058831,,,,,,
train,59,1454096,50149.4,0.061296,,,,,,
train,59,1454196,50152.3,0.059561,,,,,,
train,59,1454296,50155.1,0.058914,,,,,,
train,59,1454396,50158.0,0.060459,,,,,,
train,59,1454496,50160.8,0.063237,,,,,,
train,59,1454596,50163.7,0.056295,,,,,,
train,59,1454696,50166.5,0.057168,,,,,,
train,59,1454796,50169.4,0.058105,,,,,,
train,59,1454896,50172.3,0.057881,,,,,,
train,59,1454996,50175.1,0.058145,,,,,,
train,59,1455096,50178.0,0.060454,,,,,,
train,59,1455196,50180.8,0.060764,,,,,,
train,59,1455296,50183.7,0.059419,,,,,,
train,59,1455396,50186.6,0.061449,,,,,,
train,59,1455496,50189.4,0.057000,,,,,,
train,59,1455596,50192.3,0.058506,,,,,,
train,59,1455696,50195.2,0.061437,,,,,,
train,59,1455796,50198.1,0.059726,,,,,,
train,59,1455896,50200.9,0.062580,,,,,,
train,59,1455996,50203.8,0.057979,,,,,,
train,59,1456096,50206.7,0.056668,,,,,,
train,59,1456196,50209.5,0.062628,,,,,,
train,59,1456296,50212.4,0.057121,,,,,,
train,59,1456396,50215.2,0.061336,,,,,,
train,59,1456496,50218.1,0.063498,,,,,,
train,59,1456596,50220.9,0.058467,,,,,,
train,59,1456696,50223.8,0.056746,,,,,,
train,59,1456796,50226.7,0.062958,,,,,,
train,59,1456896,50229.5,0.061067,,,,,,
train,59,1456996,50232.4,0.060696,,,,,,
train,59,1457096,50235.2,0.060874,,,,,,
train,59,1457196,50238.1,0.061350,,,,,,
train,59,1457296,50240.9,0.056671,,,,,,
train,59,1457396,50243.8,0.057985,,,,,,
train,59,1457496,50246.6,0.059637,,,,,,
train,59,1457596,50249.5,0.056339,,,,,,
train,59,1457696,50252.4,0.062835,,,,,,
train,59,1457796,50255.3,0.057994,,,,,,
train,59,1457896,50258.1,0.060798,,,,,,
train,59,1457996,50261.0,0.063884,,,,,,
train,59,1458096,50263.8,0.061239,,,,,,
train,59,1458196,50266.7,0.060770,,,,,,
train,59,1458296,50269.5,0.054532,,,,,,
train,59,1458396,50272.4,0.059240,,,,,,
train,59,1458496,50275.3,0.060027,,,,,,
train,59,1458596,50278.1,0.060870,,,,,,
train,59,1458696,50281.0,0.061161,,,,,,
train,59,1458796,50283.8,0.059974,,,,,,
train,59,1458896,50287.0,0.058224,,,,,,
train,59,1458996,50289.8,0.062936,,,,,,
train,59,1459096,50292.7,0.058685,,,,,,
train,59,1459196,50295.5,0.061488,,,,,,
train,59,1459296,50298.4,0.060810,,,,,,
train,59,1459396,50301.3,0.058912,,,,,,
train,59,1459496,50304.1,0.057705,,,,,,
train,59,1459596,50307.0,0.063791,,,,,,
train,59,1459696,50309.8,0.062547,,,,,,
train,59,1459796,50312.7,0.059837,,,,,,
train,59,1459896,50315.6,0.058310,,,,,,
train,59,1459996,50318.4,0.057001,,,,,,
train,59,1460096,50321.3,0.062390,,,,,,
train,59,1460196,50324.2,0.054629,,,,,,
train,59,1460296,50327.0,0.057909,,,,,,
train,59,1460396,50329.9,0.056863,,,,,,
train,59,1460496,50332.7,0.057998,,,,,,
train,59,1460596,50335.6,0.059635,,,,,,
train,59,1460696,50338.5,0.060447,,,,,,
train,59,1460796,50341.3,0.059809,,,,,,
train,59,1460896,50344.2,0.061649,,,,,,
train,59,1460996,50347.0,0.058625,,,,,,
train,59,1461096,50349.9,0.062343,,,,,,
train,59,1461196,50352.7,0.062973,,,,,,
train,59,1461296,50355.6,0.061359,,,,,,
train,59,1461396,50358.4,0.059238,,,,,,
train,59,1461496,50361.3,0.059928,,,,,,
train,59,1461596,50364.2,0.059259,,,,,,
train,59,1461696,50367.0,0.062392,,,,,,
train,59,1461796,50369.9,0.060084,,,,,,
train,59,1461896,50372.7,0.060470,,,,,,
train,59,1461996,50375.6,0.062463,,,,,,
train,59,1462096,50378.4,0.060797,,,,,,
train,59,1462196,50381.3,0.058405,,,,,,
train,59,1462296,50384.2,0.060181,,,,,,
train,59,1462396,50387.0,0.058732,,,,,,
train,59,1462496,50389.9,0.061112,,,,,,
train,59,1462596,50392.7,0.056716,,,,,,
train,59,1462696,50395.6,0.059750,,,,,,
train,59,1462796,50398.4,0.061119,,,,,,
train,59,1462896,50401.3,0.058692,,,,,,
train,59,1462996,50404.2,0.062273,,,,,,
train,59,1463096,50407.0,0.057295,,,,,,
train,59,1463196,50409.9,0.060018,,,,,,
train,59,1463296,50412.7,0.059729,,,,,,
train,59,1463396,50415.6,0.061029,,,,,,
train,59,1463496,50418.4,0.064649,,,,,,
train,59,1463596,50421.3,0.058852,,,,,,
train,59,1463696,50424.2,0.062102,,,,,,
train,59,1463796,50427.1,0.064380,,,,,,
train,59,1463896,50430.0,0.061811,,,,,,
train,59,1463996,50432.9,0.057267,,,,,,
train,59,1464096,50435.7,0.061716,,,,,,
train,59,1464196,50438.6,0.061546,,,,,,
train,59,1464296,50441.4,0.057457,,,,,,
train,59,1464396,50444.3,0.060870,,,,,,
train,59,1464496,50447.2,0.060026,,,,,,
train,59,1464596,50450.0,0.062940,,,,,,
train,59,1464696,50452.9,0.056932,,,,,,
train,59,1464796,50455.7,0.059265,,,,,,
train,59,1464896,50458.6,0.054352,,,,,,
train,59,1464996,50461.4,0.057942,,,,,,
train,59,1465096,50464.3,0.059217,,,,,,
train,59,1465196,50467.1,0.059527,,,,,,
train,59,1465296,50470.0,0.065192,,,,,,
train,59,1465396,50472.8,0.059015,,,,,,
train,59,1465496,50475.7,0.056449,,,,,,
train,59,1465596,50478.5,0.059492,,,,,,
train,59,1465696,50481.4,0.062653,,,,,,
train,59,1465796,50484.2,0.059414,,,,,,
train,59,1465896,50487.1,0.061470,,,,,,
train,59,1465996,50489.9,0.058999,,,,,,
train,59,1466096,50492.8,0.057849,,,,,,
train,59,1466196,50495.6,0.060597,,,,,,
train,59,1466296,50498.5,0.061651,,,,,,
train,59,1466396,50501.4,0.061134,,,,,,
train,59,1466496,50504.2,0.054314,,,,,,
train,59,1466596,50507.1,0.064175,,,,,,
val,59,,50652.2,0.060018,0.003946,0.000033,0.010635,0.048749,35.7281,0.954107
train,60,1466740,50655.8,0.060074,,,,,,
train,60,1466840,50658.7,0.057791,,,,,,
train,60,1466940,50661.5,0.060115,,,,,,
train,60,1467040,50664.4,0.062298,,,,,,
train,60,1467140,50667.3,0.054925,,,,,,
train,60,1467240,50670.1,0.059586,,,,,,
train,60,1467340,50673.0,0.062603,,,,,,
train,60,1467440,50675.9,0.056978,,,,,,
train,60,1467540,50678.7,0.059476,,,,,,
train,60,1467640,50681.6,0.055905,,,,,,
train,60,1467740,50684.5,0.058117,,,,,,
train,60,1467840,50687.3,0.061831,,,,,,
train,60,1467940,50690.2,0.058679,,,,,,
train,60,1468040,50693.1,0.060393,,,,,,
train,60,1468140,50695.9,0.056803,,,,,,
train,60,1468240,50698.8,0.063847,,,,,,
train,60,1468340,50701.7,0.058262,,,,,,
train,60,1468440,50704.5,0.056559,,,,,,
train,60,1468540,50707.4,0.055481,,,,,,
train,60,1468640,50710.3,0.058364,,,,,,
train,60,1468740,50713.1,0.060786,,,,,,
train,60,1468840,50716.0,0.061602,,,,,,
train,60,1468940,50718.9,0.060248,,,,,,
train,60,1469040,50721.7,0.058966,,,,,,
train,60,1469140,50724.6,0.060054,,,,,,
train,60,1469240,50727.5,0.060067,,,,,,
train,60,1469340,50730.3,0.058976,,,,,,
train,60,1469440,50733.2,0.056095,,,,,,
train,60,1469540,50736.1,0.064613,,,,,,
train,60,1469640,50738.9,0.058907,,,,,,
train,60,1469740,50741.8,0.061314,,,,,,
train,60,1469840,50744.7,0.057570,,,,,,
train,60,1469940,50747.5,0.060632,,,,,,
train,60,1470040,50750.4,0.058982,,,,,,
train,60,1470140,50753.3,0.060347,,,,,,
train,60,1470240,50756.1,0.059272,,,,,,
train,60,1470340,50759.0,0.058132,,,,,,
train,60,1470440,50761.8,0.058607,,,,,,
train,60,1470540,50764.7,0.057934,,,,,,
train,60,1470640,50767.6,0.057074,,,,,,
train,60,1470740,50770.4,0.060273,,,,,,
train,60,1470840,50773.3,0.056449,,,,,,
train,60,1470940,50776.2,0.057353,,,,,,
train,60,1471040,50779.0,0.059859,,,,,,
train,60,1471140,50781.9,0.056540,,,,,,
train,60,1471240,50784.8,0.061903,,,,,,
train,60,1471340,50787.6,0.053263,,,,,,
train,60,1471440,50790.5,0.059418,,,,,,
train,60,1471540,50793.4,0.058597,,,,,,
train,60,1471640,50796.2,0.059143,,,,,,
train,60,1471740,50799.1,0.058892,,,,,,
train,60,1471840,50802.0,0.062010,,,,,,
train,60,1471940,50804.8,0.057901,,,,,,
train,60,1472040,50807.7,0.058327,,,,,,
train,60,1472140,50810.6,0.062489,,,,,,
train,60,1472240,50813.4,0.061040,,,,,,
train,60,1472340,50816.3,0.056173,,,,,,
train,60,1472440,50819.2,0.060755,,,,,,
train,60,1472540,50822.0,0.056516,,,,,,
train,60,1472640,50824.9,0.058855,,,,,,
train,60,1472740,50827.8,0.056980,,,,,,
train,60,1472840,50830.6,0.057443,,,,,,
train,60,1472940,50833.5,0.063927,,,,,,
train,60,1473040,50836.4,0.058517,,,,,,
train,60,1473140,50840.0,0.058280,,,,,,
train,60,1473240,50842.8,0.059604,,,,,,
train,60,1473340,50845.7,0.062341,,,,,,
train,60,1473440,50848.6,0.056761,,,,,,
train,60,1473540,50851.4,0.053855,,,,,,
train,60,1473640,50854.3,0.054132,,,,,,
train,60,1473740,50857.2,0.058214,,,,,,
train,60,1473840,50860.0,0.057118,,,,,,
train,60,1473940,50862.9,0.056836,,,,,,
train,60,1474040,50865.7,0.060364,,,,,,
train,60,1474140,50868.6,0.058877,,,,,,
train,60,1474240,50871.5,0.060787,,,,,,
train,60,1474340,50874.3,0.060623,,,,,,
train,60,1474440,50877.2,0.054121,,,,,,
train,60,1474540,50880.1,0.063421,,,,,,
train,60,1474640,50882.9,0.058173,,,,,,
train,60,1474740,50885.8,0.061559,,,,,,
train,60,1474840,50888.7,0.059671,,,,,,
train,60,1474940,50891.5,0.059586,,,,,,
train,60,1475040,50894.4,0.060207,,,,,,
train,60,1475140,50897.3,0.060882,,,,,,
train,60,1475240,50900.1,0.063072,,,,,,
train,60,1475340,50903.0,0.061022,,,,,,
train,60,1475440,50905.9,0.060985,,,,,,
train,60,1475540,50908.7,0.060486,,,,,,
train,60,1475640,50911.6,0.056289,,,,,,
train,60,1475740,50914.5,0.055598,,,,,,
train,60,1475840,50917.3,0.058687,,,,,,
train,60,1475940,50920.2,0.056973,,,,,,
train,60,1476040,50923.1,0.059189,,,,,,
train,60,1476140,50925.9,0.058753,,,,,,
train,60,1476240,50928.8,0.060033,,,,,,
train,60,1476340,50931.7,0.057276,,,,,,
train,60,1476440,50934.5,0.055339,,,,,,
train,60,1476540,50937.4,0.062244,,,,,,
train,60,1476640,50940.3,0.057190,,,,,,
train,60,1476740,50943.1,0.061279,,,,,,
train,60,1476840,50946.0,0.057309,,,,,,
train,60,1476940,50948.9,0.061063,,,,,,
train,60,1477040,50951.7,0.055434,,,,,,
train,60,1477140,50954.6,0.058632,,,,,,
train,60,1477240,50957.4,0.059947,,,,,,
train,60,1477340,50960.3,0.063236,,,,,,
train,60,1477440,50963.2,0.056021,,,,,,
train,60,1477540,50966.0,0.057716,,,,,,
train,60,1477640,50968.9,0.063960,,,,,,
train,60,1477740,50971.8,0.064109,,,,,,
train,60,1477840,50974.6,0.062136,,,,,,
train,60,1477940,50977.5,0.064959,,,,,,
train,60,1478040,50980.3,0.061269,,,,,,
train,60,1478140,50983.2,0.061390,,,,,,
train,60,1478240,50986.1,0.060185,,,,,,
train,60,1478340,50988.9,0.056996,,,,,,
train,60,1478440,50991.8,0.060238,,,,,,
train,60,1478540,50994.7,0.051772,,,,,,
train,60,1478640,50997.5,0.061096,,,,,,
train,60,1478740,51000.4,0.053832,,,,,,
train,60,1478840,51003.2,0.062708,,,,,,
train,60,1478940,51006.1,0.066915,,,,,,
train,60,1479040,51009.0,0.057139,,,,,,
train,60,1479140,51011.8,0.057663,,,,,,
train,60,1479240,51014.7,0.062177,,,,,,
train,60,1479340,51017.6,0.060761,,,,,,
train,60,1479440,51020.4,0.057784,,,,,,
train,60,1479540,51023.3,0.055397,,,,,,
train,60,1479640,51026.2,0.063725,,,,,,
train,60,1479740,51029.0,0.061630,,,,,,
train,60,1479840,51031.9,0.059713,,,,,,
train,60,1479940,51034.8,0.059584,,,,,,
train,60,1480040,51037.6,0.052958,,,,,,
train,60,1480140,51040.5,0.061278,,,,,,
train,60,1480240,51043.4,0.060836,,,,,,
train,60,1480340,51046.2,0.066682,,,,,,
train,60,1480440,51049.1,0.056435,,,,,,
train,60,1480540,51052.0,0.062551,,,,,,
train,60,1480640,51054.8,0.057214,,,,,,
train,60,1480740,51057.7,nan,,,,,,
train,60,1480840,51060.6,0.055821,,,,,,
train,60,1480940,51063.4,0.058303,,,,,,
train,60,1481040,51066.3,0.060066,,,,,,
train,60,1481140,51069.2,0.062518,,,,,,
train,60,1481240,51072.3,0.058497,,,,,,
train,60,1481340,51075.1,0.060393,,,,,,
train,60,1481440,51078.0,0.059599,,,,,,
train,60,1481540,51080.9,0.057571,,,,,,
train,60,1481640,51083.7,0.055402,,,,,,
train,60,1481740,51086.6,0.055841,,,,,,
train,60,1481840,51089.5,0.062223,,,,,,
train,60,1481940,51092.3,0.061403,,,,,,
train,60,1482040,51095.2,0.056936,,,,,,
train,60,1482140,51098.1,0.054606,,,,,,
train,60,1482240,51100.9,0.058120,,,,,,
train,60,1482340,51103.8,0.058380,,,,,,
train,60,1482440,51106.7,0.058442,,,,,,
train,60,1482540,51109.5,0.055464,,,,,,
train,60,1482640,51112.4,0.065158,,,,,,
train,60,1482740,51115.3,0.059043,,,,,,
train,60,1482840,51118.1,0.059769,,,,,,
train,60,1482940,51121.0,0.061394,,,,,,
train,60,1483040,51123.9,0.061963,,,,,,
train,60,1483140,51126.7,0.061208,,,,,,
train,60,1483240,51129.6,0.059561,,,,,,
train,60,1483340,51132.5,0.058510,,,,,,
train,60,1483440,51135.3,0.058574,,,,,,
train,60,1483540,51138.2,0.062593,,,,,,
train,60,1483640,51141.0,0.064406,,,,,,
train,60,1483740,51143.9,0.055135,,,,,,
train,60,1483840,51146.8,0.063268,,,,,,
train,60,1483940,51149.6,0.061392,,,,,,
train,60,1484040,51152.6,0.059537,,,,,,
train,60,1484140,51155.5,0.060806,,,,,,
train,60,1484240,51158.4,0.057914,,,,,,
train,60,1484340,51161.2,0.057299,,,,,,
train,60,1484440,51164.1,0.060390,,,,,,
train,60,1484540,51166.9,0.059573,,,,,,
train,60,1484640,51169.8,0.062622,,,,,,
train,60,1484740,51172.7,0.059702,,,,,,
train,60,1484840,51175.5,0.062935,,,,,,
train,60,1484940,51178.4,0.057612,,,,,,
train,60,1485040,51181.3,0.061703,,,,,,
train,60,1485140,51184.1,0.060474,,,,,,
train,60,1485240,51187.0,0.055075,,,,,,
train,60,1485340,51189.8,0.061454,,,,,,
train,60,1485440,51192.7,0.059690,,,,,,
train,60,1485540,51195.6,0.064722,,,,,,
train,60,1485640,51198.4,0.061999,,,,,,
train,60,1485740,51201.3,0.058393,,,,,,
train,60,1485840,51204.1,0.061394,,,,,,
train,60,1485940,51207.0,0.059191,,,,,,
train,60,1486040,51209.9,0.059951,,,,,,
train,60,1486140,51212.7,0.061107,,,,,,
train,60,1486240,51215.6,0.060629,,,,,,
train,60,1486340,51218.5,0.058623,,,,,,
train,60,1486440,51221.3,0.059629,,,,,,
train,60,1486540,51224.2,0.057013,,,,,,
train,60,1486640,51227.1,0.058161,,,,,,
train,60,1486740,51229.9,0.058578,,,,,,
train,60,1486840,51232.8,0.057655,,,,,,
train,60,1486940,51235.7,0.062075,,,,,,
train,60,1487040,51238.5,0.062508,,,,,,
train,60,1487140,51241.4,0.058010,,,,,,
train,60,1487240,51244.3,0.058099,,,,,,
train,60,1487340,51247.2,0.053570,,,,,,
train,60,1487440,51250.0,0.059306,,,,,,
train,60,1487540,51252.9,0.065093,,,,,,
train,60,1487640,51255.8,0.061516,,,,,,
train,60,1487740,51258.6,0.056881,,,,,,
train,60,1487840,51261.5,0.059911,,,,,,
train,60,1487940,51264.4,0.059624,,,,,,
train,60,1488040,51267.3,0.059006,,,,,,
train,60,1488140,51270.2,0.061332,,,,,,
train,60,1488240,51273.0,0.058561,,,,,,
train,60,1488340,51275.9,0.063142,,,,,,
train,60,1488440,51278.8,0.062240,,,,,,
train,60,1488540,51281.7,0.059171,,,,,,
train,60,1488640,51284.9,0.059703,,,,,,
train,60,1488740,51287.7,0.059858,,,,,,
train,60,1488840,51290.6,0.060436,,,,,,
train,60,1488940,51293.5,0.059939,,,,,,
train,60,1489040,51296.3,0.061395,,,,,,
train,60,1489140,51299.2,0.062045,,,,,,
train,60,1489240,51302.1,0.061109,,,,,,
train,60,1489340,51304.9,0.059581,,,,,,
train,60,1489440,51307.8,0.061770,,,,,,
train,60,1489540,51310.6,0.056898,,,,,,
train,60,1489640,51313.5,0.059948,,,,,,
train,60,1489740,51316.4,0.058454,,,,,,
train,60,1489840,51319.3,0.061089,,,,,,
train,60,1489940,51322.1,0.056945,,,,,,
train,60,1490040,51325.0,0.057033,,,,,,
train,60,1490140,51327.9,0.058000,,,,,,
train,60,1490240,51330.7,0.058488,,,,,,
train,60,1490340,51333.6,0.058554,,,,,,
train,60,1490440,51336.5,0.059036,,,,,,
train,60,1490540,51339.3,0.059391,,,,,,
train,60,1490640,51342.2,0.062207,,,,,,
train,60,1490740,51345.1,0.058786,,,,,,
train,60,1490840,51347.9,0.059366,,,,,,
train,60,1490940,51350.8,0.060250,,,,,,
train,60,1491040,51353.7,0.057955,,,,,,
val,60,,51498.4,0.059937,0.003944,0.000033,0.010634,0.048749,35.7287,0.954143
train,61,1491184,51502.0,0.060345,,,,,,
train,61,1491284,51504.9,0.061671,,,,,,
train,61,1491384,51507.8,0.059010,,,,,,
train,61,1491484,51510.6,0.057712,,,,,,
train,61,1491584,51513.5,0.058975,,,,,,
train,61,1491684,51516.4,0.062567,,,,,,
train,61,1491784,51519.2,0.056062,,,,,,
train,61,1491884,51522.1,0.060715,,,,,,
train,61,1491984,51525.0,0.060558,,,,,,
train,61,1492084,51527.8,0.056073,,,,,,
train,61,1492184,51530.7,0.061260,,,,,,
train,61,1492284,51533.5,0.057516,,,,,,
train,61,1492384,51536.4,0.056095,,,,,,
train,61,1492484,51539.3,0.059758,,,,,,
train,61,1492584,51542.2,0.056346,,,,,,
train,61,1492684,51545.0,0.059637,,,,,,
train,61,1492784,51547.9,0.059786,,,,,,
train,61,1492884,51550.8,0.060183,,,,,,
train,61,1492984,51553.6,0.060385,,,,,,
train,61,1493084,51556.5,nan,,,,,,
train,61,1493184,51559.4,0.063947,,,,,,
train,61,1493284,51562.2,0.060411,,,,,,
train,61,1493384,51565.1,0.060252,,,,,,
train,61,1493484,51568.0,0.058001,,,,,,
train,61,1493584,51570.8,0.056239,,,,,,
train,61,1493684,51573.7,0.055909,,,,,,
train,61,1493784,51576.5,0.061229,,,,,,
train,61,1493884,51579.4,0.059397,,,,,,
train,61,1493984,51582.3,0.060235,,,,,,
train,61,1494084,51585.1,0.060913,,,,,,
train,61,1494184,51588.0,0.060554,,,,,,
train,61,1494284,51590.9,0.060002,,,,,,
train,61,1494384,51593.7,0.057705,,,,,,
train,61,1494484,51596.6,0.055623,,,,,,
train,61,1494584,51599.5,0.058687,,,,,,
train,61,1494684,51602.3,0.060479,,,,,,
train,61,1494784,51605.2,0.058717,,,,,,
train,61,1494884,51608.0,0.061186,,,,,,
train,61,1494984,51610.9,0.063433,,,,,,
train,61,1495084,51613.8,0.061997,,,,,,
train,61,1495184,51616.6,0.060965,,,,,,
train,61,1495284,51619.5,0.058903,,,,,,
train,61,1495384,51622.3,0.061170,,,,,,
train,61,1495484,51625.2,0.061199,,,,,,
train,61,1495584,51628.1,0.058500,,,,,,
train,61,1495684,51630.9,0.061500,,,,,,
train,61,1495784,51633.8,0.062025,,,,,,
train,61,1495884,51636.7,0.060072,,,,,,
train,61,1495984,51639.5,0.056672,,,,,,
train,61,1496084,51642.4,0.057334,,,,,,
train,61,1496184,51645.3,0.056013,,,,,,
train,61,1496284,51648.1,0.056958,,,,,,
train,61,1496384,51651.0,0.058148,,,,,,
train,61,1496484,51653.8,0.060833,,,,,,
train,61,1496584,51656.7,0.059238,,,,,,
train,61,1496684,51659.7,0.058353,,,,,,
train,61,1496784,51662.5,0.058297,,,,,,
train,61,1496884,51665.4,0.056396,,,,,,
train,61,1496984,51668.3,0.056393,,,,,,
train,61,1497084,51671.1,0.059785,,,,,,
train,61,1497184,51674.0,0.061005,,,,,,
train,61,1497284,51676.9,0.061362,,,,,,
train,61,1497384,51679.7,0.057822,,,,,,
train,61,1497484,51682.6,0.063524,,,,,,
train,61,1497584,51685.5,0.058290,,,,,,
train,61,1497684,51688.3,0.058812,,,,,,
train,61,1497784,51691.2,0.060761,,,,,,
train,61,1497884,51694.1,0.061565,,,,,,
train,61,1497984,51696.9,0.057574,,,,,,
train,61,1498084,51699.8,0.060252,,,,,,
train,61,1498184,51702.7,0.057136,,,,,,
train,61,1498284,51705.5,0.062926,,,,,,
train,61,1498384,51708.4,0.059425,,,,,,
train,61,1498484,51711.3,0.059450,,,,,,
train,61,1498584,51714.1,0.062086,,,,,,
train,61,1498684,51717.0,0.057046,,,,,,
train,61,1498784,51719.9,0.064539,,,,,,
train,61,1498884,51722.8,0.057962,,,,,,
train,61,1498984,51725.6,0.058067,,,,,,
train,61,1499084,51728.5,0.060479,,,,,,
train,61,1499184,51731.4,0.062718,,,,,,
train,61,1499284,51734.2,0.061776,,,,,,
train,61,1499384,51737.1,0.057795,,,,,,
train,61,1499484,51740.0,0.058266,,,,,,
train,61,1499584,51742.8,0.057752,,,,,,
train,61,1499684,51745.7,0.060581,,,,,,
train,61,1499784,51748.6,0.059918,,,,,,
train,61,1499884,51751.4,0.055392,,,,,,
train,61,1499984,51754.3,0.059125,,,,,,
train,61,1500084,51757.1,0.059702,,,,,,
train,61,1500184,51760.0,0.059539,,,,,,
train,61,1500284,51762.9,0.059647,,,,,,
train,61,1500384,51765.7,0.058671,,,,,,
train,61,1500484,51768.6,0.056382,,,,,,
train,61,1500584,51771.5,0.054326,,,,,,
train,61,1500684,51774.3,0.061779,,,,,,
train,61,1500784,51777.2,0.065837,,,,,,
train,61,1500884,51780.1,0.060854,,,,,,
train,61,1500984,51782.9,0.057744,,,,,,
train,61,1501084,51785.8,0.059631,,,,,,
train,61,1501184,51788.7,0.055368,,,,,,
train,61,1501284,51791.5,0.055012,,,,,,
train,61,1501384,51794.4,0.059113,,,,,,
train,61,1501484,51797.3,0.063398,,,,,,
train,61,1501584,51800.1,0.055471,,,,,,
train,61,1501684,51803.0,0.058338,,,,,,
train,61,1501784,51805.9,0.060868,,,,,,
train,61,1501884,51808.7,0.059258,,,,,,
train,61,1501984,51811.6,0.056405,,,,,,
train,61,1502084,51814.5,0.060153,,,,,,
train,61,1502184,51817.4,0.058561,,,,,,
train,61,1502284,51820.3,0.057332,,,,,,
train,61,1502384,51823.1,0.059020,,,,,,
train,61,1502484,51826.0,0.059263,,,,,,
train,61,1502584,51828.8,0.062469,,,,,,
train,61,1502684,51831.7,0.057583,,,,,,
train,61,1502784,51834.6,0.058822,,,,,,
train,61,1502884,51837.4,0.059698,,,,,,
train,61,1502984,51840.3,0.064224,,,,,,
train,61,1503084,51843.2,0.062432,,,,,,
train,61,1503184,51846.0,0.059099,,,,,,
train,61,1503284,51849.2,0.058349,,,,,,
train,61,1503384,51852.4,0.062831,,,,,,
train,61,1503484,51855.3,0.059111,,,,,,
train,61,1503584,51858.1,0.055903,,,,,,
train,61,1503684,51861.0,0.060097,,,,,,
train,61,1503784,51863.9,0.057085,,,,,,
train,61,1503884,51866.7,0.057291,,,,,,
train,61,1503984,51869.6,0.061489,,,,,,
train,61,1504084,51872.5,0.058663,,,,,,
train,61,1504184,51875.3,0.055160,,,,,,
train,61,1504284,51878.2,0.062398,,,,,,
train,61,1504384,51881.1,0.061405,,,,,,
train,61,1504484,51883.9,0.057210,,,,,,
train,61,1504584,51886.8,0.056612,,,,,,
train,61,1504684,51889.6,0.055819,,,,,,
train,61,1504784,51892.5,0.059669,,,,,,
train,61,1504884,51895.4,0.057984,,,,,,
train,61,1504984,51898.2,0.059001,,,,,,
train,61,1505084,51901.1,0.055606,,,,,,
train,61,1505184,51904.0,0.057189,,,,,,
train,61,1505284,51906.8,0.058978,,,,,,
train,61,1505384,51909.7,0.062772,,,,,,
train,61,1505484,51912.6,0.059983,,,,,,
train,61,1505584,51915.4,0.058538,,,,,,
train,61,1505684,51918.3,0.062637,,,,,,
train,61,1505784,51921.1,0.062734,,,,,,
train,61,1505884,51924.0,0.060565,,,,,,
train,61,1505984,51926.9,0.059229,,,,,,
train,61,1506084,51929.7,0.056146,,,,,,
train,61,1506184,51932.6,0.052348,,,,,,
train,61,1506284,51935.5,0.058008,,,,,,
train,61,1506384,51938.3,0.059855,,,,,,
train,61,1506484,51941.2,0.064832,,,,,,
train,61,1506584,51944.0,0.056529,,,,,,
train,61,1506684,51946.9,0.062018,,,,,,
train,61,1506784,51949.8,0.061774,,,,,,
train,61,1506884,51952.6,0.061600,,,,,,
train,61,1506984,51955.5,0.058192,,,,,,
train,61,1507084,51958.4,0.064765,,,,,,
train,61,1507184,51961.2,0.060256,,,,,,
train,61,1507284,51964.1,0.053760,,,,,,
train,61,1507384,51966.9,0.059190,,,,,,
train,61,1507484,51969.8,0.057545,,,,,,
train,61,1507584,51972.7,0.054703,,,,,,
train,61,1507684,51975.5,0.063006,,,,,,
train,61,1507784,51978.4,0.062175,,,,,,
train,61,1507884,51981.3,0.057865,,,,,,
train,61,1507984,51984.1,0.062428,,,,,,
train,61,1508084,51987.0,0.059924,,,,,,
train,61,1508184,51989.9,0.065473,,,,,,
train,61,1508284,51992.7,0.059162,,,,,,
train,61,1508384,51995.6,0.058528,,,,,,
train,61,1508484,51998.5,0.057155,,,,,,
train,61,1508584,52001.3,0.060505,,,,,,
train,61,1508684,52004.2,0.061262,,,,,,
train,61,1508784,52007.1,0.060988,,,,,,
train,61,1508884,52009.9,0.055870,,,,,,
train,61,1508984,52012.8,0.059815,,,,,,
train,61,1509084,52015.6,0.062415,,,,,,
train,61,1509184,52018.5,0.059721,,,,,,
train,61,1509284,52021.3,0.057753,,,,,,
train,61,1509384,52024.2,0.060657,,,,,,
train,61,1509484,52027.1,0.061046,,,,,,
train,61,1509584,52029.9,0.053817,,,,,,
train,61,1509684,52032.8,0.062193,,,,,,
train,61,1509784,52035.6,0.062914,,,,,,
train,61,1509884,52038.5,0.058419,,,,,,
train,61,1509984,52041.4,0.059237,,,,,,
train,61,1510084,52044.2,0.056724,,,,,,
train,61,1510184,52047.1,0.057441,,,,,,
train,61,1510284,52049.9,0.061096,,,,,,
train,61,1510384,52052.8,0.057760,,,,,,
train,61,1510484,52055.7,0.058838,,,,,,
train,61,1510584,52058.5,0.060474,,,,,,
train,61,1510684,52061.4,0.059549,,,,,,
train,61,1510784,52064.2,0.062707,,,,,,
train,61,1510884,52067.1,0.057523,,,,,,
train,61,1510984,52070.0,0.058005,,,,,,
train,61,1511084,52072.8,0.057147,,,,,,
train,61,1511184,52075.7,0.061444,,,,,,
train,61,1511284,52078.6,0.059384,,,,,,
train,61,1511384,52081.4,0.061298,,,,,,
train,61,1511484,52084.3,0.060494,,,,,,
train,61,1511584,52087.1,0.063489,,,,,,
train,61,1511684,52090.0,0.061266,,,,,,
train,61,1511784,52092.9,0.062066,,,,,,
train,61,1511884,52095.7,0.060886,,,,,,
train,61,1511984,52098.6,0.060996,,,,,,
train,61,1512084,52101.4,0.059811,,,,,,
train,61,1512184,52104.3,0.057470,,,,,,
train,61,1512284,52107.2,0.063894,,,,,,
train,61,1512384,52110.0,0.062052,,,,,,
train,61,1512484,52112.9,0.060883,,,,,,
train,61,1512584,52115.7,0.060867,,,,,,
train,61,1512684,52118.6,0.060429,,,,,,
train,61,1512784,52121.5,0.054886,,,,,,
train,61,1512884,52124.3,0.058421,,,,,,
train,61,1512984,52127.2,0.059559,,,,,,
train,61,1513084,52130.1,0.058469,,,,,,
train,61,1513184,52133.0,0.058853,,,,,,
train,61,1513284,52135.8,0.056413,,,,,,
train,61,1513384,52138.7,0.060349,,,,,,
train,61,1513484,52141.5,0.061711,,,,,,
train,61,1513584,52144.4,0.055190,,,,,,
train,61,1513684,52147.3,0.057329,,,,,,
train,61,1513784,52150.1,0.054529,,,,,,
train,61,1513884,52153.0,0.056607,,,,,,
train,61,1513984,52155.9,0.059706,,,,,,
train,61,1514084,52158.7,0.059467,,,,,,
train,61,1514184,52161.6,0.057394,,,,,,
train,61,1514284,52164.5,0.059559,,,,,,
train,61,1514384,52167.3,0.060189,,,,,,
train,61,1514484,52170.2,0.060893,,,,,,
train,61,1514584,52173.1,0.059070,,,,,,
train,61,1514684,52175.9,0.063410,,,,,,
train,61,1514784,52178.8,0.054521,,,,,,
train,61,1514884,52181.6,0.057498,,,,,,
train,61,1514984,52184.5,0.059741,,,,,,
train,61,1515084,52187.4,0.059154,,,,,,
train,61,1515184,52190.2,0.059126,,,,,,
train,61,1515284,52193.1,0.054331,,,,,,
train,61,1515384,52196.0,0.060910,,,,,,
train,61,1515484,52198.8,0.059785,,,,,,
val,61,,52343.5,0.059603,0.003941,0.000033,0.010657,0.048762,35.7089,0.954122
train,62,1515628,52347.6,0.060126,,,,,,
train,62,1515728,52350.5,0.056340,,,,,,
train,62,1515828,52353.3,0.060302,,,,,,
train,62,1515928,52356.2,0.059179,,,,,,
train,62,1516028,52359.1,0.061786,,,,,,
train,62,1516128,52361.9,0.060358,,,,,,
train,62,1516228,52364.8,0.060941,,,,,,
train,62,1516328,52367.6,0.059745,,,,,,
train,62,1516428,52370.5,0.062381,,,,,,
train,62,1516528,52373.4,0.059459,,,,,,
train,62,1516628,52376.2,0.055197,,,,,,
train,62,1516728,52379.1,0.058693,,,,,,
train,62,1516828,52381.9,0.056400,,,,,,
train,62,1516928,52384.8,0.062827,,,,,,
train,62,1517028,52387.7,0.059035,,,,,,
train,62,1517128,52390.5,0.062074,,,,,,
train,62,1517228,52393.4,0.061561,,,,,,
train,62,1517328,52396.2,0.059500,,,,,,
train,62,1517428,52399.1,0.055086,,,,,,
train,62,1517528,52402.1,0.059446,,,,,,
train,62,1517628,52405.0,0.058504,,,,,,
train,62,1517728,52407.8,0.058443,,,,,,
train,62,1517828,52410.7,0.060679,,,,,,
train,62,1517928,52413.6,0.059450,,,,,,
train,62,1518028,52416.4,0.056067,,,,,,
train,62,1518128,52419.3,0.058552,,,,,,
train,62,1518228,52422.1,0.061199,,,,,,
train,62,1518328,52425.0,0.061908,,,,,,
train,62,1518428,52427.8,0.059389,,,,,,
train,62,1518528,52430.7,0.057890,,,,,,
train,62,1518628,52433.6,0.054918,,,,,,
train,62,1518728,52436.5,0.060543,,,,,,
train,62,1518828,52439.3,0.061483,,,,,,
train,62,1518928,52442.2,0.058132,,,,,,
train,62,1519028,52445.0,0.061646,,,,,,
train,62,1519128,52447.9,0.060537,,,,,,
train,62,1519228,52450.7,0.059778,,,,,,
train,62,1519328,52453.6,0.062470,,,,,,
train,62,1519428,52456.5,0.061833,,,,,,
train,62,1519528,52459.3,0.057085,,,,,,
train,62,1519628,52462.2,0.057687,,,,,,
train,62,1519728,52465.1,0.053897,,,,,,
train,62,1519828,52467.9,0.061574,,,,,,
train,62,1519928,52470.8,0.060260,,,,,,
train,62,1520028,52473.6,0.061122,,,,,,
train,62,1520128,52476.5,0.061882,,,,,,
train,62,1520228,52479.3,0.057817,,,,,,
train,62,1520328,52482.2,0.062073,,,,,,
train,62,1520428,52485.1,0.064437,,,,,,
train,62,1520528,52487.9,0.061424,,,,,,
train,62,1520628,52490.8,0.060652,,,,,,
train,62,1520728,52493.6,0.058144,,,,,,
train,62,1520828,52496.5,0.056332,,,,,,
train,62,1520928,52499.3,0.059447,,,,,,
train,62,1521028,52502.2,0.060398,,,,,,
train,62,1521128,52505.0,0.063812,,,,,,
train,62,1521228,52507.9,0.057579,,,,,,
train,62,1521328,52510.8,0.058056,,,,,,
train,62,1521428,52513.6,0.062944,,,,,,
train,62,1521528,52516.5,0.059168,,,,,,
train,62,1521628,52519.3,0.063478,,,,,,
train,62,1521728,52522.2,0.053513,,,,,,
train,62,1521828,52525.1,0.061147,,,,,,
train,62,1521928,52527.9,0.059249,,,,,,
train,62,1522028,52530.8,0.057156,,,,,,
train,62,1522128,52533.6,0.062015,,,,,,
train,62,1522228,52536.5,0.061568,,,,,,
train,62,1522328,52539.4,0.060160,,,,,,
train,62,1522428,52542.2,0.060805,,,,,,
train,62,1522528,52545.1,0.060275,,,,,,
train,62,1522628,52547.9,0.060013,,,,,,
train,62,1522728,52550.8,0.060006,,,,,,
train,62,1522828,52553.7,0.062227,,,,,,
train,62,1522928,52556.5,0.059811,,,,,,
train,62,1523028,52559.4,0.058651,,,,,,
train,62,1523128,52562.2,0.056620,,,,,,
train,62,1523228,52565.1,0.055792,,,,,,
train,62,1523328,52568.0,0.055618,,,,,,
train,62,1523428,52570.8,0.057408,,,,,,
train,62,1523528,52573.7,0.060322,,,,,,
train,62,1523628,52576.5,0.059748,,,,,,
train,62,1523728,52579.4,0.064734,,,,,,
train,62,1523828,52582.2,0.058406,,,,,,
train,62,1523928,52585.1,0.056998,,,,,,
train,62,1524028,52588.0,0.058002,,,,,,
train,62,1524128,52590.8,0.061509,,,,,,
train,62,1524228,52593.7,0.061319,,,,,,
train,62,1524328,52596.5,0.057493,,,,,,
train,62,1524428,52599.4,0.062164,,,,,,
train,62,1524528,52602.3,0.060346,,,,,,
train,62,1524628,52605.1,0.060176,,,,,,
train,62,1524728,52608.0,0.055670,,,,,,
train,62,1524828,52610.8,0.061784,,,,,,
train,62,1524928,52613.7,0.061682,,,,,,
train,62,1525028,52616.6,0.059635,,,,,,
train,62,1525128,52619.4,0.059522,,,,,,
train,62,1525228,52622.3,0.060463,,,,,,
train,62,1525328,52625.1,0.059926,,,,,,
train,62,1525428,52628.0,0.060259,,,,,,
train,62,1525528,52630.9,0.061279,,,,,,
train,62,1525628,52633.7,0.061508,,,,,,
train,62,1525728,52636.6,0.057595,,,,,,
train,62,1525828,52639.4,0.055809,,,,,,
train,62,1525928,52642.3,0.063455,,,,,,
train,62,1526028,52645.1,0.060998,,,,,,
train,62,1526128,52648.0,0.058585,,,,,,
train,62,1526228,52650.8,0.053157,,,,,,
train,62,1526328,52653.7,0.059582,,,,,,
train,62,1526428,52656.5,0.057668,,,,,,
train,62,1526528,52659.4,0.059249,,,,,,
train,62,1526628,52662.3,0.056911,,,,,,
train,62,1526728,52665.1,0.058787,,,,,,
train,62,1526828,52668.0,0.059196,,,,,,
train,62,1526928,52670.8,0.054771,,,,,,
train,62,1527028,52673.7,0.061068,,,,,,
train,62,1527128,52676.5,0.059371,,,,,,
train,62,1527228,52679.4,0.062657,,,,,,
train,62,1527328,52682.3,0.062099,,,,,,
train,62,1527428,52685.1,0.058773,,,,,,
train,62,1527528,52688.0,0.062970,,,,,,
train,62,1527628,52690.8,0.063531,,,,,,
train,62,1527728,52693.7,0.055724,,,,,,
train,62,1527828,52696.6,0.061091,,,,,,
train,62,1527928,52699.4,0.055475,,,,,,
train,62,1528028,52702.3,0.060699,,,,,,
train,62,1528128,52705.1,0.059795,,,,,,
train,62,1528228,52708.0,0.057535,,,,,,
train,62,1528328,52710.8,0.058216,,,,,,
train,62,1528428,52713.7,0.057396,,,,,,
train,62,1528528,52716.5,0.063355,,,,,,
train,62,1528628,52719.4,0.054877,,,,,,
train,62,1528728,52722.3,0.059865,,,,,,
train,62,1528828,52725.1,0.057921,,,,,,
train,62,1528928,52728.0,0.060474,,,,,,
train,62,1529028,52730.8,0.056378,,,,,,
train,62,1529128,52733.7,0.055142,,,,,,
train,62,1529228,52736.6,0.064366,,,,,,
train,62,1529328,52739.4,0.060253,,,,,,
train,62,1529428,52742.3,0.062004,,,,,,
train,62,1529528,52745.1,0.057736,,,,,,
train,62,1529628,52748.0,0.056765,,,,,,
train,62,1529728,52750.9,0.062379,,,,,,
train,62,1529828,52753.7,0.060326,,,,,,
train,62,1529928,52756.6,0.059037,,,,,,
train,62,1530028,52759.5,0.060395,,,,,,
train,62,1530128,52762.3,0.055047,,,,,,
train,62,1530228,52765.2,0.058861,,,,,,
train,62,1530328,52768.0,nan,,,,,,
train,62,1530428,52770.9,0.062721,,,,,,
train,62,1530528,52773.8,0.060655,,,,,,
train,62,1530628,52776.6,0.057658,,,,,,
train,62,1530728,52779.5,0.059055,,,,,,
train,62,1530828,52782.3,0.057076,,,,,,
train,62,1530928,52785.2,0.059194,,,,,,
train,62,1531028,52788.0,0.062457,,,,,,
train,62,1531128,52790.9,0.058594,,,,,,
train,62,1531228,52793.8,0.058842,,,,,,
train,62,1531328,52796.6,0.061452,,,,,,
train,62,1531428,52799.5,0.060643,,,,,,
train,62,1531528,52802.3,0.057951,,,,,,
train,62,1531628,52805.3,0.057383,,,,,,
train,62,1531728,52808.2,0.059567,,,,,,
train,62,1531828,52811.1,0.057836,,,,,,
train,62,1531928,52813.9,0.062889,,,,,,
train,62,1532028,52816.8,0.055059,,,,,,
train,62,1532128,52819.6,0.062109,,,,,,
train,62,1532228,52822.5,0.058044,,,,,,
train,62,1532328,52825.4,0.061511,,,,,,
train,62,1532428,52828.2,0.059740,,,,,,
train,62,1532528,52831.1,0.057637,,,,,,
train,62,1532628,52834.1,0.056412,,,,,,
train,62,1532728,52837.0,0.056537,,,,,,
train,62,1532828,52839.8,0.059969,,,,,,
train,62,1532928,52842.7,0.057031,,,,,,
train,62,1533028,52845.5,0.064276,,,,,,
train,62,1533128,52848.4,0.059469,,,,,,
train,62,1533228,52851.3,0.059455,,,,,,
train,62,1533328,52854.1,0.061919,,,,,,
train,62,1533428,52857.0,0.057303,,,,,,
train,62,1533528,52859.8,0.060693,,,,,,
train,62,1533628,52862.7,0.064619,,,,,,
train,62,1533728,52865.5,0.060033,,,,,,
train,62,1533828,52868.4,0.057912,,,,,,
train,62,1533928,52871.2,0.059071,,,,,,
train,62,1534028,52874.1,0.057979,,,,,,
train,62,1534128,52877.0,0.063912,,,,,,
train,62,1534228,52879.8,0.055994,,,,,,
train,62,1534328,52882.7,0.055828,,,,,,
train,62,1534428,52885.5,0.059526,,,,,,
train,62,1534528,52888.4,0.057973,,,,,,
train,62,1534628,52891.2,0.056828,,,,,,
train,62,1534728,52894.1,0.055914,,,,,,
train,62,1534828,52897.0,0.058726,,,,,,
train,62,1534928,52899.8,0.055512,,,,,,
train,62,1535028,52902.7,0.055599,,,,,,
train,62,1535128,52905.5,0.060038,,,,,,
train,62,1535228,52908.4,0.055140,,,,,,
train,62,1535328,52911.2,0.060065,,,,,,
train,62,1535428,52914.1,0.058091,,,,,,
train,62,1535528,52917.0,0.060053,,,,,,
train,62,1535628,52919.8,0.058291,,,,,,
train,62,1535728,52922.7,0.062220,,,,,,
train,62,1535828,52925.5,0.057272,,,,,,
train,62,1535928,52928.4,0.057322,,,,,,
train,62,1536028,52931.2,0.061396,,,,,,
train,62,1536128,52934.1,0.064012,,,,,,
train,62,1536228,52937.0,0.057282,,,,,,
train,62,1536328,52939.8,0.059790,,,,,,
train,62,1536428,52942.7,0.060216,,,,,,
train,62,1536528,52945.5,0.055445,,,,,,
train,62,1536628,52948.4,0.059345,,,,,,
train,62,1536728,52951.2,0.061046,,,,,,
train,62,1536828,52954.1,0.059852,,,,,,
train,62,1536928,52957.0,0.059306,,,,,,
train,62,1537028,52959.8,0.065072,,,,,,
train,62,1537128,52962.7,0.058583,,,,,,
train,62,1537228,52965.5,0.063197,,,,,,
train,62,1537328,52968.4,0.060909,,,,,,
train,62,1537428,52971.3,0.060911,,,,,,
train,62,1537528,52974.1,0.058884,,,,,,
train,62,1537628,52977.0,0.059921,,,,,,
train,62,1537728,52979.8,0.057392,,,,,,
train,62,1537828,52982.7,0.056899,,,,,,
train,62,1537928,52985.5,0.062513,,,,,,
train,62,1538028,52988.4,0.063051,,,,,,
train,62,1538128,52991.2,0.054514,,,,,,
train,62,1538228,52994.1,0.061217,,,,,,
train,62,1538328,52997.0,0.056688,,,,,,
train,62,1538428,52999.8,0.056824,,,,,,
train,62,1538528,53002.7,0.059948,,,,,,
train,62,1538628,53005.6,0.056326,,,,,,
train,62,1538728,53008.4,0.061244,,,,,,
train,62,1538828,53011.3,0.060347,,,,,,
train,62,1538928,53014.1,0.059452,,,,,,
train,62,1539028,53017.0,0.058092,,,,,,
train,62,1539128,53019.9,0.065670,,,,,,
train,62,1539228,53022.7,0.063967,,,,,,
train,62,1539328,53025.6,0.055559,,,,,,
train,62,1539428,53028.4,0.055753,,,,,,
train,62,1539528,53031.3,0.056446,,,,,,
train,62,1539628,53034.2,0.066046,,,,,,
train,62,1539728,53037.0,0.054642,,,,,,
train,62,1539828,53039.9,0.059048,,,,,,
train,62,1539928,53042.7,0.056188,,,,,,
val,62,,53187.6,0.059616,0.003939,0.000033,0.010632,0.048821,35.7181,0.954126
train,63,1540072,53191.2,0.058027,,,,,,
train,63,1540172,53194.1,0.060700,,,,,,
train,63,1540272,53197.0,0.058202,,,,,,
train,63,1540372,53199.8,0.056122,,,,,,
train,63,1540472,53202.7,0.059239,,,,,,
train,63,1540572,53205.6,0.059305,,,,,,
train,63,1540672,53208.4,0.060465,,,,,,
train,63,1540772,53211.3,0.057919,,,,,,
train,63,1540872,53214.2,0.062661,,,,,,
train,63,1540972,53217.0,0.061811,,,,,,
train,63,1541072,53219.9,0.058374,,,,,,
train,63,1541172,53222.9,0.055780,,,,,,
train,63,1541272,53230.8,0.057955,,,,,,
train,63,1541372,53233.8,0.060356,,,,,,
train,63,1541472,53236.6,0.054627,,,,,,
train,63,1541572,53239.5,0.061784,,,,,,
train,63,1541672,53242.4,0.060680,,,,,,
train,63,1541772,53245.3,0.059261,,,,,,
train,63,1541872,53248.1,0.056163,,,,,,
train,63,1541972,53251.0,0.063344,,,,,,
train,63,1542072,53253.9,0.058982,,,,,,
train,63,1542172,53256.7,0.061656,,,,,,
train,63,1542272,53259.6,0.052827,,,,,,
train,63,1542372,53262.5,0.059498,,,,,,
train,63,1542472,53265.3,0.057506,,,,,,
train,63,1542572,53268.2,0.057282,,,,,,
train,63,1542672,53271.1,0.058901,,,,,,
train,63,1542772,53273.9,0.057880,,,,,,
train,63,1542872,53276.8,0.058589,,,,,,
train,63,1542972,53279.7,0.061189,,,,,,
train,63,1543072,53282.5,0.062305,,,,,,
train,63,1543172,53285.4,0.057312,,,,,,
train,63,1543272,53288.3,0.059588,,,,,,
train,63,1543372,53291.2,0.058929,,,,,,
train,63,1543472,53294.0,0.058327,,,,,,
train,63,1543572,53296.9,0.060861,,,,,,
train,63,1543672,53299.8,0.055202,,,,,,
train,63,1543772,53302.6,0.060030,,,,,,
train,63,1543872,53305.5,0.057654,,,,,,
train,63,1543972,53308.3,0.056899,,,,,,
train,63,1544072,53311.2,0.054405,,,,,,
train,63,1544172,53314.1,0.061971,,,,,,
train,63,1544272,53316.9,0.054258,,,,,,
train,63,1544372,53319.8,0.059288,,,,,,
train,63,1544472,53322.7,0.058477,,,,,,
train,63,1544572,53325.5,0.058766,,,,,,
train,63,1544672,53328.4,0.057596,,,,,,
train,63,1544772,53331.3,0.060711,,,,,,
train,63,1544872,53334.1,0.059474,,,,,,
train,63,1544972,53337.0,0.063246,,,,,,
train,63,1545072,53339.9,0.063224,,,,,,
train,63,1545172,53342.7,0.060862,,,,,,
train,63,1545272,53345.6,0.058434,,,,,,
train,63,1545372,53348.5,0.058727,,,,,,
train,63,1545472,53351.3,0.058004,,,,,,
train,63,1545572,53354.2,0.061669,,,,,,
train,63,1545672,53357.1,0.057903,,,,,,
train,63,1545772,53360.0,0.059468,,,,,,
train,63,1545872,53362.8,0.056881,,,,,,
train,63,1545972,53365.7,0.057483,,,,,,
train,63,1546072,53368.6,0.063895,,,,,,
train,63,1546172,53371.4,0.062697,,,,,,
train,63,1546272,53374.3,0.060466,,,,,,
train,63,1546372,53377.2,0.057001,,,,,,
train,63,1546472,53380.0,0.065676,,,,,,
train,63,1546572,53382.9,0.058046,,,,,,
train,63,1546672,53385.8,0.065570,,,,,,
train,63,1546772,53388.6,0.061879,,,,,,
train,63,1546872,53391.5,0.057189,,,,,,
train,63,1546972,53394.4,0.059798,,,,,,
train,63,1547072,53397.3,0.059966,,,,,,
train,63,1547172,53400.1,0.061205,,,,,,
train,63,1547272,53403.0,0.057591,,,,,,
train,63,1547372,53405.9,0.056121,,,,,,
train,63,1547472,53408.7,0.058939,,,,,,
train,63,1547572,53411.6,0.060782,,,,,,
train,63,1547672,53414.5,0.058157,,,,,,
train,63,1547772,53417.3,0.055196,,,,,,
train,63,1547872,53420.2,0.057111,,,,,,
train,63,1547972,53423.1,0.066225,,,,,,
train,63,1548072,53425.9,0.057903,,,,,,
train,63,1548172,53428.8,0.059147,,,,,,
train,63,1548272,53431.7,0.058532,,,,,,
train,63,1548372,53434.5,0.055527,,,,,,
train,63,1548472,53437.4,0.060600,,,,,,
train,63,1548572,53440.3,0.057740,,,,,,
train,63,1548672,53443.2,0.060760,,,,,,
train,63,1548772,53446.0,0.060475,,,,,,
train,63,1548872,53448.9,0.055985,,,,,,
train,63,1548972,53451.8,0.059017,,,,,,
train,63,1549072,53454.6,0.057253,,,,,,
train,63,1549172,53457.5,0.058553,,,,,,
train,63,1549272,53460.4,0.059994,,,,,,
train,63,1549372,53463.2,0.058716,,,,,,
train,63,1549472,53466.1,0.060876,,,,,,
train,63,1549572,53469.0,0.059200,,,,,,
train,63,1549672,53471.8,0.063750,,,,,,
train,63,1549772,53474.7,0.060371,,,,,,
train,63,1549872,53477.6,0.057636,,,,,,
train,63,1549972,53480.5,0.059482,,,,,,
train,63,1550072,53483.3,0.061650,,,,,,
train,63,1550172,53486.2,0.057036,,,,,,
train,63,1550272,53489.1,0.061579,,,,,,
train,63,1550372,53491.9,0.058543,,,,,,
train,63,1550472,53494.8,0.060889,,,,,,
train,63,1550572,53497.7,0.059937,,,,,,
train,63,1550672,53500.5,0.056030,,,,,,
train,63,1550772,53503.4,0.057614,,,,,,
train,63,1550872,53506.3,0.059190,,,,,,
train,63,1550972,53509.2,0.062678,,,,,,
train,63,1551072,53512.0,0.058395,,,,,,
train,63,1551172,53514.9,0.053461,,,,,,
train,63,1551272,53517.8,0.057616,,,,,,
train,63,1551372,53520.6,0.058037,,,,,,
train,63,1551472,53523.5,0.058043,,,,,,
train,63,1551572,53526.4,0.061954,,,,,,
train,63,1551672,53529.2,0.061257,,,,,,
train,63,1551772,53532.1,0.061487,,,,,,
train,63,1551872,53535.0,0.059105,,,,,,
train,63,1551972,53537.8,0.058069,,,,,,
train,63,1552072,53540.7,0.061334,,,,,,
train,63,1552172,53543.6,0.052674,,,,,,
train,63,1552272,53546.4,0.063948,,,,,,
train,63,1552372,53549.3,0.062143,,,,,,
train,63,1552472,53552.2,0.060008,,,,,,
train,63,1552572,53555.0,0.058856,,,,,,
train,63,1552672,53557.9,0.057635,,,,,,
train,63,1552772,53560.7,0.059832,,,,,,
train,63,1552872,53563.6,0.062309,,,,,,
train,63,1552972,53566.5,0.056889,,,,,,
train,63,1553072,53569.3,0.059642,,,,,,
train,63,1553172,53572.2,0.058092,,,,,,
train,63,1553272,53575.1,0.056791,,,,,,
train,63,1553372,53578.0,0.058144,,,,,,
train,63,1553472,53580.8,0.059678,,,,,,
train,63,1553572,53584.3,0.057061,,,,,,
train,63,1553672,53587.2,0.062052,,,,,,
train,63,1553772,53590.0,0.061958,,,,,,
train,63,1553872,53592.9,0.058263,,,,,,
train,63,1553972,53595.8,0.057233,,,,,,
train,63,1554072,53598.6,0.063145,,,,,,
train,63,1554172,53601.5,0.059947,,,,,,
train,63,1554272,53604.4,0.058914,,,,,,
train,63,1554372,53607.2,0.059680,,,,,,
train,63,1554472,53610.2,0.064280,,,,,,
train,63,1554572,53613.0,0.058703,,,,,,
train,63,1554672,53615.9,0.061198,,,,,,
train,63,1554772,53618.8,0.058730,,,,,,
train,63,1554872,53621.6,0.062745,,,,,,
train,63,1554972,53624.5,0.057586,,,,,,
train,63,1555072,53627.4,0.060007,,,,,,
train,63,1555172,53630.3,0.061380,,,,,,
train,63,1555272,53633.1,0.059888,,,,,,
train,63,1555372,53636.0,0.059607,,,,,,
train,63,1555472,53638.9,0.061327,,,,,,
train,63,1555572,53641.7,0.063913,,,,,,
train,63,1555672,53644.6,0.057064,,,,,,
train,63,1555772,53647.5,0.061825,,,,,,
train,63,1555872,53650.4,0.059673,,,,,,
train,63,1555972,53653.2,0.058991,,,,,,
train,63,1556072,53656.1,0.062333,,,,,,
train,63,1556172,53659.0,0.059946,,,,,,
train,63,1556272,53661.8,0.056763,,,,,,
train,63,1556372,53664.7,0.055146,,,,,,
train,63,1556472,53667.6,0.056996,,,,,,
train,63,1556572,53670.4,0.054342,,,,,,
train,63,1556672,53673.3,0.061774,,,,,,
train,63,1556772,53676.2,0.059862,,,,,,
train,63,1556872,53679.1,0.056089,,,,,,
train,63,1556972,53681.9,0.064373,,,,,,
train,63,1557072,53684.8,0.056174,,,,,,
train,63,1557172,53687.7,0.053844,,,,,,
train,63,1557272,53690.5,0.057869,,,,,,
train,63,1557372,53693.4,0.060793,,,,,,
train,63,1557472,53696.3,0.060337,,,,,,
train,63,1557572,53699.1,0.059211,,,,,,
train,63,1557672,53702.0,0.058663,,,,,,
train,63,1557772,53704.9,0.061263,,,,,,
train,63,1557872,53707.9,0.057123,,,,,,
train,63,1557972,53710.7,0.058633,,,,,,
train,63,1558072,53713.6,0.058342,,,,,,
train,63,1558172,53716.5,0.059061,,,,,,
train,63,1558272,53719.3,0.061804,,,,,,
train,63,1558372,53722.2,0.059612,,,,,,
train,63,1558472,53725.1,0.057193,,,,,,
train,63,1558572,53727.9,0.059426,,,,,,
train,63,1558672,53730.8,0.058549,,,,,,
train,63,1558772,53733.7,0.058492,,,,,,
train,63,1558872,53736.5,0.055711,,,,,,
train,63,1558972,53739.4,0.058436,,,,,,
train,63,1559072,53742.3,0.060906,,,,,,
train,63,1559172,53745.1,0.061270,,,,,,
train,63,1559272,53748.0,0.057714,,,,,,
train,63,1559372,53750.9,0.053205,,,,,,
train,63,1559472,53753.7,0.062283,,,,,,
train,63,1559572,53756.6,0.059857,,,,,,
train,63,1559672,53759.5,0.062587,,,,,,
train,63,1559772,53762.3,0.060870,,,,,,
train,63,1559872,53765.2,0.062340,,,,,,
train,63,1559972,53768.1,0.063825,,,,,,
train,63,1560072,53770.9,0.061602,,,,,,
train,63,1560172,53773.8,0.057194,,,,,,
train,63,1560272,53776.7,0.056894,,,,,,
train,63,1560372,53779.5,0.057027,,,,,,
train,63,1560472,53782.4,0.057891,,,,,,
train,63,1560572,53785.3,0.059104,,,,,,
train,63,1560672,53788.1,0.055457,,,,,,
train,63,1560772,53791.0,0.060136,,,,,,
train,63,1560872,53793.9,0.054928,,,,,,
train,63,1560972,53796.8,0.055402,,,,,,
train,63,1561072,53799.6,0.057835,,,,,,
train,63,1561172,53802.5,0.058909,,,,,,
train,63,1561272,53805.4,0.057818,,,,,,
train,63,1561372,53808.2,0.059481,,,,,,
train,63,1561472,53811.1,0.064915,,,,,,
train,63,1561572,53814.0,0.058049,,,,,,
train,63,1561672,53816.8,0.057251,,,,,,
train,63,1561772,53819.7,0.056170,,,,,,
train,63,1561872,53822.6,0.057366,,,,,,
train,63,1561972,53825.4,0.057164,,,,,,
train,63,1562072,53828.3,0.061124,,,,,,
train,63,1562172,53831.2,0.058614,,,,,,
train,63,1562272,53834.1,0.057450,,,,,,
train,63,1562372,53836.9,0.060493,,,,,,
train,63,1562472,53839.8,0.062773,,,,,,
train,63,1562572,53842.7,0.056926,,,,,,
train,63,1562672,53845.5,0.054531,,,,,,
train,63,1562772,53848.4,nan,,,,,,
train,63,1562872,53851.3,0.061119,,,,,,
train,63,1562972,53854.1,0.060837,,,,,,
train,63,1563072,53857.0,0.056949,,,,,,
train,63,1563172,53859.9,0.058102,,,,,,
train,63,1563272,53862.8,0.060537,,,,,,
train,63,1563372,53865.7,0.054021,,,,,,
train,63,1563472,53868.6,0.055624,,,,,,
train,63,1563572,53871.5,0.062795,,,,,,
train,63,1563672,53874.4,0.058140,,,,,,
train,63,1563772,53877.2,0.058520,,,,,,
train,63,1563872,53880.1,0.055363,,,,,,
train,63,1563972,53883.0,0.055966,,,,,,
train,63,1564072,53885.8,0.059624,,,,,,
train,63,1564172,53888.7,0.059038,,,,,,
train,63,1564272,53891.6,0.059321,,,,,,
train,63,1564372,53894.5,0.059533,,,,,,
val,63,,54039.2,0.059843,0.003935,0.000033,0.010623,0.048779,35.7333,0.954125
train,64,1564516,54042.8,0.058476,,,,,,
train,64,1564616,54045.6,0.056903,,,,,,
train,64,1564716,54048.5,0.062939,,,,,,
train,64,1564816,54051.4,0.059501,,,,,,
train,64,1564916,54054.2,0.061463,,,,,,
train,64,1565016,54057.1,0.060510,,,,,,
train,64,1565116,54059.9,0.056338,,,,,,
train,64,1565216,54062.8,0.062430,,,,,,
train,64,1565316,54065.9,0.058443,,,,,,
train,64,1565416,54068.8,0.061407,,,,,,
train,64,1565516,54071.6,0.057711,,,,,,
train,64,1565616,54074.5,0.058425,,,,,,
train,64,1565716,54077.3,0.057402,,,,,,
train,64,1565816,54080.2,0.058540,,,,,,
train,64,1565916,54083.1,0.058860,,,,,,
train,64,1566016,54085.9,0.056809,,,,,,
train,64,1566116,54088.8,0.055056,,,,,,
train,64,1566216,54091.6,0.059169,,,,,,
train,64,1566316,54094.5,0.061066,,,,,,
train,64,1566416,54097.3,0.057857,,,,,,
train,64,1566516,54100.2,0.061007,,,,,,
train,64,1566616,54103.1,0.058455,,,,,,
train,64,1566716,54105.9,0.062157,,,,,,
train,64,1566816,54108.8,0.062401,,,,,,
train,64,1566916,54111.6,0.057088,,,,,,
train,64,1567016,54114.5,0.060477,,,,,,
train,64,1567116,54117.3,0.057633,,,,,,
train,64,1567216,54120.2,0.056020,,,,,,
train,64,1567316,54123.1,0.059603,,,,,,
train,64,1567416,54125.9,0.058259,,,,,,
train,64,1567516,54128.8,0.058847,,,,,,
train,64,1567616,54131.6,0.059453,,,,,,
train,64,1567716,54134.5,0.054497,,,,,,
train,64,1567816,54137.3,0.057219,,,,,,
train,64,1567916,54140.2,0.057833,,,,,,
train,64,1568016,54143.1,0.058483,,,,,,
train,64,1568116,54145.9,0.058518,,,,,,
train,64,1568216,54148.8,0.060454,,,,,,
train,64,1568316,54151.6,0.059028,,,,,,
train,64,1568416,54154.5,0.058655,,,,,,
train,64,1568516,54157.3,0.060792,,,,,,
train,64,1568616,54160.2,0.062843,,,,,,
train,64,1568716,54163.0,0.061838,,,,,,
train,64,1568816,54165.9,0.057745,,,,,,
train,64,1568916,54168.7,0.059624,,,,,,
train,64,1569016,54171.6,0.054875,,,,,,
train,64,1569116,54174.4,0.064680,,,,,,
train,64,1569216,54177.3,0.060609,,,,,,
train,64,1569316,54180.2,0.057424,,,,,,
train,64,1569416,54183.0,0.056626,,,,,,
train,64,1569516,54185.9,0.056115,,,,,,
train,64,1569616,54188.7,0.057568,,,,,,
train,64,1569716,54191.6,0.062275,,,,,,
train,64,1569816,54194.4,0.055229,,,,,,
train,64,1569916,54197.3,0.058549,,,,,,
train,64,1570016,54200.1,0.059424,,,,,,
train,64,1570116,54203.0,0.060198,,,,,,
train,64,1570216,54205.8,0.055813,,,,,,
train,64,1570316,54208.7,0.059679,,,,,,
train,64,1570416,54211.5,0.062803,,,,,,
train,64,1570516,54214.4,0.055910,,,,,,
train,64,1570616,54217.2,0.063028,,,,,,
train,64,1570716,54220.1,0.056432,,,,,,
train,64,1570816,54223.0,0.057097,,,,,,
train,64,1570916,54225.8,0.059888,,,,,,
train,64,1571016,54228.7,0.059498,,,,,,
train,64,1571116,54231.5,0.055902,,,,,,
train,64,1571216,54234.4,0.059544,,,,,,
train,64,1571316,54237.2,0.059243,,,,,,
train,64,1571416,54240.1,0.061854,,,,,,
train,64,1571516,54243.0,nan,,,,,,
train,64,1571616,54245.8,0.059274,,,,,,
train,64,1571716,54248.7,0.057457,,,,,,
train,64,1571816,54251.5,0.057099,,,,,,
train,64,1571916,54254.4,0.061694,,,,,,
train,64,1572016,54257.2,0.062687,,,,,,
train,64,1572116,54260.1,0.066666,,,,,,
train,64,1572216,54263.0,0.058510,,,,,,
train,64,1572316,54265.8,0.059868,,,,,,
train,64,1572416,54268.7,0.057253,,,,,,
train,64,1572516,54271.5,0.050842,,,,,,
train,64,1572616,54274.4,0.059016,,,,,,
train,64,1572716,54277.2,0.062729,,,,,,
train,64,1572816,54280.1,0.060910,,,,,,
train,64,1572916,54283.0,0.056245,,,,,,
train,64,1573016,54285.8,0.058081,,,,,,
train,64,1573116,54288.7,0.058331,,,,,,
train,64,1573216,54291.5,0.063212,,,,,,
train,64,1573316,54294.4,0.058171,,,,,,
train,64,1573416,54297.3,0.060212,,,,,,
train,64,1573516,54300.1,0.059235,,,,,,
train,64,1573616,54303.0,0.061177,,,,,,
train,64,1573716,54305.8,0.053373,,,,,,
train,64,1573816,54308.7,0.062079,,,,,,
train,64,1573916,54311.5,0.062300,,,,,,
train,64,1574016,54314.4,0.062291,,,,,,
train,64,1574116,54317.3,0.063726,,,,,,
train,64,1574216,54320.1,0.060327,,,,,,
train,64,1574316,54323.0,0.061862,,,,,,
train,64,1574416,54325.8,0.059299,,,,,,
train,64,1574516,54328.7,0.062275,,,,,,
train,64,1574616,54331.5,0.062495,,,,,,
train,64,1574716,54334.4,0.062150,,,,,,
train,64,1574816,54337.3,0.060335,,,,,,
train,64,1574916,54340.2,0.056784,,,,,,
train,64,1575016,54343.3,0.061178,,,,,,
train,64,1575116,54346.1,0.061600,,,,,,
train,64,1575216,54349.0,0.056503,,,,,,
train,64,1575316,54351.8,0.058025,,,,,,
train,64,1575416,54354.8,0.056165,,,,,,
train,64,1575516,54357.6,0.058080,,,,,,
train,64,1575616,54360.5,0.059579,,,,,,
train,64,1575716,54363.3,0.060122,,,,,,
train,64,1575816,54366.2,0.056757,,,,,,
train,64,1575916,54369.0,0.057693,,,,,,
train,64,1576016,54371.9,0.061092,,,,,,
train,64,1576116,54374.7,0.061120,,,,,,
train,64,1576216,54377.6,0.065189,,,,,,
train,64,1576316,54380.5,0.055767,,,,,,
train,64,1576416,54383.3,0.060132,,,,,,
train,64,1576516,54386.2,0.058431,,,,,,
train,64,1576616,54389.0,0.057336,,,,,,
train,64,1576716,54391.9,0.059233,,,,,,
train,64,1576816,54394.7,0.058697,,,,,,
train,64,1576916,54397.6,0.058847,,,,,,
train,64,1577016,54400.4,0.057076,,,,,,
train,64,1577116,54403.4,0.059529,,,,,,
train,64,1577216,54406.2,0.055777,,,,,,
train,64,1577316,54409.1,0.057841,,,,,,
train,64,1577416,54411.9,0.055855,,,,,,
train,64,1577516,54414.8,0.057833,,,,,,
train,64,1577616,54417.7,0.059815,,,,,,
train,64,1577716,54420.5,0.060284,,,,,,
train,64,1577816,54423.4,0.056463,,,,,,
train,64,1577916,54426.2,0.063684,,,,,,
train,64,1578016,54429.1,0.059623,,,,,,
train,64,1578116,54432.0,0.058378,,,,,,
train,64,1578216,54434.8,0.058515,,,,,,
train,64,1578316,54437.7,0.057049,,,,,,
train,64,1578416,54440.5,0.056193,,,,,,
train,64,1578516,54443.4,0.056949,,,,,,
train,64,1578616,54446.3,0.058500,,,,,,
train,64,1578716,54449.1,0.060105,,,,,,
train,64,1578816,54452.0,0.062028,,,,,,
train,64,1578916,54454.8,0.059494,,,,,,
train,64,1579016,54457.7,0.057684,,,,,,
train,64,1579116,54460.5,0.060052,,,,,,
train,64,1579216,54463.4,0.057067,,,,,,
train,64,1579316,54466.3,0.059346,,,,,,
train,64,1579416,54469.1,0.059006,,,,,,
train,64,1579516,54472.0,0.054911,,,,,,
train,64,1579616,54474.8,0.056427,,,,,,
train,64,1579716,54477.7,0.058874,,,,,,
train,64,1579816,54480.5,0.061964,,,,,,
train,64,1579916,54483.4,0.063016,,,,,,
train,64,1580016,54486.3,0.056352,,,,,,
train,64,1580116,54489.1,0.055625,,,,,,
train,64,1580216,54492.0,0.060965,,,,,,
train,64,1580316,54494.8,0.057637,,,,,,
train,64,1580416,54497.7,0.057680,,,,,,
train,64,1580516,54500.5,0.058539,,,,,,
train,64,1580616,54503.4,0.059318,,,,,,
train,64,1580716,54506.3,0.060850,,,,,,
train,64,1580816,54509.1,0.060747,,,,,,
train,64,1580916,54512.0,0.057215,,,,,,
train,64,1581016,54514.8,0.058957,,,,,,
train,64,1581116,54517.7,0.055392,,,,,,
train,64,1581216,54520.5,0.061817,,,,,,
train,64,1581316,54523.4,0.056583,,,,,,
train,64,1581416,54526.3,0.061757,,,,,,
train,64,1581516,54529.1,0.057260,,,,,,
train,64,1581616,54532.0,0.060384,,,,,,
train,64,1581716,54534.8,0.063356,,,,,,
train,64,1581816,54537.7,0.059102,,,,,,
train,64,1581916,54540.5,0.055812,,,,,,
train,64,1582016,54543.4,0.058549,,,,,,
train,64,1582116,54546.3,0.065401,,,,,,
train,64,1582216,54549.1,0.061378,,,,,,
train,64,1582316,54552.0,0.063487,,,,,,
train,64,1582416,54554.8,0.056628,,,,,,
train,64,1582516,54557.7,0.061739,,,,,,
train,64,1582616,54560.5,0.058778,,,,,,
train,64,1582716,54563.4,0.056970,,,,,,
train,64,1582816,54566.3,0.060126,,,,,,
train,64,1582916,54569.1,0.055590,,,,,,
train,64,1583016,54572.0,0.059510,,,,,,
train,64,1583116,54574.8,0.060676,,,,,,
train,64,1583216,54577.9,0.057205,,,,,,
train,64,1583316,54580.8,0.059939,,,,,,
train,64,1583416,54583.6,0.055619,,,,,,
train,64,1583516,54586.5,0.058902,,,,,,
train,64,1583616,54589.3,0.059078,,,,,,
train,64,1583716,54592.2,0.059209,,,,,,
train,64,1583816,54595.1,0.059094,,,,,,
train,64,1583916,54597.9,0.059647,,,,,,
train,64,1584016,54600.8,0.060043,,,,,,
train,64,1584116,54603.6,0.058386,,,,,,
train,64,1584216,54606.5,0.060593,,,,,,
train,64,1584316,54609.3,0.058486,,,,,,
train,64,1584416,54612.2,0.058189,,,,,,
train,64,1584516,54615.0,0.055112,,,,,,
train,64,1584616,54617.9,0.060229,,,,,,
train,64,1584716,54620.7,0.057652,,,,,,
train,64,1584816,54623.6,0.058789,,,,,,
train,64,1584916,54626.4,0.057270,,,,,,
train,64,1585016,54629.3,0.061372,,,,,,
train,64,1585116,54632.2,0.059210,,,,,,
train,64,1585216,54635.0,0.057115,,,,,,
train,64,1585316,54637.9,0.054540,,,,,,
train,64,1585416,54640.7,0.052661,,,,,,
train,64,1585516,54643.6,0.060090,,,,,,
train,64,1585616,54646.4,0.058247,,,,,,
train,64,1585716,54649.3,0.056254,,,,,,
train,64,1585816,54652.1,0.062076,,,,,,
train,64,1585916,54655.0,0.059451,,,,,,
train,64,1586016,54657.9,0.058330,,,,,,
train,64,1586116,54660.7,0.060906,,,,,,
train,64,1586216,54663.6,0.058527,,,,,,
train,64,1586316,54666.4,0.057588,,,,,,
train,64,1586416,54669.3,0.057213,,,,,,
train,64,1586516,54672.1,0.057685,,,,,,
train,64,1586616,54675.0,0.054391,,,,,,
train,64,1586716,54677.8,0.064629,,,,,,
train,64,1586816,54680.7,0.056813,,,,,,
train,64,1586916,54683.6,0.057208,,,,,,
train,64,1587016,54686.4,0.056572,,,,,,
train,64,1587116,54689.3,0.058963,,,,,,
train,64,1587216,54692.1,0.061342,,,,,,
train,64,1587316,54695.0,0.056793,,,,,,
train,64,1587416,54697.8,0.061382,,,,,,
train,64,1587516,54700.7,0.056189,,,,,,
train,64,1587616,54703.5,0.054723,,,,,,
train,64,1587716,54706.4,0.057489,,,,,,
train,64,1587816,54709.3,0.059987,,,,,,
train,64,1587916,54712.1,0.060388,,,,,,
train,64,1588016,54715.0,0.061658,,,,,,
train,64,1588116,54717.8,0.061222,,,,,,
train,64,1588216,54720.7,0.058750,,,,,,
train,64,1588316,54723.5,0.057079,,,,,,
train,64,1588416,54726.4,0.061342,,,,,,
train,64,1588516,54729.3,0.061628,,,,,,
train,64,1588616,54732.1,0.058054,,,,,,
train,64,1588716,54735.0,0.058998,,,,,,
train,64,1588816,54737.8,0.061490,,,,,,
val,64,,54882.6,0.059455,0.003933,0.000033,0.010652,0.048730,35.7132,0.954164
train,65,1588960,54886.6,0.059390,,,,,,
train,65,1589060,54889.5,0.060555,,,,,,
train,65,1589160,54892.3,0.057626,,,,,,
train,65,1589260,54895.2,0.058319,,,,,,
train,65,1589360,54898.0,0.059535,,,,,,
train,65,1589460,54900.9,0.058836,,,,,,
train,65,1589560,54903.7,0.060061,,,,,,
train,65,1589660,54906.6,0.058215,,,,,,
train,65,1589760,54909.4,0.056392,,,,,,
train,65,1589860,54912.3,0.059958,,,,,,
train,65,1589960,54915.1,0.058031,,,,,,
train,65,1590060,54918.0,0.060423,,,,,,
train,65,1590160,54920.8,0.055418,,,,,,
train,65,1590260,54923.7,0.055962,,,,,,
train,65,1590360,54926.5,0.062314,,,,,,
train,65,1590460,54929.4,0.060693,,,,,,
train,65,1590560,54932.3,0.056203,,,,,,
train,65,1590660,54935.1,0.059780,,,,,,
train,65,1590760,54938.0,nan,,,,,,
train,65,1590860,54940.8,0.057110,,,,,,
train,65,1590960,54943.7,0.062070,,,,,,
train,65,1591060,54946.5,0.060973,,,,,,
train,65,1591160,54949.4,0.058804,,,,,,
train,65,1591260,54952.2,0.059747,,,,,,
train,65,1591360,54955.1,0.058292,,,,,,
train,65,1591460,54957.9,0.058479,,,,,,
train,65,1591560,54960.8,0.059069,,,,,,
train,65,1591660,54963.6,0.054561,,,,,,
train,65,1591760,54966.5,0.059069,,,,,,
train,65,1591860,54969.3,0.061096,,,,,,
train,65,1591960,54972.2,0.059087,,,,,,
train,65,1592060,54975.0,0.059311,,,,,,
train,65,1592160,54977.9,0.060871,,,,,,
train,65,1592260,54980.7,0.058742,,,,,,
train,65,1592360,54983.6,0.058204,,,,,,
train,65,1592460,54986.4,0.063833,,,,,,
train,65,1592560,54989.3,0.058190,,,,,,
train,65,1592660,54992.1,0.057827,,,,,,
train,65,1592760,54995.0,0.059829,,,,,,
train,65,1592860,54997.8,0.057232,,,,,,
train,65,1592960,55000.7,0.057513,,,,,,
train,65,1593060,55003.5,0.059863,,,,,,
train,65,1593160,55006.4,0.056569,,,,,,
train,65,1593260,55009.2,0.057491,,,,,,
train,65,1593360,55012.1,0.058927,,,,,,
train,65,1593460,55014.9,0.057391,,,,,,
train,65,1593560,55017.7,0.054732,,,,,,
train,65,1593660,55020.6,0.057354,,,,,,
train,65,1593760,55023.4,0.063134,,,,,,
train,65,1593860,55026.3,0.058470,,,,,,
train,65,1593960,55029.1,0.058230,,,,,,
train,65,1594060,55032.0,0.061040,,,,,,
train,65,1594160,55034.8,0.062218,,,,,,
train,65,1594260,55037.7,0.055105,,,,,,
train,65,1594360,55040.5,0.055924,,,,,,
train,65,1594460,55043.4,0.057508,,,,,,
train,65,1594560,55046.2,0.058378,,,,,,
train,65,1594660,55049.1,0.056100,,,,,,
train,65,1594760,55051.9,0.056939,,,,,,
train,65,1594860,55054.8,0.061083,,,,,,
train,65,1594960,55057.6,0.058809,,,,,,
train,65,1595060,55060.5,0.063687,,,,,,
train,65,1595160,55063.3,0.059643,,,,,,
train,65,1595260,55066.2,0.058895,,,,,,
train,65,1595360,55069.1,0.058571,,,,,,
train,65,1595460,55071.9,0.057824,,,,,,
train,65,1595560,55074.8,0.061289,,,,,,
train,65,1595660,55077.6,0.056106,,,,,,
train,65,1595760,55080.5,0.058847,,,,,,
train,65,1595860,55083.3,0.060676,,,,,,
train,65,1595960,55086.2,0.059276,,,,,,
train,65,1596060,55089.0,0.060246,,,,,,
train,65,1596160,55091.9,0.055826,,,,,,
train,65,1596260,55094.7,0.061009,,,,,,
train,65,1596360,55097.6,0.056259,,,,,,
train,65,1596460,55100.4,0.055820,,,,,,
train,65,1596560,55103.3,0.058424,,,,,,
train,65,1596660,55106.2,0.063108,,,,,,
train,65,1596760,55109.0,0.057597,,,,,,
train,65,1596860,55111.8,0.059250,,,,,,
train,65,1596960,55114.7,0.057834,,,,,,
train,65,1597060,55117.6,0.062486,,,,,,
train,65,1597160,55120.4,0.056623,,,,,,
train,65,1597260,55123.3,0.058002,,,,,,
train,65,1597360,55126.1,0.061726,,,,,,
train,65,1597460,55129.0,0.054881,,,,,,
train,65,1597560,55131.8,0.060023,,,,,,
train,65,1597660,55134.7,0.058358,,,,,,
train,65,1597760,55137.5,0.061895,,,,,,
train,65,1597860,55140.4,0.053675,,,,,,
train,65,1597960,55143.2,0.055890,,,,,,
train,65,1598060,55146.1,0.057009,,,,,,
train,65,1598160,55148.9,0.058698,,,,,,
train,65,1598260,55151.8,0.056581,,,,,,
train,65,1598360,55154.6,0.061099,,,,,,
train,65,1598460,55157.5,0.056809,,,,,,
train,65,1598560,55160.3,0.061673,,,,,,
train,65,1598660,55163.2,0.064850,,,,,,
train,65,1598760,55166.0,0.058502,,,,,,
train,65,1598860,55168.9,0.060498,,,,,,
train,65,1598960,55171.8,0.057775,,,,,,
train,65,1599060,55174.6,0.060059,,,,,,
train,65,1599160,55177.5,0.061164,,,,,,
train,65,1599260,55180.3,0.061312,,,,,,
train,65,1599360,55183.2,0.062804,,,,,,
train,65,1599460,55186.0,0.057863,,,,,,
train,65,1599560,55188.9,0.057103,,,,,,
train,65,1599660,55191.7,0.058160,,,,,,
train,65,1599760,55194.6,0.053821,,,,,,
train,65,1599860,55197.4,0.059476,,,,,,
train,65,1599960,55200.3,0.056831,,,,,,
train,65,1600060,55203.1,0.057640,,,,,,
train,65,1600160,55206.0,0.056623,,,,,,
train,65,1600260,55208.8,0.057236,,,,,,
train,65,1600360,55211.7,0.060505,,,,,,
train,65,1600460,55214.5,0.054776,,,,,,
train,65,1600560,55217.4,0.061238,,,,,,
train,65,1600660,55220.2,0.060357,,,,,,
train,65,1600760,55223.1,0.055685,,,,,,
train,65,1600860,55225.9,0.059700,,,,,,
train,65,1600960,55228.8,0.058774,,,,,,
train,65,1601060,55231.6,0.056339,,,,,,
train,65,1601160,55234.5,0.060581,,,,,,
train,65,1601260,55237.3,0.056138,,,,,,
train,65,1601360,55240.1,0.058129,,,,,,
train,65,1601460,55243.0,0.060324,,,,,,
train,65,1601560,55245.8,0.059866,,,,,,
train,65,1601660,55248.7,0.058796,,,,,,
train,65,1601760,55251.5,0.063310,,,,,,
train,65,1601860,55254.4,0.058572,,,,,,
train,65,1601960,55257.2,0.059930,,,,,,
train,65,1602060,55260.1,0.060238,,,,,,
train,65,1602160,55262.9,0.056129,,,,,,
train,65,1602260,55265.8,0.058165,,,,,,
train,65,1602360,55268.6,0.056689,,,,,,
train,65,1602460,55271.5,0.056947,,,,,,
train,65,1602560,55274.3,0.059730,,,,,,
train,65,1602660,55277.2,0.061418,,,,,,
train,65,1602760,55280.0,0.059286,,,,,,
train,65,1602860,55282.9,0.056018,,,,,,
train,65,1602960,55285.8,0.056326,,,,,,
train,65,1603060,55288.6,0.058281,,,,,,
train,65,1603160,55291.5,0.059316,,,,,,
train,65,1603260,55294.3,0.061306,,,,,,
train,65,1603360,55297.2,0.060661,,,,,,
train,65,1603460,55300.0,0.062046,,,,,,
train,65,1603560,55302.9,0.060549,,,,,,
train,65,1603660,55305.7,0.056786,,,,,,
train,65,1603760,55308.6,0.058314,,,,,,
train,65,1603860,55311.4,0.060524,,,,,,
train,65,1603960,55314.3,0.056918,,,,,,
train,65,1604060,55317.1,0.057631,,,,,,
train,65,1604160,55320.0,0.060901,,,,,,
train,65,1604260,55322.8,0.058372,,,,,,
train,65,1604360,55325.7,0.059142,,,,,,
train,65,1604460,55328.5,0.061032,,,,,,
train,65,1604560,55331.4,0.063430,,,,,,
train,65,1604660,55334.2,0.056134,,,,,,
train,65,1604760,55337.1,0.052107,,,,,,
train,65,1604860,55339.9,0.059624,,,,,,
train,65,1604960,55342.8,0.057619,,,,,,
train,65,1605060,55345.6,0.058795,,,,,,
train,65,1605160,55348.5,0.061505,,,,,,
train,65,1605260,55351.3,0.058457,,,,,,
train,65,1605360,55354.2,0.058777,,,,,,
train,65,1605460,55357.0,0.060633,,,,,,
train,65,1605560,55359.9,0.057983,,,,,,
train,65,1605660,55362.8,0.053046,,,,,,
train,65,1605760,55365.6,0.060567,,,,,,
train,65,1605860,55368.5,0.055968,,,,,,
train,65,1605960,55371.3,0.059442,,,,,,
train,65,1606060,55374.2,0.061483,,,,,,
train,65,1606160,55377.0,0.058543,,,,,,
train,65,1606260,55379.9,0.057811,,,,,,
train,65,1606360,55382.7,0.060069,,,,,,
train,65,1606460,55385.6,0.055330,,,,,,
train,65,1606560,55388.4,0.059354,,,,,,
train,65,1606660,55391.3,0.060780,,,,,,
train,65,1606760,55394.1,0.057041,,,,,,
train,65,1606860,55397.0,0.055996,,,,,,
train,65,1606960,55399.8,0.054337,,,,,,
train,65,1607060,55402.7,0.061330,,,,,,
train,65,1607160,55405.5,0.058592,,,,,,
train,65,1607260,55408.4,0.058247,,,,,,
train,65,1607360,55411.2,0.056538,,,,,,
train,65,1607460,55414.1,0.055739,,,,,,
train,65,1607560,55416.9,0.060813,,,,,,
train,65,1607660,55419.8,0.059219,,,,,,
train,65,1607760,55422.6,0.059758,,,,,,
train,65,1607860,55425.5,0.055327,,,,,,
train,65,1607960,55428.3,0.057411,,,,,,
train,65,1608060,55431.2,0.061411,,,,,,
train,65,1608160,55434.0,0.060720,,,,,,
train,65,1608260,55436.8,0.057959,,,,,,
train,65,1608360,55439.7,0.059568,,,,,,
train,65,1608460,55442.5,0.058073,,,,,,
train,65,1608560,55445.4,0.059152,,,,,,
train,65,1608660,55448.2,0.061489,,,,,,
train,65,1608760,55451.1,0.063532,,,,,,
train,65,1608860,55453.9,0.057176,,,,,,
train,65,1608960,55456.8,0.058352,,,,,,
train,65,1609060,55459.6,0.063070,,,,,,
train,65,1609160,55462.5,0.057243,,,,,,
train,65,1609260,55465.3,0.057812,,,,,,
train,65,1609360,55468.2,0.060825,,,,,,
train,65,1609460,55471.0,0.059134,,,,,,
train,65,1609560,55473.9,0.061135,,,,,,
train,65,1609660,55476.7,0.061014,,,,,,
train,65,1609760,55479.6,0.057993,,,,,,
train,65,1609860,55482.4,0.055513,,,,,,
train,65,1609960,55485.3,0.055674,,,,,,
train,65,1610060,55488.2,0.062005,,,,,,
train,65,1610160,55491.0,0.062517,,,,,,
train,65,1610260,55494.2,0.056623,,,,,,
train,65,1610360,55497.3,0.058599,,,,,,
train,65,1610460,55500.1,0.056296,,,,,,
train,65,1610560,55503.0,0.059299,,,,,,
train,65,1610660,55505.9,0.057066,,,,,,
train,65,1610760,55508.7,0.060688,,,,,,
train,65,1610860,55511.6,0.056660,,,,,,
train,65,1610960,55514.4,0.062985,,,,,,
train,65,1611060,55517.3,0.061723,,,,,,
train,65,1611160,55520.1,0.061927,,,,,,
train,65,1611260,55523.0,0.062016,,,,,,
train,65,1611360,55525.8,0.061197,,,,,,
train,65,1611460,55528.7,0.054159,,,,,,
train,65,1611560,55531.5,0.058258,,,,,,
train,65,1611660,55534.4,0.056046,,,,,,
train,65,1611760,55537.2,0.057451,,,,,,
train,65,1611860,55540.1,0.056450,,,,,,
train,65,1611960,55542.9,0.058236,,,,,,
train,65,1612060,55545.8,0.062899,,,,,,
train,65,1612160,55548.6,0.058466,,,,,,
train,65,1612260,55551.5,0.060412,,,,,,
train,65,1612360,55554.3,0.056761,,,,,,
train,65,1612460,55557.2,0.062434,,,,,,
train,65,1612560,55560.0,0.061276,,,,,,
train,65,1612660,55562.9,0.059289,,,,,,
train,65,1612760,55565.8,0.059369,,,,,,
train,65,1612860,55568.6,0.060080,,,,,,
train,65,1612960,55571.5,0.058214,,,,,,
train,65,1613060,55574.3,0.057610,,,,,,
train,65,1613160,55577.2,0.056497,,,,,,
train,65,1613260,55580.0,0.063419,,,,,,
val,65,,55724.8,0.059328,0.003931,0.000033,0.010658,0.048757,35.7045,0.954142
train,66,1613404,55728.8,0.058382,,,,,,
train,66,1613504,55731.7,0.056440,,,,,,
train,66,1613604,55734.6,0.058125,,,,,,
train,66,1613704,55737.4,0.065646,,,,,,
train,66,1613804,55740.3,0.063369,,,,,,
train,66,1613904,55743.1,0.061649,,,,,,
train,66,1614004,55746.0,0.055739,,,,,,
train,66,1614104,55748.9,0.055495,,,,,,
train,66,1614204,55751.7,0.060565,,,,,,
train,66,1614304,55754.6,0.061379,,,,,,
train,66,1614404,55757.5,0.060827,,,,,,
train,66,1614504,55760.3,0.058657,,,,,,
train,66,1614604,55763.2,0.056165,,,,,,
train,66,1614704,55766.1,0.060575,,,,,,
train,66,1614804,55768.9,0.062799,,,,,,
train,66,1614904,55771.8,0.058703,,,,,,
train,66,1615004,55774.7,0.056312,,,,,,
train,66,1615104,55777.5,0.054872,,,,,,
train,66,1615204,55780.4,0.061802,,,,,,
train,66,1615304,55783.3,0.055907,,,,,,
train,66,1615404,55786.1,0.060096,,,,,,
train,66,1615504,55789.0,0.062061,,,,,,
train,66,1615604,55791.9,0.056131,,,,,,
train,66,1615704,55795.1,0.058740,,,,,,
train,66,1615804,55797.9,0.060914,,,,,,
train,66,1615904,55800.8,0.057578,,,,,,
train,66,1616004,55803.7,0.061947,,,,,,
train,66,1616104,55806.5,0.057043,,,,,,
train,66,1616204,55809.4,0.059365,,,,,,
train,66,1616304,55812.3,0.059323,,,,,,
train,66,1616404,55815.2,0.058193,,,,,,
train,66,1616504,55818.0,0.058552,,,,,,
train,66,1616604,55820.9,0.060191,,,,,,
train,66,1616704,55823.8,0.058573,,,,,,
train,66,1616804,55826.6,0.056499,,,,,,
train,66,1616904,55829.5,0.056210,,,,,,
train,66,1617004,55832.3,0.056828,,,,,,
train,66,1617104,55835.2,0.054195,,,,,,
train,66,1617204,55838.1,0.056590,,,,,,
train,66,1617304,55840.9,0.061943,,,,,,
train,66,1617404,55843.8,0.058640,,,,,,
train,66,1617504,55846.6,0.062040,,,,,,
train,66,1617604,55849.5,0.057153,,,,,,
train,66,1617704,55852.3,0.060844,,,,,,
train,66,1617804,55855.2,0.051900,,,,,,
train,66,1617904,55858.1,0.058572,,,,,,
train,66,1618004,55860.9,0.057771,,,,,,
train,66,1618104,55863.8,0.060149,,,,,,
train,66,1618204,55866.6,0.060524,,,,,,
train,66,1618304,55869.5,0.059238,,,,,,
train,66,1618404,55872.4,0.062914,,,,,,
train,66,1618504,55875.2,0.060489,,,,,,
train,66,1618604,55878.1,0.059263,,,,,,
train,66,1618704,55880.9,0.053652,,,,,,
train,66,1618804,55883.8,0.057745,,,,,,
train,66,1618904,55886.7,0.062010,,,,,,
train,66,1619004,55889.5,0.060854,,,,,,
train,66,1619104,55892.4,0.061786,,,,,,
train,66,1619204,55895.3,0.061435,,,,,,
train,66,1619304,55898.1,0.058930,,,,,,
train,66,1619404,55901.0,0.059362,,,,,,
train,66,1619504,55903.8,0.058861,,,,,,
train,66,1619604,55906.7,0.054403,,,,,,
train,66,1619704,55909.6,0.058132,,,,,,
train,66,1619804,55912.4,0.054414,,,,,,
train,66,1619904,55915.3,0.056488,,,,,,
train,66,1620004,55918.2,0.058257,,,,,,
train,66,1620104,55921.0,0.056140,,,,,,
train,66,1620204,55923.9,0.063195,,,,,,
train,66,1620304,55926.7,0.058060,,,,,,
train,66,1620404,55929.6,0.056917,,,,,,
train,66,1620504,55932.5,0.057490,,,,,,
train,66,1620604,55935.3,0.057009,,,,,,
train,66,1620704,55938.2,0.061462,,,,,,
train,66,1620804,55941.0,0.058295,,,,,,
train,66,1620904,55943.9,0.060444,,,,,,
train,66,1621004,55946.8,0.056638,,,,,,
train,66,1621104,55949.6,0.061047,,,,,,
train,66,1621204,55952.5,0.057988,,,,,,
train,66,1621304,55955.4,0.057416,,,,,,
train,66,1621404,55958.2,0.057731,,,,,,
train,66,1621504,55961.1,0.059688,,,,,,
train,66,1621604,55963.9,0.055527,,,,,,
train,66,1621704,55966.8,0.062955,,,,,,
train,66,1621804,55969.7,0.061909,,,,,,
train,66,1621904,55972.5,0.059411,,,,,,
train,66,1622004,55975.4,0.060557,,,,,,
train,66,1622104,55978.3,0.057709,,,,,,
train,66,1622204,55981.1,0.058793,,,,,,
train,66,1622304,55984.0,0.060938,,,,,,
train,66,1622404,55986.8,0.059830,,,,,,
train,66,1622504,55989.7,0.054823,,,,,,
train,66,1622604,55992.6,0.057138,,,,,,
train,66,1622704,55995.4,0.054705,,,,,,
train,66,1622804,55998.3,0.057924,,,,,,
train,66,1622904,56001.1,0.059368,,,,,,
train,66,1623004,56004.0,0.057264,,,,,,
train,66,1623104,56006.8,0.055475,,,,,,
train,66,1623204,56009.7,0.055620,,,,,,
train,66,1623304,56012.6,0.060142,,,,,,
train,66,1623404,56015.4,0.056987,,,,,,
train,66,1623504,56018.3,0.058570,,,,,,
train,66,1623604,56021.2,0.056716,,,,,,
train,66,1623704,56024.0,0.058149,,,,,,
train,66,1623804,56026.9,0.059702,,,,,,
train,66,1623904,56029.8,0.054595,,,,,,
train,66,1624004,56032.6,0.055372,,,,,,
train,66,1624104,56035.5,0.063232,,,,,,
train,66,1624204,56038.3,0.060314,,,,,,
train,66,1624304,56041.2,0.059517,,,,,,
train,66,1624404,56044.1,0.056720,,,,,,
train,66,1624504,56046.9,0.064231,,,,,,
train,66,1624604,56049.8,0.060211,,,,,,
train,66,1624704,56052.7,0.058190,,,,,,
train,66,1624804,56055.5,0.063312,,,,,,
train,66,1624904,56058.4,0.056575,,,,,,
train,66,1625004,56061.2,0.057338,,,,,,
train,66,1625104,56064.1,0.059454,,,,,,
train,66,1625204,56066.9,0.058630,,,,,,
train,66,1625304,56069.8,0.060743,,,,,,
train,66,1625404,56072.7,0.057714,,,,,,
train,66,1625504,56075.5,0.059200,,,,,,
train,66,1625604,56078.4,0.056948,,,,,,
train,66,1625704,56081.2,0.059005,,,,,,
train,66,1625804,56084.1,0.059599,,,,,,
train,66,1625904,56086.9,0.055585,,,,,,
train,66,1626004,56089.8,0.059146,,,,,,
train,66,1626104,56092.7,0.061745,,,,,,
train,66,1626204,56095.5,0.060331,,,,,,
train,66,1626304,56098.4,0.056129,,,,,,
train,66,1626404,56101.3,0.061882,,,,,,
train,66,1626504,56104.1,0.057649,,,,,,
train,66,1626604,56107.0,0.060652,,,,,,
train,66,1626704,56109.8,0.061156,,,,,,
train,66,1626804,56112.7,0.060595,,,,,,
train,66,1626904,56115.6,0.060892,,,,,,
train,66,1627004,56118.4,0.058389,,,,,,
train,66,1627104,56121.3,0.060556,,,,,,
train,66,1627204,56124.2,0.060117,,,,,,
train,66,1627304,56127.0,0.054603,,,,,,
train,66,1627404,56129.9,0.060735,,,,,,
train,66,1627504,56132.7,0.062315,,,,,,
train,66,1627604,56135.6,0.056489,,,,,,
train,66,1627704,56138.5,0.056487,,,,,,
train,66,1627804,56141.3,0.057126,,,,,,
train,66,1627904,56144.2,0.059422,,,,,,
train,66,1628004,56147.1,0.064849,,,,,,
train,66,1628104,56149.9,0.064052,,,,,,
train,66,1628204,56152.8,0.058779,,,,,,
train,66,1628304,56155.6,0.056598,,,,,,
train,66,1628404,56158.5,0.059043,,,,,,
train,66,1628504,56161.4,0.059289,,,,,,
train,66,1628604,56164.2,0.058804,,,,,,
train,66,1628704,56167.1,0.057316,,,,,,
train,66,1628804,56169.9,0.060442,,,,,,
train,66,1628904,56172.8,0.059533,,,,,,
train,66,1629004,56175.7,0.056442,,,,,,
train,66,1629104,56178.5,0.060110,,,,,,
train,66,1629204,56181.4,0.057836,,,,,,
train,66,1629304,56184.3,0.060999,,,,,,
train,66,1629404,56187.1,0.059647,,,,,,
train,66,1629504,56190.0,0.057873,,,,,,
train,66,1629604,56192.8,0.054692,,,,,,
train,66,1629704,56195.7,0.060771,,,,,,
train,66,1629804,56198.5,0.058108,,,,,,
train,66,1629904,56201.4,0.061592,,,,,,
train,66,1630004,56204.3,0.055906,,,,,,
train,66,1630104,56207.1,0.058211,,,,,,
train,66,1630204,56210.0,0.058746,,,,,,
train,66,1630304,56212.8,0.057396,,,,,,
train,66,1630404,56215.7,0.058688,,,,,,
train,66,1630504,56218.6,0.057785,,,,,,
train,66,1630604,56221.4,0.063774,,,,,,
train,66,1630704,56224.3,0.059877,,,,,,
train,66,1630804,56227.2,0.057463,,,,,,
train,66,1630904,56230.0,0.059670,,,,,,
train,66,1631004,56232.9,0.059769,,,,,,
train,66,1631104,56235.7,0.056417,,,,,,
train,66,1631204,56238.6,0.055666,,,,,,
train,66,1631304,56241.5,0.056191,,,,,,
train,66,1631404,56244.3,0.058696,,,,,,
train,66,1631504,56247.2,0.057731,,,,,,
train,66,1631604,56250.1,0.057415,,,,,,
train,66,1631704,56252.9,0.055383,,,,,,
train,66,1631804,56255.8,0.059077,,,,,,
train,66,1631904,56258.6,0.056294,,,,,,
train,66,1632004,56261.5,0.060511,,,,,,
train,66,1632104,56264.4,0.060628,,,,,,
train,66,1632204,56267.2,0.056533,,,,,,
train,66,1632304,56270.1,0.057567,,,,,,
train,66,1632404,56272.9,0.054934,,,,,,
train,66,1632504,56275.8,0.060805,,,,,,
train,66,1632604,56278.7,0.060586,,,,,,
train,66,1632704,56281.5,0.055345,,,,,,
train,66,1632804,56284.4,0.059798,,,,,,
train,66,1632904,56287.2,0.062242,,,,,,
train,66,1633004,56290.1,0.057496,,,,,,
train,66,1633104,56293.0,0.063511,,,,,,
train,66,1633204,56295.8,0.063935,,,,,,
train,66,1633304,56298.7,0.054890,,,,,,
train,66,1633404,56301.5,0.058063,,,,,,
train,66,1633504,56304.4,0.059180,,,,,,
train,66,1633604,56307.2,0.053164,,,,,,
train,66,1633704,56310.3,0.059866,,,,,,
train,66,1633804,56313.1,0.058620,,,,,,
train,66,1633904,56316.0,0.056051,,,,,,
train,66,1634004,56318.9,0.055247,,,,,,
train,66,1634104,56321.7,0.057579,,,,,,
train,66,1634204,56324.6,0.060205,,,,,,
train,66,1634304,56327.5,0.058687,,,,,,
train,66,1634404,56330.3,0.062674,,,,,,
train,66,1634504,56333.2,0.057809,,,,,,
train,66,1634604,56336.0,0.061018,,,,,,
train,66,1634704,56338.9,0.058189,,,,,,
train,66,1634804,56341.8,0.062588,,,,,,
train,66,1634904,56344.6,0.062758,,,,,,
train,66,1635004,56347.5,0.059413,,,,,,
train,66,1635104,56350.3,0.052385,,,,,,
train,66,1635204,56353.2,0.057554,,,,,,
train,66,1635304,56356.1,0.062078,,,,,,
train,66,1635404,56358.9,0.055092,,,,,,
train,66,1635504,56361.8,0.061102,,,,,,
train,66,1635604,56364.7,0.061203,,,,,,
train,66,1635704,56367.5,0.059134,,,,,,
train,66,1635804,56370.4,0.060052,,,,,,
train,66,1635904,56373.2,0.055139,,,,,,
train,66,1636004,56376.1,0.057224,,,,,,
train,66,1636104,56379.0,0.060218,,,,,,
train,66,1636204,56381.8,0.059903,,,,,,
train,66,1636304,56384.7,0.056331,,,,,,
train,66,1636404,56387.5,0.057571,,,,,,
train,66,1636504,56390.4,0.059395,,,,,,
train,66,1636604,56393.3,0.057274,,,,,,
train,66,1636704,56396.1,0.056247,,,,,,
train,66,1636804,56399.0,0.059847,,,,,,
train,66,1636904,56401.9,0.055934,,,,,,
train,66,1637004,56404.7,0.059943,,,,,,
train,66,1637104,56407.6,nan,,,,,,
train,66,1637204,56410.4,0.062664,,,,,,
train,66,1637304,56413.3,0.059939,,,,,,
train,66,1637404,56416.1,0.061157,,,,,,
train,66,1637504,56419.0,0.058920,,,,,,
train,66,1637604,56421.9,0.055853,,,,,,
train,66,1637704,56424.7,0.057006,,,,,,
val,66,,56569.3,0.059072,0.003928,0.000033,0.010655,0.048742,35.7180,0.954134
train,67,1637848,56573.4,0.058729,,,,,,
train,67,1637948,56576.3,0.058677,,,,,,
train,67,1638048,56579.1,0.060233,,,,,,
train,67,1638148,56582.0,0.058972,,,,,,
train,67,1638248,56584.8,0.057339,,,,,,
train,67,1638348,56587.7,0.058489,,,,,,
train,67,1638448,56590.5,0.057371,,,,,,
train,67,1638548,56593.4,0.060595,,,,,,
train,67,1638648,56596.2,0.056762,,,,,,
train,67,1638748,56599.1,0.059992,,,,,,
train,67,1638848,56601.9,0.058443,,,,,,
train,67,1638948,56604.8,0.065075,,,,,,
train,67,1639048,56607.6,0.056858,,,,,,
train,67,1639148,56610.5,0.058404,,,,,,
train,67,1639248,56613.3,0.057803,,,,,,
train,67,1639348,56616.2,0.056134,,,,,,
train,67,1639448,56619.1,0.059247,,,,,,
train,67,1639548,56621.9,0.056559,,,,,,
train,67,1639648,56624.8,0.056147,,,,,,
train,67,1639748,56627.6,0.055711,,,,,,
train,67,1639848,56630.5,0.053074,,,,,,
train,67,1639948,56633.3,0.052805,,,,,,
train,67,1640048,56636.3,0.056468,,,,,,
train,67,1640148,56639.1,0.060919,,,,,,
train,67,1640248,56642.0,0.057892,,,,,,
train,67,1640348,56644.8,0.058875,,,,,,
train,67,1640448,56647.7,0.059830,,,,,,
train,67,1640548,56650.6,0.059184,,,,,,
train,67,1640648,56653.5,0.056086,,,,,,
train,67,1640748,56656.3,0.056945,,,,,,
train,67,1640848,56659.2,0.059699,,,,,,
train,67,1640948,56662.0,0.056720,,,,,,
train,67,1641048,56664.9,0.057340,,,,,,
train,67,1641148,56667.9,0.056510,,,,,,
train,67,1641248,56670.8,0.058403,,,,,,
train,67,1641348,56673.6,0.059709,,,,,,
train,67,1641448,56676.5,0.059022,,,,,,
train,67,1641548,56679.3,0.059148,,,,,,
train,67,1641648,56682.2,0.059449,,,,,,
train,67,1641748,56685.0,0.059964,,,,,,
train,67,1641848,56687.9,0.054871,,,,,,
train,67,1641948,56690.8,0.061400,,,,,,
train,67,1642048,56693.6,0.058478,,,,,,
train,67,1642148,56696.5,0.062126,,,,,,
train,67,1642248,56699.3,0.056760,,,,,,
train,67,1642348,56702.2,0.058150,,,,,,
train,67,1642448,56705.0,0.058128,,,,,,
train,67,1642548,56707.9,0.059425,,,,,,
train,67,1642648,56710.7,0.060460,,,,,,
train,67,1642748,56713.6,0.058520,,,,,,
train,67,1642848,56716.4,0.062383,,,,,,
train,67,1642948,56719.3,0.060137,,,,,,
train,67,1643048,56722.1,0.057625,,,,,,
train,67,1643148,56725.0,0.061081,,,,,,
train,67,1643248,56727.8,0.060562,,,,,,
train,67,1643348,56730.7,0.057378,,,,,,
train,67,1643448,56733.5,0.057804,,,,,,
train,67,1643548,56736.4,0.062359,,,,,,
train,67,1643648,56739.2,0.059863,,,,,,
train,67,1643748,56742.1,0.058838,,,,,,
train,67,1643848,56744.9,0.058689,,,,,,
train,67,1643948,56747.8,0.061570,,,,,,
train,67,1644048,56750.6,0.058298,,,,,,
train,67,1644148,56753.5,0.054936,,,,,,
train,67,1644248,56756.3,0.058436,,,,,,
train,67,1644348,56759.2,0.062269,,,,,,
train,67,1644448,56762.0,0.056342,,,,,,
train,67,1644548,56764.9,0.058107,,,,,,
train,67,1644648,56767.7,0.055724,,,,,,
train,67,1644748,56770.6,0.056316,,,,,,
train,67,1644848,56773.4,0.057226,,,,,,
train,67,1644948,56776.3,0.057085,,,,,,
train,67,1645048,56779.2,0.060929,,,,,,
train,67,1645148,56782.0,0.061003,,,,,,
train,67,1645248,56784.9,0.056634,,,,,,
train,67,1645348,56787.7,0.057065,,,,,,
train,67,1645448,56790.6,0.058225,,,,,,
train,67,1645548,56793.4,0.063015,,,,,,
train,67,1645648,56796.3,0.059087,,,,,,
train,67,1645748,56799.1,0.063221,,,,,,
train,67,1645848,56802.0,0.058372,,,,,,
train,67,1645948,56804.8,0.057745,,,,,,
train,67,1646048,56807.7,0.058535,,,,,,
train,67,1646148,56810.6,0.060748,,,,,,
train,67,1646248,56813.4,0.057811,,,,,,
train,67,1646348,56816.3,0.057840,,,,,,
train,67,1646448,56819.1,0.059820,,,,,,
train,67,1646548,56822.0,0.055146,,,,,,
train,67,1646648,56824.8,0.059821,,,,,,
train,67,1646748,56827.7,0.055144,,,,,,
train,67,1646848,56830.5,0.060697,,,,,,
train,67,1646948,56833.4,0.060417,,,,,,
train,67,1647048,56836.2,0.056230,,,,,,
train,67,1647148,56839.1,0.060970,,,,,,
train,67,1647248,56841.9,0.056889,,,,,,
train,67,1647348,56844.8,0.055159,,,,,,
train,67,1647448,56847.7,0.060172,,,,,,
train,67,1647548,56850.5,0.061895,,,,,,
train,67,1647648,56853.3,0.059583,,,,,,
train,67,1647748,56856.2,0.056277,,,,,,
train,67,1647848,56859.1,0.060431,,,,,,
train,67,1647948,56861.9,0.056201,,,,,,
train,67,1648048,56864.8,0.057985,,,,,,
train,67,1648148,56867.6,0.061004,,,,,,
train,67,1648248,56870.5,0.060281,,,,,,
train,67,1648348,56873.3,0.063056,,,,,,
train,67,1648448,56876.2,0.059957,,,,,,
train,67,1648548,56879.0,0.057804,,,,,,
train,67,1648648,56881.9,0.057073,,,,,,
train,67,1648748,56884.7,0.059411,,,,,,
train,67,1648848,56887.6,0.057896,,,,,,
train,67,1648948,56890.4,0.055790,,,,,,
train,67,1649048,56893.3,0.059762,,,,,,
train,67,1649148,56896.1,0.056042,,,,,,
train,67,1649248,56899.0,0.061951,,,,,,
train,67,1649348,56901.8,0.054900,,,,,,
train,67,1649448,56904.7,0.060586,,,,,,
train,67,1649548,56907.5,0.055464,,,,,,
train,67,1649648,56910.4,0.062207,,,,,,
train,67,1649748,56913.2,0.058974,,,,,,
train,67,1649848,56916.1,0.058514,,,,,,
train,67,1649948,56918.9,0.057702,,,,,,
train,67,1650048,56921.8,0.058675,,,,,,
train,67,1650148,56924.6,0.058417,,,,,,
train,67,1650248,56927.5,0.058293,,,,,,
train,67,1650348,56930.3,0.063023,,,,,,
train,67,1650448,56933.2,0.058694,,,,,,
train,67,1650548,56936.0,0.063013,,,,,,
train,67,1650648,56938.9,0.056712,,,,,,
train,67,1650748,56941.7,0.062667,,,,,,
train,67,1650848,56944.6,0.063585,,,,,,
train,67,1650948,56947.4,0.063687,,,,,,
train,67,1651048,56950.3,0.057031,,,,,,
train,67,1651148,56953.1,0.059126,,,,,,
train,67,1651248,56956.0,0.056447,,,,,,
train,67,1651348,56958.8,0.058039,,,,,,
train,67,1651448,56961.7,0.055578,,,,,,
train,67,1651548,56964.5,0.057499,,,,,,
train,67,1651648,56967.4,0.058414,,,,,,
train,67,1651748,56970.2,0.056540,,,,,,
train,67,1651848,56973.1,0.058619,,,,,,
train,67,1651948,56975.9,0.061010,,,,,,
train,67,1652048,56978.8,0.056532,,,,,,
train,67,1652148,56981.6,0.054740,,,,,,
train,67,1652248,56984.5,0.055394,,,,,,
train,67,1652348,56987.3,0.062159,,,,,,
train,67,1652448,56990.2,0.060937,,,,,,
train,67,1652548,56993.0,0.056672,,,,,,
train,67,1652648,56995.9,0.056160,,,,,,
train,67,1652748,56998.7,0.056294,,,,,,
train,67,1652848,57001.6,0.060973,,,,,,
train,67,1652948,57004.5,0.059148,,,,,,
train,67,1653048,57007.3,0.060734,,,,,,
train,67,1653148,57010.2,0.061611,,,,,,
train,67,1653248,57013.0,0.058107,,,,,,
train,67,1653348,57015.9,0.055364,,,,,,
train,67,1653448,57018.7,0.057350,,,,,,
train,67,1653548,57021.6,0.058250,,,,,,
train,67,1653648,57024.4,0.055797,,,,,,
train,67,1653748,57027.3,0.058816,,,,,,
train,67,1653848,57030.1,0.059174,,,,,,
train,67,1653948,57033.0,0.061070,,,,,,
train,67,1654048,57035.8,0.056239,,,,,,
train,67,1654148,57038.7,0.057696,,,,,,
train,67,1654248,57041.6,0.060253,,,,,,
train,67,1654348,57044.4,0.059591,,,,,,
train,67,1654448,57047.3,0.060903,,,,,,
train,67,1654548,57050.1,0.057494,,,,,,
train,67,1654648,57053.0,0.056377,,,,,,
train,67,1654748,57055.8,0.059067,,,,,,
train,67,1654848,57058.7,0.057424,,,,,,
train,67,1654948,57061.5,0.061293,,,,,,
train,67,1655048,57064.4,0.060630,,,,,,
train,67,1655148,57067.2,0.060647,,,,,,
train,67,1655248,57070.1,0.058581,,,,,,
train,67,1655348,57072.9,0.054586,,,,,,
train,67,1655448,57075.8,0.056567,,,,,,
train,67,1655548,57078.6,0.065173,,,,,,
train,67,1655648,57081.5,0.060433,,,,,,
train,67,1655748,57084.3,0.055734,,,,,,
train,67,1655848,57087.2,0.056646,,,,,,
train,67,1655948,57090.0,0.058670,,,,,,
train,67,1656048,57092.9,0.060253,,,,,,
train,67,1656148,57095.7,0.061662,,,,,,
train,67,1656248,57098.6,0.058465,,,,,,
train,67,1656348,57101.4,0.057857,,,,,,
train,67,1656448,57104.3,0.059205,,,,,,
train,67,1656548,57107.1,0.058486,,,,,,
train,67,1656648,57110.0,0.058203,,,,,,
train,67,1656748,57112.8,0.059955,,,,,,
train,67,1656848,57116.1,0.062195,,,,,,
train,67,1656948,57119.0,0.058383,,,,,,
train,67,1657048,57121.9,0.059713,,,,,,
train,67,1657148,57124.7,0.057708,,,,,,
train,67,1657248,57127.6,0.059793,,,,,,
train,67,1657348,57130.4,0.060392,,,,,,
train,67,1657448,57133.5,0.058776,,,,,,
train,67,1657548,57136.3,0.061736,,,,,,
train,67,1657648,57139.2,0.063470,,,,,,
train,67,1657748,57142.0,0.057462,,,,,,
train,67,1657848,57144.9,0.063101,,,,,,
train,67,1657948,57147.7,0.059066,,,,,,
train,67,1658048,57150.6,0.059675,,,,,,
train,67,1658148,57153.4,0.056259,,,,,,
train,67,1658248,57156.3,0.058346,,,,,,
train,67,1658348,57159.2,0.051016,,,,,,
train,67,1658448,57162.0,0.061786,,,,,,
train,67,1658548,57164.9,0.060357,,,,,,
train,67,1658648,57167.7,0.057907,,,,,,
train,67,1658748,57170.6,0.055547,,,,,,
train,67,1658848,57173.4,0.056266,,,,,,
train,67,1658948,57176.3,0.055766,,,,,,
train,67,1659048,57179.1,0.058572,,,,,,
train,67,1659148,57182.0,0.061980,,,,,,
train,67,1659248,57184.8,0.054736,,,,,,
train,67,1659348,57187.7,0.057470,,,,,,
train,67,1659448,57190.5,0.059701,,,,,,
train,67,1659548,57193.4,0.056883,,,,,,
train,67,1659648,57196.2,0.058496,,,,,,
train,67,1659748,57199.1,0.058923,,,,,,
train,67,1659848,57201.9,0.057096,,,,,,
train,67,1659948,57204.8,0.055363,,,,,,
train,67,1660048,57207.6,0.057239,,,,,,
train,67,1660148,57210.5,0.057741,,,,,,
train,67,1660248,57213.3,0.057671,,,,,,
train,67,1660348,57216.2,0.055960,,,,,,
train,67,1660448,57219.0,0.057532,,,,,,
train,67,1660548,57221.9,0.060635,,,,,,
train,67,1660648,57224.7,0.060042,,,,,,
train,67,1660748,57227.6,0.056450,,,,,,
train,67,1660848,57230.5,0.061957,,,,,,
train,67,1660948,57233.3,nan,,,,,,
train,67,1661048,57236.2,0.059294,,,,,,
train,67,1661148,57239.0,0.060014,,,,,,
train,67,1661248,57241.9,0.059165,,,,,,
train,67,1661348,57244.7,0.060033,,,,,,
train,67,1661448,57247.6,0.062289,,,,,,
train,67,1661548,57250.4,0.058158,,,,,,
train,67,1661648,57253.3,0.056414,,,,,,
train,67,1661748,57256.1,0.057068,,,,,,
train,67,1661848,57259.0,0.055834,,,,,,
train,67,1661948,57261.8,0.057844,,,,,,
train,67,1662048,57264.7,0.060894,,,,,,
train,67,1662148,57267.5,0.056980,,,,,,
val,67,,57412.1,0.059406,0.003925,0.000033,0.010641,0.048686,35.7233,0.954175
train,68,1662292,57415.7,0.058371,,,,,,
train,68,1662392,57418.6,0.057574,,,,,,
train,68,1662492,57421.4,0.062122,,,,,,
train,68,1662592,57424.3,0.058499,,,,,,
train,68,1662692,57427.2,0.058448,,,,,,
train,68,1662792,57430.0,0.059270,,,,,,
train,68,1662892,57432.9,0.056178,,,,,,
train,68,1662992,57435.7,0.061751,,,,,,
train,68,1663092,57438.6,0.055406,,,,,,
train,68,1663192,57441.5,0.058580,,,,,,
train,68,1663292,57444.3,0.056054,,,,,,
train,68,1663392,57447.2,0.056064,,,,,,
train,68,1663492,57450.0,0.060242,,,,,,
train,68,1663592,57452.9,0.052670,,,,,,
train,68,1663692,57455.8,0.057746,,,,,,
train,68,1663792,57458.6,0.059303,,,,,,
train,68,1663892,57461.5,0.055432,,,,,,
train,68,1663992,57464.4,0.057701,,,,,,
train,68,1664092,57467.2,0.057218,,,,,,
train,68,1664192,57470.1,0.057984,,,,,,
train,68,1664292,57472.9,0.059574,,,,,,
train,68,1664392,57475.8,0.059182,,,,,,
train,68,1664492,57478.7,0.059343,,,,,,
train,68,1664592,57481.5,0.060120,,,,,,
train,68,1664692,57484.4,0.058496,,,,,,
train,68,1664792,57487.2,0.055516,,,,,,
train,68,1664892,57490.1,0.057520,,,,,,
train,68,1664992,57493.0,0.057804,,,,,,
train,68,1665092,57495.8,0.063348,,,,,,
train,68,1665192,57498.7,0.059364,,,,,,
train,68,1665292,57501.5,0.058101,,,,,,
train,68,1665392,57504.4,0.057751,,,,,,
train,68,1665492,57507.3,0.058649,,,,,,
train,68,1665592,57510.1,0.056834,,,,,,
train,68,1665692,57513.0,0.057730,,,,,,
train,68,1665792,57515.9,0.055115,,,,,,
train,68,1665892,57518.7,0.060751,,,,,,
train,68,1665992,57521.6,0.056821,,,,,,
train,68,1666092,57524.4,0.061942,,,,,,
train,68,1666192,57527.3,0.062162,,,,,,
train,68,1666292,57530.1,0.056105,,,,,,
train,68,1666392,57533.0,0.061659,,,,,,
train,68,1666492,57535.9,0.057775,,,,,,
train,68,1666592,57538.7,0.063309,,,,,,
train,68,1666692,57541.6,0.057544,,,,,,
train,68,1666792,57544.5,0.058306,,,,,,
train,68,1666892,57547.3,0.059050,,,,,,
train,68,1666992,57550.2,0.059592,,,,,,
train,68,1667092,57553.0,0.059072,,,,,,
train,68,1667192,57555.9,0.059686,,,,,,
train,68,1667292,57558.8,0.062517,,,,,,
train,68,1667392,57561.6,0.059261,,,,,,
train,68,1667492,57564.5,0.057867,,,,,,
train,68,1667592,57567.3,0.056467,,,,,,
train,68,1667692,57570.2,0.055960,,,,,,
train,68,1667792,57573.0,0.054389,,,,,,
train,68,1667892,57575.9,0.059927,,,,,,
train,68,1667992,57578.8,0.059964,,,,,,
train,68,1668092,57581.6,0.057866,,,,,,
train,68,1668192,57584.5,0.062677,,,,,,
train,68,1668292,57587.3,0.058974,,,,,,
train,68,1668392,57590.2,0.060684,,,,,,
train,68,1668492,57593.1,0.060203,,,,,,
train,68,1668592,57595.9,0.054781,,,,,,
train,68,1668692,57598.8,0.058731,,,,,,
train,68,1668792,57601.7,0.053621,,,,,,
train,68,1668892,57604.5,0.057580,,,,,,
train,68,1668992,57607.4,0.059571,,,,,,
train,68,1669092,57610.2,0.054189,,,,,,
train,68,1669192,57613.1,0.062831,,,,,,
train,68,1669292,57616.0,0.056334,,,,,,
train,68,1669392,57618.8,0.054783,,,,,,
train,68,1669492,57621.7,0.056494,,,,,,
train,68,1669592,57624.5,0.055674,,,,,,
train,68,1669692,57627.4,0.060759,,,,,,
train,68,1669792,57630.3,0.061110,,,,,,
train,68,1669892,57633.1,0.060412,,,,,,
train,68,1669992,57636.0,0.053376,,,,,,
train,68,1670092,57638.8,0.055582,,,,,,
train,68,1670192,57641.7,0.059103,,,,,,
train,68,1670292,57644.6,0.056391,,,,,,
train,68,1670392,57647.4,0.057432,,,,,,
train,68,1670492,57650.3,0.063949,,,,,,
train,68,1670592,57653.1,0.059511,,,,,,
train,68,1670692,57656.0,0.056576,,,,,,
train,68,1670792,57658.8,0.054562,,,,,,
train,68,1670892,57661.7,0.059671,,,,,,
train,68,1670992,57664.6,0.056506,,,,,,
train,68,1671092,57667.4,0.057644,,,,,,
train,68,1671192,57670.3,0.063442,,,,,,
train,68,1671292,57673.1,0.054181,,,,,,
train,68,1671392,57676.0,0.059970,,,,,,
train,68,1671492,57678.9,0.056647,,,,,,
train,68,1671592,57681.7,0.056772,,,,,,
train,68,1671692,57684.6,0.054587,,,,,,
train,68,1671792,57687.5,0.054175,,,,,,
train,68,1671892,57690.3,0.062626,,,,,,
train,68,1671992,57693.2,0.058508,,,,,,
train,68,1672092,57696.0,0.056866,,,,,,
train,68,1672192,57698.9,0.056179,,,,,,
train,68,1672292,57701.7,0.057202,,,,,,
train,68,1672392,57704.6,0.062508,,,,,,
train,68,1672492,57707.5,0.058907,,,,,,
train,68,1672592,57710.3,0.056239,,,,,,
train,68,1672692,57713.2,0.061051,,,,,,
train,68,1672792,57716.1,0.057422,,,,,,
train,68,1672892,57718.9,0.058730,,,,,,
train,68,1672992,57721.8,0.060024,,,,,,
train,68,1673092,57724.6,0.057200,,,,,,
train,68,1673192,57727.5,0.057489,,,,,,
train,68,1673292,57730.4,0.060508,,,,,,
train,68,1673392,57733.2,0.059258,,,,,,
train,68,1673492,57736.1,0.058328,,,,,,
train,68,1673592,57738.9,0.057533,,,,,,
train,68,1673692,57741.8,0.057285,,,,,,
train,68,1673792,57744.7,0.055896,,,,,,
train,68,1673892,57747.5,0.057584,,,,,,
train,68,1673992,57750.4,0.060368,,,,,,
train,68,1674092,57753.2,0.058875,,,,,,
train,68,1674192,57756.1,0.056350,,,,,,
train,68,1674292,57759.0,0.057700,,,,,,
train,68,1674392,57761.8,0.057245,,,,,,
train,68,1674492,57764.7,0.056546,,,,,,
train,68,1674592,57767.9,0.058615,,,,,,
train,68,1674692,57770.8,0.056914,,,,,,
train,68,1674792,57773.6,0.061488,,,,,,
train,68,1674892,57776.5,0.060418,,,,,,
train,68,1674992,57779.4,0.058383,,,,,,
train,68,1675092,57782.2,0.058194,,,,,,
train,68,1675192,57785.1,0.054991,,,,,,
train,68,1675292,57788.0,0.059827,,,,,,
train,68,1675392,57790.8,0.060508,,,,,,
train,68,1675492,57793.7,0.062825,,,,,,
train,68,1675592,57796.5,0.059263,,,,,,
train,68,1675692,57799.4,0.059675,,,,,,
train,68,1675792,57802.3,0.064078,,,,,,
train,68,1675892,57805.1,0.054512,,,,,,
train,68,1675992,57808.0,0.056110,,,,,,
train,68,1676092,57810.8,0.059299,,,,,,
train,68,1676192,57813.7,0.060870,,,,,,
train,68,1676292,57816.6,0.057264,,,,,,
train,68,1676392,57819.4,0.055423,,,,,,
train,68,1676492,57822.3,0.061884,,,,,,
train,68,1676592,57825.1,0.057880,,,,,,
train,68,1676692,57828.0,0.053469,,,,,,
train,68,1676792,57830.9,0.058716,,,,,,
train,68,1676892,57833.7,0.062673,,,,,,
train,68,1676992,57836.6,0.061432,,,,,,
train,68,1677092,57839.4,0.059514,,,,,,
train,68,1677192,57842.3,0.064798,,,,,,
train,68,1677292,57845.1,nan,,,,,,
train,68,1677392,57848.0,0.056982,,,,,,
train,68,1677492,57850.9,0.058880,,,,,,
train,68,1677592,57853.8,0.054957,,,,,,
train,68,1677692,57856.6,0.058605,,,,,,
train,68,1677792,57859.5,0.057893,,,,,,
train,68,1677892,57862.4,0.058790,,,,,,
train,68,1677992,57865.2,0.056757,,,,,,
train,68,1678092,57868.1,0.058211,,,,,,
train,68,1678192,57870.9,0.057565,,,,,,
train,68,1678292,57873.8,0.059910,,,,,,
train,68,1678392,57876.7,0.052482,,,,,,
train,68,1678492,57879.5,0.055826,,,,,,
train,68,1678592,57882.4,0.056905,,,,,,
train,68,1678692,57885.3,0.058598,,,,,,
train,68,1678792,57888.1,0.060298,,,,,,
train,68,1678892,57891.0,0.059665,,,,,,
train,68,1678992,57893.8,0.062401,,,,,,
train,68,1679092,57896.7,0.055740,,,,,,
train,68,1679192,57899.6,0.056277,,,,,,
train,68,1679292,57902.4,0.058915,,,,,,
train,68,1679392,57905.3,0.060447,,,,,,
train,68,1679492,57908.2,0.057748,,,,,,
train,68,1679592,57911.0,0.059981,,,,,,
train,68,1679692,57913.9,0.061779,,,,,,
train,68,1679792,57916.7,0.059095,,,,,,
train,68,1679892,57919.6,0.057595,,,,,,
train,68,1679992,57922.5,0.059991,,,,,,
train,68,1680092,57925.3,0.057123,,,,,,
train,68,1680192,57928.2,0.061988,,,,,,
train,68,1680292,57931.1,0.054473,,,,,,
train,68,1680392,57933.9,0.064608,,,,,,
train,68,1680492,57936.9,0.061256,,,,,,
train,68,1680592,57939.7,0.058143,,,,,,
train,68,1680692,57942.6,0.058921,,,,,,
train,68,1680792,57945.4,0.059949,,,,,,
train,68,1680892,57948.3,0.060041,,,,,,
train,68,1680992,57951.2,0.057716,,,,,,
train,68,1681092,57954.0,0.057791,,,,,,
train,68,1681192,57956.9,0.055343,,,,,,
train,68,1681292,57959.8,0.057566,,,,,,
train,68,1681392,57962.6,0.060110,,,,,,
train,68,1681492,57965.5,0.060097,,,,,,
train,68,1681592,57968.3,0.059654,,,,,,
train,68,1681692,57971.2,0.059427,,,,,,
train,68,1681792,57974.1,0.056937,,,,,,
train,68,1681892,57976.9,0.059351,,,,,,
train,68,1681992,57979.8,0.052979,,,,,,
train,68,1682092,57982.7,0.056480,,,,,,
train,68,1682192,57985.5,0.063825,,,,,,
train,68,1682292,57988.4,0.056359,,,,,,
train,68,1682392,57991.3,0.056172,,,,,,
train,68,1682492,57994.1,0.054122,,,,,,
train,68,1682592,57997.0,0.059172,,,,,,
train,68,1682692,57999.9,0.055912,,,,,,
train,68,1682792,58002.7,0.054384,,,,,,
train,68,1682892,58005.6,0.059328,,,,,,
train,68,1682992,58008.8,0.055315,,,,,,
train,68,1683092,58011.7,0.056690,,,,,,
train,68,1683192,58014.5,0.059165,,,,,,
train,68,1683292,58017.4,0.058769,,,,,,
train,68,1683392,58020.2,0.059655,,,,,,
train,68,1683492,58023.1,0.057103,,,,,,
train,68,1683592,58026.0,0.058014,,,,,,
train,68,1683692,58028.8,0.057618,,,,,,
train,68,1683792,58031.7,0.058019,,,,,,
train,68,1683892,58034.5,0.056330,,,,,,
train,68,1683992,58037.4,0.058490,,,,,,
train,68,1684092,58040.3,0.058843,,,,,,
train,68,1684192,58043.1,0.061109,,,,,,
train,68,1684292,58046.0,0.058852,,,,,,
train,68,1684392,58048.8,0.058997,,,,,,
train,68,1684492,58051.7,0.059845,,,,,,
train,68,1684592,58054.5,0.058843,,,,,,
train,68,1684692,58057.4,0.056059,,,,,,
train,68,1684792,58060.3,0.061312,,,,,,
train,68,1684892,58063.1,0.057321,,,,,,
train,68,1684992,58066.0,0.060238,,,,,,
train,68,1685092,58068.8,0.059586,,,,,,
train,68,1685192,58071.7,0.062235,,,,,,
train,68,1685292,58074.6,0.055735,,,,,,
train,68,1685392,58077.4,0.057045,,,,,,
train,68,1685492,58080.3,0.059883,,,,,,
train,68,1685592,58083.2,0.056288,,,,,,
train,68,1685692,58086.0,0.057975,,,,,,
train,68,1685792,58088.9,0.060545,,,,,,
train,68,1685892,58091.8,0.058839,,,,,,
train,68,1685992,58094.6,0.057478,,,,,,
train,68,1686092,58097.5,0.054948,,,,,,
train,68,1686192,58100.3,0.058108,,,,,,
train,68,1686292,58103.2,0.055748,,,,,,
train,68,1686392,58106.1,0.057003,,,,,,
train,68,1686492,58108.9,0.059179,,,,,,
train,68,1686592,58111.8,0.059746,,,,,,
val,68,,58256.5,0.059425,0.003924,0.000033,0.010624,0.048715,35.7319,0.954226
train,69,1686736,58260.1,0.061485,,,,,,
train,69,1686836,58263.0,0.056305,,,,,,
train,69,1686936,58265.8,0.061277,,,,,,
train,69,1687036,58268.7,0.057425,,,,,,
train,69,1687136,58271.6,0.056678,,,,,,
train,69,1687236,58274.4,0.058599,,,,,,
train,69,1687336,58277.3,0.055126,,,,,,
train,69,1687436,58280.1,0.058201,,,,,,
train,69,1687536,58283.0,0.059176,,,,,,
train,69,1687636,58285.9,0.060084,,,,,,
train,69,1687736,58288.7,0.057316,,,,,,
train,69,1687836,58291.6,0.058873,,,,,,
train,69,1687936,58294.5,0.059025,,,,,,
train,69,1688036,58297.3,0.057385,,,,,,
train,69,1688136,58300.2,0.058112,,,,,,
train,69,1688236,58303.0,0.055750,,,,,,
train,69,1688336,58305.9,0.057133,,,,,,
train,69,1688436,58308.8,0.056408,,,,,,
train,69,1688536,58311.6,0.056060,,,,,,
train,69,1688636,58314.5,0.056180,,,,,,
train,69,1688736,58317.3,0.056188,,,,,,
train,69,1688836,58320.2,0.061601,,,,,,
train,69,1688936,58323.1,0.059420,,,,,,
train,69,1689036,58325.9,0.056655,,,,,,
train,69,1689136,58328.8,0.063644,,,,,,
train,69,1689236,58331.6,0.060022,,,,,,
train,69,1689336,58334.5,0.058836,,,,,,
train,69,1689436,58337.3,0.058967,,,,,,
train,69,1689536,58340.2,0.058055,,,,,,
train,69,1689636,58343.1,0.061799,,,,,,
train,69,1689736,58345.9,0.052790,,,,,,
train,69,1689836,58348.8,0.055442,,,,,,
train,69,1689936,58351.6,0.065940,,,,,,
train,69,1690036,58354.5,0.056766,,,,,,
train,69,1690136,58357.4,0.058700,,,,,,
train,69,1690236,58360.2,0.064568,,,,,,
train,69,1690336,58363.1,0.055979,,,,,,
train,69,1690436,58365.9,0.057089,,,,,,
train,69,1690536,58368.8,0.061040,,,,,,
train,69,1690636,58371.7,0.058660,,,,,,
train,69,1690736,58374.5,0.058865,,,,,,
train,69,1690836,58377.4,0.059316,,,,,,
train,69,1690936,58380.2,0.062151,,,,,,
train,69,1691036,58383.1,0.059593,,,,,,
train,69,1691136,58386.0,0.059985,,,,,,
train,69,1691236,58388.8,0.057253,,,,,,
train,69,1691336,58392.1,0.061291,,,,,,
train,69,1691436,58394.9,0.056879,,,,,,
train,69,1691536,58397.8,0.058246,,,,,,
train,69,1691636,58400.7,0.056957,,,,,,
train,69,1691736,58403.5,0.057928,,,,,,
train,69,1691836,58406.4,0.057079,,,,,,
train,69,1691936,58409.4,0.052622,,,,,,
train,69,1692036,58412.3,0.059166,,,,,,
train,69,1692136,58415.1,0.061371,,,,,,
train,69,1692236,58418.0,0.057696,,,,,,
train,69,1692336,58420.9,0.057224,,,,,,
train,69,1692436,58423.7,0.059729,,,,,,
train,69,1692536,58426.6,0.057031,,,,,,
train,69,1692636,58429.4,0.062475,,,,,,
train,69,1692736,58432.3,0.058642,,,,,,
train,69,1692836,58435.1,0.052633,,,,,,
train,69,1692936,58438.0,0.061148,,,,,,
train,69,1693036,58440.8,0.059563,,,,,,
train,69,1693136,58443.7,0.056410,,,,,,
train,69,1693236,58446.6,0.055359,,,,,,
train,69,1693336,58449.4,0.060341,,,,,,
train,69,1693436,58452.3,0.059852,,,,,,
train,69,1693536,58455.1,0.062923,,,,,,
train,69,1693636,58458.0,0.056172,,,,,,
train,69,1693736,58460.9,0.054889,,,,,,
train,69,1693836,58463.7,0.061398,,,,,,
train,69,1693936,58466.6,0.055693,,,,,,
train,69,1694036,58469.4,0.060090,,,,,,
train,69,1694136,58472.3,0.056321,,,,,,
train,69,1694236,58475.1,0.059221,,,,,,
train,69,1694336,58478.0,0.053516,,,,,,
train,69,1694436,58480.9,0.061967,,,,,,
train,69,1694536,58483.7,0.059090,,,,,,
train,69,1694636,58486.6,0.057841,,,,,,
train,69,1694736,58489.4,0.059109,,,,,,
train,69,1694836,58492.3,0.055174,,,,,,
train,69,1694936,58495.1,0.058843,,,,,,
train,69,1695036,58498.0,0.061497,,,,,,
train,69,1695136,58500.9,0.054144,,,,,,
train,69,1695236,58503.7,0.060130,,,,,,
train,69,1695336,58506.6,0.059456,,,,,,
train,69,1695436,58509.5,0.057625,,,,,,
train,69,1695536,58512.3,0.055761,,,,,,
train,69,1695636,58515.2,0.060422,,,,,,
train,69,1695736,58518.1,0.057867,,,,,,
train,69,1695836,58521.0,0.056814,,,,,,
train,69,1695936,58523.8,0.058428,,,,,,
train,69,1696036,58526.7,0.054070,,,,,,
train,69,1696136,58529.6,0.056715,,,,,,
train,69,1696236,58532.4,0.055937,,,,,,
train,69,1696336,58535.3,0.061831,,,,,,
train,69,1696436,58538.1,0.056948,,,,,,
train,69,1696536,58541.0,0.058951,,,,,,
train,69,1696636,58543.8,0.061506,,,,,,
train,69,1696736,58546.7,0.058780,,,,,,
train,69,1696836,58549.6,0.056945,,,,,,
train,69,1696936,58552.4,0.058222,,,,,,
train,69,1697036,58555.3,0.057446,,,,,,
train,69,1697136,58558.2,0.057392,,,,,,
train,69,1697236,58561.1,0.053852,,,,,,
train,69,1697336,58564.0,0.060307,,,,,,
train,69,1697436,58566.8,0.056991,,,,,,
train,69,1697536,58569.7,0.058793,,,,,,
train,69,1697636,58572.6,0.057458,,,,,,
train,69,1697736,58575.4,0.056323,,,,,,
train,69,1697836,58578.3,nan,,,,,,
train,69,1697936,58581.1,0.057732,,,,,,
train,69,1698036,58584.0,0.056702,,,,,,
train,69,1698136,58586.9,0.065573,,,,,,
train,69,1698236,58589.7,0.059473,,,,,,
train,69,1698336,58592.6,0.058189,,,,,,
train,69,1698436,58595.4,0.057632,,,,,,
train,69,1698536,58598.3,0.055758,,,,,,
train,69,1698636,58601.2,0.059325,,,,,,
train,69,1698736,58604.0,0.059982,,,,,,
train,69,1698836,58606.9,0.059010,,,,,,
train,69,1698936,58609.7,0.055419,,,,,,
train,69,1699036,58612.6,0.059078,,,,,,
train,69,1699136,58615.4,0.058189,,,,,,
train,69,1699236,58618.3,0.059453,,,,,,
train,69,1699336,58621.2,0.061359,,,,,,
train,69,1699436,58624.1,0.059261,,,,,,
train,69,1699536,58626.9,0.060109,,,,,,
train,69,1699636,58629.8,0.055692,,,,,,
train,69,1699736,58632.7,0.059932,,,,,,
train,69,1699836,58635.6,0.055341,,,,,,
train,69,1699936,58638.4,0.056657,,,,,,
train,69,1700036,58641.3,0.058018,,,,,,
train,69,1700136,58644.2,0.060226,,,,,,
train,69,1700236,58647.0,0.056035,,,,,,
train,69,1700336,58649.9,0.057216,,,,,,
train,69,1700436,58652.7,0.058002,,,,,,
train,69,1700536,58655.6,0.059653,,,,,,
train,69,1700636,58658.5,0.056965,,,,,,
train,69,1700736,58661.3,0.055820,,,,,,
train,69,1700836,58664.2,0.060431,,,,,,
train,69,1700936,58667.0,0.058820,,,,,,
train,69,1701036,58669.9,0.057682,,,,,,
train,69,1701136,58672.7,0.058024,,,,,,
train,69,1701236,58675.7,0.055247,,,,,,
train,69,1701336,58678.5,0.055763,,,,,,
train,69,1701436,58681.4,0.058950,,,,,,
train,69,1701536,58684.3,0.059508,,,,,,
train,69,1701636,58687.1,0.060940,,,,,,
train,69,1701736,58690.0,0.057934,,,,,,
train,69,1701836,58692.8,0.059659,,,,,,
train,69,1701936,58695.7,0.055281,,,,,,
train,69,1702036,58698.5,0.059346,,,,,,
train,69,1702136,58701.4,0.056478,,,,,,
train,69,1702236,58704.2,0.057805,,,,,,
train,69,1702336,58707.1,0.060310,,,,,,
train,69,1702436,58710.0,0.057482,,,,,,
train,69,1702536,58712.8,0.060161,,,,,,
train,69,1702636,58715.7,0.056120,,,,,,
train,69,1702736,58718.5,0.059495,,,,,,
train,69,1702836,58721.4,0.057937,,,,,,
train,69,1702936,58724.2,0.058991,,,,,,
train,69,1703036,58727.1,0.055465,,,,,,
train,69,1703136,58729.9,0.056589,,,,,,
train,69,1703236,58732.8,0.057526,,,,,,
train,69,1703336,58735.7,0.057983,,,,,,
train,69,1703436,58738.5,0.053762,,,,,,
train,69,1703536,58741.4,0.058298,,,,,,
train,69,1703636,58744.2,0.062565,,,,,,
train,69,1703736,58747.2,0.058760,,,,,,
train,69,1703836,58750.1,0.057853,,,,,,
train,69,1703936,58753.0,0.060164,,,,,,
train,69,1704036,58755.8,0.057958,,,,,,
train,69,1704136,58758.7,0.053343,,,,,,
train,69,1704236,58761.5,0.059111,,,,,,
train,69,1704336,58764.4,0.057033,,,,,,
train,69,1704436,58767.3,0.056672,,,,,,
train,69,1704536,58770.1,0.057139,,,,,,
train,69,1704636,58773.0,0.062187,,,,,,
train,69,1704736,58775.8,0.056777,,,,,,
train,69,1704836,58778.7,0.056490,,,,,,
train,69,1704936,58781.6,0.062718,,,,,,
train,69,1705036,58784.4,0.059766,,,,,,
train,69,1705136,58787.3,0.061589,,,,,,
train,69,1705236,58790.1,0.055082,,,,,,
train,69,1705336,58793.0,0.058037,,,,,,
train,69,1705436,58795.9,0.059728,,,,,,
train,69,1705536,58798.7,0.061635,,,,,,
train,69,1705636,58801.6,0.061711,,,,,,
train,69,1705736,58804.4,0.057993,,,,,,
train,69,1705836,58807.3,0.057507,,,,,,
train,69,1705936,58810.2,0.056849,,,,,,
train,69,1706036,58813.0,0.055682,,,,,,
train,69,1706136,58815.9,0.060063,,,,,,
train,69,1706236,58818.7,0.061036,,,,,,
train,69,1706336,58821.6,0.056056,,,,,,
train,69,1706436,58824.5,0.059999,,,,,,
train,69,1706536,58827.3,0.063163,,,,,,
train,69,1706636,58830.2,0.055613,,,,,,
train,69,1706736,58833.1,0.058821,,,,,,
train,69,1706836,58835.9,0.057317,,,,,,
train,69,1706936,58838.8,0.058830,,,,,,
train,69,1707036,58841.6,0.057853,,,,,,
train,69,1707136,58844.5,0.057610,,,,,,
train,69,1707236,58847.3,0.058039,,,,,,
train,69,1707336,58850.2,0.057758,,,,,,
train,69,1707436,58853.1,0.056635,,,,,,
train,69,1707536,58855.9,0.060988,,,,,,
train,69,1707636,58858.8,0.059256,,,,,,
train,69,1707736,58861.6,0.058343,,,,,,
train,69,1707836,58864.5,0.063532,,,,,,
train,69,1707936,58867.4,0.059577,,,,,,
train,69,1708036,58870.2,0.058478,,,,,,
train,69,1708136,58873.1,0.059555,,,,,,
train,69,1708236,58875.9,0.057498,,,,,,
train,69,1708336,58878.8,0.058234,,,,,,
train,69,1708436,58881.6,0.057981,,,,,,
train,69,1708536,58884.5,0.059446,,,,,,
train,69,1708636,58887.4,0.057675,,,,,,
train,69,1708736,58890.2,0.056435,,,,,,
train,69,1708836,58893.1,0.059955,,,,,,
train,69,1708936,58895.9,0.060071,,,,,,
train,69,1709036,58898.8,0.057595,,,,,,
train,69,1709136,58901.7,0.057866,,,,,,
train,69,1709236,58904.5,0.058302,,,,,,
train,69,1709336,58907.4,0.059730,,,,,,
train,69,1709436,58910.2,0.055165,,,,,,
train,69,1709536,58913.1,0.059798,,,,,,
train,69,1709636,58915.9,0.062198,,,,,,
train,69,1709736,58918.8,0.057784,,,,,,
train,69,1709836,58921.7,0.053189,,,,,,
train,69,1709936,58924.5,0.062860,,,,,,
train,69,1710036,58927.4,0.059634,,,,,,
train,69,1710136,58930.2,0.061002,,,,,,
train,69,1710236,58933.1,0.052621,,,,,,
train,69,1710336,58935.9,0.057007,,,,,,
train,69,1710436,58938.8,0.057586,,,,,,
train,69,1710536,58941.7,0.057283,,,,,,
train,69,1710636,58944.5,0.058610,,,,,,
train,69,1710736,58947.4,0.055062,,,,,,
train,69,1710836,58950.2,0.064116,,,,,,
train,69,1710936,58953.1,0.058852,,,,,,
train,69,1711036,58956.0,0.058297,,,,,,
val,69,,59100.7,0.059058,0.003923,0.000033,0.010635,0.048701,35.7285,0.954259
train,70,1711180,59104.7,0.059807,,,,,,
train,70,1711280,59107.6,0.056847,,,,,,
train,70,1711380,59110.4,0.058617,,,,,,
train,70,1711480,59113.3,0.058063,,,,,,
train,70,1711580,59116.1,0.057987,,,,,,
train,70,1711680,59119.0,0.058887,,,,,,
train,70,1711780,59121.8,0.059014,,,,,,
train,70,1711880,59124.7,0.061147,,,,,,
train,70,1711980,59127.6,0.059905,,,,,,
train,70,1712080,59130.4,0.060007,,,,,,
train,70,1712180,59133.3,0.056232,,,,,,
train,70,1712280,59136.1,0.059621,,,,,,
train,70,1712380,59139.0,0.059371,,,,,,
train,70,1712480,59141.8,0.058361,,,,,,
train,70,1712580,59144.7,0.056356,,,,,,
train,70,1712680,59147.5,0.054772,,,,,,
train,70,1712780,59150.4,0.056234,,,,,,
train,70,1712880,59153.2,0.061092,,,,,,
train,70,1712980,59156.0,0.061061,,,,,,
train,70,1713080,59158.9,0.052735,,,,,,
train,70,1713180,59161.7,0.057619,,,,,,
train,70,1713280,59164.6,0.057729,,,,,,
train,70,1713380,59167.4,0.050927,,,,,,
train,70,1713480,59170.3,0.058806,,,,,,
train,70,1713580,59173.1,0.056297,,,,,,
train,70,1713680,59176.0,0.060320,,,,,,
train,70,1713780,59179.2,0.056759,,,,,,
train,70,1713880,59182.2,0.058072,,,,,,
train,70,1713980,59185.1,0.057352,,,,,,
train,70,1714080,59187.9,0.059930,,,,,,
train,70,1714180,59190.8,0.054208,,,,,,
train,70,1714280,59193.6,0.060178,,,,,,
train,70,1714380,59196.5,0.058749,,,,,,
train,70,1714480,59199.3,0.063346,,,,,,
train,70,1714580,59202.2,0.061719,,,,,,
train,70,1714680,59205.0,0.055282,,,,,,
train,70,1714780,59207.9,0.061428,,,,,,
train,70,1714880,59210.7,0.059101,,,,,,
train,70,1714980,59213.6,0.056298,,,,,,
train,70,1715080,59216.5,0.058304,,,,,,
train,70,1715180,59219.3,0.056819,,,,,,
train,70,1715280,59222.2,0.057908,,,,,,
train,70,1715380,59225.0,0.059972,,,,,,
train,70,1715480,59227.9,0.061048,,,,,,
train,70,1715580,59230.7,0.055845,,,,,,
train,70,1715680,59233.6,0.056606,,,,,,
train,70,1715780,59236.4,0.055984,,,,,,
train,70,1715880,59239.3,0.058843,,,,,,
train,70,1715980,59242.1,0.055089,,,,,,
train,70,1716080,59245.0,0.055770,,,,,,
train,70,1716180,59247.8,0.058748,,,,,,
train,70,1716280,59250.7,0.056915,,,,,,
train,70,1716380,59253.6,0.056372,,,,,,
train,70,1716480,59256.4,0.061655,,,,,,
train,70,1716580,59259.3,0.059291,,,,,,
train,70,1716680,59262.1,0.060975,,,,,,
train,70,1716780,59265.0,0.057409,,,,,,
train,70,1716880,59267.8,0.056164,,,,,,
train,70,1716980,59270.7,0.057004,,,,,,
train,70,1717080,59273.5,0.058691,,,,,,
train,70,1717180,59276.4,0.061101,,,,,,
train,70,1717280,59279.2,0.056615,,,,,,
train,70,1717380,59282.1,0.056728,,,,,,
train,70,1717480,59284.9,0.055464,,,,,,
train,70,1717580,59287.8,0.059365,,,,,,
train,70,1717680,59290.6,0.056771,,,,,,
train,70,1717780,59293.5,0.058627,,,,,,
train,70,1717880,59296.3,0.055192,,,,,,
train,70,1717980,59299.2,0.056203,,,,,,
train,70,1718080,59302.0,0.057832,,,,,,
train,70,1718180,59304.9,0.062435,,,,,,
train,70,1718280,59307.7,0.060988,,,,,,
train,70,1718380,59310.6,0.058811,,,,,,
train,70,1718480,59313.4,0.063249,,,,,,
train,70,1718580,59316.3,0.055857,,,,,,
train,70,1718680,59319.1,0.055156,,,,,,
train,70,1718780,59322.0,0.056066,,,,,,
train,70,1718880,59324.8,0.057265,,,,,,
train,70,1718980,59327.7,0.057871,,,,,,
train,70,1719080,59330.5,0.059556,,,,,,
train,70,1719180,59333.4,0.056588,,,,,,
train,70,1719280,59336.2,0.057556,,,,,,
train,70,1719380,59339.1,0.056730,,,,,,
train,70,1719480,59341.9,0.062786,,,,,,
train,70,1719580,59344.8,0.059488,,,,,,
train,70,1719680,59347.6,0.060079,,,,,,
train,70,1719780,59350.5,0.058957,,,,,,
train,70,1719880,59353.3,0.058217,,,,,,
train,70,1719980,59356.2,0.059273,,,,,,
train,70,1720080,59359.0,0.056840,,,,,,
train,70,1720180,59361.9,0.055612,,,,,,
train,70,1720280,59364.7,0.058466,,,,,,
train,70,1720380,59367.6,0.059249,,,,,,
train,70,1720480,59370.4,0.060011,,,,,,
train,70,1720580,59373.3,0.057623,,,,,,
train,70,1720680,59376.1,0.057799,,,,,,
train,70,1720780,59379.0,0.058130,,,,,,
train,70,1720880,59381.8,0.054328,,,,,,
train,70,1720980,59384.6,0.059283,,,,,,
train,70,1721080,59387.5,0.058036,,,,,,
train,70,1721180,59390.3,0.055881,,,,,,
train,70,1721280,59393.2,0.057730,,,,,,
train,70,1721380,59396.1,0.055003,,,,,,
train,70,1721480,59398.9,0.056312,,,,,,
train,70,1721580,59401.8,nan,,,,,,
train,70,1721680,59404.6,0.055519,,,,,,
train,70,1721780,59407.5,0.058756,,,,,,
train,70,1721880,59410.3,0.056602,,,,,,
train,70,1721980,59413.2,0.056908,,,,,,
train,70,1722080,59416.0,0.059049,,,,,,
train,70,1722180,59418.9,0.061302,,,,,,
train,70,1722280,59421.7,0.056052,,,,,,
train,70,1722380,59424.7,0.056559,,,,,,
train,70,1722480,59427.5,0.060395,,,,,,
train,70,1722580,59430.4,0.060744,,,,,,
train,70,1722680,59433.2,0.057977,,,,,,
train,70,1722780,59436.1,0.058164,,,,,,
train,70,1722880,59438.9,0.057808,,,,,,
train,70,1722980,59441.8,0.062732,,,,,,
train,70,1723080,59444.6,0.057070,,,,,,
train,70,1723180,59447.5,0.059685,,,,,,
train,70,1723280,59450.4,0.057882,,,,,,
train,70,1723380,59453.2,0.058928,,,,,,
train,70,1723480,59456.1,0.057043,,,,,,
train,70,1723580,59458.9,0.058990,,,,,,
train,70,1723680,59461.8,0.056283,,,,,,
train,70,1723780,59464.6,0.058902,,,,,,
train,70,1723880,59467.5,0.062285,,,,,,
train,70,1723980,59470.3,0.054961,,,,,,
train,70,1724080,59473.2,0.059570,,,,,,
train,70,1724180,59476.0,0.057571,,,,,,
train,70,1724280,59478.9,0.057847,,,,,,
train,70,1724380,59481.7,0.059058,,,,,,
train,70,1724480,59484.6,0.060037,,,,,,
train,70,1724580,59487.4,0.059939,,,,,,
train,70,1724680,59490.3,0.056754,,,,,,
train,70,1724780,59493.2,0.056885,,,,,,
train,70,1724880,59496.0,0.058504,,,,,,
train,70,1724980,59498.9,0.058500,,,,,,
train,70,1725080,59501.7,0.059644,,,,,,
train,70,1725180,59504.6,0.059640,,,,,,
train,70,1725280,59507.4,0.061340,,,,,,
train,70,1725380,59510.3,0.060521,,,,,,
train,70,1725480,59513.1,0.056401,,,,,,
train,70,1725580,59516.0,0.056844,,,,,,
train,70,1725680,59518.8,0.055436,,,,,,
train,70,1725780,59521.7,0.062126,,,,,,
train,70,1725880,59524.5,0.059515,,,,,,
train,70,1725980,59527.4,0.055291,,,,,,
train,70,1726080,59530.2,0.055703,,,,,,
train,70,1726180,59533.1,0.053793,,,,,,
train,70,1726280,59535.9,0.055197,,,,,,
train,70,1726380,59538.7,0.054126,,,,,,
train,70,1726480,59541.6,0.062393,,,,,,
train,70,1726580,59544.4,0.057241,,,,,,
train,70,1726680,59547.3,0.056211,,,,,,
train,70,1726780,59550.1,0.054909,,,,,,
train,70,1726880,59553.0,0.056395,,,,,,
train,70,1726980,59555.8,0.057341,,,,,,
train,70,1727080,59558.7,0.058795,,,,,,
train,70,1727180,59561.5,0.060515,,,,,,
train,70,1727280,59564.4,0.059054,,,,,,
train,70,1727380,59567.3,0.055748,,,,,,
train,70,1727480,59570.1,0.063433,,,,,,
train,70,1727580,59573.0,0.055677,,,,,,
train,70,1727680,59575.8,0.057469,,,,,,
train,70,1727780,59578.6,0.064189,,,,,,
train,70,1727880,59581.5,0.060083,,,,,,
train,70,1727980,59584.3,0.058075,,,,,,
train,70,1728080,59587.2,0.059852,,,,,,
train,70,1728180,59590.0,0.059612,,,,,,
train,70,1728280,59592.9,0.056671,,,,,,
train,70,1728380,59595.7,0.058480,,,,,,
train,70,1728480,59598.6,0.061203,,,,,,
train,70,1728580,59601.4,0.060808,,,,,,
train,70,1728680,59604.3,0.057008,,,,,,
train,70,1728780,59607.1,0.057678,,,,,,
train,70,1728880,59610.0,0.056282,,,,,,
train,70,1728980,59612.8,0.057044,,,,,,
train,70,1729080,59615.7,0.055321,,,,,,
train,70,1729180,59618.5,0.057366,,,,,,
train,70,1729280,59621.4,0.057083,,,,,,
train,70,1729380,59624.2,0.057784,,,,,,
train,70,1729480,59627.1,0.060419,,,,,,
train,70,1729580,59629.9,0.057350,,,,,,
train,70,1729680,59632.8,0.060048,,,,,,
train,70,1729780,59635.6,0.057804,,,,,,
train,70,1729880,59638.5,0.056950,,,,,,
train,70,1729980,59641.3,0.057960,,,,,,
train,70,1730080,59644.2,0.059963,,,,,,
train,70,1730180,59647.0,0.060398,,,,,,
train,70,1730280,59649.9,0.060550,,,,,,
train,70,1730380,59652.7,0.052360,,,,,,
train,70,1730480,59655.6,0.059907,,,,,,
train,70,1730580,59658.4,0.054471,,,,,,
train,70,1730680,59661.3,0.058397,,,,,,
train,70,1730780,59664.1,0.061340,,,,,,
train,70,1730880,59667.0,0.065024,,,,,,
train,70,1730980,59669.8,0.055737,,,,,,
train,70,1731080,59672.7,0.059034,,,,,,
train,70,1731180,59675.5,0.057012,,,,,,
train,70,1731280,59678.4,0.061313,,,,,,
train,70,1731380,59681.2,0.057760,,,,,,
train,70,1731480,59684.1,0.055725,,,,,,
train,70,1731580,59686.9,0.059224,,,,,,
train,70,1731680,59690.6,0.057549,,,,,,
train,70,1731780,59693.7,0.058416,,,,,,
train,70,1731880,59696.5,0.053907,,,,,,
train,70,1731980,59699.4,0.057043,,,,,,
train,70,1732080,59702.2,0.058289,,,,,,
train,70,1732180,59705.1,0.058195,,,,,,
train,70,1732280,59707.9,0.057990,,,,,,
train,70,1732380,59710.8,0.064898,,,,,,
train,70,1732480,59713.6,0.055676,,,,,,
train,70,1732580,59716.5,0.061007,,,,,,
train,70,1732680,59719.4,0.060851,,,,,,
train,70,1732780,59722.2,0.059928,,,,,,
train,70,1732880,59725.1,0.061732,,,,,,
train,70,1732980,59727.9,0.058614,,,,,,
train,70,1733080,59730.8,0.054555,,,,,,
train,70,1733180,59733.6,0.059846,,,,,,
train,70,1733280,59736.7,0.059186,,,,,,
train,70,1733380,59739.6,0.058891,,,,,,
train,70,1733480,59742.4,0.059749,,,,,,
train,70,1733580,59745.2,0.060928,,,,,,
train,70,1733680,59748.1,0.059283,,,,,,
train,70,1733780,59750.9,0.062579,,,,,,
train,70,1733880,59753.8,0.059017,,,,,,
train,70,1733980,59756.6,0.057604,,,,,,
train,70,1734080,59759.5,0.058993,,,,,,
train,70,1734180,59762.3,0.059187,,,,,,
train,70,1734280,59765.2,0.061391,,,,,,
train,70,1734380,59768.0,0.058243,,,,,,
train,70,1734480,59770.9,0.054067,,,,,,
train,70,1734580,59773.7,0.057978,,,,,,
train,70,1734680,59776.6,0.055187,,,,,,
train,70,1734780,59779.4,0.055751,,,,,,
train,70,1734880,59782.3,0.054170,,,,,,
train,70,1734980,59785.1,0.058332,,,,,,
train,70,1735080,59788.0,0.057455,,,,,,
train,70,1735180,59790.8,0.057167,,,,,,
train,70,1735280,59793.7,0.056902,,,,,,
train,70,1735380,59796.5,0.059643,,,,,,
train,70,1735480,59799.3,0.060744,,,,,,
val,70,,59944.2,0.059008,0.003920,0.000033,0.010624,0.048686,35.7327,0.954240
train,71,1735624,59948.2,0.060961,,,,,,
train,71,1735724,59951.1,0.060053,,,,,,
train,71,1735824,59954.0,0.054602,,,,,,
train,71,1735924,59956.8,0.059093,,,,,,
train,71,1736024,59959.7,0.056307,,,,,,
train,71,1736124,59962.5,0.056077,,,,,,
train,71,1736224,59965.4,0.058873,,,,,,
train,71,1736324,59968.2,0.058736,,,,,,
train,71,1736424,59971.1,0.058784,,,,,,
train,71,1736524,59973.9,0.058885,,,,,,
train,71,1736624,59976.8,0.054591,,,,,,
train,71,1736724,59979.6,0.057203,,,,,,
train,71,1736824,59982.5,0.057331,,,,,,
train,71,1736924,59985.4,0.053390,,,,,,
train,71,1737024,59988.2,0.058193,,,,,,
train,71,1737124,59991.1,0.061223,,,,,,
train,71,1737224,59993.9,0.058749,,,,,,
train,71,1737324,59996.8,0.061127,,,,,,
train,71,1737424,59999.6,0.059247,,,,,,
train,71,1737524,60002.5,0.059488,,,,,,
train,71,1737624,60005.3,0.058045,,,,,,
train,71,1737724,60008.2,0.059284,,,,,,
train,71,1737824,60011.0,0.059008,,,,,,
train,71,1737924,60013.9,0.057475,,,,,,
train,71,1738024,60016.8,0.056479,,,,,,
train,71,1738124,60019.7,0.057092,,,,,,
train,71,1738224,60022.5,0.057924,,,,,,
train,71,1738324,60025.4,0.055597,,,,,,
train,71,1738424,60028.2,0.062430,,,,,,
train,71,1738524,60031.1,0.057822,,,,,,
train,71,1738624,60033.9,0.055891,,,,,,
train,71,1738724,60036.8,0.056251,,,,,,
train,71,1738824,60039.7,0.057529,,,,,,
train,71,1738924,60042.5,0.058401,,,,,,
train,71,1739024,60045.4,0.059517,,,,,,
train,71,1739124,60048.2,0.055168,,,,,,
train,71,1739224,60051.1,0.059956,,,,,,
train,71,1739324,60053.9,0.055489,,,,,,
train,71,1739424,60056.8,0.060663,,,,,,
train,71,1739524,60059.8,0.061403,,,,,,
train,71,1739624,60062.7,0.057409,,,,,,
train,71,1739724,60065.5,0.054334,,,,,,
train,71,1739824,60068.4,0.061985,,,,,,
train,71,1739924,60071.2,0.056906,,,,,,
train,71,1740024,60074.1,0.058271,,,,,,
train,71,1740124,60077.1,0.055718,,,,,,
train,71,1740224,60080.5,0.058435,,,,,,
train,71,1740324,60083.4,0.054384,,,,,,
train,71,1740424,60086.2,0.055930,,,,,,
train,71,1740524,60089.1,0.054635,,,,,,
train,71,1740624,60091.9,0.057785,,,,,,
train,71,1740724,60094.9,0.052749,,,,,,
train,71,1740824,60097.8,0.054806,,,,,,
train,71,1740924,60100.6,0.056113,,,,,,
train,71,1741024,60103.5,0.055536,,,,,,
train,71,1741124,60106.4,0.057033,,,,,,
train,71,1741224,60109.2,0.058643,,,,,,
train,71,1741324,60112.1,0.061340,,,,,,
train,71,1741424,60114.9,0.054700,,,,,,
train,71,1741524,60117.8,0.058156,,,,,,
train,71,1741624,60120.6,0.056606,,,,,,
train,71,1741724,60123.5,0.061066,,,,,,
train,71,1741824,60126.3,0.059859,,,,,,
train,71,1741924,60129.2,0.060712,,,,,,
train,71,1742024,60132.0,0.058581,,,,,,
train,71,1742124,60134.9,0.060300,,,,,,
train,71,1742224,60137.8,0.059662,,,,,,
train,71,1742324,60140.6,0.056656,,,,,,
train,71,1742424,60143.5,0.056748,,,,,,
train,71,1742524,60146.3,0.055950,,,,,,
train,71,1742624,60149.2,0.056307,,,,,,
train,71,1742724,60152.0,0.061626,,,,,,
train,71,1742824,60154.9,0.055934,,,,,,
train,71,1742924,60157.7,0.060334,,,,,,
train,71,1743024,60160.6,0.059739,,,,,,
train,71,1743124,60163.4,0.060315,,,,,,
train,71,1743224,60166.3,0.057914,,,,,,
train,71,1743324,60169.2,0.058918,,,,,,
train,71,1743424,60172.0,0.063864,,,,,,
train,71,1743524,60174.9,0.060858,,,,,,
train,71,1743624,60177.7,0.062242,,,,,,
train,71,1743724,60180.6,0.059292,,,,,,
train,71,1743824,60183.4,nan,,,,,,
train,71,1743924,60186.3,0.055570,,,,,,
train,71,1744024,60189.1,0.055689,,,,,,
train,71,1744124,60192.0,0.056185,,,,,,
train,71,1744224,60194.8,0.062749,,,,,,
train,71,1744324,60197.7,0.054162,,,,,,
train,71,1744424,60200.5,0.054184,,,,,,
train,71,1744524,60203.4,0.055384,,,,,,
train,71,1744624,60206.3,0.060134,,,,,,
train,71,1744724,60209.1,0.058453,,,,,,
train,71,1744824,60212.0,0.058049,,,,,,
train,71,1744924,60214.8,0.054765,,,,,,
train,71,1745024,60217.7,0.058202,,,,,,
train,71,1745124,60220.5,0.062550,,,,,,
train,71,1745224,60223.4,0.058462,,,,,,
train,71,1745324,60226.2,0.057913,,,,,,
train,71,1745424,60229.1,0.054410,,,,,,
train,71,1745524,60231.9,0.058957,,,,,,
train,71,1745624,60234.8,0.060034,,,,,,
train,71,1745724,60237.6,0.057432,,,,,,
train,71,1745824,60240.5,0.059071,,,,,,
train,71,1745924,60243.3,0.059707,,,,,,
train,71,1746024,60246.2,0.058368,,,,,,
train,71,1746124,60249.0,0.059417,,,,,,
train,71,1746224,60251.9,0.060727,,,,,,
train,71,1746324,60254.7,0.059866,,,,,,
train,71,1746424,60257.6,0.060912,,,,,,
train,71,1746524,60260.5,0.057800,,,,,,
train,71,1746624,60263.3,0.058816,,,,,,
train,71,1746724,60266.2,0.058425,,,,,,
train,71,1746824,60269.0,0.057177,,,,,,
train,71,1746924,60271.9,0.055897,,,,,,
train,71,1747024,60274.7,0.057880,,,,,,
train,71,1747124,60277.6,0.056042,,,,,,
train,71,1747224,60280.4,0.056564,,,,,,
train,71,1747324,60283.3,0.058616,,,,,,
train,71,1747424,60286.2,0.060138,,,,,,
train,71,1747524,60289.0,0.056410,,,,,,
train,71,1747624,60291.9,0.057624,,,,,,
train,71,1747724,60294.7,0.058009,,,,,,
train,71,1747824,60297.6,0.059954,,,,,,
train,71,1747924,60300.4,0.061519,,,,,,
train,71,1748024,60303.3,0.059549,,,,,,
train,71,1748124,60306.1,0.056909,,,,,,
train,71,1748224,60309.0,0.061126,,,,,,
train,71,1748324,60311.9,0.060220,,,,,,
train,71,1748424,60314.7,0.059860,,,,,,
train,71,1748524,60317.6,0.059408,,,,,,
train,71,1748624,60320.4,0.059731,,,,,,
train,71,1748724,60323.3,0.060803,,,,,,
train,71,1748824,60326.2,0.057558,,,,,,
train,71,1748924,60329.0,0.057950,,,,,,
train,71,1749024,60331.9,0.059309,,,,,,
train,71,1749124,60334.8,0.058374,,,,,,
train,71,1749224,60337.6,0.056116,,,,,,
train,71,1749324,60340.5,0.059462,,,,,,
train,71,1749424,60343.3,0.061411,,,,,,
train,71,1749524,60346.2,0.054598,,,,,,
train,71,1749624,60349.0,0.060886,,,,,,
train,71,1749724,60351.9,0.056169,,,,,,
train,71,1749824,60354.7,0.060721,,,,,,
train,71,1749924,60357.6,0.058423,,,,,,
train,71,1750024,60360.4,0.060735,,,,,,
train,71,1750124,60363.3,0.055986,,,,,,
train,71,1750224,60366.2,0.060638,,,,,,
train,71,1750324,60369.0,0.056707,,,,,,
train,71,1750424,60371.9,0.059478,,,,,,
train,71,1750524,60374.7,0.059092,,,,,,
train,71,1750624,60377.6,0.059747,,,,,,
train,71,1750724,60380.4,0.058816,,,,,,
train,71,1750824,60383.3,0.054799,,,,,,
train,71,1750924,60386.2,0.059290,,,,,,
train,71,1751024,60389.0,0.055476,,,,,,
train,71,1751124,60391.9,0.062626,,,,,,
train,71,1751224,60394.7,0.060796,,,,,,
train,71,1751324,60397.6,0.059079,,,,,,
train,71,1751424,60400.4,0.063972,,,,,,
train,71,1751524,60403.3,0.062168,,,,,,
train,71,1751624,60406.1,0.057181,,,,,,
train,71,1751724,60409.0,0.055846,,,,,,
train,71,1751824,60411.8,0.054687,,,,,,
train,71,1751924,60414.7,0.055689,,,,,,
train,71,1752024,60417.5,0.058528,,,,,,
train,71,1752124,60420.4,0.057269,,,,,,
train,71,1752224,60423.2,0.058754,,,,,,
train,71,1752324,60426.1,0.065180,,,,,,
train,71,1752424,60428.9,0.059897,,,,,,
train,71,1752524,60431.8,0.058676,,,,,,
train,71,1752624,60434.7,0.057927,,,,,,
train,71,1752724,60437.5,0.060644,,,,,,
train,71,1752824,60440.4,0.060548,,,,,,
train,71,1752924,60443.2,0.057354,,,,,,
train,71,1753024,60446.1,0.057513,,,,,,
train,71,1753124,60448.9,0.058928,,,,,,
train,71,1753224,60451.8,0.058528,,,,,,
train,71,1753324,60454.6,0.054797,,,,,,
train,71,1753424,60457.5,0.054691,,,,,,
train,71,1753524,60460.3,0.058118,,,,,,
train,71,1753624,60463.2,0.057951,,,,,,
train,71,1753724,60466.0,0.058095,,,,,,
train,71,1753824,60468.9,0.058554,,,,,,
train,71,1753924,60471.7,0.060107,,,,,,
train,71,1754024,60474.6,0.062065,,,,,,
train,71,1754124,60477.4,0.059174,,,,,,
train,71,1754224,60480.3,0.057691,,,,,,
train,71,1754324,60483.2,0.053848,,,,,,
train,71,1754424,60486.2,0.054511,,,,,,
train,71,1754524,60489.0,0.057225,,,,,,
train,71,1754624,60491.9,0.057756,,,,,,
train,71,1754724,60494.8,0.058114,,,,,,
train,71,1754824,60497.6,0.062611,,,,,,
train,71,1754924,60500.5,0.060450,,,,,,
train,71,1755024,60503.3,0.059554,,,,,,
train,71,1755124,60506.2,0.056020,,,,,,
train,71,1755224,60509.0,0.056025,,,,,,
train,71,1755324,60511.9,0.059608,,,,,,
train,71,1755424,60514.7,0.056729,,,,,,
train,71,1755524,60517.6,0.057408,,,,,,
train,71,1755624,60520.4,0.057938,,,,,,
train,71,1755724,60523.3,0.058491,,,,,,
train,71,1755824,60526.2,0.061273,,,,,,
train,71,1755924,60529.0,0.058821,,,,,,
train,71,1756024,60531.9,0.060804,,,,,,
train,71,1756124,60534.7,0.057736,,,,,,
train,71,1756224,60537.6,0.056138,,,,,,
train,71,1756324,60540.4,0.059750,,,,,,
train,71,1756424,60543.3,0.056013,,,,,,
train,71,1756524,60546.1,0.057677,,,,,,
train,71,1756624,60549.0,0.052701,,,,,,
train,71,1756724,60551.8,0.056142,,,,,,
train,71,1756824,60554.7,0.059871,,,,,,
train,71,1756924,60557.6,0.052671,,,,,,
train,71,1757024,60560.4,0.056787,,,,,,
train,71,1757124,60563.3,0.056858,,,,,,
train,71,1757224,60566.1,0.059096,,,,,,
train,71,1757324,60569.0,0.053986,,,,,,
train,71,1757424,60571.8,0.059133,,,,,,
train,71,1757524,60574.8,0.055706,,,,,,
train,71,1757624,60577.8,0.056158,,,,,,
train,71,1757724,60581.0,0.055208,,,,,,
train,71,1757824,60583.8,0.060871,,,,,,
train,71,1757924,60586.7,0.058256,,,,,,
train,71,1758024,60589.5,0.059994,,,,,,
train,71,1758124,60592.4,0.059168,,,,,,
train,71,1758224,60595.2,0.057199,,,,,,
train,71,1758324,60598.1,0.061815,,,,,,
train,71,1758424,60600.9,0.060935,,,,,,
train,71,1758524,60603.8,0.057176,,,,,,
train,71,1758624,60606.6,0.057144,,,,,,
train,71,1758724,60609.5,0.054003,,,,,,
train,71,1758824,60612.4,0.059442,,,,,,
train,71,1758924,60615.2,0.056197,,,,,,
train,71,1759024,60618.1,0.055016,,,,,,
train,71,1759124,60620.9,0.054669,,,,,,
train,71,1759224,60623.8,0.054842,,,,,,
train,71,1759324,60626.6,0.062046,,,,,,
train,71,1759424,60629.9,0.058852,,,,,,
train,71,1759524,60632.7,0.055863,,,,,,
train,71,1759624,60635.6,0.061710,,,,,,
train,71,1759724,60638.4,0.056852,,,,,,
train,71,1759824,60641.3,0.055413,,,,,,
train,71,1759924,60644.1,0.056549,,,,,,
val,71,,60788.8,0.058684,0.003918,0.000033,0.010612,0.048719,35.7481,0.954271
train,72,1760068,60792.9,0.059836,,,,,,
train,72,1760168,60795.7,0.058818,,,,,,
train,72,1760268,60798.6,0.059227,,,,,,
train,72,1760368,60801.4,0.055179,,,,,,
train,72,1760468,60804.3,0.057899,,,,,,
train,72,1760568,60807.2,0.055951,,,,,,
train,72,1760668,60810.0,0.055311,,,,,,
train,72,1760768,60812.9,0.060269,,,,,,
train,72,1760868,60815.8,0.054858,,,,,,
train,72,1760968,60818.6,0.058155,,,,,,
train,72,1761068,60821.5,0.057569,,,,,,
train,72,1761168,60824.3,0.058526,,,,,,
train,72,1761268,60827.2,0.058072,,,,,,
train,72,1761368,60830.1,0.059138,,,,,,
train,72,1761468,60832.9,0.060248,,,,,,
train,72,1761568,60835.8,0.058990,,,,,,
train,72,1761668,60838.6,0.058094,,,,,,
train,72,1761768,60841.5,0.054463,,,,,,
train,72,1761868,60844.4,0.063082,,,,,,
train,72,1761968,60847.2,0.059061,,,,,,
train,72,1762068,60850.1,0.059438,,,,,,
train,72,1762168,60852.9,0.059190,,,,,,
train,72,1762268,60855.8,0.055337,,,,,,
train,72,1762368,60858.6,0.059163,,,,,,
train,72,1762468,60861.5,0.057671,,,,,,
train,72,1762568,60864.4,0.058493,,,,,,
train,72,1762668,60867.2,0.058407,,,,,,
train,72,1762768,60870.1,0.054615,,,,,,
train,72,1762868,60873.0,0.058187,,,,,,
train,72,1762968,60875.8,0.060705,,,,,,
train,72,1763068,60878.7,0.060932,,,,,,
train,72,1763168,60881.5,0.062368,,,,,,
train,72,1763268,60884.4,0.055489,,,,,,
train,72,1763368,60887.3,0.061185,,,,,,
train,72,1763468,60890.1,0.057590,,,,,,
train,72,1763568,60893.0,0.060000,,,,,,
train,72,1763668,60895.8,0.055490,,,,,,
train,72,1763768,60898.7,0.061054,,,,,,
train,72,1763868,60901.6,0.057856,,,,,,
train,72,1763968,60904.4,0.053742,,,,,,
train,72,1764068,60907.3,0.059006,,,,,,
train,72,1764168,60910.2,0.055907,,,,,,
train,72,1764268,60913.0,0.058031,,,,,,
train,72,1764368,60915.9,0.058661,,,,,,
train,72,1764468,60918.8,0.057730,,,,,,
train,72,1764568,60921.6,0.060881,,,,,,
train,72,1764668,60924.5,0.062440,,,,,,
train,72,1764768,60927.4,0.055568,,,,,,
train,72,1764868,60930.2,0.055946,,,,,,
train,72,1764968,60933.1,0.058489,,,,,,
train,72,1765068,60935.9,0.060507,,,,,,
train,72,1765168,60938.8,0.057797,,,,,,
train,72,1765268,60941.7,0.060606,,,,,,
train,72,1765368,60944.5,0.057773,,,,,,
train,72,1765468,60947.4,0.056786,,,,,,
train,72,1765568,60950.2,0.060336,,,,,,
train,72,1765668,60953.1,0.061766,,,,,,
train,72,1765768,60956.0,0.058505,,,,,,
train,72,1765868,60958.8,0.055756,,,,,,
train,72,1765968,60961.7,0.058324,,,,,,
train,72,1766068,60964.5,0.062946,,,,,,
train,72,1766168,60967.4,0.056109,,,,,,
train,72,1766268,60970.3,0.053217,,,,,,
train,72,1766368,60973.1,0.053924,,,,,,
train,72,1766468,60976.0,nan,,,,,,
train,72,1766568,60978.9,0.055319,,,,,,
train,72,1766668,60981.7,0.054806,,,,,,
train,72,1766768,60984.6,0.053310,,,,,,
train,72,1766868,60987.4,0.058622,,,,,,
train,72,1766968,60990.3,0.057069,,,,,,
train,72,1767068,60993.2,0.055436,,,,,,
train,72,1767168,60996.0,0.057272,,,,,,
train,72,1767268,60998.9,0.059474,,,,,,
train,72,1767368,61001.7,0.060312,,,,,,
train,72,1767468,61004.6,0.058415,,,,,,
train,72,1767568,61007.5,0.057374,,,,,,
train,72,1767668,61010.3,0.056958,,,,,,
train,72,1767768,61013.2,0.058158,,,,,,
train,72,1767868,61016.1,0.060909,,,,,,
train,72,1767968,61019.0,0.054362,,,,,,
train,72,1768068,61021.8,0.056891,,,,,,
train,72,1768168,61024.7,0.055936,,,,,,
train,72,1768268,61027.6,0.055378,,,,,,
train,72,1768368,61030.4,0.061893,,,,,,
train,72,1768468,61033.3,0.057012,,,,,,
train,72,1768568,61036.2,0.058490,,,,,,
train,72,1768668,61039.0,0.057208,,,,,,
train,72,1768768,61041.9,0.060453,,,,,,
train,72,1768868,61044.7,0.056752,,,,,,
train,72,1768968,61047.6,0.058507,,,,,,
train,72,1769068,61050.6,0.059613,,,,,,
train,72,1769168,61053.4,0.060332,,,,,,
train,72,1769268,61056.3,0.058788,,,,,,
train,72,1769368,61059.2,0.055500,,,,,,
train,72,1769468,61062.0,0.056349,,,,,,
train,72,1769568,61064.9,0.059952,,,,,,
train,72,1769668,61067.7,0.059330,,,,,,
train,72,1769768,61070.6,0.060668,,,,,,
train,72,1769868,61073.5,0.060498,,,,,,
train,72,1769968,61076.3,0.054267,,,,,,
train,72,1770068,61079.2,0.059925,,,,,,
train,72,1770168,61082.7,0.055082,,,,,,
train,72,1770268,61085.5,0.056348,,,,,,
train,72,1770368,61088.4,0.062739,,,,,,
train,72,1770468,61091.3,0.054209,,,,,,
train,72,1770568,61094.1,0.060330,,,,,,
train,72,1770668,61097.0,0.059366,,,,,,
train,72,1770768,61099.8,0.057691,,,,,,
train,72,1770868,61102.7,0.061287,,,,,,
train,72,1770968,61105.6,0.058472,,,,,,
train,72,1771068,61108.4,0.056490,,,,,,
train,72,1771168,61111.3,0.056987,,,,,,
train,72,1771268,61114.2,0.056332,,,,,,
train,72,1771368,61117.0,0.061090,,,,,,
train,72,1771468,61119.9,0.060385,,,,,,
train,72,1771568,61122.7,0.056779,,,,,,
train,72,1771668,61125.6,0.055350,,,,,,
train,72,1771768,61128.5,0.059997,,,,,,
train,72,1771868,61131.3,0.064597,,,,,,
train,72,1771968,61134.2,0.060409,,,,,,
train,72,1772068,61137.0,0.058900,,,,,,
train,72,1772168,61139.9,0.061460,,,,,,
train,72,1772268,61142.8,0.055864,,,,,,
train,72,1772368,61145.6,0.057769,,,,,,
train,72,1772468,61148.5,0.056533,,,,,,
train,72,1772568,61151.3,0.056954,,,,,,
train,72,1772668,61154.2,0.057453,,,,,,
train,72,1772768,61157.1,0.057934,,,,,,
train,72,1772868,61159.9,0.055013,,,,,,
train,72,1772968,61162.8,0.058056,,,,,,
train,72,1773068,61165.7,0.057933,,,,,,
train,72,1773168,61168.5,0.059248,,,,,,
train,72,1773268,61171.4,0.057327,,,,,,
train,72,1773368,61174.3,0.061361,,,,,,
train,72,1773468,61177.1,0.059092,,,,,,
train,72,1773568,61180.0,0.059855,,,,,,
train,72,1773668,61182.8,0.058828,,,,,,
train,72,1773768,61185.7,0.053970,,,,,,
train,72,1773868,61188.6,0.059660,,,,,,
train,72,1773968,61191.4,0.056748,,,,,,
train,72,1774068,61194.3,0.057363,,,,,,
train,72,1774168,61197.1,0.055955,,,,,,
train,72,1774268,61200.0,0.058506,,,,,,
train,72,1774368,61202.9,0.057965,,,,,,
train,72,1774468,61205.7,0.059253,,,,,,
train,72,1774568,61208.6,0.058147,,,,,,
train,72,1774668,61211.4,0.059077,,,,,,
train,72,1774768,61214.3,0.055302,,,,,,
train,72,1774868,61217.2,0.058507,,,,,,
train,72,1774968,61220.0,0.062432,,,,,,
train,72,1775068,61222.9,0.060117,,,,,,
train,72,1775168,61225.8,0.057028,,,,,,
train,72,1775268,61228.6,0.059065,,,,,,
train,72,1775368,61231.5,0.057051,,,,,,
train,72,1775468,61234.3,0.060873,,,,,,
train,72,1775568,61237.2,0.061682,,,,,,
train,72,1775668,61240.1,0.055703,,,,,,
train,72,1775768,61242.9,0.057692,,,,,,
train,72,1775868,61245.8,0.060315,,,,,,
train,72,1775968,61248.6,0.058053,,,,,,
train,72,1776068,61251.5,0.058362,,,,,,
train,72,1776168,61254.4,0.059564,,,,,,
train,72,1776268,61257.2,0.055153,,,,,,
train,72,1776368,61260.1,0.059317,,,,,,
train,72,1776468,61262.9,0.057129,,,,,,
train,72,1776568,61265.8,0.058872,,,,,,
train,72,1776668,61268.6,0.061106,,,,,,
train,72,1776768,61271.5,0.059656,,,,,,
train,72,1776868,61274.4,0.057542,,,,,,
train,72,1776968,61277.2,0.055964,,,,,,
train,72,1777068,61280.1,0.059835,,,,,,
train,72,1777168,61282.9,0.057680,,,,,,
train,72,1777268,61285.8,0.056934,,,,,,
train,72,1777368,61288.6,0.058019,,,,,,
train,72,1777468,61291.5,0.057851,,,,,,
train,72,1777568,61294.3,0.058066,,,,,,
train,72,1777668,61297.2,0.062210,,,,,,
train,72,1777768,61300.1,0.059056,,,,,,
train,72,1777868,61302.9,0.060098,,,,,,
train,72,1777968,61305.8,0.057401,,,,,,
train,72,1778068,61308.6,0.058509,,,,,,
train,72,1778168,61311.5,0.056662,,,,,,
train,72,1778268,61314.4,0.060511,,,,,,
train,72,1778368,61317.2,0.053989,,,,,,
train,72,1778468,61320.1,0.056385,,,,,,
train,72,1778568,61323.0,0.059174,,,,,,
train,72,1778668,61325.8,0.056694,,,,,,
train,72,1778768,61328.7,0.059314,,,,,,
train,72,1778868,61331.6,0.059406,,,,,,
train,72,1778968,61334.4,0.053421,,,,,,
train,72,1779068,61337.3,0.061394,,,,,,
train,72,1779168,61340.1,0.055709,,,,,,
train,72,1779268,61343.0,0.058633,,,,,,
train,72,1779368,61345.9,0.057767,,,,,,
train,72,1779468,61348.7,0.060195,,,,,,
train,72,1779568,61351.6,0.056883,,,,,,
train,72,1779668,61354.5,0.053575,,,,,,
train,72,1779768,61357.3,0.062211,,,,,,
train,72,1779868,61360.2,0.056462,,,,,,
train,72,1779968,61363.0,0.059867,,,,,,
train,72,1780068,61365.9,0.058378,,,,,,
train,72,1780168,61368.7,0.055626,,,,,,
train,72,1780268,61371.6,0.053211,,,,,,
train,72,1780368,61374.5,0.057520,,,,,,
train,72,1780468,61377.3,0.059222,,,,,,
train,72,1780568,61380.2,0.056945,,,,,,
train,72,1780668,61383.0,0.059995,,,,,,
train,72,1780768,61385.9,0.055812,,,,,,
train,72,1780868,61388.8,0.053747,,,,,,
train,72,1780968,61391.6,0.057766,,,,,,
train,72,1781068,61394.5,0.055341,,,,,,
train,72,1781168,61397.3,0.054458,,,,,,
train,72,1781268,61400.2,0.057487,,,,,,
train,72,1781368,61403.1,0.057737,,,,,,
train,72,1781468,61405.9,0.058883,,,,,,
train,72,1781568,61408.8,0.053118,,,,,,
train,72,1781668,61411.7,0.057206,,,,,,
train,72,1781768,61414.5,0.057578,,,,,,
train,72,1781868,61417.4,0.054715,,,,,,
train,72,1781968,61420.2,0.060412,,,,,,
train,72,1782068,61423.1,0.055934,,,,,,
train,72,1782168,61426.0,0.056560,,,,,,
train,72,1782268,61428.8,0.057957,,,,,,
train,72,1782368,61431.7,0.061114,,,,,,
train,72,1782468,61434.6,0.058479,,,,,,
train,72,1782568,61437.4,0.058661,,,,,,
train,72,1782668,61440.3,0.056818,,,,,,
train,72,1782768,61443.1,0.058918,,,,,,
train,72,1782868,61446.0,0.057654,,,,,,
train,72,1782968,61448.9,0.060407,,,,,,
train,72,1783068,61451.7,0.059942,,,,,,
train,72,1783168,61454.6,0.059189,,,,,,
train,72,1783268,61457.4,0.057812,,,,,,
train,72,1783368,61460.3,0.055291,,,,,,
train,72,1783468,61463.2,0.057429,,,,,,
train,72,1783568,61466.0,0.058416,,,,,,
train,72,1783668,61468.9,0.059634,,,,,,
train,72,1783768,61471.8,0.054630,,,,,,
train,72,1783868,61474.6,0.059769,,,,,,
train,72,1783968,61477.5,0.058758,,,,,,
train,72,1784068,61480.3,0.055469,,,,,,
train,72,1784168,61483.2,0.061339,,,,,,
train,72,1784268,61486.0,0.058957,,,,,,
train,72,1784368,61488.9,0.058275,,,,,,
val,72,,61633.5,0.058683,0.003917,0.000033,0.010613,0.048691,35.7355,0.954283
train,73,1784512,61637.6,0.057958,,,,,,
train,73,1784612,61640.4,0.065675,,,,,,
train,73,1784712,61643.3,0.053120,,,,,,
train,73,1784812,61646.2,0.054343,,,,,,
train,73,1784912,61649.0,0.055860,,,,,,
train,73,1785012,61651.9,0.055248,,,,,,
train,73,1785112,61654.7,0.056786,,,,,,
train,73,1785212,61657.6,0.059728,,,,,,
train,73,1785312,61660.5,0.058349,,,,,,
train,73,1785412,61663.3,0.059403,,,,,,
train,73,1785512,61666.2,0.057378,,,,,,
train,73,1785612,61669.0,0.059696,,,,,,
train,73,1785712,61671.9,0.056887,,,,,,
train,73,1785812,61674.8,0.057989,,,,,,
train,73,1785912,61677.6,0.054847,,,,,,
train,73,1786012,61680.5,0.059183,,,,,,
train,73,1786112,61683.4,0.058337,,,,,,
train,73,1786212,61686.2,0.059476,,,,,,
train,73,1786312,61689.1,0.063959,,,,,,
train,73,1786412,61692.0,0.057471,,,,,,
train,73,1786512,61694.8,0.058904,,,,,,
train,73,1786612,61697.7,0.057114,,,,,,
train,73,1786712,61700.5,0.053376,,,,,,
train,73,1786812,61703.4,0.056874,,,,,,
train,73,1786912,61706.3,0.059810,,,,,,
train,73,1787012,61709.1,0.057019,,,,,,
train,73,1787112,61712.0,0.058726,,,,,,
train,73,1787212,61714.8,0.056542,,,,,,
train,73,1787312,61717.7,0.060399,,,,,,
train,73,1787412,61720.5,0.057055,,,,,,
train,73,1787512,61723.4,0.056104,,,,,,
train,73,1787612,61726.2,0.058310,,,,,,
train,73,1787712,61729.1,0.057216,,,,,,
train,73,1787812,61731.9,0.056334,,,,,,
train,73,1787912,61734.8,0.056222,,,,,,
train,73,1788012,61737.7,0.063424,,,,,,
train,73,1788112,61740.5,0.056813,,,,,,
train,73,1788212,61743.4,0.059577,,,,,,
train,73,1788312,61746.2,0.060431,,,,,,
train,73,1788412,61749.1,0.055932,,,,,,
train,73,1788512,61752.0,0.061359,,,,,,
train,73,1788612,61754.8,0.060487,,,,,,
train,73,1788712,61757.7,0.057024,,,,,,
train,73,1788812,61760.5,0.057115,,,,,,
train,73,1788912,61763.4,0.054781,,,,,,
train,73,1789012,61766.3,0.061115,,,,,,
train,73,1789112,61769.1,0.059942,,,,,,
train,73,1789212,61772.0,0.054792,,,,,,
train,73,1789312,61774.8,0.057249,,,,,,
train,73,1789412,61777.7,0.055396,,,,,,
train,73,1789512,61780.6,0.058936,,,,,,
train,73,1789612,61783.4,0.059029,,,,,,
train,73,1789712,61786.3,0.061020,,,,,,
train,73,1789812,61789.2,0.057345,,,,,,
train,73,1789912,61792.0,0.060882,,,,,,
train,73,1790012,61794.9,0.057490,,,,,,
train,73,1790112,61797.8,0.058945,,,,,,
train,73,1790212,61800.6,0.061046,,,,,,
train,73,1790312,61803.5,0.056569,,,,,,
train,73,1790412,61806.3,0.052984,,,,,,
train,73,1790512,61809.2,0.055401,,,,,,
train,73,1790612,61812.1,0.056951,,,,,,
train,73,1790712,61814.9,0.054517,,,,,,
train,73,1790812,61817.8,0.056756,,,,,,
train,73,1790912,61820.6,0.055913,,,,,,
train,73,1791012,61823.5,0.058802,,,,,,
train,73,1791112,61826.4,0.064114,,,,,,
train,73,1791212,61829.2,0.059771,,,,,,
train,73,1791312,61832.1,0.058940,,,,,,
train,73,1791412,61834.9,0.053986,,,,,,
train,73,1791512,61837.8,0.057047,,,,,,
train,73,1791612,61840.7,0.057289,,,,,,
train,73,1791712,61843.5,0.055998,,,,,,
train,73,1791812,61846.4,0.054121,,,,,,
train,73,1791912,61849.3,0.055752,,,,,,
train,73,1792012,61852.1,0.058488,,,,,,
train,73,1792112,61855.0,0.053899,,,,,,
train,73,1792212,61857.9,0.058031,,,,,,
train,73,1792312,61860.7,0.057661,,,,,,
train,73,1792412,61863.6,0.057406,,,,,,
train,73,1792512,61866.5,0.058886,,,,,,
train,73,1792612,61869.3,0.058005,,,,,,
train,73,1792712,61872.2,0.056519,,,,,,
train,73,1792812,61875.0,0.058088,,,,,,
train,73,1792912,61877.9,0.050795,,,,,,
train,73,1793012,61880.8,0.059945,,,,,,
train,73,1793112,61883.6,0.057461,,,,,,
train,73,1793212,61886.5,0.059317,,,,,,
train,73,1793312,61889.4,0.058495,,,,,,
train,73,1793412,61892.2,0.059583,,,,,,
train,73,1793512,61895.1,0.059330,,,,,,
train,73,1793612,61898.0,0.056663,,,,,,
train,73,1793712,61900.8,0.059390,,,,,,
train,73,1793812,61903.7,0.060000,,,,,,
train,73,1793912,61906.5,0.063167,,,,,,
train,73,1794012,61909.4,0.056872,,,,,,
train,73,1794112,61912.3,0.057578,,,,,,
train,73,1794212,61915.1,0.054915,,,,,,
train,73,1794312,61918.0,0.060275,,,,,,
train,73,1794412,61920.8,0.058917,,,,,,
train,73,1794512,61923.7,0.056599,,,,,,
train,73,1794612,61926.5,0.056645,,,,,,
train,73,1794712,61929.4,0.056384,,,,,,
train,73,1794812,61932.2,0.058011,,,,,,
train,73,1794912,61935.1,0.058792,,,,,,
train,73,1795012,61938.0,0.057269,,,,,,
train,73,1795112,61940.8,0.056313,,,,,,
train,73,1795212,61943.7,0.058735,,,,,,
train,73,1795312,61946.5,0.055741,,,,,,
train,73,1795412,61949.4,0.055827,,,,,,
train,73,1795512,61952.3,0.056484,,,,,,
train,73,1795612,61955.1,0.059649,,,,,,
train,73,1795712,61958.0,0.058020,,,,,,
train,73,1795812,61960.9,0.058057,,,,,,
train,73,1795912,61963.7,0.055739,,,,,,
train,73,1796012,61966.6,0.059203,,,,,,
train,73,1796112,61969.4,0.063366,,,,,,
train,73,1796212,61972.3,0.053415,,,,,,
train,73,1796312,61975.2,0.059894,,,,,,
train,73,1796412,61978.0,0.061084,,,,,,
train,73,1796512,61980.9,0.058603,,,,,,
train,73,1796612,61983.7,0.057693,,,,,,
train,73,1796712,61986.6,0.059101,,,,,,
train,73,1796812,61989.5,0.058573,,,,,,
train,73,1796912,61992.3,0.054856,,,,,,
train,73,1797012,61995.2,0.057569,,,,,,
train,73,1797112,61998.1,0.056003,,,,,,
train,73,1797212,62000.9,0.056711,,,,,,
train,73,1797312,62003.8,0.058364,,,,,,
train,73,1797412,62006.7,0.056402,,,,,,
train,73,1797512,62009.6,0.058011,,,,,,
train,73,1797612,62012.4,0.059596,,,,,,
train,73,1797712,62015.3,0.057488,,,,,,
train,73,1797812,62018.1,0.056530,,,,,,
train,73,1797912,62021.0,0.057494,,,,,,
train,73,1798012,62023.9,0.056095,,,,,,
train,73,1798112,62026.7,0.059005,,,,,,
train,73,1798212,62029.6,0.060129,,,,,,
train,73,1798312,62032.5,0.058846,,,,,,
train,73,1798412,62035.3,0.066491,,,,,,
train,73,1798512,62038.2,0.058524,,,,,,
train,73,1798612,62041.0,0.057139,,,,,,
train,73,1798712,62043.9,0.061565,,,,,,
train,73,1798812,62046.9,0.056120,,,,,,
train,73,1798912,62049.8,0.061030,,,,,,
train,73,1799012,62052.6,0.062734,,,,,,
train,73,1799112,62055.5,0.058663,,,,,,
train,73,1799212,62058.3,0.056502,,,,,,
train,73,1799312,62061.2,0.060238,,,,,,
train,73,1799412,62064.1,0.059172,,,,,,
train,73,1799512,62066.9,0.058254,,,,,,
train,73,1799612,62069.8,0.056948,,,,,,
train,73,1799712,62072.7,0.060078,,,,,,
train,73,1799812,62075.5,0.062953,,,,,,
train,73,1799912,62078.4,0.058368,,,,,,
train,73,1800012,62081.3,0.063282,,,,,,
train,73,1800112,62084.1,0.058505,,,,,,
train,73,1800212,62087.0,0.059261,,,,,,
train,73,1800312,62089.8,0.058261,,,,,,
train,73,1800412,62092.7,0.057398,,,,,,
train,73,1800512,62095.6,0.059952,,,,,,
train,73,1800612,62098.4,0.060533,,,,,,
train,73,1800712,62101.3,0.057677,,,,,,
train,73,1800812,62104.1,0.054728,,,,,,
train,73,1800912,62107.0,0.052684,,,,,,
train,73,1801012,62109.9,0.056027,,,,,,
train,73,1801112,62112.7,0.059020,,,,,,
train,73,1801212,62115.6,0.059214,,,,,,
train,73,1801312,62118.4,0.057173,,,,,,
train,73,1801412,62121.3,0.062328,,,,,,
train,73,1801512,62124.2,0.055843,,,,,,
train,73,1801612,62127.4,0.057849,,,,,,
train,73,1801712,62130.9,0.060335,,,,,,
train,73,1801812,62133.8,0.055064,,,,,,
train,73,1801912,62136.6,0.058983,,,,,,
train,73,1802012,62139.5,0.057024,,,,,,
train,73,1802112,62142.3,0.057502,,,,,,
train,73,1802212,62145.2,0.057771,,,,,,
train,73,1802312,62148.1,0.055988,,,,,,
train,73,1802412,62150.9,0.054706,,,,,,
train,73,1802512,62153.8,nan,,,,,,
train,73,1802612,62156.6,0.054745,,,,,,
train,73,1802712,62159.5,0.059207,,,,,,
train,73,1802812,62162.4,0.058358,,,,,,
train,73,1802912,62165.2,0.058688,,,,,,
train,73,1803012,62168.1,0.059317,,,,,,
train,73,1803112,62170.9,0.059960,,,,,,
train,73,1803212,62173.8,0.059157,,,,,,
train,73,1803312,62176.6,0.057367,,,,,,
train,73,1803412,62179.5,0.055709,,,,,,
train,73,1803512,62182.4,0.059551,,,,,,
train,73,1803612,62185.2,0.057683,,,,,,
train,73,1803712,62188.1,0.057803,,,,,,
train,73,1803812,62191.0,0.062441,,,,,,
train,73,1803912,62193.8,0.051131,,,,,,
train,73,1804012,62196.7,0.057492,,,,,,
train,73,1804112,62199.5,0.059042,,,,,,
train,73,1804212,62202.4,0.059023,,,,,,
train,73,1804312,62205.3,0.059148,,,,,,
train,73,1804412,62208.1,0.059604,,,,,,
train,73,1804512,62211.0,0.059844,,,,,,
train,73,1804612,62213.8,0.058517,,,,,,
train,73,1804712,62216.7,0.058589,,,,,,
train,73,1804812,62219.6,0.058409,,,,,,
train,73,1804912,62222.9,0.058470,,,,,,
train,73,1805012,62226.0,0.060244,,,,,,
train,73,1805112,62229.0,0.061834,,,,,,
train,73,1805212,62231.9,0.057520,,,,,,
train,73,1805312,62234.8,0.061426,,,,,,
train,73,1805412,62237.6,0.059209,,,,,,
train,73,1805512,62240.5,0.056620,,,,,,
train,73,1805612,62243.4,0.063432,,,,,,
train,73,1805712,62246.2,0.055985,,,,,,
train,73,1805812,62249.1,0.057552,,,,,,
train,73,1805912,62251.9,0.057904,,,,,,
train,73,1806012,62254.8,0.059673,,,,,,
train,73,1806112,62257.6,0.056250,,,,,,
train,73,1806212,62260.5,0.057737,,,,,,
train,73,1806312,62263.4,0.057074,,,,,,
train,73,1806412,62266.2,0.056094,,,,,,
train,73,1806512,62269.1,0.060349,,,,,,
train,73,1806612,62272.0,0.057168,,,,,,
train,73,1806712,62274.8,0.054983,,,,,,
train,73,1806812,62277.7,0.052512,,,,,,
train,73,1806912,62280.5,0.061366,,,,,,
train,73,1807012,62283.4,0.058999,,,,,,
train,73,1807112,62286.3,0.058639,,,,,,
train,73,1807212,62289.1,0.056212,,,,,,
train,73,1807312,62292.0,0.060038,,,,,,
train,73,1807412,62294.9,0.056751,,,,,,
train,73,1807512,62297.7,0.059192,,,,,,
train,73,1807612,62300.6,0.056032,,,,,,
train,73,1807712,62303.5,0.054505,,,,,,
train,73,1807812,62306.3,0.058051,,,,,,
train,73,1807912,62309.2,0.057362,,,,,,
train,73,1808012,62312.0,0.060442,,,,,,
train,73,1808112,62314.9,0.056697,,,,,,
train,73,1808212,62317.7,0.057418,,,,,,
train,73,1808312,62320.6,0.059810,,,,,,
train,73,1808412,62323.5,0.060489,,,,,,
train,73,1808512,62326.3,0.056558,,,,,,
train,73,1808612,62329.2,0.058865,,,,,,
train,73,1808712,62332.0,0.064129,,,,,,
train,73,1808812,62334.9,0.055434,,,,,,
val,73,,62479.7,0.058806,0.003916,0.000033,0.010617,0.048701,35.7361,0.954240
train,74,1808956,62483.3,0.056691,,,,,,
train,74,1809056,62486.2,0.057439,,,,,,
train,74,1809156,62489.0,0.056266,,,,,,
train,74,1809256,62491.9,0.058406,,,,,,
train,74,1809356,62494.7,0.059959,,,,,,
train,74,1809456,62497.6,0.056727,,,,,,
train,74,1809556,62500.4,0.059444,,,,,,
train,74,1809656,62503.3,0.056469,,,,,,
train,74,1809756,62506.1,0.057111,,,,,,
train,74,1809856,62509.0,0.059247,,,,,,
train,74,1809956,62511.8,0.059532,,,,,,
train,74,1810056,62514.7,0.057046,,,,,,
train,74,1810156,62517.5,0.056603,,,,,,
train,74,1810256,62520.4,0.058684,,,,,,
train,74,1810356,62523.2,0.056977,,,,,,
train,74,1810456,62526.1,0.059791,,,,,,
train,74,1810556,62528.9,0.056930,,,,,,
train,74,1810656,62531.8,0.054739,,,,,,
train,74,1810756,62534.6,0.059856,,,,,,
train,74,1810856,62537.5,0.054881,,,,,,
train,74,1810956,62540.3,0.057037,,,,,,
train,74,1811056,62543.2,0.064575,,,,,,
train,74,1811156,62546.0,0.058416,,,,,,
train,74,1811256,62548.9,0.057640,,,,,,
train,74,1811356,62551.7,0.057868,,,,,,
train,74,1811456,62554.6,0.056886,,,,,,
train,74,1811556,62557.4,0.058994,,,,,,
train,74,1811656,62560.3,0.064628,,,,,,
train,74,1811756,62563.1,0.058046,,,,,,
train,74,1811856,62566.0,0.059185,,,,,,
train,74,1811956,62568.8,0.054959,,,,,,
train,74,1812056,62571.7,0.054617,,,,,,
train,74,1812156,62574.5,0.057377,,,,,,
train,74,1812256,62577.4,0.063876,,,,,,
train,74,1812356,62580.3,0.059254,,,,,,
train,74,1812456,62583.1,0.055484,,,,,,
train,74,1812556,62585.9,0.058248,,,,,,
train,74,1812656,62588.8,0.058370,,,,,,
train,74,1812756,62591.6,0.059395,,,,,,
train,74,1812856,62594.5,0.059898,,,,,,
train,74,1812956,62597.3,0.060219,,,,,,
train,74,1813056,62600.2,0.060505,,,,,,
train,74,1813156,62603.0,0.058113,,,,,,
train,74,1813256,62605.9,0.055996,,,,,,
train,74,1813356,62608.7,0.057092,,,,,,
train,74,1813456,62611.5,0.052865,,,,,,
train,74,1813556,62614.4,0.054138,,,,,,
train,74,1813656,62617.7,0.058323,,,,,,
train,74,1813756,62621.0,0.055400,,,,,,
train,74,1813856,62623.8,0.056063,,,,,,
train,74,1813956,62626.7,0.056390,,,,,,
train,74,1814056,62629.5,0.056111,,,,,,
train,74,1814156,62632.4,0.058157,,,,,,
train,74,1814256,62635.2,0.057005,,,,,,
train,74,1814356,62638.1,0.058386,,,,,,
train,74,1814456,62640.9,0.055119,,,,,,
train,74,1814556,62643.7,0.055484,,,,,,
train,74,1814656,62646.6,0.052904,,,,,,
train,74,1814756,62649.4,0.062208,,,,,,
train,74,1814856,62652.3,0.055553,,,,,,
train,74,1814956,62655.1,0.060883,,,,,,
train,74,1815056,62658.0,0.053889,,,,,,
train,74,1815156,62660.8,0.056560,,,,,,
train,74,1815256,62663.7,0.056856,,,,,,
train,74,1815356,62666.5,0.058621,,,,,,
train,74,1815456,62669.4,0.059091,,,,,,
train,74,1815556,62672.2,0.054271,,,,,,
train,74,1815656,62675.1,0.057215,,,,,,
train,74,1815756,62677.9,0.055906,,,,,,
train,74,1815856,62680.8,0.058978,,,,,,
train,74,1815956,62683.6,0.057526,,,,,,
train,74,1816056,62686.5,0.058821,,,,,,
train,74,1816156,62689.3,0.057607,,,,,,
train,74,1816256,62692.2,0.057505,,,,,,
train,74,1816356,62695.1,0.056270,,,,,,
train,74,1816456,62697.9,0.059511,,,,,,
train,74,1816556,62700.8,0.054658,,,,,,
train,74,1816656,62703.6,0.060480,,,,,,
train,74,1816756,62706.5,0.055960,,,,,,
train,74,1816856,62709.3,0.062337,,,,,,
train,74,1816956,62712.2,0.056275,,,,,,
train,74,1817056,62715.0,0.056853,,,,,,
train,74,1817156,62717.9,0.061568,,,,,,
train,74,1817256,62720.7,0.058107,,,,,,
train,74,1817356,62723.6,0.061273,,,,,,
train,74,1817456,62726.4,0.055967,,,,,,
train,74,1817556,62729.3,0.061839,,,,,,
train,74,1817656,62732.1,0.055204,,,,,,
train,74,1817756,62735.0,0.059611,,,,,,
train,74,1817856,62737.8,0.060969,,,,,,
train,74,1817956,62740.7,0.056967,,,,,,
train,74,1818056,62743.5,0.060045,,,,,,
train,74,1818156,62746.4,0.058708,,,,,,
train,74,1818256,62749.2,0.055435,,,,,,
train,74,1818356,62752.1,0.056440,,,,,,
train,74,1818456,62754.9,0.057357,,,,,,
train,74,1818556,62757.8,0.061577,,,,,,
train,74,1818656,62760.6,0.054559,,,,,,
train,74,1818756,62763.5,0.055569,,,,,,
train,74,1818856,62766.3,0.059048,,,,,,
train,74,1818956,62769.2,0.057259,,,,,,
train,74,1819056,62772.0,0.058742,,,,,,
train,74,1819156,62774.9,0.057125,,,,,,
train,74,1819256,62777.8,0.055977,,,,,,
train,74,1819356,62780.6,0.060531,,,,,,
train,74,1819456,62783.5,0.056892,,,,,,
train,74,1819556,62786.3,0.055418,,,,,,
train,74,1819656,62789.2,0.055961,,,,,,
train,74,1819756,62792.0,0.059291,,,,,,
train,74,1819856,62794.9,0.059213,,,,,,
train,74,1819956,62797.7,0.062813,,,,,,
train,74,1820056,62800.6,0.055309,,,,,,
train,74,1820156,62803.4,0.057457,,,,,,
train,74,1820256,62806.3,0.056857,,,,,,
train,74,1820356,62809.1,0.059598,,,,,,
train,74,1820456,62812.0,0.060462,,,,,,
train,74,1820556,62814.8,0.062618,,,,,,
train,74,1820656,62817.7,0.058560,,,,,,
train,74,1820756,62820.5,0.057605,,,,,,
train,74,1820856,62823.4,0.057106,,,,,,
train,74,1820956,62826.2,0.058402,,,,,,
train,74,1821056,62829.1,0.059148,,,,,,
train,74,1821156,62831.9,0.055236,,,,,,
train,74,1821256,62834.8,0.057406,,,,,,
train,74,1821356,62837.6,0.059135,,,,,,
train,74,1821456,62840.5,0.056187,,,,,,
train,74,1821556,62843.3,0.060277,,,,,,
train,74,1821656,62846.2,0.061686,,,,,,
train,74,1821756,62849.0,0.060147,,,,,,
train,74,1821856,62851.9,0.056902,,,,,,
train,74,1821956,62854.7,0.057177,,,,,,
train,74,1822056,62857.6,0.056726,,,,,,
train,74,1822156,62860.4,0.057324,,,,,,
train,74,1822256,62863.3,0.054974,,,,,,
train,74,1822356,62866.1,0.057409,,,,,,
train,74,1822456,62869.0,0.060353,,,,,,
train,74,1822556,62871.8,0.056219,,,,,,
train,74,1822656,62874.7,0.062981,,,,,,
train,74,1822756,62877.5,0.061039,,,,,,
train,74,1822856,62880.4,0.056820,,,,,,
train,74,1822956,62883.2,0.056108,,,,,,
train,74,1823056,62886.1,0.060632,,,,,,
train,74,1823156,62888.9,0.056962,,,,,,
train,74,1823256,62891.8,0.061298,,,,,,
train,74,1823356,62894.6,0.056744,,,,,,
train,74,1823456,62897.5,0.053702,,,,,,
train,74,1823556,62900.3,0.058125,,,,,,
train,74,1823656,62903.2,0.059476,,,,,,
train,74,1823756,62906.0,0.059688,,,,,,
train,74,1823856,62908.9,0.055210,,,,,,
train,74,1823956,62911.7,0.058751,,,,,,
train,74,1824056,62914.6,0.059089,,,,,,
train,74,1824156,62917.4,0.057621,,,,,,
train,74,1824256,62920.3,0.057776,,,,,,
train,74,1824356,62923.1,0.055168,,,,,,
train,74,1824456,62926.0,0.056412,,,,,,
train,74,1824556,62928.8,0.059773,,,,,,
train,74,1824656,62931.7,0.056826,,,,,,
train,74,1824756,62934.5,0.057768,,,,,,
train,74,1824856,62937.4,0.055294,,,,,,
train,74,1824956,62940.2,0.057630,,,,,,
train,74,1825056,62943.1,0.059399,,,,,,
train,74,1825156,62945.9,0.058325,,,,,,
train,74,1825256,62948.8,0.056708,,,,,,
train,74,1825356,62951.6,0.056714,,,,,,
train,74,1825456,62954.5,0.059638,,,,,,
train,74,1825556,62957.3,0.057612,,,,,,
train,74,1825656,62960.2,0.055762,,,,,,
train,74,1825756,62963.0,0.056330,,,,,,
train,74,1825856,62965.9,0.058035,,,,,,
train,74,1825956,62968.8,0.058396,,,,,,
train,74,1826056,62971.6,0.060139,,,,,,
train,74,1826156,62974.5,0.058778,,,,,,
train,74,1826256,62977.3,0.057927,,,,,,
train,74,1826356,62980.2,0.057087,,,,,,
train,74,1826456,62983.0,0.056331,,,,,,
train,74,1826556,62985.9,0.054509,,,,,,
train,74,1826656,62988.7,0.061792,,,,,,
train,74,1826756,62991.6,0.060836,,,,,,
train,74,1826856,62994.4,0.056897,,,,,,
train,74,1826956,62997.3,0.058197,,,,,,
train,74,1827056,63000.1,0.056271,,,,,,
train,74,1827156,63003.0,0.055264,,,,,,
train,74,1827256,63005.8,0.060256,,,,,,
train,74,1827356,63008.7,0.057085,,,,,,
train,74,1827456,63011.5,0.061815,,,,,,
train,74,1827556,63014.4,0.055435,,,,,,
train,74,1827656,63017.2,0.059795,,,,,,
train,74,1827756,63020.1,0.057850,,,,,,
train,74,1827856,63022.9,0.057776,,,,,,
train,74,1827956,63025.8,0.054850,,,,,,
train,74,1828056,63028.7,0.058302,,,,,,
train,74,1828156,63031.5,0.060347,,,,,,
train,74,1828256,63034.4,0.060472,,,,,,
train,74,1828356,63037.2,0.058954,,,,,,
train,74,1828456,63040.1,0.057381,,,,,,
train,74,1828556,63042.9,0.057260,,,,,,
train,74,1828656,63045.8,0.058310,,,,,,
train,74,1828756,63048.6,0.057249,,,,,,
train,74,1828856,63051.5,0.053982,,,,,,
train,74,1828956,63054.3,0.057838,,,,,,
train,74,1829056,63057.2,0.059743,,,,,,
train,74,1829156,63060.0,0.057183,,,,,,
train,74,1829256,63062.9,0.058151,,,,,,
train,74,1829356,63065.7,0.058267,,,,,,
train,74,1829456,63068.6,0.057914,,,,,,
train,74,1829556,63071.4,0.058068,,,,,,
train,74,1829656,63074.3,0.061149,,,,,,
train,74,1829756,63077.1,0.064443,,,,,,
train,74,1829856,63080.0,0.053482,,,,,,
train,74,1829956,63082.8,0.056075,,,,,,
train,74,1830056,63085.7,0.055639,,,,,,
train,74,1830156,63088.5,0.058100,,,,,,
train,74,1830256,63091.4,0.062742,,,,,,
train,74,1830356,63094.2,0.058459,,,,,,
train,74,1830456,63097.1,0.058481,,,,,,
train,74,1830556,63099.9,0.059861,,,,,,
train,74,1830656,63102.8,0.056481,,,,,,
train,74,1830756,63105.6,0.061744,,,,,,
train,74,1830856,63108.5,0.061536,,,,,,
train,74,1830956,63111.3,0.059978,,,,,,
train,74,1831056,63114.2,0.058029,,,,,,
train,74,1831156,63117.0,0.061634,,,,,,
train,74,1831256,63119.9,0.053999,,,,,,
train,74,1831356,63122.7,0.053094,,,,,,
train,74,1831456,63125.6,0.058080,,,,,,
train,74,1831556,63128.4,0.054427,,,,,,
train,74,1831656,63131.3,0.053693,,,,,,
train,74,1831756,63134.1,0.055967,,,,,,
train,74,1831856,63137.0,0.057023,,,,,,
train,74,1831956,63139.8,0.055340,,,,,,
train,74,1832056,63142.7,0.060869,,,,,,
train,74,1832156,63145.5,0.057661,,,,,,
train,74,1832256,63148.4,0.058066,,,,,,
train,74,1832356,63151.2,0.055997,,,,,,
train,74,1832456,63154.1,0.055156,,,,,,
train,74,1832556,63156.9,0.056745,,,,,,
train,74,1832656,63159.8,nan,,,,,,
train,74,1832756,63162.6,0.061087,,,,,,
train,74,1832856,63165.5,0.058656,,,,,,
train,74,1832956,63168.3,0.056610,,,,,,
train,74,1833056,63171.2,0.062964,,,,,,
train,74,1833156,63174.0,0.059159,,,,,,
train,74,1833256,63176.9,0.056961,,,,,,
val,74,,63321.6,0.059054,0.003913,0.000033,0.010591,0.048655,35.7594,0.954310
train,75,1833400,63325.2,0.059415,,,,,,
train,75,1833500,63328.1,0.061736,,,,,,
train,75,1833600,63330.9,0.054183,,,,,,
train,75,1833700,63333.8,0.056107,,,,,,
train,75,1833800,63336.7,0.055326,,,,,,
train,75,1833900,63339.5,0.061906,,,,,,
train,75,1834000,63342.5,0.059637,,,,,,
train,75,1834100,63345.5,0.061127,,,,,,
train,75,1834200,63348.4,0.058831,,,,,,
train,75,1834300,63351.2,0.056255,,,,,,
train,75,1834400,63354.1,0.057262,,,,,,
train,75,1834500,63357.0,0.056374,,,,,,
train,75,1834600,63359.8,0.055410,,,,,,
train,75,1834700,63362.7,0.056634,,,,,,
train,75,1834800,63365.6,0.054664,,,,,,
train,75,1834900,63368.4,0.060279,,,,,,
train,75,1835000,63371.3,0.055253,,,,,,
train,75,1835100,63374.1,0.057728,,,,,,
train,75,1835200,63377.0,0.061194,,,,,,
train,75,1835300,63379.9,0.061229,,,,,,
train,75,1835400,63382.7,0.056445,,,,,,
train,75,1835500,63385.6,0.058571,,,,,,
train,75,1835600,63388.5,0.057980,,,,,,
train,75,1835700,63391.3,0.055841,,,,,,
train,75,1835800,63394.2,0.056929,,,,,,
train,75,1835900,63397.1,nan,,,,,,
train,75,1836000,63399.9,0.054723,,,,,,
train,75,1836100,63402.8,0.060469,,,,,,
train,75,1836200,63405.7,0.056607,,,,,,
train,75,1836300,63408.5,0.056053,,,,,,
train,75,1836400,63411.4,0.056136,,,,,,
train,75,1836500,63414.2,0.058218,,,,,,
train,75,1836600,63417.1,0.054341,,,,,,
train,75,1836700,63420.0,0.058322,,,,,,
train,75,1836800,63422.8,0.058960,,,,,,
train,75,1836900,63425.7,0.056610,,,,,,
train,75,1837000,63428.6,0.056116,,,,,,
train,75,1837100,63431.4,0.061091,,,,,,
train,75,1837200,63434.3,0.054143,,,,,,
train,75,1837300,63437.2,0.055503,,,,,,
train,75,1837400,63440.0,0.054933,,,,,,
train,75,1837500,63442.9,0.057758,,,,,,
train,75,1837600,63445.7,0.053574,,,,,,
train,75,1837700,63448.6,0.060149,,,,,,
train,75,1837800,63451.4,0.058468,,,,,,
train,75,1837900,63454.3,0.057824,,,,,,
train,75,1838000,63457.2,0.056962,,,,,,
train,75,1838100,63460.0,0.059708,,,,,,
train,75,1838200,63462.9,0.057956,,,,,,
train,75,1838300,63465.8,0.060320,,,,,,
train,75,1838400,63468.6,0.054385,,,,,,
train,75,1838500,63471.5,0.056568,,,,,,
train,75,1838600,63474.3,0.061223,,,,,,
train,75,1838700,63477.2,0.057994,,,,,,
train,75,1838800,63480.1,0.057957,,,,,,
train,75,1838900,63482.9,0.057104,,,,,,
train,75,1839000,63485.8,0.057191,,,,,,
train,75,1839100,63488.7,0.053534,,,,,,
train,75,1839200,63491.6,0.057332,,,,,,
train,75,1839300,63494.5,0.058286,,,,,,
train,75,1839400,63497.3,0.057291,,,,,,
train,75,1839500,63500.2,0.057530,,,,,,
train,75,1839600,63503.0,0.056469,,,,,,
train,75,1839700,63505.9,0.056116,,,,,,
train,75,1839800,63508.8,0.060011,,,,,,
train,75,1839900,63511.6,0.055215,,,,,,
train,75,1840000,63514.5,0.056970,,,,,,
train,75,1840100,63517.3,0.059501,,,,,,
train,75,1840200,63520.2,0.058318,,,,,,
train,75,1840300,63523.0,0.055946,,,,,,
train,75,1840400,63525.9,0.062249,,,,,,
train,75,1840500,63528.8,0.054255,,,,,,
train,75,1840600,63531.6,0.059508,,,,,,
train,75,1840700,63534.5,0.056851,,,,,,
train,75,1840800,63537.3,0.055647,,,,,,
train,75,1840900,63540.2,0.055564,,,,,,
train,75,1841000,63543.1,0.057180,,,,,,
train,75,1841100,63545.9,0.056160,,,,,,
train,75,1841200,63548.8,0.054708,,,,,,
train,75,1841300,63551.6,0.056988,,,,,,
train,75,1841400,63554.5,0.062953,,,,,,
train,75,1841500,63557.4,0.058857,,,,,,
train,75,1841600,63560.2,0.060974,,,,,,
train,75,1841700,63563.1,0.055204,,,,,,
train,75,1841800,63565.9,0.054403,,,,,,
train,75,1841900,63568.8,0.056092,,,,,,
train,75,1842000,63571.7,0.055953,,,,,,
train,75,1842100,63574.5,0.058844,,,,,,
train,75,1842200,63577.4,0.058785,,,,,,
train,75,1842300,63580.3,0.054521,,,,,,
train,75,1842400,63583.1,0.055265,,,,,,
train,75,1842500,63586.0,0.059189,,,,,,
train,75,1842600,63588.8,0.060392,,,,,,
train,75,1842700,63591.7,0.054778,,,,,,
train,75,1842800,63594.6,0.058760,,,,,,
train,75,1842900,63597.4,0.054402,,,,,,
train,75,1843000,63600.3,0.057432,,,,,,
train,75,1843100,63603.2,0.056913,,,,,,
train,75,1843200,63606.0,0.055604,,,,,,
train,75,1843300,63608.9,0.058883,,,,,,
train,75,1843400,63611.8,0.057562,,,,,,
train,75,1843500,63614.6,0.058099,,,,,,
train,75,1843600,63617.5,0.055631,,,,,,
train,75,1843700,63620.3,0.056270,,,,,,
train,75,1843800,63623.2,0.055931,,,,,,
train,75,1843900,63626.1,0.058375,,,,,,
train,75,1844000,63628.9,0.061829,,,,,,
train,75,1844100,63631.8,0.056079,,,,,,
train,75,1844200,63634.7,0.061300,,,,,,
train,75,1844300,63637.5,0.058555,,,,,,
train,75,1844400,63640.4,0.058543,,,,,,
train,75,1844500,63643.3,0.057789,,,,,,
train,75,1844600,63646.1,0.059746,,,,,,
train,75,1844700,63649.0,0.055327,,,,,,
train,75,1844800,63651.8,0.056934,,,,,,
train,75,1844900,63654.7,0.054234,,,,,,
train,75,1845000,63657.6,0.054734,,,,,,
train,75,1845100,63660.4,0.058950,,,,,,
train,75,1845200,63663.3,0.059306,,,,,,
train,75,1845300,63666.1,0.059089,,,,,,
train,75,1845400,63669.0,0.054021,,,,,,
train,75,1845500,63671.9,0.057849,,,,,,
train,75,1845600,63674.7,0.053764,,,,,,
train,75,1845700,63677.6,0.059899,,,,,,
train,75,1845800,63680.4,0.059745,,,,,,
train,75,1845900,63683.3,0.059014,,,,,,
train,75,1846000,63686.1,0.062244,,,,,,
train,75,1846100,63689.0,0.054170,,,,,,
train,75,1846200,63691.9,0.059130,,,,,,
train,75,1846300,63694.7,0.056313,,,,,,
train,75,1846400,63697.6,0.054920,,,,,,
train,75,1846500,63700.4,0.056968,,,,,,
train,75,1846600,63703.3,0.054845,,,,,,
train,75,1846700,63706.1,0.056631,,,,,,
train,75,1846800,63709.0,0.059543,,,,,,
train,75,1846900,63711.9,0.058976,,,,,,
train,75,1847000,63714.7,0.058936,,,,,,
train,75,1847100,63717.6,0.061189,,,,,,
train,75,1847200,63720.4,0.055827,,,,,,
train,75,1847300,63723.3,0.065259,,,,,,
train,75,1847400,63726.2,0.055422,,,,,,
train,75,1847500,63729.0,0.054160,,,,,,
train,75,1847600,63731.9,0.058618,,,,,,
train,75,1847700,63734.7,0.056855,,,,,,
train,75,1847800,63737.6,0.053592,,,,,,
train,75,1847900,63740.5,0.057851,,,,,,
train,75,1848000,63743.3,0.057289,,,,,,
train,75,1848100,63746.2,0.052188,,,,,,
train,75,1848200,63749.1,0.057080,,,,,,
train,75,1848300,63751.9,0.056492,,,,,,
train,75,1848400,63754.8,0.057258,,,,,,
train,75,1848500,63757.6,0.057149,,,,,,
train,75,1848600,63760.5,0.056763,,,,,,
train,75,1848700,63763.4,0.056297,,,,,,
train,75,1848800,63766.3,0.054132,,,,,,
train,75,1848900,63769.2,0.056851,,,,,,
train,75,1849000,63772.0,0.054941,,,,,,
train,75,1849100,63774.9,0.056143,,,,,,
train,75,1849200,63777.8,0.053265,,,,,,
train,75,1849300,63780.6,0.054447,,,,,,
train,75,1849400,63783.5,0.056503,,,,,,
train,75,1849500,63786.3,0.054182,,,,,,
train,75,1849600,63789.2,0.061952,,,,,,
train,75,1849700,63792.1,0.059071,,,,,,
train,75,1849800,63794.9,0.059883,,,,,,
train,75,1849900,63797.8,0.055558,,,,,,
train,75,1850000,63800.7,0.058542,,,,,,
train,75,1850100,63803.5,0.059441,,,,,,
train,75,1850200,63806.4,0.056888,,,,,,
train,75,1850300,63809.3,0.064221,,,,,,
train,75,1850400,63812.1,0.060595,,,,,,
train,75,1850500,63815.0,0.055714,,,,,,
train,75,1850600,63817.9,0.059582,,,,,,
train,75,1850700,63820.7,0.058743,,,,,,
train,75,1850800,63823.6,0.060624,,,,,,
train,75,1850900,63826.5,0.063447,,,,,,
train,75,1851000,63829.3,0.056407,,,,,,
train,75,1851100,63832.2,0.062111,,,,,,
train,75,1851200,63835.0,0.058218,,,,,,
train,75,1851300,63837.9,0.058462,,,,,,
train,75,1851400,63840.8,0.061150,,,,,,
train,75,1851500,63843.6,0.055356,,,,,,
train,75,1851600,63846.5,0.057021,,,,,,
train,75,1851700,63849.4,0.056568,,,,,,
train,75,1851800,63852.2,0.062304,,,,,,
train,75,1851900,63855.1,0.056070,,,,,,
train,75,1852000,63857.9,0.060135,,,,,,
train,75,1852100,63860.8,0.056100,,,,,,
train,75,1852200,63863.7,0.059074,,,,,,
train,75,1852300,63866.5,0.058866,,,,,,
train,75,1852400,63869.4,0.057957,,,,,,
train,75,1852500,63872.3,0.058765,,,,,,
train,75,1852600,63875.1,0.061590,,,,,,
train,75,1852700,63878.0,0.052105,,,,,,
train,75,1852800,63880.9,0.056560,,,,,,
train,75,1852900,63883.7,0.059466,,,,,,
train,75,1853000,63886.6,0.059960,,,,,,
train,75,1853100,63889.5,0.058920,,,,,,
train,75,1853200,63892.3,0.059080,,,,,,
train,75,1853300,63895.2,0.054110,,,,,,
train,75,1853400,63898.0,0.058349,,,,,,
train,75,1853500,63900.9,0.058049,,,,,,
train,75,1853600,63903.7,0.057980,,,,,,
train,75,1853700,63906.6,0.060142,,,,,,
train,75,1853800,63909.5,0.055556,,,,,,
train,75,1853900,63912.3,0.055264,,,,,,
train,75,1854000,63915.2,0.056968,,,,,,
train,75,1854100,63918.0,0.051215,,,,,,
train,75,1854200,63920.9,0.058727,,,,,,
train,75,1854300,63923.8,0.057000,,,,,,
train,75,1854400,63926.6,0.062180,,,,,,
train,75,1854500,63929.5,0.054583,,,,,,
train,75,1854600,63932.4,0.060472,,,,,,
train,75,1854700,63935.2,0.056763,,,,,,
train,75,1854800,63938.1,0.057736,,,,,,
train,75,1854900,63940.9,0.058065,,,,,,
train,75,1855000,63943.8,0.057132,,,,,,
train,75,1855100,63946.7,0.057052,,,,,,
train,75,1855200,63949.5,0.053330,,,,,,
train,75,1855300,63952.4,0.062438,,,,,,
train,75,1855400,63955.3,0.055440,,,,,,
train,75,1855500,63958.1,0.058700,,,,,,
train,75,1855600,63961.0,0.058115,,,,,,
train,75,1855700,63963.8,0.057422,,,,,,
train,75,1855800,63966.7,0.056195,,,,,,
train,75,1855900,63969.6,0.058178,,,,,,
train,75,1856000,63972.4,0.057223,,,,,,
train,75,1856100,63975.3,0.056117,,,,,,
train,75,1856200,63978.1,0.056015,,,,,,
train,75,1856300,63981.0,0.059207,,,,,,
train,75,1856400,63983.9,0.060288,,,,,,
train,75,1856500,63986.7,0.056310,,,,,,
train,75,1856600,63989.6,0.063090,,,,,,
train,75,1856700,63992.4,0.051628,,,,,,
train,75,1856800,63995.3,0.058334,,,,,,
train,75,1856900,63998.2,0.059048,,,,,,
train,75,1857000,64001.0,0.058935,,,,,,
train,75,1857100,64003.9,0.059358,,,,,,
train,75,1857200,64006.8,0.052361,,,,,,
train,75,1857300,64009.6,0.061646,,,,,,
train,75,1857400,64012.5,0.057486,,,,,,
train,75,1857500,64015.4,0.055747,,,,,,
train,75,1857600,64018.2,0.057683,,,,,,
train,75,1857700,64021.1,0.055191,,,,,,
val,75,,64165.7,0.058813,0.003911,0.000033,0.010600,0.048631,35.7534,0.954329
train,76,1857844,64169.4,0.055044,,,,,,
train,76,1857944,64172.2,0.058616,,,,,,
train,76,1858044,64175.1,0.055222,,,,,,
train,76,1858144,64177.9,0.054228,,,,,,
train,76,1858244,64180.8,0.058487,,,,,,
train,76,1858344,64183.7,0.056465,,,,,,
train,76,1858444,64186.5,0.056115,,,,,,
train,76,1858544,64189.4,0.059276,,,,,,
train,76,1858644,64192.3,0.061122,,,,,,
train,76,1858744,64195.1,0.058420,,,,,,
train,76,1858844,64198.0,0.056463,,,,,,
train,76,1858944,64200.9,0.061060,,,,,,
train,76,1859044,64203.7,0.052504,,,,,,
train,76,1859144,64206.6,0.056145,,,,,,
train,76,1859244,64209.4,0.057704,,,,,,
train,76,1859344,64212.3,0.058666,,,,,,
train,76,1859444,64215.2,0.057056,,,,,,
train,76,1859544,64218.0,0.061205,,,,,,
train,76,1859644,64220.9,0.055928,,,,,,
train,76,1859744,64223.8,0.057312,,,,,,
train,76,1859844,64226.6,0.059393,,,,,,
train,76,1859944,64229.5,0.056052,,,,,,
train,76,1860044,64232.4,0.055274,,,,,,
train,76,1860144,64235.2,0.059432,,,,,,
train,76,1860244,64238.1,0.061126,,,,,,
train,76,1860344,64241.4,0.056323,,,,,,
train,76,1860444,64244.2,0.056692,,,,,,
train,76,1860544,64247.1,0.057415,,,,,,
train,76,1860644,64250.0,0.058991,,,,,,
train,76,1860744,64252.8,0.058576,,,,,,
train,76,1860844,64255.7,0.057324,,,,,,
train,76,1860944,64258.6,0.055987,,,,,,
train,76,1861044,64261.4,0.057343,,,,,,
train,76,1861144,64264.3,0.058210,,,,,,
train,76,1861244,64267.2,0.060177,,,,,,
train,76,1861344,64270.0,0.056558,,,,,,
train,76,1861444,64272.9,0.055392,,,,,,
train,76,1861544,64275.8,0.056009,,,,,,
train,76,1861644,64278.6,0.058648,,,,,,
train,76,1861744,64281.5,0.057150,,,,,,
train,76,1861844,64284.5,0.055177,,,,,,
train,76,1861944,64287.3,0.057783,,,,,,
train,76,1862044,64290.2,0.055357,,,,,,
train,76,1862144,64293.1,0.054128,,,,,,
train,76,1862244,64295.9,0.053928,,,,,,
train,76,1862344,64298.8,0.059026,,,,,,
train,76,1862444,64301.7,0.056371,,,,,,
train,76,1862544,64304.5,0.058004,,,,,,
train,76,1862644,64307.4,0.057079,,,,,,
train,76,1862744,64310.3,0.055350,,,,,,
train,76,1862844,64313.1,0.058357,,,,,,
train,76,1862944,64316.2,0.059269,,,,,,
train,76,1863044,64319.1,0.059389,,,,,,
train,76,1863144,64322.0,0.057104,,,,,,
train,76,1863244,64324.9,0.055499,,,,,,
train,76,1863344,64327.7,0.056932,,,,,,
train,76,1863444,64330.6,0.060250,,,,,,
train,76,1863544,64333.5,0.057050,,,,,,
train,76,1863644,64336.3,0.055983,,,,,,
train,76,1863744,64339.2,0.060407,,,,,,
train,76,1863844,64342.1,0.059245,,,,,,
train,76,1863944,64344.9,0.065608,,,,,,
train,76,1864044,64347.8,0.052969,,,,,,
train,76,1864144,64350.7,0.057303,,,,,,
train,76,1864244,64353.6,0.055006,,,,,,
train,76,1864344,64356.4,0.055768,,,,,,
train,76,1864444,64359.3,0.061092,,,,,,
train,76,1864544,64362.1,0.058663,,,,,,
train,76,1864644,64365.0,0.059209,,,,,,
train,76,1864744,64367.9,0.057684,,,,,,
train,76,1864844,64370.7,0.057187,,,,,,
train,76,1864944,64373.6,0.061061,,,,,,
train,76,1865044,64376.5,0.060543,,,,,,
train,76,1865144,64379.3,0.057625,,,,,,
train,76,1865244,64382.2,0.055740,,,,,,
train,76,1865344,64385.1,0.057861,,,,,,
train,76,1865444,64387.9,0.058846,,,,,,
train,76,1865544,64390.8,0.056279,,,,,,
train,76,1865644,64393.6,0.056501,,,,,,
train,76,1865744,64396.5,0.054348,,,,,,
train,76,1865844,64399.4,0.057733,,,,,,
train,76,1865944,64402.2,0.058127,,,,,,
train,76,1866044,64405.1,0.054903,,,,,,
train,76,1866144,64408.0,0.053620,,,,,,
train,76,1866244,64410.8,0.059697,,,,,,
train,76,1866344,64413.7,0.056168,,,,,,
train,76,1866444,64416.6,0.062486,,,,,,
train,76,1866544,64419.4,0.061640,,,,,,
train,76,1866644,64422.3,0.060067,,,,,,
train,76,1866744,64425.2,0.057910,,,,,,
train,76,1866844,64428.0,0.061696,,,,,,
train,76,1866944,64430.9,0.058817,,,,,,
train,76,1867044,64433.7,0.059105,,,,,,
train,76,1867144,64436.6,0.056072,,,,,,
train,76,1867244,64439.5,0.056113,,,,,,
train,76,1867344,64442.3,0.055695,,,,,,
train,76,1867444,64445.2,0.055451,,,,,,
train,76,1867544,64448.1,0.056823,,,,,,
train,76,1867644,64450.9,0.057914,,,,,,
train,76,1867744,64453.8,0.057835,,,,,,
train,76,1867844,64456.7,0.061695,,,,,,
train,76,1867944,64459.5,0.057939,,,,,,
train,76,1868044,64462.4,0.052815,,,,,,
train,76,1868144,64465.3,0.059020,,,,,,
train,76,1868244,64468.1,0.056595,,,,,,
train,76,1868344,64471.0,0.062225,,,,,,
train,76,1868444,64473.9,0.058877,,,,,,
train,76,1868544,64476.9,0.057691,,,,,,
train,76,1868644,64479.8,0.057572,,,,,,
train,76,1868744,64482.7,0.056037,,,,,,
train,76,1868844,64485.5,0.058465,,,,,,
train,76,1868944,64488.4,0.059495,,,,,,
train,76,1869044,64491.3,0.054232,,,,,,
train,76,1869144,64494.1,0.057748,,,,,,
train,76,1869244,64497.0,0.060729,,,,,,
train,76,1869344,64499.9,0.059119,,,,,,
train,76,1869444,64502.7,0.055299,,,,,,
train,76,1869544,64505.6,0.058175,,,,,,
train,76,1869644,64508.5,0.057422,,,,,,
train,76,1869744,64511.3,0.056888,,,,,,
train,76,1869844,64514.2,0.059245,,,,,,
train,76,1869944,64517.1,0.058184,,,,,,
train,76,1870044,64519.9,0.056748,,,,,,
train,76,1870144,64522.8,0.057136,,,,,,
train,76,1870244,64525.6,0.055615,,,,,,
train,76,1870344,64528.5,0.060370,,,,,,
train,76,1870444,64531.4,0.057179,,,,,,
train,76,1870544,64534.2,0.058503,,,,,,
train,76,1870644,64537.1,0.056686,,,,,,
train,76,1870744,64540.0,0.056975,,,,,,
train,76,1870844,64542.8,0.061079,,,,,,
train,76,1870944,64545.7,0.060052,,,,,,
train,76,1871044,64548.6,0.058549,,,,,,
train,76,1871144,64552.1,0.059236,,,,,,
train,76,1871244,64555.1,0.056489,,,,,,
train,76,1871344,64558.0,0.063198,,,,,,
train,76,1871444,64561.0,0.061324,,,,,,
train,76,1871544,64563.9,0.061694,,,,,,
train,76,1871644,64566.7,0.058283,,,,,,
train,76,1871744,64569.6,0.056918,,,,,,
train,76,1871844,64572.5,0.058274,,,,,,
train,76,1871944,64575.3,0.054795,,,,,,
train,76,1872044,64578.2,0.058638,,,,,,
train,76,1872144,64581.1,0.052131,,,,,,
train,76,1872244,64583.9,0.056577,,,,,,
train,76,1872344,64586.8,0.058104,,,,,,
train,76,1872444,64589.7,0.056516,,,,,,
train,76,1872544,64592.5,0.061861,,,,,,
train,76,1872644,64595.4,0.064468,,,,,,
train,76,1872744,64598.3,0.057556,,,,,,
train,76,1872844,64601.1,0.055781,,,,,,
train,76,1872944,64604.0,0.063613,,,,,,
train,76,1873044,64606.8,0.059409,,,,,,
train,76,1873144,64609.7,0.056801,,,,,,
train,76,1873244,64612.6,0.056174,,,,,,
train,76,1873344,64615.4,0.056727,,,,,,
train,76,1873444,64618.3,0.056501,,,,,,
train,76,1873544,64621.2,0.055416,,,,,,
train,76,1873644,64624.0,0.055478,,,,,,
train,76,1873744,64626.9,0.056761,,,,,,
train,76,1873844,64629.8,0.060417,,,,,,
train,76,1873944,64632.6,0.055815,,,,,,
train,76,1874044,64635.5,0.060916,,,,,,
train,76,1874144,64638.4,0.059285,,,,,,
train,76,1874244,64641.2,0.058516,,,,,,
train,76,1874344,64644.1,0.060487,,,,,,
train,76,1874444,64646.9,0.054073,,,,,,
train,76,1874544,64649.8,0.058677,,,,,,
train,76,1874644,64652.7,0.052597,,,,,,
train,76,1874744,64655.5,0.055108,,,,,,
train,76,1874844,64658.4,0.059694,,,,,,
train,76,1874944,64661.3,0.057496,,,,,,
train,76,1875044,64664.1,0.061706,,,,,,
train,76,1875144,64667.0,0.052755,,,,,,
train,76,1875244,64669.9,0.056039,,,,,,
train,76,1875344,64672.7,0.056960,,,,,,
train,76,1875444,64675.6,0.059007,,,,,,
train,76,1875544,64678.4,0.053509,,,,,,
train,76,1875644,64681.3,0.054980,,,,,,
train,76,1875744,64684.2,0.060107,,,,,,
train,76,1875844,64687.1,0.059415,,,,,,
train,76,1875944,64689.9,0.058002,,,,,,
train,76,1876044,64692.8,0.056985,,,,,,
train,76,1876144,64695.7,0.058619,,,,,,
train,76,1876244,64698.5,0.058211,,,,,,
train,76,1876344,64701.4,0.055602,,,,,,
train,76,1876444,64704.2,0.057496,,,,,,
train,76,1876544,64707.1,0.057336,,,,,,
train,76,1876644,64710.0,0.061786,,,,,,
train,76,1876744,64712.9,0.057303,,,,,,
train,76,1876844,64715.8,0.056623,,,,,,
train,76,1876944,64718.6,0.060943,,,,,,
train,76,1877044,64721.5,0.055224,,,,,,
train,76,1877144,64724.4,0.055520,,,,,,
train,76,1877244,64727.2,0.060971,,,,,,
train,76,1877344,64730.1,0.056849,,,,,,
train,76,1877444,64733.0,0.061891,,,,,,
train,76,1877544,64735.8,0.060275,,,,,,
train,76,1877644,64738.7,0.058544,,,,,,
train,76,1877744,64741.6,0.058804,,,,,,
train,76,1877844,64744.4,0.056981,,,,,,
train,76,1877944,64747.3,0.055575,,,,,,
train,76,1878044,64750.2,0.056501,,,,,,
train,76,1878144,64753.0,0.060826,,,,,,
train,76,1878244,64755.9,0.054328,,,,,,
train,76,1878344,64758.8,0.057333,,,,,,
train,76,1878444,64761.6,0.058807,,,,,,
train,76,1878544,64764.5,0.058494,,,,,,
train,76,1878644,64767.4,0.058119,,,,,,
train,76,1878744,64770.2,0.055045,,,,,,
train,76,1878844,64773.1,0.058436,,,,,,
train,76,1878944,64776.0,0.058057,,,,,,
train,76,1879044,64778.9,0.052976,,,,,,
train,76,1879144,64781.7,0.061619,,,,,,
train,76,1879244,64784.7,0.056808,,,,,,
train,76,1879344,64787.6,0.058669,,,,,,
train,76,1879444,64790.4,0.055432,,,,,,
train,76,1879544,64793.3,0.057877,,,,,,
train,76,1879644,64796.2,0.059708,,,,,,
train,76,1879744,64799.0,0.055538,,,,,,
train,76,1879844,64801.9,0.057958,,,,,,
train,76,1879944,64804.8,0.055803,,,,,,
train,76,1880044,64807.6,0.060913,,,,,,
train,76,1880144,64810.5,0.057762,,,,,,
train,76,1880244,64813.3,0.055606,,,,,,
train,76,1880344,64816.2,0.059690,,,,,,
train,76,1880444,64819.1,0.055612,,,,,,
train,76,1880544,64821.9,0.055283,,,,,,
train,76,1880644,64824.8,0.059297,,,,,,
train,76,1880744,64827.6,0.054176,,,,,,
train,76,1880844,64830.5,0.054843,,,,,,
train,76,1880944,64833.4,0.054391,,,,,,
train,76,1881044,64836.2,0.057856,,,,,,
train,76,1881144,64839.1,0.056440,,,,,,
train,76,1881244,64842.0,nan,,,,,,
train,76,1881344,64844.8,0.055438,,,,,,
train,76,1881444,64847.7,0.058556,,,,,,
train,76,1881544,64850.5,0.058504,,,,,,
train,76,1881644,64853.4,0.060344,,,,,,
train,76,1881744,64856.8,0.061194,,,,,,
train,76,1881844,64860.0,0.059266,,,,,,
train,76,1881944,64862.8,0.053866,,,,,,
train,76,1882044,64865.7,0.058204,,,,,,
train,76,1882144,64868.6,0.057028,,,,,,
val,76,,65013.2,0.058982,0.003910,0.000033,0.010629,0.048658,35.7356,0.954310
train,77,1882288,65016.9,0.052276,,,,,,
train,77,1882388,65019.7,0.053072,,,,,,
train,77,1882488,65022.6,0.057396,,,,,,
train,77,1882588,65025.5,0.054545,,,,,,
train,77,1882688,65028.3,0.054072,,,,,,
train,77,1882788,65031.2,0.056582,,,,,,
train,77,1882888,65034.0,0.057388,,,,,,
train,77,1882988,65036.9,0.059271,,,,,,
train,77,1883088,65039.8,0.056484,,,,,,
train,77,1883188,65042.6,0.061038,,,,,,
train,77,1883288,65045.5,0.056458,,,,,,
train,77,1883388,65048.3,0.058117,,,,,,
train,77,1883488,65051.2,0.060573,,,,,,
train,77,1883588,65054.1,0.058366,,,,,,
train,77,1883688,65056.9,0.054313,,,,,,
train,77,1883788,65059.8,0.057679,,,,,,
train,77,1883888,65062.6,0.054335,,,,,,
train,77,1883988,65065.5,0.056594,,,,,,
train,77,1884088,65068.4,0.052786,,,,,,
train,77,1884188,65071.2,0.053517,,,,,,
train,77,1884288,65074.1,0.064529,,,,,,
train,77,1884388,65076.9,0.056717,,,,,,
train,77,1884488,65079.8,0.057153,,,,,,
train,77,1884588,65082.7,0.060407,,,,,,
train,77,1884688,65085.5,0.057640,,,,,,
train,77,1884788,65088.4,0.057739,,,,,,
train,77,1884888,65091.2,0.054275,,,,,,
train,77,1884988,65094.1,0.056952,,,,,,
train,77,1885088,65097.0,0.054195,,,,,,
train,77,1885188,65099.8,0.057422,,,,,,
train,77,1885288,65102.7,0.056227,,,,,,
train,77,1885388,65105.5,0.056324,,,,,,
train,77,1885488,65108.4,0.057534,,,,,,
train,77,1885588,65111.3,0.060259,,,,,,
train,77,1885688,65114.1,0.054482,,,,,,
train,77,1885788,65117.0,0.053655,,,,,,
train,77,1885888,65119.8,0.053084,,,,,,
train,77,1885988,65122.7,0.059878,,,,,,
train,77,1886088,65125.6,0.059123,,,,,,
train,77,1886188,65128.4,0.057220,,,,,,
train,77,1886288,65131.3,0.055265,,,,,,
train,77,1886388,65134.2,0.060100,,,,,,
train,77,1886488,65137.0,0.058254,,,,,,
train,77,1886588,65139.9,0.059134,,,,,,
train,77,1886688,65142.7,0.054860,,,,,,
train,77,1886788,65145.6,0.057893,,,,,,
train,77,1886888,65148.5,0.057221,,,,,,
train,77,1886988,65151.3,0.054871,,,,,,
train,77,1887088,65154.2,0.056247,,,,,,
train,77,1887188,65157.0,0.056992,,,,,,
train,77,1887288,65159.9,0.059149,,,,,,
train,77,1887388,65162.8,0.057799,,,,,,
train,77,1887488,65165.6,0.057160,,,,,,
train,77,1887588,65168.5,0.057762,,,,,,
train,77,1887688,65171.4,0.057924,,,,,,
train,77,1887788,65174.2,0.058220,,,,,,
train,77,1887888,65177.1,0.058616,,,,,,
train,77,1887988,65179.9,0.059283,,,,,,
train,77,1888088,65182.8,0.058366,,,,,,
train,77,1888188,65185.7,0.064393,,,,,,
train,77,1888288,65188.5,0.059214,,,,,,
train,77,1888388,65191.4,0.059002,,,,,,
train,77,1888488,65194.2,0.057706,,,,,,
train,77,1888588,65197.1,0.060524,,,,,,
train,77,1888688,65200.0,0.057194,,,,,,
train,77,1888788,65202.8,0.055735,,,,,,
train,77,1888888,65205.7,0.056481,,,,,,
train,77,1888988,65208.5,0.058855,,,,,,
train,77,1889088,65211.4,0.059800,,,,,,
train,77,1889188,65214.3,0.053567,,,,,,
train,77,1889288,65217.1,0.060879,,,,,,
train,77,1889388,65220.0,0.059806,,,,,,
train,77,1889488,65222.8,0.059539,,,,,,
train,77,1889588,65225.7,0.055574,,,,,,
train,77,1889688,65228.6,0.058433,,,,,,
train,77,1889788,65231.4,0.057517,,,,,,
train,77,1889888,65234.3,0.061558,,,,,,
train,77,1889988,65237.2,0.061573,,,,,,
train,77,1890088,65240.0,0.058207,,,,,,
train,77,1890188,65242.9,0.055323,,,,,,
train,77,1890288,65245.7,0.064135,,,,,,
train,77,1890388,65248.6,0.056816,,,,,,
train,77,1890488,65251.4,0.057527,,,,,,
train,77,1890588,65254.3,0.055635,,,,,,
train,77,1890688,65257.1,0.055563,,,,,,
train,77,1890788,65260.0,0.056588,,,,,,
train,77,1890888,65262.9,0.063854,,,,,,
train,77,1890988,65265.7,0.057396,,,,,,
train,77,1891088,65268.6,0.057498,,,,,,
train,77,1891188,65271.4,0.056118,,,,,,
train,77,1891288,65274.3,0.057696,,,,,,
train,77,1891388,65277.2,0.057563,,,,,,
train,77,1891488,65280.0,0.061638,,,,,,
train,77,1891588,65282.9,0.063225,,,,,,
train,77,1891688,65285.7,0.057920,,,,,,
train,77,1891788,65288.6,0.054283,,,,,,
train,77,1891888,65291.4,0.058430,,,,,,
train,77,1891988,65294.3,0.059444,,,,,,
train,77,1892088,65297.2,0.056934,,,,,,
train,77,1892188,65300.0,0.056095,,,,,,
train,77,1892288,65302.9,0.061926,,,,,,
train,77,1892388,65305.7,0.058366,,,,,,
train,77,1892488,65308.6,0.054664,,,,,,
train,77,1892588,65311.4,0.057776,,,,,,
train,77,1892688,65314.3,0.058239,,,,,,
train,77,1892788,65317.2,0.054962,,,,,,
train,77,1892888,65320.0,0.063239,,,,,,
train,77,1892988,65322.9,0.054844,,,,,,
train,77,1893088,65325.8,0.057108,,,,,,
train,77,1893188,65328.6,0.059039,,,,,,
train,77,1893288,65331.5,0.056329,,,,,,
train,77,1893388,65334.3,0.053327,,,,,,
train,77,1893488,65337.2,0.057412,,,,,,
train,77,1893588,65340.1,0.055113,,,,,,
train,77,1893688,65342.9,0.058931,,,,,,
train,77,1893788,65345.8,0.058962,,,,,,
train,77,1893888,65348.6,0.057619,,,,,,
train,77,1893988,65351.5,0.056369,,,,,,
train,77,1894088,65354.4,0.056908,,,,,,
train,77,1894188,65357.2,0.056782,,,,,,
train,77,1894288,65360.1,0.055926,,,,,,
train,77,1894388,65362.9,0.056234,,,,,,
train,77,1894488,65365.8,0.057297,,,,,,
train,77,1894588,65368.7,0.055958,,,,,,
train,77,1894688,65371.5,0.054636,,,,,,
train,77,1894788,65374.4,0.057986,,,,,,
train,77,1894888,65377.2,0.054817,,,,,,
train,77,1894988,65380.1,0.055129,,,,,,
train,77,1895088,65383.0,0.057399,,,,,,
train,77,1895188,65385.8,0.052961,,,,,,
train,77,1895288,65388.7,0.059137,,,,,,
train,77,1895388,65391.5,0.057770,,,,,,
train,77,1895488,65394.4,nan,,,,,,
train,77,1895588,65397.3,0.057378,,,,,,
train,77,1895688,65400.1,0.057126,,,,,,
train,77,1895788,65403.0,0.059610,,,,,,
train,77,1895888,65405.8,0.056714,,,,,,
train,77,1895988,65408.7,0.057571,,,,,,
train,77,1896088,65411.5,0.055534,,,,,,
train,77,1896188,65414.4,0.053816,,,,,,
train,77,1896288,65417.3,0.058983,,,,,,
train,77,1896388,65420.1,0.055521,,,,,,
train,77,1896488,65423.0,0.054920,,,,,,
train,77,1896588,65425.8,0.058498,,,,,,
train,77,1896688,65428.7,0.059261,,,,,,
train,77,1896788,65431.6,0.055576,,,,,,
train,77,1896888,65434.4,0.061670,,,,,,
train,77,1896988,65437.3,0.059402,,,,,,
train,77,1897088,65440.1,0.061056,,,,,,
train,77,1897188,65443.0,0.060010,,,,,,
train,77,1897288,65445.9,0.062570,,,,,,
train,77,1897388,65448.7,0.055834,,,,,,
train,77,1897488,65451.6,0.057304,,,,,,
train,77,1897588,65454.4,0.055885,,,,,,
train,77,1897688,65457.3,0.059706,,,,,,
train,77,1897788,65460.1,0.058947,,,,,,
train,77,1897888,65463.0,0.058127,,,,,,
train,77,1897988,65465.8,0.056108,,,,,,
train,77,1898088,65468.7,0.058064,,,,,,
train,77,1898188,65471.6,0.054316,,,,,,
train,77,1898288,65474.4,0.057115,,,,,,
train,77,1898388,65477.3,0.055793,,,,,,
train,77,1898488,65480.1,0.057005,,,,,,
train,77,1898588,65483.0,0.052579,,,,,,
train,77,1898688,65485.9,0.058110,,,,,,
train,77,1898788,65488.7,0.058907,,,,,,
train,77,1898888,65491.6,0.055106,,,,,,
train,77,1898988,65494.4,0.058695,,,,,,
train,77,1899088,65497.3,0.061173,,,,,,
train,77,1899188,65500.2,0.058489,,,,,,
train,77,1899288,65503.0,0.055364,,,,,,
train,77,1899388,65505.9,0.057710,,,,,,
train,77,1899488,65508.7,0.058126,,,,,,
train,77,1899588,65511.6,0.057849,,,,,,
train,77,1899688,65514.4,0.058631,,,,,,
train,77,1899788,65517.3,0.058481,,,,,,
train,77,1899888,65520.2,0.060079,,,,,,
train,77,1899988,65523.0,0.056675,,,,,,
train,77,1900088,65525.9,0.058624,,,,,,
train,77,1900188,65528.7,0.057405,,,,,,
train,77,1900288,65531.6,0.061746,,,,,,
train,77,1900388,65534.5,0.058458,,,,,,
train,77,1900488,65537.3,0.058426,,,,,,
train,77,1900588,65540.2,0.056355,,,,,,
train,77,1900688,65543.0,0.055685,,,,,,
train,77,1900788,65545.9,0.058460,,,,,,
train,77,1900888,65548.8,0.062702,,,,,,
train,77,1900988,65551.6,0.058758,,,,,,
train,77,1901088,65554.5,0.059114,,,,,,
train,77,1901188,65557.4,0.062049,,,,,,
train,77,1901288,65560.2,0.059003,,,,,,
train,77,1901388,65563.1,0.058815,,,,,,
train,77,1901488,65565.9,0.055577,,,,,,
train,77,1901588,65568.8,0.057955,,,,,,
train,77,1901688,65571.7,0.055447,,,,,,
train,77,1901788,65574.5,0.055331,,,,,,
train,77,1901888,65577.4,0.056313,,,,,,
train,77,1901988,65580.2,0.059455,,,,,,
train,77,1902088,65583.1,0.053865,,,,,,
train,77,1902188,65586.0,0.058235,,,,,,
train,77,1902288,65588.8,0.056366,,,,,,
train,77,1902388,65591.7,0.059039,,,,,,
train,77,1902488,65594.6,0.057076,,,,,,
train,77,1902588,65597.4,0.056925,,,,,,
train,77,1902688,65600.3,0.057741,,,,,,
train,77,1902788,65603.1,0.057094,,,,,,
train,77,1902888,65606.0,0.057635,,,,,,
train,77,1902988,65608.9,0.057830,,,,,,
train,77,1903088,65611.7,0.057224,,,,,,
train,77,1903188,65614.6,0.058125,,,,,,
train,77,1903288,65617.5,0.058711,,,,,,
train,77,1903388,65620.3,0.056894,,,,,,
train,77,1903488,65623.2,0.055182,,,,,,
train,77,1903588,65626.1,0.057123,,,,,,
train,77,1903688,65628.9,0.059723,,,,,,
train,77,1903788,65631.8,0.055962,,,,,,
train,77,1903888,65634.7,0.057363,,,,,,
train,77,1903988,65637.5,0.061612,,,,,,
train,77,1904088,65640.4,0.055341,,,,,,
train,77,1904188,65643.2,0.058834,,,,,,
train,77,1904288,65646.1,0.055601,,,,,,
train,77,1904388,65649.0,0.055149,,,,,,
train,77,1904488,65651.8,0.059754,,,,,,
train,77,1904588,65654.7,0.054071,,,,,,
train,77,1904688,65657.6,0.058032,,,,,,
train,77,1904788,65660.4,0.062794,,,,,,
train,77,1904888,65663.3,0.055299,,,,,,
train,77,1904988,65666.1,0.052101,,,,,,
train,77,1905088,65669.0,0.055069,,,,,,
train,77,1905188,65671.9,0.060859,,,,,,
train,77,1905288,65674.7,0.060831,,,,,,
train,77,1905388,65677.6,0.056425,,,,,,
train,77,1905488,65680.4,0.054736,,,,,,
train,77,1905588,65683.3,0.056579,,,,,,
train,77,1905688,65686.1,0.055853,,,,,,
train,77,1905788,65689.0,0.055114,,,,,,
train,77,1905888,65691.8,0.061372,,,,,,
train,77,1905988,65694.7,0.059313,,,,,,
train,77,1906088,65697.6,0.060907,,,,,,
train,77,1906188,65700.4,0.059024,,,,,,
train,77,1906288,65703.3,0.052934,,,,,,
train,77,1906388,65706.1,0.058543,,,,,,
train,77,1906488,65709.0,0.058910,,,,,,
train,77,1906588,65711.9,0.055565,,,,,,
val,77,,65856.7,0.058886,0.003909,0.000032,0.010583,0.048668,35.7676,0.954343
train,78,1906732,65860.3,0.061689,,,,,,
train,78,1906832,65863.2,0.059364,,,,,,
train,78,1906932,65866.1,0.060156,,,,,,
train,78,1907032,65868.9,0.059841,,,,,,
train,78,1907132,65871.8,0.057870,,,,,,
train,78,1907232,65874.6,0.055511,,,,,,
train,78,1907332,65877.5,0.056812,,,,,,
train,78,1907432,65880.4,0.054393,,,,,,
train,78,1907532,65883.2,0.053791,,,,,,
train,78,1907632,65886.1,0.059257,,,,,,
train,78,1907732,65888.9,0.059964,,,,,,
train,78,1907832,65891.8,0.059111,,,,,,
train,78,1907932,65894.6,0.061452,,,,,,
train,78,1908032,65897.5,0.057170,,,,,,
train,78,1908132,65900.3,0.055581,,,,,,
train,78,1908232,65903.2,0.055178,,,,,,
train,78,1908332,65906.1,0.058574,,,,,,
train,78,1908432,65909.0,0.057994,,,,,,
train,78,1908532,65911.8,0.054879,,,,,,
train,78,1908632,65914.7,0.056505,,,,,,
train,78,1908732,65917.5,0.059573,,,,,,
train,78,1908832,65920.4,0.052416,,,,,,
train,78,1908932,65923.3,0.056143,,,,,,
train,78,1909032,65926.1,0.061645,,,,,,
train,78,1909132,65929.0,0.056953,,,,,,
train,78,1909232,65931.8,0.057296,,,,,,
train,78,1909332,65934.7,0.057690,,,,,,
train,78,1909432,65937.6,0.058139,,,,,,
train,78,1909532,65940.4,0.063238,,,,,,
train,78,1909632,65943.3,0.058991,,,,,,
train,78,1909732,65946.1,0.061932,,,,,,
train,78,1909832,65949.0,0.055287,,,,,,
train,78,1909932,65951.8,0.063239,,,,,,
train,78,1910032,65954.7,0.058931,,,,,,
train,78,1910132,65957.6,0.056201,,,,,,
train,78,1910232,65960.4,0.055586,,,,,,
train,78,1910332,65963.3,0.056894,,,,,,
train,78,1910432,65966.2,0.055724,,,,,,
train,78,1910532,65969.0,0.056638,,,,,,
train,78,1910632,65971.9,0.057953,,,,,,
train,78,1910732,65974.7,0.057164,,,,,,
train,78,1910832,65977.6,0.060096,,,,,,
train,78,1910932,65980.5,0.057971,,,,,,
train,78,1911032,65983.3,0.058593,,,,,,
train,78,1911132,65986.2,0.063250,,,,,,
train,78,1911232,65989.0,0.056421,,,,,,
train,78,1911332,65991.9,0.055619,,,,,,
train,78,1911432,65994.8,0.056304,,,,,,
train,78,1911532,65997.6,0.053442,,,,,,
train,78,1911632,66000.5,0.057433,,,,,,
train,78,1911732,66003.4,0.055692,,,,,,
train,78,1911832,66006.2,0.056715,,,,,,
train,78,1911932,66009.1,0.054241,,,,,,
train,78,1912032,66012.0,0.051311,,,,,,
train,78,1912132,66014.8,0.054820,,,,,,
train,78,1912232,66017.7,0.055137,,,,,,
train,78,1912332,66020.5,0.056543,,,,,,
train,78,1912432,66023.4,0.060109,,,,,,
train,78,1912532,66026.3,0.056881,,,,,,
train,78,1912632,66029.1,0.057653,,,,,,
train,78,1912732,66032.0,0.055363,,,,,,
train,78,1912832,66034.9,0.057616,,,,,,
train,78,1912932,66037.7,0.058508,,,,,,
train,78,1913032,66040.6,0.060017,,,,,,
train,78,1913132,66043.4,0.058533,,,,,,
train,78,1913232,66046.3,0.055932,,,,,,
train,78,1913332,66049.2,0.056225,,,,,,
train,78,1913432,66052.0,0.056360,,,,,,
train,78,1913532,66054.9,0.060371,,,,,,
train,78,1913632,66057.8,0.054912,,,,,,
train,78,1913732,66060.6,0.055867,,,,,,
train,78,1913832,66063.5,0.058821,,,,,,
train,78,1913932,66066.3,0.059856,,,,,,
train,78,1914032,66069.2,0.055528,,,,,,
train,78,1914132,66072.1,0.054659,,,,,,
train,78,1914232,66074.9,0.060583,,,,,,
train,78,1914332,66077.8,0.060305,,,,,,
train,78,1914432,66080.7,0.057620,,,,,,
train,78,1914532,66083.5,0.055949,,,,,,
train,78,1914632,66086.4,0.059730,,,,,,
train,78,1914732,66089.3,0.055247,,,,,,
train,78,1914832,66092.1,0.059260,,,,,,
train,78,1914932,66095.0,0.058403,,,,,,
train,78,1915032,66097.8,0.054390,,,,,,
train,78,1915132,66100.7,0.058286,,,,,,
train,78,1915232,66103.5,0.062905,,,,,,
train,78,1915332,66106.4,0.059702,,,,,,
train,78,1915432,66109.3,0.058033,,,,,,
train,78,1915532,66112.1,0.056109,,,,,,
train,78,1915632,66115.0,0.055213,,,,,,
train,78,1915732,66117.8,0.057338,,,,,,
train,78,1915832,66120.7,0.057928,,,,,,
train,78,1915932,66123.5,0.052786,,,,,,
train,78,1916032,66126.4,0.054558,,,,,,
train,78,1916132,66129.3,0.059321,,,,,,
train,78,1916232,66132.1,0.060626,,,,,,
train,78,1916332,66135.0,0.057666,,,,,,
train,78,1916432,66137.8,0.059069,,,,,,
train,78,1916532,66140.7,nan,,,,,,
train,78,1916632,66143.5,0.055858,,,,,,
train,78,1916732,66146.4,0.055837,,,,,,
train,78,1916832,66149.3,0.054273,,,,,,
train,78,1916932,66152.1,0.059956,,,,,,
train,78,1917032,66155.0,0.056213,,,,,,
train,78,1917132,66157.8,0.056078,,,,,,
train,78,1917232,66160.7,0.059453,,,,,,
train,78,1917332,66163.6,0.057161,,,,,,
train,78,1917432,66166.4,0.058477,,,,,,
train,78,1917532,66169.3,0.056009,,,,,,
train,78,1917632,66172.1,0.057383,,,,,,
train,78,1917732,66175.0,0.059404,,,,,,
train,78,1917832,66177.9,0.061876,,,,,,
train,78,1917932,66180.7,0.057777,,,,,,
train,78,1918032,66183.6,0.058713,,,,,,
train,78,1918132,66186.4,0.059559,,,,,,
train,78,1918232,66189.3,0.058824,,,,,,
train,78,1918332,66192.2,0.059602,,,,,,
train,78,1918432,66195.0,0.051297,,,,,,
train,78,1918532,66197.9,0.056013,,,,,,
train,78,1918632,66200.8,0.058373,,,,,,
train,78,1918732,66203.6,0.059035,,,,,,
train,78,1918832,66206.5,0.054346,,,,,,
train,78,1918932,66209.3,0.059964,,,,,,
train,78,1919032,66212.2,0.054953,,,,,,
train,78,1919132,66215.1,0.058487,,,,,,
train,78,1919232,66217.9,0.054599,,,,,,
train,78,1919332,66220.8,0.055670,,,,,,
train,78,1919432,66223.6,0.054969,,,,,,
train,78,1919532,66226.5,0.055958,,,,,,
train,78,1919632,66229.4,0.055627,,,,,,
train,78,1919732,66232.9,0.054317,,,,,,
train,78,1919832,66235.8,0.061956,,,,,,
train,78,1919932,66238.6,0.056650,,,,,,
train,78,1920032,66241.5,0.056268,,,,,,
train,78,1920132,66244.4,0.057011,,,,,,
train,78,1920232,66247.2,0.059878,,,,,,
train,78,1920332,66250.1,0.055621,,,,,,
train,78,1920432,66252.9,0.058653,,,,,,
train,78,1920532,66255.8,0.054540,,,,,,
train,78,1920632,66258.7,0.059277,,,,,,
train,78,1920732,66261.5,0.056746,,,,,,
train,78,1920832,66264.4,0.057383,,,,,,
train,78,1920932,66267.3,0.058670,,,,,,
train,78,1921032,66270.1,0.060034,,,,,,
train,78,1921132,66273.0,0.057542,,,,,,
train,78,1921232,66275.8,0.057542,,,,,,
train,78,1921332,66278.7,0.060529,,,,,,
train,78,1921432,66281.6,0.060784,,,,,,
train,78,1921532,66284.4,0.053709,,,,,,
train,78,1921632,66287.3,0.057510,,,,,,
train,78,1921732,66290.2,0.058114,,,,,,
train,78,1921832,66293.0,0.058802,,,,,,
train,78,1921932,66295.9,0.055250,,,,,,
train,78,1922032,66298.7,0.059574,,,,,,
train,78,1922132,66301.6,0.056528,,,,,,
train,78,1922232,66304.5,0.060048,,,,,,
train,78,1922332,66307.3,0.056213,,,,,,
train,78,1922432,66310.2,0.060288,,,,,,
train,78,1922532,66313.1,0.058347,,,,,,
train,78,1922632,66315.9,0.060270,,,,,,
train,78,1922732,66318.8,0.054471,,,,,,
train,78,1922832,66321.7,0.055272,,,,,,
train,78,1922932,66324.5,0.056157,,,,,,
train,78,1923032,66327.4,0.057273,,,,,,
train,78,1923132,66330.2,0.057090,,,,,,
train,78,1923232,66333.1,0.055318,,,,,,
train,78,1923332,66336.0,0.058775,,,,,,
train,78,1923432,66338.8,0.057589,,,,,,
train,78,1923532,66341.7,0.059817,,,,,,
train,78,1923632,66344.6,0.055210,,,,,,
train,78,1923732,66347.4,0.056423,,,,,,
train,78,1923832,66350.3,0.060201,,,,,,
train,78,1923932,66353.2,0.055641,,,,,,
train,78,1924032,66356.0,0.053923,,,,,,
train,78,1924132,66358.9,0.055844,,,,,,
train,78,1924232,66361.7,0.059837,,,,,,
train,78,1924332,66364.6,0.057603,,,,,,
train,78,1924432,66367.4,0.058797,,,,,,
train,78,1924532,66370.3,0.059645,,,,,,
train,78,1924632,66373.2,0.057818,,,,,,
train,78,1924732,66376.0,0.054687,,,,,,
train,78,1924832,66378.9,0.060722,,,,,,
train,78,1924932,66381.8,0.057458,,,,,,
train,78,1925032,66384.6,0.057189,,,,,,
train,78,1925132,66387.5,0.056405,,,,,,
train,78,1925232,66390.3,0.057610,,,,,,
train,78,1925332,66393.2,0.056010,,,,,,
train,78,1925432,66396.0,0.058278,,,,,,
train,78,1925532,66398.9,0.055283,,,,,,
train,78,1925632,66401.8,0.056498,,,,,,
train,78,1925732,66404.6,0.056747,,,,,,
train,78,1925832,66407.5,0.055908,,,,,,
train,78,1925932,66410.4,0.055127,,,,,,
train,78,1926032,66413.2,0.057572,,,,,,
train,78,1926132,66416.1,0.060705,,,,,,
train,78,1926232,66418.9,0.056853,,,,,,
train,78,1926332,66421.8,0.059133,,,,,,
train,78,1926432,66424.7,0.060122,,,,,,
train,78,1926532,66427.5,0.056655,,,,,,
train,78,1926632,66430.4,0.052847,,,,,,
train,78,1926732,66433.2,0.055474,,,,,,
train,78,1926832,66436.1,0.059450,,,,,,
train,78,1926932,66439.0,0.056368,,,,,,
train,78,1927032,66441.8,0.057040,,,,,,
train,78,1927132,66444.7,0.056153,,,,,,
train,78,1927232,66447.5,0.058955,,,,,,
train,78,1927332,66450.4,0.063011,,,,,,
train,78,1927432,66453.3,0.055571,,,,,,
train,78,1927532,66456.1,0.057692,,,,,,
train,78,1927632,66459.0,0.055299,,,,,,
train,78,1927732,66461.8,0.060516,,,,,,
train,78,1927832,66464.7,0.057553,,,,,,
train,78,1927932,66467.6,0.056708,,,,,,
train,78,1928032,66470.4,0.056048,,,,,,
train,78,1928132,66473.3,0.055627,,,,,,
train,78,1928232,66476.2,0.056853,,,,,,
train,78,1928332,66479.0,0.058869,,,,,,
train,78,1928432,66481.9,0.060618,,,,,,
train,78,1928532,66484.7,0.058505,,,,,,
train,78,1928632,66487.6,0.055438,,,,,,
train,78,1928732,66490.5,0.055680,,,,,,
train,78,1928832,66493.3,0.059384,,,,,,
train,78,1928932,66496.3,0.055623,,,,,,
train,78,1929032,66499.1,0.058080,,,,,,
train,78,1929132,66502.0,0.057626,,,,,,
train,78,1929232,66504.9,0.052400,,,,,,
train,78,1929332,66507.7,0.054988,,,,,,
train,78,1929432,66510.6,0.057518,,,,,,
train,78,1929532,66513.4,0.055898,,,,,,
train,78,1929632,66516.3,0.056210,,,,,,
train,78,1929732,66519.2,0.060861,,,,,,
train,78,1929832,66522.0,0.056192,,,,,,
train,78,1929932,66524.9,0.054159,,,,,,
train,78,1930032,66527.8,0.058088,,,,,,
train,78,1930132,66530.6,0.054476,,,,,,
train,78,1930232,66533.5,0.057212,,,,,,
train,78,1930332,66536.4,0.058386,,,,,,
train,78,1930432,66539.2,0.057598,,,,,,
train,78,1930532,66542.1,0.055504,,,,,,
train,78,1930632,66545.0,0.058059,,,,,,
train,78,1930732,66547.8,0.059936,,,,,,
train,78,1930832,66550.7,0.053493,,,,,,
train,78,1930932,66553.5,0.060113,,,,,,
train,78,1931032,66556.4,0.056371,,,,,,
val,78,,66701.1,0.058843,0.003908,0.000032,0.010609,0.048688,35.7401,0.954333
train,79,1931176,66704.8,0.059494,,,,,,
train,79,1931276,66707.7,0.062597,,,,,,
train,79,1931376,66710.6,0.057543,,,,,,
train,79,1931476,66713.4,0.059781,,,,,,
train,79,1931576,66716.3,0.054501,,,,,,
train,79,1931676,66719.1,0.055098,,,,,,
train,79,1931776,66722.0,0.058275,,,,,,
train,79,1931876,66724.9,0.061542,,,,,,
train,79,1931976,66727.7,0.059688,,,,,,
train,79,1932076,66730.6,0.059363,,,,,,
train,79,1932176,66733.4,0.057632,,,,,,
train,79,1932276,66736.3,0.059563,,,,,,
train,79,1932376,66739.2,0.058028,,,,,,
train,79,1932476,66742.0,0.057940,,,,,,
train,79,1932576,66744.9,0.053058,,,,,,
train,79,1932676,66747.8,0.055895,,,,,,
train,79,1932776,66750.6,0.059287,,,,,,
train,79,1932876,66753.5,0.057892,,,,,,
train,79,1932976,66756.3,0.059399,,,,,,
train,79,1933076,66759.2,0.057782,,,,,,
train,79,1933176,66762.1,0.058818,,,,,,
train,79,1933276,66765.0,0.052187,,,,,,
train,79,1933376,66767.8,0.057488,,,,,,
train,79,1933476,66770.7,0.058389,,,,,,
train,79,1933576,66773.5,0.058205,,,,,,
train,79,1933676,66776.4,0.059841,,,,,,
train,79,1933776,66779.3,0.056890,,,,,,
train,79,1933876,66782.1,0.056563,,,,,,
train,79,1933976,66785.0,0.055556,,,,,,
train,79,1934076,66787.9,0.056009,,,,,,
train,79,1934176,66790.7,0.056122,,,,,,
train,79,1934276,66793.6,0.060034,,,,,,
train,79,1934376,66796.4,0.059066,,,,,,
train,79,1934476,66799.3,0.055248,,,,,,
train,79,1934576,66802.2,0.059936,,,,,,
train,79,1934676,66805.0,0.056518,,,,,,
train,79,1934776,66807.9,0.053097,,,,,,
train,79,1934876,66810.7,0.058755,,,,,,
train,79,1934976,66813.6,0.056097,,,,,,
train,79,1935076,66816.5,0.054657,,,,,,
train,79,1935176,66819.3,0.055692,,,,,,
train,79,1935276,66822.2,0.051989,,,,,,
train,79,1935376,66825.0,0.063603,,,,,,
train,79,1935476,66827.9,0.060691,,,,,,
train,79,1935576,66830.8,0.059640,,,,,,
train,79,1935676,66833.6,0.061281,,,,,,
train,79,1935776,66836.5,0.057412,,,,,,
train,79,1935876,66839.7,0.056153,,,,,,
train,79,1935976,66842.5,0.057101,,,,,,
train,79,1936076,66845.4,0.057950,,,,,,
train,79,1936176,66848.3,0.060589,,,,,,
train,79,1936276,66851.1,0.057400,,,,,,
train,79,1936376,66854.3,0.055518,,,,,,
train,79,1936476,66857.2,0.059698,,,,,,
train,79,1936576,66860.1,0.058969,,,,,,
train,79,1936676,66862.9,0.055687,,,,,,
train,79,1936776,66865.8,0.058790,,,,,,
train,79,1936876,66868.7,0.059694,,,,,,
train,79,1936976,66871.5,0.057056,,,,,,
train,79,1937076,66874.4,0.058284,,,,,,
train,79,1937176,66877.3,0.057769,,,,,,
train,79,1937276,66880.2,0.059919,,,,,,
train,79,1937376,66883.1,0.057463,,,,,,
train,79,1937476,66885.9,0.056373,,,,,,
train,79,1937576,66888.8,0.058695,,,,,,
train,79,1937676,66891.6,0.056785,,,,,,
train,79,1937776,66894.5,0.060216,,,,,,
train,79,1937876,66897.4,0.056938,,,,,,
train,79,1937976,66900.2,0.059697,,,,,,
train,79,1938076,66903.1,0.056507,,,,,,
train,79,1938176,66905.9,0.059658,,,,,,
train,79,1938276,66908.8,0.056172,,,,,,
train,79,1938376,66911.7,0.056150,,,,,,
train,79,1938476,66914.5,0.057215,,,,,,
train,79,1938576,66917.4,0.059467,,,,,,
train,79,1938676,66920.3,0.058249,,,,,,
train,79,1938776,66923.1,0.055839,,,,,,
train,79,1938876,66926.0,0.060406,,,,,,
train,79,1938976,66928.8,0.053706,,,,,,
train,79,1939076,66931.7,0.058224,,,,,,
train,79,1939176,66934.6,0.060040,,,,,,
train,79,1939276,66937.4,0.056090,,,,,,
train,79,1939376,66940.3,0.053013,,,,,,
train,79,1939476,66943.2,0.054564,,,,,,
train,79,1939576,66946.0,0.060394,,,,,,
train,79,1939676,66948.9,0.057892,,,,,,
train,79,1939776,66951.7,0.057945,,,,,,
train,79,1939876,66954.6,0.057828,,,,,,
train,79,1939976,66957.5,0.057548,,,,,,
train,79,1940076,66960.3,0.056280,,,,,,
train,79,1940176,66963.2,0.054179,,,,,,
train,79,1940276,66966.1,0.059250,,,,,,
train,79,1940376,66968.9,0.058039,,,,,,
train,79,1940476,66971.8,0.056337,,,,,,
train,79,1940576,66974.7,0.055634,,,,,,
train,79,1940676,66977.5,0.056383,,,,,,
train,79,1940776,66980.4,0.058511,,,,,,
train,79,1940876,66983.2,0.062335,,,,,,
train,79,1940976,66986.1,0.059431,,,,,,
train,79,1941076,66989.0,0.054804,,,,,,
train,79,1941176,66991.8,0.056587,,,,,,
train,79,1941276,66994.7,0.061765,,,,,,
train,79,1941376,66997.5,0.057792,,,,,,
train,79,1941476,67000.4,0.055740,,,,,,
train,79,1941576,67003.3,0.058543,,,,,,
train,79,1941676,67006.1,0.056575,,,,,,
train,79,1941776,67009.0,0.053977,,,,,,
train,79,1941876,67011.9,0.057064,,,,,,
train,79,1941976,67014.7,0.056684,,,,,,
train,79,1942076,67017.6,0.059274,,,,,,
train,79,1942176,67020.4,0.058887,,,,,,
train,79,1942276,67023.3,0.061058,,,,,,
train,79,1942376,67026.2,0.057406,,,,,,
train,79,1942476,67029.0,0.055108,,,,,,
train,79,1942576,67031.9,0.058493,,,,,,
train,79,1942676,67034.7,0.057829,,,,,,
train,79,1942776,67037.6,0.056703,,,,,,
train,79,1942876,67040.5,0.061947,,,,,,
train,79,1942976,67043.3,0.060171,,,,,,
train,79,1943076,67046.2,0.059775,,,,,,
train,79,1943176,67049.0,0.058493,,,,,,
train,79,1943276,67051.9,0.059275,,,,,,
train,79,1943376,67054.8,0.058388,,,,,,
train,79,1943476,67057.6,0.057651,,,,,,
train,79,1943576,67060.5,0.053893,,,,,,
train,79,1943676,67063.4,0.058603,,,,,,
train,79,1943776,67066.2,0.057885,,,,,,
train,79,1943876,67069.1,0.060607,,,,,,
train,79,1943976,67071.9,0.054005,,,,,,
train,79,1944076,67074.8,0.055303,,,,,,
train,79,1944176,67077.7,0.058201,,,,,,
train,79,1944276,67080.5,0.054386,,,,,,
train,79,1944376,67083.4,0.056512,,,,,,
train,79,1944476,67086.2,0.057795,,,,,,
train,79,1944576,67089.1,0.059385,,,,,,
train,79,1944676,67092.0,0.053739,,,,,,
train,79,1944776,67094.8,0.054039,,,,,,
train,79,1944876,67097.7,0.057936,,,,,,
train,79,1944976,67100.5,0.056855,,,,,,
train,79,1945076,67103.4,0.059500,,,,,,
train,79,1945176,67106.3,0.058511,,,,,,
train,79,1945276,67109.1,0.054627,,,,,,
train,79,1945376,67112.0,0.054851,,,,,,
train,79,1945476,67114.9,0.053155,,,,,,
train,79,1945576,67117.7,0.056920,,,,,,
train,79,1945676,67120.6,0.056759,,,,,,
train,79,1945776,67123.4,nan,,,,,,
train,79,1945876,67126.3,0.057137,,,,,,
train,79,1945976,67129.2,0.057683,,,,,,
train,79,1946076,67132.0,0.058816,,,,,,
train,79,1946176,67134.9,0.059044,,,,,,
train,79,1946276,67137.7,0.057435,,,,,,
train,79,1946376,67140.6,0.058182,,,,,,
train,79,1946476,67143.5,0.056909,,,,,,
train,79,1946576,67146.3,0.060669,,,,,,
train,79,1946676,67149.2,0.058428,,,,,,
train,79,1946776,67152.1,0.057028,,,,,,
train,79,1946876,67154.9,0.055447,,,,,,
train,79,1946976,67157.8,0.058582,,,,,,
train,79,1947076,67160.6,0.059599,,,,,,
train,79,1947176,67163.5,0.054466,,,,,,
train,79,1947276,67166.4,0.060169,,,,,,
train,79,1947376,67169.2,0.059339,,,,,,
train,79,1947476,67172.1,0.056892,,,,,,
train,79,1947576,67174.9,0.057879,,,,,,
train,79,1947676,67177.8,0.059131,,,,,,
train,79,1947776,67180.7,0.059314,,,,,,
train,79,1947876,67183.5,0.058006,,,,,,
train,79,1947976,67186.4,0.057763,,,,,,
train,79,1948076,67189.3,0.054476,,,,,,
train,79,1948176,67192.1,0.059698,,,,,,
train,79,1948276,67195.0,0.052204,,,,,,
train,79,1948376,67197.8,0.058318,,,,,,
train,79,1948476,67200.7,0.054059,,,,,,
train,79,1948576,67203.6,0.058710,,,,,,
train,79,1948676,67206.4,0.051282,,,,,,
train,79,1948776,67209.3,0.058397,,,,,,
train,79,1948876,67212.2,0.058951,,,,,,
train,79,1948976,67215.0,0.058335,,,,,,
train,79,1949076,67217.9,0.055636,,,,,,
train,79,1949176,67220.8,0.054060,,,,,,
train,79,1949276,67223.6,0.060462,,,,,,
train,79,1949376,67226.5,0.060637,,,,,,
train,79,1949476,67229.3,0.059274,,,,,,
train,79,1949576,67232.2,0.058130,,,,,,
train,79,1949676,67235.1,0.056718,,,,,,
train,79,1949776,67237.9,0.056253,,,,,,
train,79,1949876,67240.8,0.058938,,,,,,
train,79,1949976,67243.7,0.056388,,,,,,
train,79,1950076,67246.5,0.056389,,,,,,
train,79,1950176,67249.4,0.055703,,,,,,
train,79,1950276,67252.2,0.054509,,,,,,
train,79,1950376,67255.1,0.058812,,,,,,
train,79,1950476,67258.0,0.054395,,,,,,
train,79,1950576,67260.8,0.059393,,,,,,
train,79,1950676,67263.7,0.056451,,,,,,
train,79,1950776,67266.5,0.058194,,,,,,
train,79,1950876,67269.4,0.056312,,,,,,
train,79,1950976,67272.3,0.058014,,,,,,
train,79,1951076,67275.1,0.057910,,,,,,
train,79,1951176,67278.0,0.054593,,,,,,
train,79,1951276,67280.8,0.058167,,,,,,
train,79,1951376,67283.7,0.054113,,,,,,
train,79,1951476,67286.6,0.055378,,,,,,
train,79,1951576,67289.4,0.055419,,,,,,
train,79,1951676,67292.3,0.055023,,,,,,
train,79,1951776,67295.1,0.061291,,,,,,
train,79,1951876,67298.0,0.058982,,,,,,
train,79,1951976,67300.9,0.055105,,,,,,
train,79,1952076,67303.7,0.054313,,,,,,
train,79,1952176,67306.6,0.060506,,,,,,
train,79,1952276,67309.5,0.055980,,,,,,
train,79,1952376,67312.3,0.056985,,,,,,
train,79,1952476,67315.2,0.057465,,,,,,
train,79,1952576,67318.1,0.055106,,,,,,
train,79,1952676,67320.9,0.057880,,,,,,
train,79,1952776,67323.8,0.060628,,,,,,
train,79,1952876,67326.6,0.055047,,,,,,
train,79,1952976,67329.5,0.057010,,,,,,
train,79,1953076,67332.4,0.055400,,,,,,
train,79,1953176,67335.2,0.060285,,,,,,
train,79,1953276,67338.4,0.055052,,,,,,
train,79,1953376,67341.3,0.053031,,,,,,
train,79,1953476,67344.2,0.059000,,,,,,
train,79,1953576,67347.0,0.056744,,,,,,
train,79,1953676,67349.9,0.054797,,,,,,
train,79,1953776,67352.8,0.061952,,,,,,
train,79,1953876,67355.6,0.055882,,,,,,
train,79,1953976,67358.5,0.058583,,,,,,
train,79,1954076,67361.3,0.054123,,,,,,
train,79,1954176,67364.2,0.052513,,,,,,
train,79,1954276,67367.1,0.059443,,,,,,
train,79,1954376,67369.9,0.055187,,,,,,
train,79,1954476,67372.8,0.052599,,,,,,
train,79,1954576,67375.6,0.061915,,,,,,
train,79,1954676,67378.5,0.055480,,,,,,
train,79,1954776,67381.4,0.061283,,,,,,
train,79,1954876,67384.3,0.059102,,,,,,
train,79,1954976,67387.2,0.052522,,,,,,
train,79,1955076,67390.0,0.058988,,,,,,
train,79,1955176,67392.9,0.060141,,,,,,
train,79,1955276,67395.8,0.055320,,,,,,
train,79,1955376,67398.6,0.056636,,,,,,
train,79,1955476,67401.5,0.060536,,,,,,
val,79,,67546.2,0.058536,0.003906,0.000032,0.010600,0.048676,35.7517,0.954360
train,80,1955620,67550.2,0.053305,,,,,,
train,80,1955720,67553.1,0.059161,,,,,,
train,80,1955820,67556.0,0.055762,,,,,,
train,80,1955920,67558.8,0.061845,,,,,,
train,80,1956020,67561.7,0.062475,,,,,,
train,80,1956120,67564.6,0.058280,,,,,,
train,80,1956220,67567.4,0.056396,,,,,,
train,80,1956320,67570.3,0.056699,,,,,,
train,80,1956420,67573.2,0.057933,,,,,,
train,80,1956520,67576.0,0.051621,,,,,,
train,80,1956620,67578.9,0.057511,,,,,,
train,80,1956720,67581.8,0.057833,,,,,,
train,80,1956820,67584.6,0.056308,,,,,,
train,80,1956920,67587.5,0.060343,,,,,,
train,80,1957020,67590.3,0.057468,,,,,,
train,80,1957120,67593.2,0.055070,,,,,,
train,80,1957220,67596.1,0.061164,,,,,,
train,80,1957320,67598.9,0.055724,,,,,,
train,80,1957420,67602.0,0.059118,,,,,,
train,80,1957520,67604.9,0.060724,,,,,,
train,80,1957620,67607.7,0.057344,,,,,,
train,80,1957720,67610.6,0.059471,,,,,,
train,80,1957820,67613.5,0.058292,,,,,,
train,80,1957920,67616.3,0.055985,,,,,,
train,80,1958020,67619.2,0.057574,,,,,,
train,80,1958120,67622.1,0.060412,,,,,,
train,80,1958220,67624.9,0.054301,,,,,,
train,80,1958320,67627.8,0.054721,,,,,,
train,80,1958420,67630.6,0.055742,,,,,,
train,80,1958520,67633.5,0.056263,,,,,,
train,80,1958620,67636.4,0.056398,,,,,,
train,80,1958720,67639.2,0.055859,,,,,,
train,80,1958820,67642.1,0.052804,,,,,,
train,80,1958920,67645.0,0.058338,,,,,,
train,80,1959020,67647.8,0.055540,,,,,,
train,80,1959120,67650.7,0.054496,,,,,,
train,80,1959220,67653.6,0.054973,,,,,,
train,80,1959320,67656.4,0.058295,,,,,,
train,80,1959420,67659.3,0.053279,,,,,,
train,80,1959520,67662.2,0.058794,,,,,,
train,80,1959620,67665.0,0.056454,,,,,,
train,80,1959720,67667.9,0.055668,,,,,,
train,80,1959820,67670.7,0.061137,,,,,,
train,80,1959920,67673.6,0.057746,,,,,,
train,80,1960020,67676.5,0.060968,,,,,,
train,80,1960120,67679.3,0.056966,,,,,,
train,80,1960220,67682.2,0.056626,,,,,,
train,80,1960320,67685.0,0.054365,,,,,,
train,80,1960420,67687.9,0.058698,,,,,,
train,80,1960520,67690.8,0.058048,,,,,,
train,80,1960620,67693.6,0.057419,,,,,,
train,80,1960720,67696.5,0.053834,,,,,,
train,80,1960820,67699.4,0.060232,,,,,,
train,80,1960920,67702.2,0.058524,,,,,,
train,80,1961020,67705.1,0.057098,,,,,,
train,80,1961120,67707.9,0.054136,,,,,,
train,80,1961220,67710.8,0.059021,,,,,,
train,80,1961320,67713.7,0.053377,,,,,,
train,80,1961420,67716.5,0.054658,,,,,,
train,80,1961520,67719.4,0.057283,,,,,,
train,80,1961620,67722.3,0.058681,,,,,,
train,80,1961720,67725.1,0.052086,,,,,,
train,80,1961820,67728.0,0.053047,,,,,,
train,80,1961920,67730.8,0.061194,,,,,,
train,80,1962020,67733.7,0.062977,,,,,,
train,80,1962120,67736.6,0.058534,,,,,,
train,80,1962220,67739.4,0.055840,,,,,,
train,80,1962320,67742.3,0.059731,,,,,,
train,80,1962420,67745.2,0.056428,,,,,,
train,80,1962520,67748.0,0.057191,,,,,,
train,80,1962620,67750.9,0.057502,,,,,,
train,80,1962720,67753.8,0.055451,,,,,,
train,80,1962820,67756.7,0.059993,,,,,,
train,80,1962920,67759.5,0.056279,,,,,,
train,80,1963020,67762.4,0.058328,,,,,,
train,80,1963120,67765.2,0.061544,,,,,,
train,80,1963220,67768.1,0.054517,,,,,,
train,80,1963320,67770.9,0.056191,,,,,,
train,80,1963420,67773.8,0.055064,,,,,,
train,80,1963520,67776.7,0.057944,,,,,,
train,80,1963620,67779.5,0.056167,,,,,,
train,80,1963720,67782.4,0.059590,,,,,,
train,80,1963820,67785.3,0.055539,,,,,,
train,80,1963920,67788.1,0.056552,,,,,,
train,80,1964020,67791.0,0.055507,,,,,,
train,80,1964120,67793.8,0.057012,,,,,,
train,80,1964220,67796.7,0.058805,,,,,,
train,80,1964320,67799.6,0.059206,,,,,,
train,80,1964420,67802.4,0.059185,,,,,,
train,80,1964520,67805.3,0.057773,,,,,,
train,80,1964620,67808.2,0.063211,,,,,,
train,80,1964720,67811.0,0.057961,,,,,,
train,80,1964820,67813.9,0.057212,,,,,,
train,80,1964920,67816.8,0.055291,,,,,,
train,80,1965020,67819.6,0.059847,,,,,,
train,80,1965120,67822.5,0.059530,,,,,,
train,80,1965220,67825.3,0.060179,,,,,,
train,80,1965320,67828.2,0.055888,,,,,,
train,80,1965420,67831.1,0.057200,,,,,,
train,80,1965520,67834.0,0.057510,,,,,,
train,80,1965620,67836.8,0.057065,,,,,,
train,80,1965720,67839.7,0.059177,,,,,,
train,80,1965820,67842.5,0.058770,,,,,,
train,80,1965920,67845.4,0.053954,,,,,,
train,80,1966020,67848.2,0.055547,,,,,,
train,80,1966120,67851.1,0.058013,,,,,,
train,80,1966220,67854.3,0.058251,,,,,,
train,80,1966320,67857.1,0.059408,,,,,,
train,80,1966420,67860.0,0.055968,,,,,,
train,80,1966520,67862.9,0.058070,,,,,,
train,80,1966620,67865.7,0.054379,,,,,,
train,80,1966720,67868.6,0.053577,,,,,,
train,80,1966820,67871.5,0.060724,,,,,,
train,80,1966920,67874.5,0.059630,,,,,,
train,80,1967020,67877.4,0.055788,,,,,,
train,80,1967120,67880.2,0.056822,,,,,,
train,80,1967220,67883.1,0.052615,,,,,,
train,80,1967320,67886.0,0.056846,,,,,,
train,80,1967420,67888.8,0.056670,,,,,,
train,80,1967520,67891.7,0.059673,,,,,,
train,80,1967620,67894.6,0.057946,,,,,,
train,80,1967720,67897.4,0.060330,,,,,,
train,80,1967820,67900.3,0.061334,,,,,,
train,80,1967920,67903.1,0.059400,,,,,,
train,80,1968020,67906.0,0.058632,,,,,,
train,80,1968120,67908.9,0.057084,,,,,,
train,80,1968220,67911.7,0.057748,,,,,,
train,80,1968320,67914.6,0.060019,,,,,,
train,80,1968420,67917.5,0.061338,,,,,,
train,80,1968520,67920.3,0.059114,,,,,,
train,80,1968620,67923.2,0.059360,,,,,,
train,80,1968720,67926.1,0.059929,,,,,,
train,80,1968820,67928.9,0.060880,,,,,,
train,80,1968920,67931.8,0.053720,,,,,,
train,80,1969020,67934.6,0.054755,,,,,,
train,80,1969120,67937.5,0.054696,,,,,,
train,80,1969220,67940.4,0.060124,,,,,,
train,80,1969320,67943.2,0.056257,,,,,,
train,80,1969420,67946.1,0.058211,,,,,,
train,80,1969520,67949.0,0.058191,,,,,,
train,80,1969620,67951.8,0.058652,,,,,,
train,80,1969720,67954.7,0.061078,,,,,,
train,80,1969820,67957.6,0.057167,,,,,,
train,80,1969920,67960.4,0.060954,,,,,,
train,80,1970020,67963.3,0.058835,,,,,,
train,80,1970120,67966.2,0.056417,,,,,,
train,80,1970220,67969.0,0.056690,,,,,,
train,80,1970320,67971.9,0.057020,,,,,,
train,80,1970420,67974.8,0.053906,,,,,,
train,80,1970520,67977.6,0.059221,,,,,,
train,80,1970620,67980.5,0.059408,,,,,,
train,80,1970720,67983.4,0.054508,,,,,,
train,80,1970820,67986.2,0.056056,,,,,,
train,80,1970920,67989.1,0.061590,,,,,,
train,80,1971020,67991.9,0.058924,,,,,,
train,80,1971120,67994.8,0.056700,,,,,,
train,80,1971220,67997.7,0.060297,,,,,,
train,80,1971320,68000.5,0.057669,,,,,,
train,80,1971420,68003.4,0.053891,,,,,,
train,80,1971520,68006.3,0.056726,,,,,,
train,80,1971620,68009.1,0.058636,,,,,,
train,80,1971720,68012.2,0.059460,,,,,,
train,80,1971820,68015.0,0.053147,,,,,,
train,80,1971920,68017.9,0.052454,,,,,,
train,80,1972020,68020.8,0.057281,,,,,,
train,80,1972120,68023.6,0.052408,,,,,,
train,80,1972220,68026.5,0.055987,,,,,,
train,80,1972320,68029.3,0.060421,,,,,,
train,80,1972420,68032.2,0.058297,,,,,,
train,80,1972520,68035.1,0.060861,,,,,,
train,80,1972620,68037.9,0.055653,,,,,,
train,80,1972720,68040.8,0.054308,,,,,,
train,80,1972820,68043.7,0.057400,,,,,,
train,80,1972920,68046.5,0.056329,,,,,,
train,80,1973020,68049.4,0.062808,,,,,,
train,80,1973120,68052.3,0.055427,,,,,,
train,80,1973220,68055.1,0.057179,,,,,,
train,80,1973320,68058.0,0.059901,,,,,,
train,80,1973420,68060.9,0.057361,,,,,,
train,80,1973520,68063.7,0.055051,,,,,,
train,80,1973620,68066.6,0.054576,,,,,,
train,80,1973720,68069.4,0.053006,,,,,,
train,80,1973820,68072.3,0.059798,,,,,,
train,80,1973920,68075.2,0.056952,,,,,,
train,80,1974020,68078.0,0.058322,,,,,,
train,80,1974120,68080.9,0.056940,,,,,,
train,80,1974220,68083.8,0.063571,,,,,,
train,80,1974320,68086.6,0.058315,,,,,,
train,80,1974420,68089.5,0.057563,,,,,,
train,80,1974520,68092.4,0.055930,,,,,,
train,80,1974620,68095.2,0.056401,,,,,,
train,80,1974720,68098.1,0.055676,,,,,,
train,80,1974820,68100.9,0.055165,,,,,,
train,80,1974920,68103.8,0.052275,,,,,,
train,80,1975020,68106.6,0.056375,,,,,,
train,80,1975120,68109.5,0.059231,,,,,,
train,80,1975220,68112.4,0.056638,,,,,,
train,80,1975320,68115.2,0.055120,,,,,,
train,80,1975420,68118.1,0.060949,,,,,,
train,80,1975520,68120.9,0.055897,,,,,,
train,80,1975620,68123.8,0.055740,,,,,,
train,80,1975720,68126.7,0.059111,,,,,,
train,80,1975820,68129.5,0.059801,,,,,,
train,80,1975920,68132.4,0.055437,,,,,,
train,80,1976020,68135.2,0.056822,,,,,,
train,80,1976120,68138.1,0.060705,,,,,,
train,80,1976220,68141.0,0.057974,,,,,,
train,80,1976320,68143.8,0.059656,,,,,,
train,80,1976420,68146.7,nan,,,,,,
train,80,1976520,68149.6,0.057176,,,,,,
train,80,1976620,68152.4,0.057780,,,,,,
train,80,1976720,68155.3,0.054354,,,,,,
train,80,1976820,68158.2,0.057320,,,,,,
train,80,1976920,68161.0,0.057197,,,,,,
train,80,1977020,68163.9,0.056843,,,,,,
train,80,1977120,68166.7,0.059358,,,,,,
train,80,1977220,68169.6,0.053058,,,,,,
train,80,1977320,68172.5,0.055520,,,,,,
train,80,1977420,68175.3,0.053245,,,,,,
train,80,1977520,68178.2,0.054834,,,,,,
train,80,1977620,68181.0,0.056437,,,,,,
train,80,1977720,68183.9,0.057280,,,,,,
train,80,1977820,68186.8,0.055144,,,,,,
train,80,1977920,68189.6,0.057222,,,,,,
train,80,1978020,68192.5,0.058299,,,,,,
train,80,1978120,68195.3,0.061777,,,,,,
train,80,1978220,68198.2,0.058995,,,,,,
train,80,1978320,68201.1,0.058791,,,,,,
train,80,1978420,68203.9,0.056637,,,,,,
train,80,1978520,68206.8,0.059387,,,,,,
train,80,1978620,68209.7,0.058358,,,,,,
train,80,1978720,68212.5,0.058446,,,,,,
train,80,1978820,68215.4,0.059750,,,,,,
train,80,1978920,68218.3,0.054682,,,,,,
train,80,1979020,68221.1,0.056493,,,,,,
train,80,1979120,68224.0,0.057079,,,,,,
train,80,1979220,68226.8,0.059358,,,,,,
train,80,1979320,68229.7,0.055596,,,,,,
train,80,1979420,68232.5,0.057883,,,,,,
train,80,1979520,68235.4,0.060320,,,,,,
train,80,1979620,68238.5,0.056134,,,,,,
train,80,1979720,68241.4,0.054667,,,,,,
train,80,1979820,68244.2,0.059363,,,,,,
train,80,1979920,68247.1,0.057638,,,,,,
val,80,,68391.9,0.058040,0.003905,0.000032,0.010604,0.048636,35.7503,0.954353
train,81,1980064,68396.0,0.057957,,,,,,
train,81,1980164,68398.8,0.060280,,,,,,
train,81,1980264,68401.7,0.053086,,,,,,
train,81,1980364,68404.6,0.058916,,,,,,
train,81,1980464,68407.4,0.058111,,,,,,
train,81,1980564,68410.3,0.061036,,,,,,
train,81,1980664,68413.1,0.053534,,,,,,
train,81,1980764,68416.0,0.061923,,,,,,
train,81,1980864,68418.8,0.054220,,,,,,
train,81,1980964,68421.7,0.056701,,,,,,
train,81,1981064,68424.6,0.062122,,,,,,
train,81,1981164,68427.4,0.057102,,,,,,
train,81,1981264,68430.3,0.063533,,,,,,
train,81,1981364,68433.1,0.059044,,,,,,
train,81,1981464,68436.0,0.059901,,,,,,
train,81,1981564,68438.8,0.052688,,,,,,
train,81,1981664,68441.7,0.058266,,,,,,
train,81,1981764,68444.5,0.054147,,,,,,
train,81,1981864,68447.4,0.056882,,,,,,
train,81,1981964,68450.2,0.058118,,,,,,
train,81,1982064,68453.1,0.058599,,,,,,
train,81,1982164,68455.9,0.057714,,,,,,
train,81,1982264,68458.8,0.060023,,,,,,
train,81,1982364,68461.7,0.059361,,,,,,
train,81,1982464,68464.6,0.057327,,,,,,
train,81,1982564,68467.4,0.054890,,,,,,
train,81,1982664,68470.3,0.059629,,,,,,
train,81,1982764,68473.1,0.054919,,,,,,
train,81,1982864,68476.0,0.057101,,,,,,
train,81,1982964,68478.9,0.051578,,,,,,
train,81,1983064,68481.7,0.052522,,,,,,
train,81,1983164,68484.6,0.054434,,,,,,
train,81,1983264,68487.4,0.056234,,,,,,
train,81,1983364,68490.3,0.057793,,,,,,
train,81,1983464,68493.1,0.058089,,,,,,
train,81,1983564,68496.0,0.056186,,,,,,
train,81,1983664,68498.8,0.054616,,,,,,
train,81,1983764,68501.7,0.055754,,,,,,
train,81,1983864,68504.6,0.057381,,,,,,
train,81,1983964,68507.4,0.058757,,,,,,
train,81,1984064,68510.3,0.054033,,,,,,
train,81,1984164,68513.1,0.055809,,,,,,
train,81,1984264,68516.0,0.059977,,,,,,
train,81,1984364,68518.8,0.058478,,,,,,
train,81,1984464,68521.7,0.058335,,,,,,
train,81,1984564,68524.5,0.058426,,,,,,
train,81,1984664,68527.4,0.058148,,,,,,
train,81,1984764,68530.2,0.056031,,,,,,
train,81,1984864,68533.1,0.060907,,,,,,
train,81,1984964,68536.0,0.054684,,,,,,
train,81,1985064,68538.8,0.062599,,,,,,
train,81,1985164,68541.7,0.057442,,,,,,
train,81,1985264,68544.5,0.056000,,,,,,
train,81,1985364,68547.4,0.058160,,,,,,
train,81,1985464,68550.2,0.059640,,,,,,
train,81,1985564,68553.1,0.057057,,,,,,
train,81,1985664,68555.9,0.055806,,,,,,
train,81,1985764,68558.8,0.057784,,,,,,
train,81,1985864,68561.7,0.055733,,,,,,
train,81,1985964,68564.5,0.052558,,,,,,
train,81,1986064,68567.4,0.057430,,,,,,
train,81,1986164,68570.2,0.058194,,,,,,
train,81,1986264,68573.1,0.058067,,,,,,
train,81,1986364,68575.9,0.059398,,,,,,
train,81,1986464,68578.8,0.059955,,,,,,
train,81,1986564,68581.6,0.057167,,,,,,
train,81,1986664,68584.5,0.058469,,,,,,
train,81,1986764,68587.3,0.058500,,,,,,
train,81,1986864,68590.2,0.055423,,,,,,
train,81,1986964,68593.0,0.056193,,,,,,
train,81,1987064,68595.9,0.057689,,,,,,
train,81,1987164,68598.7,0.056154,,,,,,
train,81,1987264,68601.6,0.056044,,,,,,
train,81,1987364,68604.5,0.057841,,,,,,
train,81,1987464,68607.9,0.051868,,,,,,
train,81,1987564,68610.7,0.057205,,,,,,
train,81,1987664,68613.6,0.055646,,,,,,
train,81,1987764,68616.4,0.058325,,,,,,
train,81,1987864,68619.3,0.053909,,,,,,
train,81,1987964,68622.2,0.061077,,,,,,
train,81,1988064,68625.0,0.053597,,,,,,
train,81,1988164,68628.0,0.057096,,,,,,
train,81,1988264,68630.8,0.057015,,,,,,
train,81,1988364,68633.7,0.057265,,,,,,
train,81,1988464,68636.5,0.060778,,,,,,
train,81,1988564,68639.4,0.056283,,,,,,
train,81,1988664,68642.2,0.059200,,,,,,
train,81,1988764,68645.1,0.062621,,,,,,
train,81,1988864,68647.9,0.056923,,,,,,
train,81,1988964,68650.8,0.050735,,,,,,
train,81,1989064,68653.8,0.061511,,,,,,
train,81,1989164,68656.6,0.053083,,,,,,
train,81,1989264,68659.5,0.057174,,,,,,
train,81,1989364,68662.3,0.060920,,,,,,
train,81,1989464,68665.2,0.056042,,,,,,
train,81,1989564,68668.1,0.058856,,,,,,
train,81,1989664,68670.9,0.056600,,,,,,
train,81,1989764,68673.8,0.057464,,,,,,
train,81,1989864,68676.6,0.053800,,,,,,
train,81,1989964,68679.5,0.056000,,,,,,
train,81,1990064,68682.3,0.057823,,,,,,
train,81,1990164,68685.3,0.057229,,,,,,
train,81,1990264,68688.2,0.056236,,,,,,
train,81,1990364,68691.0,0.055204,,,,,,
train,81,1990464,68693.9,0.055163,,,,,,
train,81,1990564,68696.7,0.057871,,,,,,
train,81,1990664,68699.6,0.056267,,,,,,
train,81,1990764,68702.4,0.054763,,,,,,
train,81,1990864,68705.3,0.055165,,,,,,
train,81,1990964,68708.1,0.056634,,,,,,
train,81,1991064,68711.0,0.057521,,,,,,
train,81,1991164,68713.9,0.053007,,,,,,
train,81,1991264,68716.7,0.056621,,,,,,
train,81,1991364,68719.6,0.058743,,,,,,
train,81,1991464,68722.4,0.055257,,,,,,
train,81,1991564,68725.3,0.061136,,,,,,
train,81,1991664,68728.1,0.055266,,,,,,
train,81,1991764,68731.0,0.057909,,,,,,
train,81,1991864,68733.8,0.059821,,,,,,
train,81,1991964,68736.7,0.055699,,,,,,
train,81,1992064,68739.5,0.056358,,,,,,
train,81,1992164,68742.4,0.058295,,,,,,
train,81,1992264,68745.3,0.058903,,,,,,
train,81,1992364,68748.1,0.055230,,,,,,
train,81,1992464,68751.0,0.056360,,,,,,
train,81,1992564,68753.8,0.063024,,,,,,
train,81,1992664,68756.7,0.062022,,,,,,
train,81,1992764,68759.5,0.057417,,,,,,
train,81,1992864,68762.4,0.056624,,,,,,
train,81,1992964,68765.2,0.059121,,,,,,
train,81,1993064,68768.1,0.055805,,,,,,
train,81,1993164,68770.9,0.057206,,,,,,
train,81,1993264,68773.8,0.054097,,,,,,
train,81,1993364,68776.6,0.058744,,,,,,
train,81,1993464,68779.5,0.057601,,,,,,
train,81,1993564,68782.3,0.054557,,,,,,
train,81,1993664,68785.2,0.056356,,,,,,
train,81,1993764,68788.0,0.055709,,,,,,
train,81,1993864,68790.9,0.061382,,,,,,
train,81,1993964,68793.7,0.058987,,,,,,
train,81,1994064,68796.6,0.057628,,,,,,
train,81,1994164,68799.4,0.057558,,,,,,
train,81,1994264,68802.3,0.055180,,,,,,
train,81,1994364,68805.1,0.052755,,,,,,
train,81,1994464,68808.0,0.058910,,,,,,
train,81,1994564,68810.9,0.056990,,,,,,
train,81,1994664,68813.7,0.057612,,,,,,
train,81,1994764,68816.6,0.055985,,,,,,
train,81,1994864,68819.4,0.058762,,,,,,
train,81,1994964,68822.3,nan,,,,,,
train,81,1995064,68825.1,0.062097,,,,,,
train,81,1995164,68828.0,0.057137,,,,,,
train,81,1995264,68830.8,0.055777,,,,,,
train,81,1995364,68833.7,0.058898,,,,,,
train,81,1995464,68836.5,0.058663,,,,,,
train,81,1995564,68839.4,0.056469,,,,,,
train,81,1995664,68842.2,0.057758,,,,,,
train,81,1995764,68845.1,0.058462,,,,,,
train,81,1995864,68847.9,0.063800,,,,,,
train,81,1995964,68850.8,0.054460,,,,,,
train,81,1996064,68853.7,0.055946,,,,,,
train,81,1996164,68856.5,0.060541,,,,,,
train,81,1996264,68859.4,0.060057,,,,,,
train,81,1996364,68862.2,0.055396,,,,,,
train,81,1996464,68865.1,0.057587,,,,,,
train,81,1996564,68867.9,0.056378,,,,,,
train,81,1996664,68870.8,0.055671,,,,,,
train,81,1996764,68873.6,0.059857,,,,,,
train,81,1996864,68876.5,0.059153,,,,,,
train,81,1996964,68879.3,0.055355,,,,,,
train,81,1997064,68882.2,0.057595,,,,,,
train,81,1997164,68885.0,0.055392,,,,,,
train,81,1997264,68887.9,0.053336,,,,,,
train,81,1997364,68890.7,0.055603,,,,,,
train,81,1997464,68893.6,0.053024,,,,,,
train,81,1997564,68896.4,0.055976,,,,,,
train,81,1997664,68899.3,0.056763,,,,,,
train,81,1997764,68902.1,0.057090,,,,,,
train,81,1997864,68905.0,0.056117,,,,,,
train,81,1997964,68907.9,0.056957,,,,,,
train,81,1998064,68910.7,0.056450,,,,,,
train,81,1998164,68913.6,0.055378,,,,,,
train,81,1998264,68916.4,0.054745,,,,,,
train,81,1998364,68919.3,0.058295,,,,,,
train,81,1998464,68922.1,0.055623,,,,,,
train,81,1998564,68925.0,0.058331,,,,,,
train,81,1998664,68927.8,0.059427,,,,,,
train,81,1998764,68930.7,0.056661,,,,,,
train,81,1998864,68933.5,0.056619,,,,,,
train,81,1998964,68936.4,0.058902,,,,,,
train,81,1999064,68939.3,0.052699,,,,,,
train,81,1999164,68942.1,0.062121,,,,,,
train,81,1999264,68945.0,0.057903,,,,,,
train,81,1999364,68947.8,0.056358,,,,,,
train,81,1999464,68950.7,0.059032,,,,,,
train,81,1999564,68953.6,0.059067,,,,,,
train,81,1999664,68956.4,0.056453,,,,,,
train,81,1999764,68959.3,0.054012,,,,,,
train,81,1999864,68962.1,0.057016,,,,,,
train,81,1999964,68965.0,0.059343,,,,,,
train,81,2000064,68967.8,0.057505,,,,,,
train,81,2000164,68970.7,0.060650,,,,,,
train,81,2000264,68973.5,0.056060,,,,,,
train,81,2000364,68976.4,0.054679,,,,,,
train,81,2000464,68979.2,0.056201,,,,,,
train,81,2000564,68982.1,0.061198,,,,,,
train,81,2000664,68984.9,0.059436,,,,,,
train,81,2000764,68987.8,0.061449,,,,,,
train,81,2000864,68990.6,0.058847,,,,,,
train,81,2000964,68993.5,0.057030,,,,,,
train,81,2001064,68996.3,0.056140,,,,,,
train,81,2001164,68999.2,0.057681,,,,,,
train,81,2001264,69002.0,0.058071,,,,,,
train,81,2001364,69004.9,0.054851,,,,,,
train,81,2001464,69007.7,0.058017,,,,,,
train,81,2001564,69010.6,0.055122,,,,,,
train,81,2001664,69013.5,0.060203,,,,,,
train,81,2001764,69016.3,0.057629,,,,,,
train,81,2001864,69019.2,0.054794,,,,,,
train,81,2001964,69022.0,0.061539,,,,,,
train,81,2002064,69024.9,0.056011,,,,,,
train,81,2002164,69027.7,0.058039,,,,,,
train,81,2002264,69030.6,0.060422,,,,,,
train,81,2002364,69033.4,0.054782,,,,,,
train,81,2002464,69036.3,0.055122,,,,,,
train,81,2002564,69039.1,0.057020,,,,,,
train,81,2002664,69042.0,0.061974,,,,,,
train,81,2002764,69044.8,0.053854,,,,,,
train,81,2002864,69047.7,0.056886,,,,,,
train,81,2002964,69050.6,0.057233,,,,,,
train,81,2003064,69053.4,0.057385,,,,,,
train,81,2003164,69056.3,0.055894,,,,,,
train,81,2003264,69059.1,0.056016,,,,,,
train,81,2003364,69062.0,0.058584,,,,,,
train,81,2003464,69064.8,0.057164,,,,,,
train,81,2003564,69067.7,0.061620,,,,,,
train,81,2003664,69070.5,0.056896,,,,,,
train,81,2003764,69073.4,0.055731,,,,,,
train,81,2003864,69076.2,0.057710,,,,,,
train,81,2003964,69079.1,0.060855,,,,,,
train,81,2004064,69082.0,0.055485,,,,,,
train,81,2004164,69084.8,0.057858,,,,,,
train,81,2004264,69087.7,0.055924,,,,,,
train,81,2004364,69090.5,0.059481,,,,,,
val,81,,69235.3,0.058638,0.003903,0.000032,0.010578,0.048623,35.7663,0.954387
train,82,2004508,69238.9,0.053627,,,,,,
train,82,2004608,69241.8,0.061584,,,,,,
train,82,2004708,69244.6,0.054761,,,,,,
train,82,2004808,69247.5,0.054084,,,,,,
train,82,2004908,69250.3,0.057507,,,,,,
train,82,2005008,69253.2,0.060021,,,,,,
train,82,2005108,69256.1,0.057124,,,,,,
train,82,2005208,69258.9,0.052889,,,,,,
train,82,2005308,69261.8,0.053674,,,,,,
train,82,2005408,69264.7,0.055749,,,,,,
train,82,2005508,69267.5,0.055262,,,,,,
train,82,2005608,69270.4,0.056963,,,,,,
train,82,2005708,69273.3,0.054679,,,,,,
train,82,2005808,69276.1,0.057434,,,,,,
train,82,2005908,69279.0,0.058298,,,,,,
train,82,2006008,69281.8,0.058122,,,,,,
train,82,2006108,69284.7,0.054729,,,,,,
train,82,2006208,69287.6,0.053909,,,,,,
train,82,2006308,69290.4,0.063927,,,,,,
train,82,2006408,69293.3,0.055749,,,,,,
train,82,2006508,69296.2,0.059861,,,,,,
train,82,2006608,69299.0,0.058078,,,,,,
train,82,2006708,69301.9,0.055922,,,,,,
train,82,2006808,69304.7,0.056050,,,,,,
train,82,2006908,69307.6,0.057232,,,,,,
train,82,2007008,69310.5,0.058641,,,,,,
train,82,2007108,69313.3,0.062502,,,,,,
train,82,2007208,69316.2,0.056003,,,,,,
train,82,2007308,69319.0,0.054693,,,,,,
train,82,2007408,69321.9,0.058798,,,,,,
train,82,2007508,69324.8,0.055840,,,,,,
train,82,2007608,69327.6,0.060117,,,,,,
train,82,2007708,69330.5,0.054963,,,,,,
train,82,2007808,69333.3,0.057735,,,,,,
train,82,2007908,69336.2,0.055087,,,,,,
train,82,2008008,69339.1,0.058625,,,,,,
train,82,2008108,69341.9,0.057284,,,,,,
train,82,2008208,69344.8,0.058023,,,,,,
train,82,2008308,69347.6,0.055289,,,,,,
train,82,2008408,69350.5,0.052580,,,,,,
train,82,2008508,69353.3,0.058822,,,,,,
train,82,2008608,69356.2,0.057321,,,,,,
train,82,2008708,69359.1,0.057212,,,,,,
train,82,2008808,69361.9,0.054893,,,,,,
train,82,2008908,69364.8,0.056888,,,,,,
train,82,2009008,69367.6,0.055347,,,,,,
train,82,2009108,69370.5,0.054684,,,,,,
train,82,2009208,69373.4,0.059428,,,,,,
train,82,2009308,69376.4,0.054550,,,,,,
train,82,2009408,69379.3,0.058483,,,,,,
train,82,2009508,69382.1,0.056565,,,,,,
train,82,2009608,69385.0,0.051486,,,,,,
train,82,2009708,69387.9,0.057201,,,,,,
train,82,2009808,69390.7,0.062007,,,,,,
train,82,2009908,69393.6,0.057839,,,,,,
train,82,2010008,69396.4,0.055454,,,,,,
train,82,2010108,69399.3,0.055076,,,,,,
train,82,2010208,69402.2,0.055230,,,,,,
train,82,2010308,69405.0,0.057158,,,,,,
train,82,2010408,69407.9,0.056420,,,,,,
train,82,2010508,69410.7,0.061875,,,,,,
train,82,2010608,69413.6,0.059647,,,,,,
train,82,2010708,69416.4,0.060247,,,,,,
train,82,2010808,69419.3,0.057382,,,,,,
train,82,2010908,69422.2,0.056363,,,,,,
train,82,2011008,69425.0,0.058876,,,,,,
train,82,2011108,69427.9,0.055136,,,,,,
train,82,2011208,69430.8,0.058508,,,,,,
train,82,2011308,69433.6,0.056663,,,,,,
train,82,2011408,69436.5,0.058340,,,,,,
train,82,2011508,69439.3,0.055057,,,,,,
train,82,2011608,69442.2,0.058907,,,,,,
train,82,2011708,69445.1,0.058924,,,,,,
train,82,2011808,69447.9,0.058726,,,,,,
train,82,2011908,69450.8,0.058037,,,,,,
train,82,2012008,69453.6,0.060728,,,,,,
train,82,2012108,69456.5,0.058069,,,,,,
train,82,2012208,69459.4,0.057248,,,,,,
train,82,2012308,69462.2,0.058223,,,,,,
train,82,2012408,69465.1,0.057950,,,,,,
train,82,2012508,69467.9,0.057945,,,,,,
train,82,2012608,69470.8,0.055260,,,,,,
train,82,2012708,69473.7,0.060371,,,,,,
train,82,2012808,69476.5,0.058263,,,,,,
train,82,2012908,69479.4,0.054835,,,,,,
train,82,2013008,69482.3,0.055126,,,,,,
train,82,2013108,69485.1,0.061655,,,,,,
train,82,2013208,69488.0,0.054133,,,,,,
train,82,2013308,69490.8,0.059020,,,,,,
train,82,2013408,69493.7,0.055114,,,,,,
train,82,2013508,69496.6,0.057850,,,,,,
train,82,2013608,69499.4,0.057491,,,,,,
train,82,2013708,69502.3,0.063373,,,,,,
train,82,2013808,69505.1,0.054861,,,,,,
train,82,2013908,69508.0,0.056525,,,,,,
train,82,2014008,69510.9,0.056333,,,,,,
train,82,2014108,69513.8,0.054562,,,,,,
train,82,2014208,69516.6,0.055547,,,,,,
train,82,2014308,69519.5,0.055757,,,,,,
train,82,2014408,69522.3,0.054909,,,,,,
train,82,2014508,69525.2,0.055243,,,,,,
train,82,2014608,69528.1,0.056659,,,,,,
train,82,2014708,69530.9,0.060455,,,,,,
train,82,2014808,69533.8,0.060042,,,,,,
train,82,2014908,69536.7,0.059322,,,,,,
train,82,2015008,69539.5,0.060061,,,,,,
train,82,2015108,69542.4,0.060944,,,,,,
train,82,2015208,69545.2,0.054199,,,,,,
train,82,2015308,69548.1,0.057629,,,,,,
train,82,2015408,69551.0,0.066516,,,,,,
train,82,2015508,69553.8,0.056276,,,,,,
train,82,2015608,69556.7,0.059805,,,,,,
train,82,2015708,69559.6,0.054813,,,,,,
train,82,2015808,69562.4,0.055635,,,,,,
train,82,2015908,69565.3,0.058998,,,,,,
train,82,2016008,69568.1,0.053602,,,,,,
train,82,2016108,69571.0,0.054815,,,,,,
train,82,2016208,69573.8,0.059668,,,,,,
train,82,2016308,69576.7,0.057418,,,,,,
train,82,2016408,69579.6,0.053969,,,,,,
train,82,2016508,69582.4,0.057442,,,,,,
train,82,2016608,69585.3,0.059492,,,,,,
train,82,2016708,69588.2,0.058249,,,,,,
train,82,2016808,69591.0,0.056128,,,,,,
train,82,2016908,69593.9,0.053677,,,,,,
train,82,2017008,69596.7,0.055361,,,,,,
train,82,2017108,69599.6,0.056385,,,,,,
train,82,2017208,69602.5,0.057942,,,,,,
train,82,2017308,69605.3,0.055020,,,,,,
train,82,2017408,69608.2,0.057140,,,,,,
train,82,2017508,69611.0,0.058867,,,,,,
train,82,2017608,69613.9,0.054808,,,,,,
train,82,2017708,69616.7,0.054912,,,,,,
train,82,2017808,69619.6,0.058600,,,,,,
train,82,2017908,69622.5,0.054129,,,,,,
train,82,2018008,69625.3,0.056642,,,,,,
train,82,2018108,69628.2,0.058727,,,,,,
train,82,2018208,69631.0,0.054945,,,,,,
train,82,2018308,69633.9,0.057325,,,,,,
train,82,2018408,69636.7,0.058863,,,,,,
train,82,2018508,69639.6,0.055891,,,,,,
train,82,2018608,69642.5,0.056246,,,,,,
train,82,2018708,69645.3,0.058035,,,,,,
train,82,2018808,69648.2,0.056198,,,,,,
train,82,2018908,69651.0,0.057767,,,,,,
train,82,2019008,69653.9,0.056571,,,,,,
train,82,2019108,69656.8,0.056372,,,,,,
train,82,2019208,69659.6,0.058907,,,,,,
train,82,2019308,69662.5,0.058419,,,,,,
train,82,2019408,69665.3,0.057347,,,,,,
train,82,2019508,69668.2,0.061534,,,,,,
train,82,2019608,69671.0,0.057574,,,,,,
train,82,2019708,69673.9,0.058607,,,,,,
train,82,2019808,69676.8,0.056063,,,,,,
train,82,2019908,69679.6,0.056932,,,,,,
train,82,2020008,69682.5,0.053617,,,,,,
train,82,2020108,69685.4,0.056729,,,,,,
train,82,2020208,69688.2,0.059030,,,,,,
train,82,2020308,69691.1,0.052203,,,,,,
train,82,2020408,69693.9,0.057882,,,,,,
train,82,2020508,69696.8,0.054916,,,,,,
train,82,2020608,69699.7,0.056727,,,,,,
train,82,2020708,69702.5,0.057944,,,,,,
train,82,2020808,69705.4,0.059801,,,,,,
train,82,2020908,69708.3,0.056193,,,,,,
train,82,2021008,69711.1,0.054680,,,,,,
train,82,2021108,69714.0,0.060273,,,,,,
train,82,2021208,69716.8,0.058308,,,,,,
train,82,2021308,69719.7,nan,,,,,,
train,82,2021408,69722.6,0.054461,,,,,,
train,82,2021508,69725.4,0.058055,,,,,,
train,82,2021608,69728.3,0.054239,,,,,,
train,82,2021708,69731.1,0.057512,,,,,,
train,82,2021808,69734.0,0.054937,,,,,,
train,82,2021908,69736.9,0.061948,,,,,,
train,82,2022008,69739.7,0.059008,,,,,,
train,82,2022108,69742.6,0.057220,,,,,,
train,82,2022208,69745.4,0.056707,,,,,,
train,82,2022308,69748.3,0.055144,,,,,,
train,82,2022408,69751.2,0.052832,,,,,,
train,82,2022508,69754.0,0.059653,,,,,,
train,82,2022608,69756.9,0.059336,,,,,,
train,82,2022708,69759.8,0.056090,,,,,,
train,82,2022808,69762.6,0.060871,,,,,,
train,82,2022908,69765.5,0.057472,,,,,,
train,82,2023008,69768.3,0.058884,,,,,,
train,82,2023108,69771.2,0.054520,,,,,,
train,82,2023208,69774.1,0.055351,,,,,,
train,82,2023308,69776.9,0.056662,,,,,,
train,82,2023408,69779.8,0.057890,,,,,,
train,82,2023508,69782.7,0.055277,,,,,,
train,82,2023608,69785.5,0.055014,,,,,,
train,82,2023708,69788.7,0.058603,,,,,,
train,82,2023808,69791.8,0.055799,,,,,,
train,82,2023908,69794.6,0.061661,,,,,,
train,82,2024008,69797.5,0.058444,,,,,,
train,82,2024108,69800.3,0.053416,,,,,,
train,82,2024208,69803.2,0.055982,,,,,,
train,82,2024308,69806.1,0.057113,,,,,,
train,82,2024408,69808.9,0.056677,,,,,,
train,82,2024508,69811.8,0.054815,,,,,,
train,82,2024608,69814.6,0.057883,,,,,,
train,82,2024708,69817.5,0.061130,,,,,,
train,82,2024808,69820.4,0.058413,,,,,,
train,82,2024908,69823.2,0.062605,,,,,,
train,82,2025008,69826.1,0.059550,,,,,,
train,82,2025108,69829.0,0.055197,,,,,,
train,82,2025208,69831.8,0.056512,,,,,,
train,82,2025308,69834.7,0.057554,,,,,,
train,82,2025408,69837.6,0.063332,,,,,,
train,82,2025508,69840.4,0.055647,,,,,,
train,82,2025608,69843.3,0.059692,,,,,,
train,82,2025708,69846.1,0.057452,,,,,,
train,82,2025808,69849.0,0.055778,,,,,,
train,82,2025908,69851.8,0.056332,,,,,,
train,82,2026008,69854.7,0.057295,,,,,,
train,82,2026108,69857.6,0.055580,,,,,,
train,82,2026208,69860.4,0.054980,,,,,,
train,82,2026308,69863.3,0.054552,,,,,,
train,82,2026408,69866.1,0.057770,,,,,,
train,82,2026508,69869.0,0.056008,,,,,,
train,82,2026608,69871.9,0.054375,,,,,,
train,82,2026708,69874.7,0.059509,,,,,,
train,82,2026808,69877.6,0.057458,,,,,,
train,82,2026908,69880.4,0.060665,,,,,,
train,82,2027008,69883.3,0.055889,,,,,,
train,82,2027108,69886.2,0.056901,,,,,,
train,82,2027208,69889.0,0.055490,,,,,,
train,82,2027308,69891.9,0.054429,,,,,,
train,82,2027408,69894.7,0.059270,,,,,,
train,82,2027508,69897.6,0.056209,,,,,,
train,82,2027608,69900.5,0.054450,,,,,,
train,82,2027708,69903.3,0.058189,,,,,,
train,82,2027808,69906.2,0.056733,,,,,,
train,82,2027908,69909.0,0.053606,,,,,,
train,82,2028008,69911.9,0.060300,,,,,,
train,82,2028108,69914.8,0.062712,,,,,,
train,82,2028208,69917.6,0.056117,,,,,,
train,82,2028308,69920.5,0.054902,,,,,,
train,82,2028408,69923.3,0.058669,,,,,,
train,82,2028508,69926.2,0.060054,,,,,,
train,82,2028608,69929.1,0.055916,,,,,,
train,82,2028708,69931.9,0.057366,,,,,,
train,82,2028808,69934.8,0.059202,,,,,,
val,82,,70079.4,0.058329,0.003902,0.000032,0.010586,0.048617,35.7574,0.954394
train,83,2028952,70083.1,0.058070,,,,,,
train,83,2029052,70085.9,0.058318,,,,,,
train,83,2029152,70088.8,0.057896,,,,,,
train,83,2029252,70091.7,0.055473,,,,,,
train,83,2029352,70094.5,0.059377,,,,,,
train,83,2029452,70097.4,0.062490,,,,,,
train,83,2029552,70100.3,0.059067,,,,,,
train,83,2029652,70103.1,0.059573,,,,,,
train,83,2029752,70106.0,0.058521,,,,,,
train,83,2029852,70108.8,0.056021,,,,,,
train,83,2029952,70111.7,0.058573,,,,,,
train,83,2030052,70114.6,0.053624,,,,,,
train,83,2030152,70117.4,0.061642,,,,,,
train,83,2030252,70120.3,0.056292,,,,,,
train,83,2030352,70123.2,0.060704,,,,,,
train,83,2030452,70126.1,0.058138,,,,,,
train,83,2030552,70128.9,0.055047,,,,,,
train,83,2030652,70131.8,0.056662,,,,,,
train,83,2030752,70134.7,0.053201,,,,,,
train,83,2030852,70137.5,0.055317,,,,,,
train,83,2030952,70140.4,0.060038,,,,,,
train,83,2031052,70143.4,0.058996,,,,,,
train,83,2031152,70146.2,0.056580,,,,,,
train,83,2031252,70149.1,0.058681,,,,,,
train,83,2031352,70152.0,0.059412,,,,,,
train,83,2031452,70154.8,0.055600,,,,,,
train,83,2031552,70157.7,0.055931,,,,,,
train,83,2031652,70160.6,0.059242,,,,,,
train,83,2031752,70163.4,0.053349,,,,,,
train,83,2031852,70166.3,0.055107,,,,,,
train,83,2031952,70169.2,0.054438,,,,,,
train,83,2032052,70172.1,0.058422,,,,,,
train,83,2032152,70174.9,0.053055,,,,,,
train,83,2032252,70177.8,0.060210,,,,,,
train,83,2032352,70180.7,0.052432,,,,,,
train,83,2032452,70183.5,0.055392,,,,,,
train,83,2032552,70186.4,0.055298,,,,,,
train,83,2032652,70189.3,0.059377,,,,,,
train,83,2032752,70192.1,0.053879,,,,,,
train,83,2032852,70195.0,0.054292,,,,,,
train,83,2032952,70197.9,0.061223,,,,,,
train,83,2033052,70200.7,0.059738,,,,,,
train,83,2033152,70203.6,0.058401,,,,,,
train,83,2033252,70206.5,0.055635,,,,,,
train,83,2033352,70209.3,0.057461,,,,,,
train,83,2033452,70212.2,0.059473,,,,,,
train,83,2033552,70215.1,0.054188,,,,,,
train,83,2033652,70217.9,0.056223,,,,,,
train,83,2033752,70220.8,0.053785,,,,,,
train,83,2033852,70223.7,0.053832,,,,,,
train,83,2033952,70226.5,0.053998,,,,,,
train,83,2034052,70229.4,0.058277,,,,,,
train,83,2034152,70232.3,0.049962,,,,,,
train,83,2034252,70235.1,nan,,,,,,
train,83,2034352,70238.0,0.061449,,,,,,
train,83,2034452,70240.9,0.056304,,,,,,
train,83,2034552,70243.8,0.060328,,,,,,
train,83,2034652,70246.6,0.051950,,,,,,
train,83,2034752,70249.5,0.055082,,,,,,
train,83,2034852,70252.4,0.058079,,,,,,
train,83,2034952,70255.2,0.061714,,,,,,
train,83,2035052,70258.1,0.056057,,,,,,
train,83,2035152,70261.0,0.055488,,,,,,
train,83,2035252,70263.8,0.057386,,,,,,
train,83,2035352,70266.7,0.058655,,,,,,
train,83,2035452,70269.6,0.056119,,,,,,
train,83,2035552,70272.4,0.057683,,,,,,
train,83,2035652,70275.3,0.058557,,,,,,
train,83,2035752,70278.2,0.056213,,,,,,
train,83,2035852,70281.0,0.053653,,,,,,
train,83,2035952,70283.9,0.055578,,,,,,
train,83,2036052,70286.8,0.056973,,,,,,
train,83,2036152,70289.6,0.055173,,,,,,
train,83,2036252,70292.5,0.058544,,,,,,
train,83,2036352,70295.4,0.056006,,,,,,
train,83,2036452,70298.2,0.054782,,,,,,
train,83,2036552,70301.1,0.052611,,,,,,
train,83,2036652,70303.9,0.054310,,,,,,
train,83,2036752,70306.8,0.057975,,,,,,
train,83,2036852,70309.7,0.058588,,,,,,
train,83,2036952,70312.5,0.060292,,,,,,
train,83,2037052,70315.4,0.055326,,,,,,
train,83,2037152,70318.3,0.054454,,,,,,
train,83,2037252,70321.1,0.058901,,,,,,
train,83,2037352,70324.0,0.056206,,,,,,
train,83,2037452,70326.9,0.057654,,,,,,
train,83,2037552,70329.8,0.057050,,,,,,
train,83,2037652,70332.6,0.057855,,,,,,
train,83,2037752,70335.5,0.054224,,,,,,
train,83,2037852,70338.4,0.056642,,,,,,
train,83,2037952,70341.2,0.057332,,,,,,
train,83,2038052,70344.1,0.057061,,,,,,
train,83,2038152,70347.0,0.054803,,,,,,
train,83,2038252,70349.8,0.061175,,,,,,
train,83,2038352,70352.7,0.058731,,,,,,
train,83,2038452,70355.6,0.058325,,,,,,
train,83,2038552,70358.4,0.057853,,,,,,
train,83,2038652,70361.3,0.055500,,,,,,
train,83,2038752,70364.2,0.058066,,,,,,
train,83,2038852,70367.1,0.057016,,,,,,
train,83,2038952,70369.9,0.056385,,,,,,
train,83,2039052,70372.8,0.057481,,,,,,
train,83,2039152,70375.7,0.055016,,,,,,
train,83,2039252,70378.5,0.057019,,,,,,
train,83,2039352,70381.4,0.056020,,,,,,
train,83,2039452,70384.3,0.058879,,,,,,
train,83,2039552,70387.1,0.055809,,,,,,
train,83,2039652,70390.0,0.063555,,,,,,
train,83,2039752,70392.8,0.056856,,,,,,
train,83,2039852,70395.7,0.055361,,,,,,
train,83,2039952,70398.6,0.051632,,,,,,
train,83,2040052,70401.4,0.050693,,,,,,
train,83,2040152,70404.3,0.055078,,,,,,
train,83,2040252,70407.2,0.055892,,,,,,
train,83,2040352,70410.0,0.057680,,,,,,
train,83,2040452,70412.9,0.059524,,,,,,
train,83,2040552,70415.8,0.054517,,,,,,
train,83,2040652,70418.6,0.058963,,,,,,
train,83,2040752,70421.5,0.057624,,,,,,
train,83,2040852,70424.4,0.054243,,,,,,
train,83,2040952,70427.2,0.059238,,,,,,
train,83,2041052,70430.1,0.052966,,,,,,
train,83,2041152,70433.0,0.057087,,,,,,
train,83,2041252,70435.8,0.058522,,,,,,
train,83,2041352,70438.7,0.061233,,,,,,
train,83,2041452,70441.6,0.059408,,,,,,
train,83,2041552,70444.4,0.053124,,,,,,
train,83,2041652,70447.3,0.057985,,,,,,
train,83,2041752,70450.2,0.056007,,,,,,
train,83,2041852,70453.0,0.055381,,,,,,
train,83,2041952,70455.9,0.054411,,,,,,
train,83,2042052,70458.8,0.061729,,,,,,
train,83,2042152,70461.6,0.058720,,,,,,
train,83,2042252,70464.5,0.061545,,,,,,
train,83,2042352,70467.4,0.057224,,,,,,
train,83,2042452,70470.2,0.060645,,,,,,
train,83,2042552,70473.1,0.058094,,,,,,
train,83,2042652,70476.0,0.058121,,,,,,
train,83,2042752,70478.9,0.056798,,,,,,
train,83,2042852,70481.7,0.057357,,,,,,
train,83,2042952,70484.6,0.055114,,,,,,
train,83,2043052,70487.5,0.061357,,,,,,
train,83,2043152,70490.4,0.057578,,,,,,
train,83,2043252,70493.3,0.057079,,,,,,
train,83,2043352,70496.1,0.056248,,,,,,
train,83,2043452,70499.0,0.060255,,,,,,
train,83,2043552,70501.9,0.055181,,,,,,
train,83,2043652,70504.7,0.057754,,,,,,
train,83,2043752,70507.6,0.058245,,,,,,
train,83,2043852,70510.4,0.058767,,,,,,
train,83,2043952,70513.3,0.059322,,,,,,
train,83,2044052,70516.2,0.057313,,,,,,
train,83,2044152,70519.0,0.057588,,,,,,
train,83,2044252,70521.9,0.055677,,,,,,
train,83,2044352,70524.8,0.055887,,,,,,
train,83,2044452,70527.6,0.056340,,,,,,
train,83,2044552,70530.5,0.057430,,,,,,
train,83,2044652,70533.3,0.056742,,,,,,
train,83,2044752,70536.2,0.057820,,,,,,
train,83,2044852,70539.1,0.058645,,,,,,
train,83,2044952,70542.0,0.054217,,,,,,
train,83,2045052,70544.8,0.061738,,,,,,
train,83,2045152,70547.7,0.060280,,,,,,
train,83,2045252,70550.6,0.054641,,,,,,
train,83,2045352,70553.4,0.056653,,,,,,
train,83,2045452,70556.3,0.053562,,,,,,
train,83,2045552,70559.2,0.059113,,,,,,
train,83,2045652,70562.0,0.059184,,,,,,
train,83,2045752,70564.9,0.060213,,,,,,
train,83,2045852,70567.8,0.057093,,,,,,
train,83,2045952,70570.6,0.056570,,,,,,
train,83,2046052,70573.5,0.059827,,,,,,
train,83,2046152,70576.4,0.054353,,,,,,
train,83,2046252,70579.2,0.060152,,,,,,
train,83,2046352,70582.2,0.059899,,,,,,
train,83,2046452,70585.1,0.054261,,,,,,
train,83,2046552,70588.0,0.057752,,,,,,
train,83,2046652,70590.8,0.057322,,,,,,
train,83,2046752,70593.7,0.058548,,,,,,
train,83,2046852,70596.6,0.054499,,,,,,
train,83,2046952,70599.4,0.054368,,,,,,
train,83,2047052,70602.3,0.055534,,,,,,
train,83,2047152,70605.2,0.056238,,,,,,
train,83,2047252,70608.0,0.058497,,,,,,
train,83,2047352,70610.9,0.061801,,,,,,
train,83,2047452,70613.8,0.056627,,,,,,
train,83,2047552,70616.6,0.060683,,,,,,
train,83,2047652,70619.5,0.064703,,,,,,
train,83,2047752,70622.4,0.056824,,,,,,
train,83,2047852,70625.2,0.058651,,,,,,
train,83,2047952,70628.1,0.058484,,,,,,
train,83,2048052,70631.0,0.059665,,,,,,
train,83,2048152,70633.9,0.056131,,,,,,
train,83,2048252,70636.7,0.054678,,,,,,
train,83,2048352,70639.6,0.058681,,,,,,
train,83,2048452,70642.5,0.055763,,,,,,
train,83,2048552,70645.3,0.057861,,,,,,
train,83,2048652,70648.2,0.057908,,,,,,
train,83,2048752,70651.2,0.055688,,,,,,
train,83,2048852,70654.1,0.058260,,,,,,
train,83,2048952,70656.9,0.064333,,,,,,
train,83,2049052,70659.8,0.057949,,,,,,
train,83,2049152,70662.8,0.059709,,,,,,
train,83,2049252,70665.7,0.056259,,,,,,
train,83,2049352,70668.5,0.058011,,,,,,
train,83,2049452,70671.4,0.055066,,,,,,
train,83,2049552,70674.3,0.060049,,,,,,
train,83,2049652,70677.1,0.061081,,,,,,
train,83,2049752,70680.0,0.058517,,,,,,
train,83,2049852,70682.9,0.060570,,,,,,
train,83,2049952,70685.7,0.056847,,,,,,
train,83,2050052,70688.6,0.054694,,,,,,
train,83,2050152,70691.5,0.055141,,,,,,
train,83,2050252,70694.3,0.059982,,,,,,
train,83,2050352,70697.2,0.060457,,,,,,
train,83,2050452,70700.1,0.057116,,,,,,
train,83,2050552,70702.9,0.058248,,,,,,
train,83,2050652,70705.8,0.060735,,,,,,
train,83,2050752,70708.6,0.055434,,,,,,
train,83,2050852,70711.5,0.055146,,,,,,
train,83,2050952,70714.4,0.053759,,,,,,
train,83,2051052,70717.2,0.052980,,,,,,
train,83,2051152,70720.1,0.059962,,,,,,
train,83,2051252,70723.0,0.054204,,,,,,
train,83,2051352,70725.8,0.056559,,,,,,
train,83,2051452,70728.7,0.057229,,,,,,
train,83,2051552,70731.5,0.054456,,,,,,
train,83,2051652,70734.4,0.057237,,,,,,
train,83,2051752,70737.3,0.058029,,,,,,
train,83,2051852,70740.1,0.060380,,,,,,
train,83,2051952,70743.0,0.053431,,,,,,
train,83,2052052,70745.9,0.057029,,,,,,
train,83,2052152,70748.7,0.054308,,,,,,
train,83,2052252,70751.6,0.056736,,,,,,
train,83,2052352,70754.5,0.058114,,,,,,
train,83,2052452,70757.3,0.057068,,,,,,
train,83,2052552,70760.2,0.054094,,,,,,
train,83,2052652,70763.1,0.057081,,,,,,
train,83,2052752,70766.0,0.058242,,,,,,
train,83,2052852,70768.8,0.056825,,,,,,
train,83,2052952,70771.7,0.060313,,,,,,
train,83,2053052,70774.6,0.056844,,,,,,
train,83,2053152,70777.4,0.058444,,,,,,
train,83,2053252,70780.3,0.060150,,,,,,
val,83,,70925.1,0.058033,0.003901,0.000032,0.010610,0.048641,35.7495,0.954369
train,84,2053396,70929.1,0.054477,,,,,,
train,84,2053496,70932.0,0.059439,,,,,,
train,84,2053596,70934.8,0.054491,,,,,,
train,84,2053696,70937.7,0.056913,,,,,,
train,84,2053796,70940.6,0.055624,,,,,,
train,84,2053896,70943.4,0.057344,,,,,,
train,84,2053996,70946.3,0.059247,,,,,,
train,84,2054096,70949.1,0.061735,,,,,,
train,84,2054196,70952.0,0.053144,,,,,,
train,84,2054296,70954.8,0.060041,,,,,,
train,84,2054396,70957.7,0.056852,,,,,,
train,84,2054496,70960.6,0.061931,,,,,,
train,84,2054596,70963.4,0.055540,,,,,,
train,84,2054696,70966.3,0.058603,,,,,,
train,84,2054796,70969.1,0.055690,,,,,,
train,84,2054896,70972.0,0.053479,,,,,,
train,84,2054996,70974.8,0.057136,,,,,,
train,84,2055096,70977.7,0.056154,,,,,,
train,84,2055196,70980.5,0.060868,,,,,,
train,84,2055296,70983.4,0.055022,,,,,,
train,84,2055396,70986.3,0.053506,,,,,,
train,84,2055496,70989.1,0.052218,,,,,,
train,84,2055596,70992.0,0.055464,,,,,,
train,84,2055696,70994.8,0.053091,,,,,,
train,84,2055796,70997.7,0.061970,,,,,,
train,84,2055896,71000.5,0.050113,,,,,,
train,84,2055996,71003.4,0.055439,,,,,,
train,84,2056096,71006.3,0.054942,,,,,,
train,84,2056196,71009.1,0.059498,,,,,,
train,84,2056296,71012.0,0.057789,,,,,,
train,84,2056396,71014.8,0.057868,,,,,,
train,84,2056496,71017.7,0.059010,,,,,,
train,84,2056596,71020.5,0.054404,,,,,,
train,84,2056696,71023.4,0.056748,,,,,,
train,84,2056796,71026.2,0.058917,,,,,,
train,84,2056896,71029.1,0.053922,,,,,,
train,84,2056996,71032.0,0.057777,,,,,,
train,84,2057096,71034.8,0.056303,,,,,,
train,84,2057196,71037.7,0.057222,,,,,,
train,84,2057296,71040.5,0.054595,,,,,,
train,84,2057396,71043.4,0.057139,,,,,,
train,84,2057496,71046.2,0.055139,,,,,,
train,84,2057596,71049.1,0.058143,,,,,,
train,84,2057696,71051.9,0.056785,,,,,,
train,84,2057796,71054.8,0.056571,,,,,,
train,84,2057896,71057.7,0.059253,,,,,,
train,84,2057996,71060.5,0.059663,,,,,,
train,84,2058096,71063.4,0.056890,,,,,,
train,84,2058196,71066.2,0.059373,,,,,,
train,84,2058296,71069.1,0.057253,,,,,,
train,84,2058396,71072.0,0.058414,,,,,,
train,84,2058496,71074.8,0.057695,,,,,,
train,84,2058596,71077.9,0.059272,,,,,,
train,84,2058696,71080.7,0.057237,,,,,,
train,84,2058796,71083.6,0.059915,,,,,,
train,84,2058896,71086.4,0.057652,,,,,,
train,84,2058996,71089.3,0.061922,,,,,,
train,84,2059096,71092.2,0.055120,,,,,,
train,84,2059196,71095.0,0.060317,,,,,,
train,84,2059296,71097.9,0.060200,,,,,,
train,84,2059396,71101.3,0.057491,,,,,,
train,84,2059496,71104.1,0.059372,,,,,,
train,84,2059596,71107.0,0.060557,,,,,,
train,84,2059696,71109.9,0.055706,,,,,,
train,84,2059796,71112.7,0.057511,,,,,,
train,84,2059896,71115.6,0.053811,,,,,,
train,84,2059996,71118.4,0.056209,,,,,,
train,84,2060096,71121.3,0.056743,,,,,,
train,84,2060196,71124.1,0.055324,,,,,,
train,84,2060296,71127.0,0.058423,,,,,,
train,84,2060396,71129.8,0.059343,,,,,,
train,84,2060496,71132.7,0.057860,,,,,,
train,84,2060596,71135.5,0.055359,,,,,,
train,84,2060696,71138.4,0.056142,,,,,,
train,84,2060796,71141.3,0.056295,,,,,,
train,84,2060896,71144.1,0.055036,,,,,,
train,84,2060996,71147.0,0.056729,,,,,,
train,84,2061096,71149.8,0.057997,,,,,,
train,84,2061196,71152.7,0.059775,,,,,,
train,84,2061296,71155.5,0.061595,,,,,,
train,84,2061396,71158.4,0.055311,,,,,,
train,84,2061496,71161.2,0.053434,,,,,,
train,84,2061596,71164.1,0.055135,,,,,,
train,84,2061696,71166.9,0.055980,,,,,,
train,84,2061796,71169.8,0.055679,,,,,,
train,84,2061896,71172.6,0.057747,,,,,,
train,84,2061996,71175.5,0.055379,,,,,,
train,84,2062096,71178.4,0.062012,,,,,,
train,84,2062196,71181.2,0.060200,,,,,,
train,84,2062296,71184.1,0.058604,,,,,,
train,84,2062396,71187.1,0.055540,,,,,,
train,84,2062496,71189.9,0.056919,,,,,,
train,84,2062596,71192.8,0.059743,,,,,,
train,84,2062696,71195.6,0.053563,,,,,,
train,84,2062796,71198.5,0.053109,,,,,,
train,84,2062896,71201.3,0.057882,,,,,,
train,84,2062996,71204.2,0.059161,,,,,,
train,84,2063096,71207.0,0.054930,,,,,,
train,84,2063196,71209.9,0.059739,,,,,,
train,84,2063296,71212.8,0.060657,,,,,,
train,84,2063396,71215.6,0.055067,,,,,,
train,84,2063496,71218.5,0.055232,,,,,,
train,84,2063596,71221.3,0.056511,,,,,,
train,84,2063696,71224.4,0.057554,,,,,,
train,84,2063796,71227.7,0.057571,,,,,,
train,84,2063896,71230.6,0.056063,,,,,,
train,84,2063996,71233.6,0.056663,,,,,,
train,84,2064096,71236.5,0.056101,,,,,,
train,84,2064196,71239.3,0.056736,,,,,,
train,84,2064296,71242.2,0.057778,,,,,,
train,84,2064396,71245.0,0.059135,,,,,,
train,84,2064496,71247.9,0.058154,,,,,,
train,84,2064596,71250.7,0.057752,,,,,,
train,84,2064696,71253.6,0.054126,,,,,,
train,84,2064796,71256.4,0.055271,,,,,,
train,84,2064896,71259.3,0.055084,,,,,,
train,84,2064996,71262.2,0.059515,,,,,,
train,84,2065096,71265.0,0.056909,,,,,,
train,84,2065196,71267.9,0.057814,,,,,,
train,84,2065296,71270.7,0.055397,,,,,,
train,84,2065396,71273.6,0.058949,,,,,,
train,84,2065496,71276.4,0.053344,,,,,,
train,84,2065596,71279.3,0.058416,,,,,,
train,84,2065696,71282.1,0.059094,,,,,,
train,84,2065796,71285.0,0.055717,,,,,,
train,84,2065896,71287.9,0.056234,,,,,,
train,84,2065996,71290.7,0.054186,,,,,,
train,84,2066096,71293.6,0.060703,,,,,,
train,84,2066196,71296.4,0.057089,,,,,,
train,84,2066296,71299.3,0.055300,,,,,,
train,84,2066396,71302.1,0.054096,,,,,,
train,84,2066496,71305.0,0.056016,,,,,,
train,84,2066596,71307.9,0.061869,,,,,,
train,84,2066696,71310.7,0.052453,,,,,,
train,84,2066796,71313.6,0.052883,,,,,,
train,84,2066896,71316.4,0.057563,,,,,,
train,84,2066996,71319.3,0.060210,,,,,,
train,84,2067096,71322.1,0.054905,,,,,,
train,84,2067196,71325.0,0.055174,,,,,,
train,84,2067296,71327.8,0.059111,,,,,,
train,84,2067396,71330.7,0.059354,,,,,,
train,84,2067496,71333.6,0.054658,,,,,,
train,84,2067596,71336.4,0.054026,,,,,,
train,84,2067696,71339.3,0.057786,,,,,,
train,84,2067796,71342.1,0.058338,,,,,,
train,84,2067896,71345.0,0.056779,,,,,,
train,84,2067996,71347.8,0.056299,,,,,,
train,84,2068096,71350.7,0.058846,,,,,,
train,84,2068196,71353.5,0.058354,,,,,,
train,84,2068296,71356.4,0.057368,,,,,,
train,84,2068396,71359.2,0.055507,,,,,,
train,84,2068496,71362.1,0.057240,,,,,,
train,84,2068596,71364.9,nan,,,,,,
train,84,2068696,71367.8,0.057486,,,,,,
train,84,2068796,71370.6,0.059462,,,,,,
train,84,2068896,71373.5,0.059336,,,,,,
train,84,2068996,71376.4,0.055812,,,,,,
train,84,2069096,71379.2,0.055903,,,,,,
train,84,2069196,71382.1,0.056299,,,,,,
train,84,2069296,71384.9,0.052132,,,,,,
train,84,2069396,71387.8,0.057222,,,,,,
train,84,2069496,71390.6,0.054599,,,,,,
train,84,2069596,71393.5,0.054161,,,,,,
train,84,2069696,71396.3,0.054039,,,,,,
train,84,2069796,71399.2,0.058514,,,,,,
train,84,2069896,71402.0,0.058876,,,,,,
train,84,2069996,71404.9,0.057658,,,,,,
train,84,2070096,71408.1,0.058942,,,,,,
train,84,2070196,71410.9,0.060697,,,,,,
train,84,2070296,71413.8,0.054038,,,,,,
train,84,2070396,71416.7,0.055319,,,,,,
train,84,2070496,71419.5,0.057889,,,,,,
train,84,2070596,71422.4,0.058060,,,,,,
train,84,2070696,71425.2,0.055701,,,,,,
train,84,2070796,71428.1,0.056189,,,,,,
train,84,2070896,71431.0,0.054534,,,,,,
train,84,2070996,71433.8,0.059511,,,,,,
train,84,2071096,71436.7,0.053221,,,,,,
train,84,2071196,71439.5,0.052263,,,,,,
train,84,2071296,71442.5,0.057379,,,,,,
train,84,2071396,71445.3,0.055418,,,,,,
train,84,2071496,71448.2,0.056709,,,,,,
train,84,2071596,71451.0,0.059378,,,,,,
train,84,2071696,71453.9,0.056716,,,,,,
train,84,2071796,71456.7,0.054623,,,,,,
train,84,2071896,71459.6,0.057687,,,,,,
train,84,2071996,71462.4,0.058693,,,,,,
train,84,2072096,71465.3,0.058984,,,,,,
train,84,2072196,71468.2,0.059028,,,,,,
train,84,2072296,71471.0,0.059062,,,,,,
train,84,2072396,71473.9,0.058353,,,,,,
train,84,2072496,71476.7,0.058320,,,,,,
train,84,2072596,71479.6,0.058103,,,,,,
train,84,2072696,71482.4,0.058204,,,,,,
train,84,2072796,71485.3,0.053907,,,,,,
train,84,2072896,71488.1,0.056708,,,,,,
train,84,2072996,71491.0,0.056566,,,,,,
train,84,2073096,71493.9,0.056527,,,,,,
train,84,2073196,71496.7,0.057904,,,,,,
train,84,2073296,71499.6,0.061931,,,,,,
train,84,2073396,71502.4,0.053503,,,,,,
train,84,2073496,71505.3,0.058331,,,,,,
train,84,2073596,71508.1,0.055565,,,,,,
train,84,2073696,71511.2,0.054283,,,,,,
train,84,2073796,71514.0,0.060830,,,,,,
train,84,2073896,71516.9,0.058728,,,,,,
train,84,2073996,71519.7,0.058263,,,,,,
train,84,2074096,71522.6,0.056596,,,,,,
train,84,2074196,71525.5,0.055859,,,,,,
train,84,2074296,71528.3,0.060927,,,,,,
train,84,2074396,71531.2,0.058613,,,,,,
train,84,2074496,71534.0,0.061012,,,,,,
train,84,2074596,71536.9,0.056710,,,,,,
train,84,2074696,71539.8,0.060266,,,,,,
train,84,2074796,71542.6,0.056534,,,,,,
train,84,2074896,71545.5,0.053079,,,,,,
train,84,2074996,71548.3,0.058845,,,,,,
train,84,2075096,71551.2,0.057204,,,,,,
train,84,2075196,71554.0,0.058930,,,,,,
train,84,2075296,71556.9,0.059889,,,,,,
train,84,2075396,71559.7,0.058964,,,,,,
train,84,2075496,71562.6,0.052326,,,,,,
train,84,2075596,71565.4,0.058792,,,,,,
train,84,2075696,71568.3,0.059347,,,,,,
train,84,2075796,71571.2,0.060080,,,,,,
train,84,2075896,71574.0,0.059091,,,,,,
train,84,2075996,71576.9,0.055806,,,,,,
train,84,2076096,71579.7,0.057965,,,,,,
train,84,2076196,71582.6,0.053552,,,,,,
train,84,2076296,71585.4,0.056549,,,,,,
train,84,2076396,71588.3,0.056448,,,,,,
train,84,2076496,71591.1,0.054147,,,,,,
train,84,2076596,71594.0,0.057731,,,,,,
train,84,2076696,71596.8,0.054983,,,,,,
train,84,2076796,71599.7,0.057551,,,,,,
train,84,2076896,71602.6,0.058354,,,,,,
train,84,2076996,71605.4,0.059743,,,,,,
train,84,2077096,71608.3,0.058271,,,,,,
train,84,2077196,71611.1,0.058742,,,,,,
train,84,2077296,71614.0,0.061494,,,,,,
train,84,2077396,71616.8,0.056116,,,,,,
train,84,2077496,71619.7,0.057957,,,,,,
train,84,2077596,71622.5,0.056962,,,,,,
train,84,2077696,71625.4,0.054030,,,,,,
val,84,,71770.2,0.058633,0.003900,0.000032,0.010585,0.048599,35.7599,0.954382
train,85,2077840,71773.8,0.052714,,,,,,
train,85,2077940,71776.7,0.058110,,,,,,
train,85,2078040,71779.5,0.056306,,,,,,
train,85,2078140,71782.4,0.056914,,,,,,
train,85,2078240,71785.3,0.057423,,,,,,
train,85,2078340,71788.1,0.054920,,,,,,
train,85,2078440,71791.0,0.051636,,,,,,
train,85,2078540,71793.9,0.053602,,,,,,
train,85,2078640,71796.7,0.058344,,,,,,
train,85,2078740,71799.6,0.055323,,,,,,
train,85,2078840,71802.5,0.052766,,,,,,
train,85,2078940,71805.3,0.053506,,,,,,
train,85,2079040,71808.2,0.056611,,,,,,
train,85,2079140,71811.1,0.060346,,,,,,
train,85,2079240,71813.9,0.054745,,,,,,
train,85,2079340,71816.8,0.056625,,,,,,
train,85,2079440,71819.7,0.055094,,,,,,
train,85,2079540,71822.5,0.057607,,,,,,
train,85,2079640,71825.4,0.058189,,,,,,
train,85,2079740,71828.2,0.055924,,,,,,
train,85,2079840,71831.1,0.056233,,,,,,
train,85,2079940,71834.0,0.058238,,,,,,
train,85,2080040,71836.9,0.058271,,,,,,
train,85,2080140,71839.7,0.053986,,,,,,
train,85,2080240,71842.6,0.057080,,,,,,
train,85,2080340,71845.5,0.057425,,,,,,
train,85,2080440,71848.3,0.058308,,,,,,
train,85,2080540,71851.2,0.057193,,,,,,
train,85,2080640,71854.1,0.055092,,,,,,
train,85,2080740,71856.9,0.059351,,,,,,
train,85,2080840,71859.9,0.057067,,,,,,
train,85,2080940,71863.1,0.058645,,,,,,
train,85,2081040,71866.0,0.054449,,,,,,
train,85,2081140,71868.8,0.060327,,,,,,
train,85,2081240,71871.7,0.064103,,,,,,
train,85,2081340,71874.6,0.052634,,,,,,
train,85,2081440,71877.5,0.054753,,,,,,
train,85,2081540,71880.3,0.059019,,,,,,
train,85,2081640,71883.2,0.055395,,,,,,
train,85,2081740,71886.1,0.060572,,,,,,
train,85,2081840,71888.9,0.057090,,,,,,
train,85,2081940,71891.8,0.056420,,,,,,
train,85,2082040,71894.7,0.059408,,,,,,
train,85,2082140,71897.5,0.055837,,,,,,
train,85,2082240,71900.4,0.058585,,,,,,
train,85,2082340,71903.2,0.057020,,,,,,
train,85,2082440,71906.2,0.057961,,,,,,
train,85,2082540,71909.1,0.057944,,,,,,
train,85,2082640,71912.0,0.053139,,,,,,
train,85,2082740,71914.9,0.055844,,,,,,
train,85,2082840,71917.7,0.058451,,,,,,
train,85,2082940,71920.6,0.056541,,,,,,
train,85,2083040,71923.5,0.057794,,,,,,
train,85,2083140,71926.3,0.060514,,,,,,
train,85,2083240,71929.2,0.059502,,,,,,
train,85,2083340,71932.1,0.058641,,,,,,
train,85,2083440,71934.9,0.055625,,,,,,
train,85,2083540,71937.8,0.055421,,,,,,
train,85,2083640,71940.7,0.056577,,,,,,
train,85,2083740,71943.5,0.053907,,,,,,
train,85,2083840,71946.4,0.058248,,,,,,
train,85,2083940,71949.3,0.058502,,,,,,
train,85,2084040,71952.1,0.059086,,,,,,
train,85,2084140,71955.0,0.058689,,,,,,
train,85,2084240,71957.9,0.058142,,,,,,
train,85,2084340,71960.7,0.057754,,,,,,
train,85,2084440,71963.6,0.057967,,,,,,
train,85,2084540,71966.5,0.056847,,,,,,
train,85,2084640,71969.3,0.056961,,,,,,
train,85,2084740,71972.2,0.059723,,,,,,
train,85,2084840,71975.1,0.058136,,,,,,
train,85,2084940,71977.9,0.056142,,,,,,
train,85,2085040,71980.8,0.056103,,,,,,
train,85,2085140,71983.7,0.057091,,,,,,
train,85,2085240,71986.5,0.056540,,,,,,
train,85,2085340,71989.4,0.054713,,,,,,
train,85,2085440,71992.3,0.053706,,,,,,
train,85,2085540,71995.2,0.055323,,,,,,
train,85,2085640,71998.0,0.057591,,,,,,
train,85,2085740,72000.9,0.053538,,,,,,
train,85,2085840,72003.8,0.055737,,,,,,
train,85,2085940,72006.6,0.058154,,,,,,
train,85,2086040,72009.5,0.055265,,,,,,
train,85,2086140,72012.4,0.056318,,,,,,
train,85,2086240,72015.2,0.057597,,,,,,
train,85,2086340,72018.1,0.060382,,,,,,
train,85,2086440,72021.0,0.056077,,,,,,
train,85,2086540,72023.8,0.054719,,,,,,
train,85,2086640,72026.7,0.054995,,,,,,
train,85,2086740,72029.6,0.057135,,,,,,
train,85,2086840,72032.4,0.058099,,,,,,
train,85,2086940,72035.3,0.052784,,,,,,
train,85,2087040,72038.1,0.059290,,,,,,
train,85,2087140,72041.0,0.052777,,,,,,
train,85,2087240,72043.9,0.056710,,,,,,
train,85,2087340,72046.8,0.057732,,,,,,
train,85,2087440,72049.6,0.055722,,,,,,
train,85,2087540,72052.5,0.057552,,,,,,
train,85,2087640,72055.4,0.055929,,,,,,
train,85,2087740,72058.4,0.058602,,,,,,
train,85,2087840,72061.3,0.057384,,,,,,
train,85,2087940,72064.2,0.054073,,,,,,
train,85,2088040,72067.1,0.058903,,,,,,
train,85,2088140,72069.9,0.056332,,,,,,
train,85,2088240,72072.8,0.053651,,,,,,
train,85,2088340,72075.7,0.055335,,,,,,
train,85,2088440,72078.5,0.055483,,,,,,
train,85,2088540,72081.4,0.056023,,,,,,
train,85,2088640,72084.3,0.060126,,,,,,
train,85,2088740,72087.1,0.056138,,,,,,
train,85,2088840,72090.0,0.055768,,,,,,
train,85,2088940,72092.9,0.055702,,,,,,
train,85,2089040,72095.7,0.056508,,,,,,
train,85,2089140,72098.6,0.056151,,,,,,
train,85,2089240,72101.5,0.060483,,,,,,
train,85,2089340,72104.3,0.053789,,,,,,
train,85,2089440,72107.2,0.053743,,,,,,
train,85,2089540,72110.1,0.056955,,,,,,
train,85,2089640,72112.9,0.056441,,,,,,
train,85,2089740,72115.8,0.056524,,,,,,
train,85,2089840,72118.7,0.057511,,,,,,
train,85,2089940,72121.5,0.053908,,,,,,
train,85,2090040,72124.4,0.056562,,,,,,
train,85,2090140,72127.3,0.059255,,,,,,
train,85,2090240,72130.1,0.056032,,,,,,
train,85,2090340,72133.1,0.056025,,,,,,
train,85,2090440,72136.0,0.054899,,,,,,
train,85,2090540,72138.8,0.056708,,,,,,
train,85,2090640,72141.7,0.055783,,,,,,
train,85,2090740,72144.6,0.058236,,,,,,
train,85,2090840,72147.4,0.053484,,,,,,
train,85,2090940,72150.3,0.058523,,,,,,
train,85,2091040,72153.2,0.053570,,,,,,
train,85,2091140,72156.0,0.058317,,,,,,
train,85,2091240,72158.9,0.055723,,,,,,
train,85,2091340,72161.7,0.055913,,,,,,
train,85,2091440,72164.8,0.051339,,,,,,
train,85,2091540,72167.7,0.059046,,,,,,
train,85,2091640,72170.6,0.060924,,,,,,
train,85,2091740,72173.5,0.057377,,,,,,
train,85,2091840,72176.3,0.055252,,,,,,
train,85,2091940,72179.2,0.053632,,,,,,
train,85,2092040,72182.1,0.055441,,,,,,
train,85,2092140,72184.9,0.058062,,,,,,
train,85,2092240,72187.8,0.057937,,,,,,
train,85,2092340,72190.7,0.055470,,,,,,
train,85,2092440,72193.5,0.057579,,,,,,
train,85,2092540,72196.4,0.057403,,,,,,
train,85,2092640,72199.3,0.056210,,,,,,
train,85,2092740,72202.1,0.053749,,,,,,
train,85,2092840,72205.0,0.057115,,,,,,
train,85,2092940,72207.9,0.054441,,,,,,
train,85,2093040,72210.7,0.058686,,,,,,
train,85,2093140,72213.6,0.056930,,,,,,
train,85,2093240,72216.5,0.054976,,,,,,
train,85,2093340,72219.3,0.056299,,,,,,
train,85,2093440,72222.2,0.057767,,,,,,
train,85,2093540,72225.1,0.059601,,,,,,
train,85,2093640,72227.9,0.060429,,,,,,
train,85,2093740,72230.8,0.058397,,,,,,
train,85,2093840,72233.6,0.055937,,,,,,
train,85,2093940,72236.5,0.057474,,,,,,
train,85,2094040,72239.4,0.056886,,,,,,
train,85,2094140,72242.2,0.055345,,,,,,
train,85,2094240,72245.1,0.057350,,,,,,
train,85,2094340,72248.0,0.057549,,,,,,
train,85,2094440,72250.8,0.059655,,,,,,
train,85,2094540,72253.7,0.056756,,,,,,
train,85,2094640,72256.6,0.056535,,,,,,
train,85,2094740,72259.4,0.059590,,,,,,
train,85,2094840,72262.3,0.056818,,,,,,
train,85,2094940,72265.2,0.056550,,,,,,
train,85,2095040,72268.0,0.058020,,,,,,
train,85,2095140,72270.9,0.055211,,,,,,
train,85,2095240,72273.8,0.059546,,,,,,
train,85,2095340,72276.6,0.061660,,,,,,
train,85,2095440,72279.5,0.054907,,,,,,
train,85,2095540,72282.4,0.058318,,,,,,
train,85,2095640,72285.2,0.051868,,,,,,
train,85,2095740,72288.1,0.060673,,,,,,
train,85,2095840,72291.0,0.055300,,,,,,
train,85,2095940,72293.9,0.055661,,,,,,
train,85,2096040,72296.7,0.056538,,,,,,
train,85,2096140,72299.6,0.052685,,,,,,
train,85,2096240,72302.5,0.053593,,,,,,
train,85,2096340,72305.3,0.054286,,,,,,
train,85,2096440,72308.2,0.059721,,,,,,
train,85,2096540,72311.1,0.056541,,,,,,
train,85,2096640,72313.9,0.056946,,,,,,
train,85,2096740,72316.8,0.059832,,,,,,
train,85,2096840,72319.7,0.054153,,,,,,
train,85,2096940,72322.5,0.056333,,,,,,
train,85,2097040,72325.4,0.059858,,,,,,
train,85,2097140,72328.3,0.056136,,,,,,
train,85,2097240,72331.1,0.058350,,,,,,
train,85,2097340,72334.0,0.056974,,,,,,
train,85,2097440,72336.9,0.060772,,,,,,
train,85,2097540,72339.7,0.056629,,,,,,
train,85,2097640,72342.6,0.059181,,,,,,
train,85,2097740,72345.5,0.058701,,,,,,
train,85,2097840,72348.4,0.054004,,,,,,
train,85,2097940,72351.2,0.054411,,,,,,
train,85,2098040,72354.1,0.058139,,,,,,
train,85,2098140,72357.0,0.058240,,,,,,
train,85,2098240,72359.8,0.053066,,,,,,
train,85,2098340,72362.7,0.055976,,,,,,
train,85,2098440,72365.6,0.058549,,,,,,
train,85,2098540,72368.4,0.059312,,,,,,
train,85,2098640,72371.3,0.056796,,,,,,
train,85,2098740,72374.2,0.058468,,,,,,
train,85,2098840,72377.0,0.059666,,,,,,
train,85,2098940,72379.9,0.056534,,,,,,
train,85,2099040,72382.8,0.060771,,,,,,
train,85,2099140,72385.6,0.056663,,,,,,
train,85,2099240,72388.5,0.056114,,,,,,
train,85,2099340,72391.4,0.055569,,,,,,
train,85,2099440,72394.3,0.062178,,,,,,
train,85,2099540,72397.1,0.056062,,,,,,
train,85,2099640,72400.0,0.055464,,,,,,
train,85,2099740,72402.9,0.057364,,,,,,
train,85,2099840,72405.7,0.056334,,,,,,
train,85,2099940,72408.6,0.057841,,,,,,
train,85,2100040,72411.5,0.056692,,,,,,
train,85,2100140,72414.3,0.057974,,,,,,
train,85,2100240,72417.2,0.057998,,,,,,
train,85,2100340,72420.1,0.059475,,,,,,
train,85,2100440,72422.9,0.057960,,,,,,
train,85,2100540,72425.8,0.058128,,,,,,
train,85,2100640,72428.7,0.057821,,,,,,
train,85,2100740,72431.5,0.062063,,,,,,
train,85,2100840,72434.4,0.056713,,,,,,
train,85,2100940,72437.3,0.055797,,,,,,
train,85,2101040,72440.1,0.055089,,,,,,
train,85,2101140,72443.0,0.056794,,,,,,
train,85,2101240,72445.9,0.058732,,,,,,
train,85,2101340,72448.7,0.055119,,,,,,
train,85,2101440,72451.6,0.054842,,,,,,
train,85,2101540,72454.5,0.058674,,,,,,
train,85,2101640,72457.3,0.059191,,,,,,
train,85,2101740,72460.2,0.053387,,,,,,
train,85,2101840,72463.1,0.054582,,,,,,
train,85,2101940,72465.9,nan,,,,,,
train,85,2102040,72468.8,0.056057,,,,,,
train,85,2102140,72471.7,0.060474,,,,,,
val,85,,72616.5,0.058834,0.003899,0.000032,0.010584,0.048635,35.7597,0.954381
train,86,2102284,72620.1,0.054297,,,,,,
train,86,2102384,72623.0,0.055897,,,,,,
train,86,2102484,72625.8,0.057906,,,,,,
train,86,2102584,72628.7,0.055802,,,,,,
train,86,2102684,72631.5,0.058952,,,,,,
train,86,2102784,72634.4,0.053944,,,,,,
train,86,2102884,72637.2,0.057948,,,,,,
train,86,2102984,72640.1,0.058346,,,,,,
train,86,2103084,72643.0,0.058294,,,,,,
train,86,2103184,72645.8,0.057631,,,,,,
train,86,2103284,72648.7,0.056301,,,,,,
train,86,2103384,72651.5,0.061562,,,,,,
train,86,2103484,72654.4,0.056558,,,,,,
train,86,2103584,72657.2,0.057559,,,,,,
train,86,2103684,72660.1,0.053469,,,,,,
train,86,2103784,72663.0,0.058000,,,,,,
train,86,2103884,72665.8,0.057454,,,,,,
train,86,2103984,72668.7,0.054714,,,,,,
train,86,2104084,72671.5,0.053480,,,,,,
train,86,2104184,72674.4,0.055106,,,,,,
train,86,2104284,72677.2,0.059444,,,,,,
train,86,2104384,72680.1,0.052248,,,,,,
train,86,2104484,72682.9,0.055812,,,,,,
train,86,2104584,72685.8,0.058905,,,,,,
train,86,2104684,72688.7,0.058591,,,,,,
train,86,2104784,72691.5,0.057238,,,,,,
train,86,2104884,72694.4,0.058409,,,,,,
train,86,2104984,72697.2,0.057147,,,,,,
train,86,2105084,72700.1,0.053089,,,,,,
train,86,2105184,72703.0,0.054111,,,,,,
train,86,2105284,72705.8,0.057821,,,,,,
train,86,2105384,72708.7,0.056458,,,,,,
train,86,2105484,72711.5,0.054998,,,,,,
train,86,2105584,72714.4,0.055094,,,,,,
train,86,2105684,72717.3,0.058737,,,,,,
train,86,2105784,72720.2,0.057209,,,,,,
train,86,2105884,72723.1,0.057257,,,,,,
train,86,2105984,72725.9,0.058153,,,,,,
train,86,2106084,72728.8,0.059179,,,,,,
train,86,2106184,72731.6,0.059448,,,,,,
train,86,2106284,72734.5,0.058518,,,,,,
train,86,2106384,72737.4,0.052841,,,,,,
train,86,2106484,72740.2,0.056159,,,,,,
train,86,2106584,72743.1,0.060124,,,,,,
train,86,2106684,72745.9,0.058340,,,,,,
train,86,2106784,72748.8,0.056161,,,,,,
train,86,2106884,72751.7,0.054557,,,,,,
train,86,2106984,72754.5,0.059727,,,,,,
train,86,2107084,72757.4,0.061122,,,,,,
train,86,2107184,72760.3,0.054059,,,,,,
train,86,2107284,72763.1,0.054046,,,,,,
train,86,2107384,72766.3,0.056100,,,,,,
train,86,2107484,72769.2,0.057687,,,,,,
train,86,2107584,72772.1,0.058435,,,,,,
train,86,2107684,72774.9,0.054584,,,,,,
train,86,2107784,72777.8,0.055759,,,,,,
train,86,2107884,72780.6,0.059607,,,,,,
train,86,2107984,72783.5,0.055430,,,,,,
train,86,2108084,72786.4,0.055092,,,,,,
train,86,2108184,72789.2,0.057634,,,,,,
train,86,2108284,72792.1,0.055787,,,,,,
train,86,2108384,72794.9,0.059479,,,,,,
train,86,2108484,72797.8,0.052986,,,,,,
train,86,2108584,72800.7,0.056457,,,,,,
train,86,2108684,72803.9,0.059955,,,,,,
train,86,2108784,72806.8,0.054875,,,,,,
train,86,2108884,72809.7,0.056415,,,,,,
train,86,2108984,72812.5,0.056759,,,,,,
train,86,2109084,72815.4,0.055249,,,,,,
train,86,2109184,72818.3,0.058267,,,,,,
train,86,2109284,72821.1,0.054961,,,,,,
train,86,2109384,72824.0,0.056208,,,,,,
train,86,2109484,72826.8,0.056963,,,,,,
train,86,2109584,72829.7,0.059870,,,,,,
train,86,2109684,72832.6,0.055880,,,,,,
train,86,2109784,72835.4,0.053447,,,,,,
train,86,2109884,72838.3,0.052068,,,,,,
train,86,2109984,72841.1,0.058052,,,,,,
train,86,2110084,72844.0,0.055250,,,,,,
train,86,2110184,72846.9,0.057801,,,,,,
train,86,2110284,72849.7,0.058685,,,,,,
train,86,2110384,72852.6,0.057310,,,,,,
train,86,2110484,72855.5,0.062231,,,,,,
train,86,2110584,72858.3,0.055316,,,,,,
train,86,2110684,72861.2,0.057923,,,,,,
train,86,2110784,72864.0,0.054608,,,,,,
train,86,2110884,72866.9,0.059275,,,,,,
train,86,2110984,72869.8,0.058852,,,,,,
train,86,2111084,72872.6,0.053818,,,,,,
train,86,2111184,72875.5,0.060118,,,,,,
train,86,2111284,72878.3,0.057446,,,,,,
train,86,2111384,72881.2,0.054804,,,,,,
train,86,2111484,72884.0,0.055356,,,,,,
train,86,2111584,72886.9,0.064131,,,,,,
train,86,2111684,72889.8,0.051786,,,,,,
train,86,2111784,72892.6,0.059338,,,,,,
train,86,2111884,72895.5,0.054817,,,,,,
train,86,2111984,72898.3,0.056757,,,,,,
train,86,2112084,72901.2,0.059419,,,,,,
train,86,2112184,72904.1,nan,,,,,,
train,86,2112284,72906.9,0.057440,,,,,,
train,86,2112384,72909.8,0.055418,,,,,,
train,86,2112484,72912.7,0.056766,,,,,,
train,86,2112584,72915.5,0.054163,,,,,,
train,86,2112684,72918.4,0.055989,,,,,,
train,86,2112784,72921.2,0.057904,,,,,,
train,86,2112884,72924.1,0.055610,,,,,,
train,86,2112984,72927.0,0.054895,,,,,,
train,86,2113084,72929.8,0.056917,,,,,,
train,86,2113184,72932.7,0.057250,,,,,,
train,86,2113284,72935.5,0.054788,,,,,,
train,86,2113384,72938.4,0.056190,,,,,,
train,86,2113484,72941.3,0.057325,,,,,,
train,86,2113584,72944.1,0.055520,,,,,,
train,86,2113684,72947.0,0.057538,,,,,,
train,86,2113784,72949.8,0.060302,,,,,,
train,86,2113884,72952.7,0.057546,,,,,,
train,86,2113984,72955.6,0.054787,,,,,,
train,86,2114084,72958.4,0.057248,,,,,,
train,86,2114184,72961.3,0.054632,,,,,,
train,86,2114284,72964.1,0.062700,,,,,,
train,86,2114384,72967.0,0.059087,,,,,,
train,86,2114484,72969.9,0.054362,,,,,,
train,86,2114584,72972.7,0.057097,,,,,,
train,86,2114684,72975.6,0.055937,,,,,,
train,86,2114784,72978.4,0.057192,,,,,,
train,86,2114884,72981.3,0.059309,,,,,,
train,86,2114984,72984.2,0.058621,,,,,,
train,86,2115084,72987.0,0.054502,,,,,,
train,86,2115184,72989.9,0.056690,,,,,,
train,86,2115284,72992.8,0.054767,,,,,,
train,86,2115384,72995.6,0.058835,,,,,,
train,86,2115484,72998.5,0.056487,,,,,,
train,86,2115584,73001.3,0.056526,,,,,,
train,86,2115684,73004.2,0.059425,,,,,,
train,86,2115784,73007.1,0.055060,,,,,,
train,86,2115884,73009.9,0.060068,,,,,,
train,86,2115984,73012.8,0.057309,,,,,,
train,86,2116084,73015.6,0.057477,,,,,,
train,86,2116184,73018.5,0.057997,,,,,,
train,86,2116284,73021.4,0.060401,,,,,,
train,86,2116384,73024.2,0.051793,,,,,,
train,86,2116484,73027.2,0.058150,,,,,,
train,86,2116584,73030.1,0.056841,,,,,,
train,86,2116684,73032.9,0.055899,,,,,,
train,86,2116784,73035.8,0.055144,,,,,,
train,86,2116884,73038.7,0.056542,,,,,,
train,86,2116984,73041.5,0.057961,,,,,,
train,86,2117084,73044.4,0.060287,,,,,,
train,86,2117184,73047.2,0.053485,,,,,,
train,86,2117284,73050.1,0.054611,,,,,,
train,86,2117384,73053.0,0.057353,,,,,,
train,86,2117484,73055.8,0.054964,,,,,,
train,86,2117584,73058.7,0.055982,,,,,,
train,86,2117684,73061.6,0.055838,,,,,,
train,86,2117784,73064.4,0.058856,,,,,,
train,86,2117884,73067.3,0.056846,,,,,,
train,86,2117984,73070.1,0.056162,,,,,,
train,86,2118084,73073.0,0.053974,,,,,,
train,86,2118184,73075.9,0.055349,,,,,,
train,86,2118284,73078.7,0.057785,,,,,,
train,86,2118384,73081.6,0.055182,,,,,,
train,86,2118484,73084.4,0.058301,,,,,,
train,86,2118584,73087.3,0.051963,,,,,,
train,86,2118684,73090.1,0.061047,,,,,,
train,86,2118784,73093.0,0.060946,,,,,,
train,86,2118884,73095.8,0.058754,,,,,,
train,86,2118984,73098.7,0.056435,,,,,,
train,86,2119084,73101.5,0.056288,,,,,,
train,86,2119184,73104.4,0.056617,,,,,,
train,86,2119284,73107.3,0.055768,,,,,,
train,86,2119384,73110.1,0.057696,,,,,,
train,86,2119484,73113.0,0.055801,,,,,,
train,86,2119584,73115.8,0.059148,,,,,,
train,86,2119684,73118.7,0.055180,,,,,,
train,86,2119784,73121.6,0.059529,,,,,,
train,86,2119884,73124.4,0.058393,,,,,,
train,86,2119984,73127.3,0.053932,,,,,,
train,86,2120084,73130.1,0.054988,,,,,,
train,86,2120184,73133.0,0.055101,,,,,,
train,86,2120284,73135.9,0.054046,,,,,,
train,86,2120384,73138.7,0.058196,,,,,,
train,86,2120484,73141.6,0.058416,,,,,,
train,86,2120584,73144.4,0.055257,,,,,,
train,86,2120684,73147.3,0.059274,,,,,,
train,86,2120784,73150.2,0.054096,,,,,,
train,86,2120884,73153.0,0.059037,,,,,,
train,86,2120984,73155.9,0.059954,,,,,,
train,86,2121084,73158.8,0.056677,,,,,,
train,86,2121184,73161.6,0.056605,,,,,,
train,86,2121284,73164.5,0.055381,,,,,,
train,86,2121384,73167.4,0.055604,,,,,,
train,86,2121484,73170.2,0.053953,,,,,,
train,86,2121584,73173.1,0.053299,,,,,,
train,86,2121684,73175.9,0.060656,,,,,,
train,86,2121784,73178.8,0.058464,,,,,,
train,86,2121884,73181.6,0.055774,,,,,,
train,86,2121984,73184.5,0.061437,,,,,,
train,86,2122084,73187.4,0.055344,,,,,,
train,86,2122184,73190.2,0.054673,,,,,,
train,86,2122284,73193.1,0.053246,,,,,,
train,86,2122384,73196.0,0.060726,,,,,,
train,86,2122484,73198.8,0.054305,,,,,,
train,86,2122584,73201.7,0.058628,,,,,,
train,86,2122684,73204.5,0.057933,,,,,,
train,86,2122784,73207.4,0.058342,,,,,,
train,86,2122884,73210.3,0.055955,,,,,,
train,86,2122984,73213.1,0.056338,,,,,,
train,86,2123084,73216.0,0.060931,,,,,,
train,86,2123184,73218.8,0.058633,,,,,,
train,86,2123284,73221.7,0.054790,,,,,,
train,86,2123384,73224.6,0.055072,,,,,,
train,86,2123484,73227.4,0.057352,,,,,,
train,86,2123584,73230.3,0.058633,,,,,,
train,86,2123684,73233.1,0.059596,,,,,,
train,86,2123784,73236.0,0.056356,,,,,,
train,86,2123884,73238.9,0.052729,,,,,,
train,86,2123984,73241.7,0.059300,,,,,,
train,86,2124084,73244.6,0.056617,,,,,,
train,86,2124184,73247.4,0.059522,,,,,,
train,86,2124284,73250.3,0.056478,,,,,,
train,86,2124384,73253.1,0.054371,,,,,,
train,86,2124484,73256.0,0.056071,,,,,,
train,86,2124584,73258.9,0.058448,,,,,,
train,86,2124684,73261.7,0.052612,,,,,,
train,86,2124784,73264.6,0.057139,,,,,,
train,86,2124884,73267.4,0.059686,,,,,,
train,86,2124984,73270.3,0.057449,,,,,,
train,86,2125084,73273.2,0.058367,,,,,,
train,86,2125184,73276.0,0.059312,,,,,,
train,86,2125284,73278.9,0.054651,,,,,,
train,86,2125384,73281.7,0.058767,,,,,,
train,86,2125484,73284.6,0.058868,,,,,,
train,86,2125584,73287.4,0.060068,,,,,,
train,86,2125684,73290.3,0.060751,,,,,,
train,86,2125784,73293.1,0.054369,,,,,,
train,86,2125884,73296.0,0.055126,,,,,,
train,86,2125984,73298.9,0.058760,,,,,,
train,86,2126084,73301.7,0.057262,,,,,,
train,86,2126184,73304.6,0.058892,,,,,,
train,86,2126284,73307.4,0.055942,,,,,,
train,86,2126384,73310.3,0.059254,,,,,,
train,86,2126484,73313.2,0.053217,,,,,,
train,86,2126584,73316.0,0.058100,,,,,,
val,86,,73461.2,0.058526,0.003898,0.000032,0.010595,0.048647,35.7569,0.954391
train,87,2126728,73464.8,0.055888,,,,,,
train,87,2126828,73467.7,0.054699,,,,,,
train,87,2126928,73470.5,0.053572,,,,,,
train,87,2127028,73473.4,0.054327,,,,,,
train,87,2127128,73476.2,0.053796,,,,,,
train,87,2127228,73479.1,0.057003,,,,,,
train,87,2127328,73481.9,0.057505,,,,,,
train,87,2127428,73484.8,0.058955,,,,,,
train,87,2127528,73487.6,0.056956,,,,,,
train,87,2127628,73490.5,0.059034,,,,,,
train,87,2127728,73493.3,0.055087,,,,,,
train,87,2127828,73496.2,0.057256,,,,,,
train,87,2127928,73499.0,0.057107,,,,,,
train,87,2128028,73501.9,0.054097,,,,,,
train,87,2128128,73504.7,0.058873,,,,,,
train,87,2128228,73507.6,0.058234,,,,,,
train,87,2128328,73510.4,0.056522,,,,,,
train,87,2128428,73513.3,0.056511,,,,,,
train,87,2128528,73516.1,0.063895,,,,,,
train,87,2128628,73519.0,0.055272,,,,,,
train,87,2128728,73521.8,0.056977,,,,,,
train,87,2128828,73524.7,0.054271,,,,,,
train,87,2128928,73528.3,0.056313,,,,,,
train,87,2129028,73531.2,0.054334,,,,,,
train,87,2129128,73534.0,0.059945,,,,,,
train,87,2129228,73536.9,0.055920,,,,,,
train,87,2129328,73539.7,0.055587,,,,,,
train,87,2129428,73542.6,0.055917,,,,,,
train,87,2129528,73545.5,0.054278,,,,,,
train,87,2129628,73548.3,0.055295,,,,,,
train,87,2129728,73551.1,0.054934,,,,,,
train,87,2129828,73554.0,0.057264,,,,,,
train,87,2129928,73556.9,0.056942,,,,,,
train,87,2130028,73559.7,0.055702,,,,,,
train,87,2130128,73562.6,0.056562,,,,,,
train,87,2130228,73565.4,0.052717,,,,,,
train,87,2130328,73568.3,0.054835,,,,,,
train,87,2130428,73571.1,0.051836,,,,,,
train,87,2130528,73574.0,0.054961,,,,,,
train,87,2130628,73576.8,0.059216,,,,,,
train,87,2130728,73579.7,nan,,,,,,
train,87,2130828,73582.5,0.056262,,,,,,
train,87,2130928,73585.4,0.060908,,,,,,
train,87,2131028,73588.2,0.059772,,,,,,
train,87,2131128,73591.1,0.055253,,,,,,
train,87,2131228,73593.9,0.055787,,,,,,
train,87,2131328,73596.8,0.056973,,,,,,
train,87,2131428,73599.6,0.058626,,,,,,
train,87,2131528,73602.5,0.063571,,,,,,
train,87,2131628,73605.3,0.059609,,,,,,
train,87,2131728,73608.2,0.056434,,,,,,
train,87,2131828,73611.0,0.056920,,,,,,
train,87,2131928,73613.9,0.053685,,,,,,
train,87,2132028,73616.7,0.055473,,,,,,
train,87,2132128,73619.6,0.056884,,,,,,
train,87,2132228,73622.4,0.056756,,,,,,
train,87,2132328,73625.3,0.054751,,,,,,
train,87,2132428,73628.1,0.059138,,,,,,
train,87,2132528,73631.0,0.062315,,,,,,
train,87,2132628,73633.8,0.057520,,,,,,
train,87,2132728,73636.7,0.053092,,,,,,
train,87,2132828,73639.5,0.055801,,,,,,
train,87,2132928,73642.4,0.061285,,,,,,
train,87,2133028,73645.2,0.058578,,,,,,
train,87,2133128,73648.1,0.057584,,,,,,
train,87,2133228,73650.9,0.055024,,,,,,
train,87,2133328,73653.8,0.060318,,,,,,
train,87,2133428,73656.7,0.052761,,,,,,
train,87,2133528,73659.5,0.054304,,,,,,
train,87,2133628,73662.4,0.056616,,,,,,
train,87,2133728,73665.2,0.058650,,,,,,
train,87,2133828,73668.1,0.060440,,,,,,
train,87,2133928,73670.9,0.057401,,,,,,
train,87,2134028,73673.8,0.058582,,,,,,
train,87,2134128,73676.6,0.052871,,,,,,
train,87,2134228,73679.5,0.057987,,,,,,
train,87,2134328,73682.3,0.054571,,,,,,
train,87,2134428,73685.2,0.058335,,,,,,
train,87,2134528,73688.0,0.059017,,,,,,
train,87,2134628,73690.9,0.055632,,,,,,
train,87,2134728,73693.7,0.058948,,,,,,
train,87,2134828,73696.6,0.054125,,,,,,
train,87,2134928,73699.4,0.054897,,,,,,
train,87,2135028,73702.3,0.058221,,,,,,
train,87,2135128,73705.1,0.058281,,,,,,
train,87,2135228,73708.0,0.060272,,,,,,
train,87,2135328,73710.8,0.058590,,,,,,
train,87,2135428,73713.7,0.055408,,,,,,
train,87,2135528,73716.5,0.050553,,,,,,
train,87,2135628,73719.4,0.059769,,,,,,
train,87,2135728,73722.2,0.057552,,,,,,
train,87,2135828,73725.1,0.059216,,,,,,
train,87,2135928,73727.9,0.058203,,,,,,
train,87,2136028,73730.8,0.058577,,,,,,
train,87,2136128,73733.6,0.054429,,,,,,
train,87,2136228,73736.5,0.055147,,,,,,
train,87,2136328,73739.3,0.062136,,,,,,
train,87,2136428,73742.2,0.057940,,,,,,
train,87,2136528,73745.0,0.055267,,,,,,
train,87,2136628,73747.8,0.059588,,,,,,
train,87,2136728,73750.7,0.060469,,,,,,
train,87,2136828,73753.5,0.056925,,,,,,
train,87,2136928,73756.4,0.057759,,,,,,
train,87,2137028,73759.2,0.055885,,,,,,
train,87,2137128,73762.1,0.055290,,,,,,
train,87,2137228,73764.9,0.059964,,,,,,
train,87,2137328,73767.8,0.061637,,,,,,
train,87,2137428,73770.6,0.058882,,,,,,
train,87,2137528,73773.5,0.056504,,,,,,
train,87,2137628,73776.3,0.054174,,,,,,
train,87,2137728,73779.2,0.052983,,,,,,
train,87,2137828,73782.0,0.055472,,,,,,
train,87,2137928,73784.9,0.060549,,,,,,
train,87,2138028,73787.7,0.052440,,,,,,
train,87,2138128,73790.6,0.054990,,,,,,
train,87,2138228,73793.4,0.060372,,,,,,
train,87,2138328,73796.3,0.054706,,,,,,
train,87,2138428,73799.2,0.053793,,,,,,
train,87,2138528,73802.0,0.057264,,,,,,
train,87,2138628,73804.9,0.059017,,,,,,
train,87,2138728,73807.7,0.056986,,,,,,
train,87,2138828,73810.6,0.060005,,,,,,
train,87,2138928,73813.4,0.057027,,,,,,
train,87,2139028,73816.3,0.057584,,,,,,
train,87,2139128,73819.1,0.056360,,,,,,
train,87,2139228,73822.0,0.055595,,,,,,
train,87,2139328,73824.8,0.057999,,,,,,
train,87,2139428,73827.7,0.055708,,,,,,
train,87,2139528,73830.5,0.061401,,,,,,
train,87,2139628,73833.4,0.054951,,,,,,
train,87,2139728,73836.2,0.057810,,,,,,
train,87,2139828,73839.1,0.053633,,,,,,
train,87,2139928,73841.9,0.057831,,,,,,
train,87,2140028,73844.8,0.054780,,,,,,
train,87,2140128,73847.6,0.059016,,,,,,
train,87,2140228,73850.5,0.057533,,,,,,
train,87,2140328,73853.3,0.058488,,,,,,
train,87,2140428,73856.2,0.058115,,,,,,
train,87,2140528,73859.0,0.055978,,,,,,
train,87,2140628,73861.9,0.057773,,,,,,
train,87,2140728,73864.7,0.056199,,,,,,
train,87,2140828,73867.6,0.055241,,,,,,
train,87,2140928,73870.4,0.059321,,,,,,
train,87,2141028,73873.3,0.058119,,,,,,
train,87,2141128,73876.2,0.057392,,,,,,
train,87,2141228,73879.0,0.058086,,,,,,
train,87,2141328,73881.9,0.054160,,,,,,
train,87,2141428,73884.7,0.058158,,,,,,
train,87,2141528,73887.6,0.052849,,,,,,
train,87,2141628,73890.4,0.061319,,,,,,
train,87,2141728,73893.3,0.056867,,,,,,
train,87,2141828,73896.1,0.057007,,,,,,
train,87,2141928,73899.0,0.054907,,,,,,
train,87,2142028,73901.8,0.050329,,,,,,
train,87,2142128,73904.7,0.058922,,,,,,
train,87,2142228,73907.5,0.058320,,,,,,
train,87,2142328,73910.4,0.058933,,,,,,
train,87,2142428,73913.2,0.055085,,,,,,
train,87,2142528,73916.0,0.057029,,,,,,
train,87,2142628,73918.9,0.054472,,,,,,
train,87,2142728,73921.7,0.056216,,,,,,
train,87,2142828,73924.6,0.055467,,,,,,
train,87,2142928,73927.4,0.055006,,,,,,
train,87,2143028,73930.3,0.061571,,,,,,
train,87,2143128,73933.1,0.055241,,,,,,
train,87,2143228,73936.0,0.055922,,,,,,
train,87,2143328,73938.8,0.060234,,,,,,
train,87,2143428,73941.7,0.051948,,,,,,
train,87,2143528,73944.5,0.058402,,,,,,
train,87,2143628,73947.4,0.056664,,,,,,
train,87,2143728,73950.3,0.054883,,,,,,
train,87,2143828,73953.1,0.055352,,,,,,
train,87,2143928,73956.0,0.053109,,,,,,
train,87,2144028,73958.8,0.056525,,,,,,
train,87,2144128,73961.6,0.057614,,,,,,
train,87,2144228,73964.5,0.056501,,,,,,
train,87,2144328,73967.3,0.056858,,,,,,
train,87,2144428,73970.2,0.057736,,,,,,
train,87,2144528,73973.0,0.058527,,,,,,
train,87,2144628,73975.9,0.057676,,,,,,
train,87,2144728,73978.7,0.056534,,,,,,
train,87,2144828,73981.6,0.060794,,,,,,
train,87,2144928,73984.4,0.054375,,,,,,
train,87,2145028,73987.3,0.059221,,,,,,
train,87,2145128,73990.1,0.054140,,,,,,
train,87,2145228,73993.0,0.057169,,,,,,
train,87,2145328,73995.8,0.056232,,,,,,
train,87,2145428,73998.7,0.061203,,,,,,
train,87,2145528,74001.5,0.055908,,,,,,
train,87,2145628,74004.8,0.058803,,,,,,
train,87,2145728,74007.6,0.059433,,,,,,
train,87,2145828,74010.5,0.052897,,,,,,
train,87,2145928,74013.3,0.055745,,,,,,
train,87,2146028,74016.2,0.062389,,,,,,
train,87,2146128,74019.0,0.055171,,,,,,
train,87,2146228,74021.9,0.055769,,,,,,
train,87,2146328,74024.7,0.056782,,,,,,
train,87,2146428,74027.6,0.058641,,,,,,
train,87,2146528,74030.4,0.051307,,,,,,
train,87,2146628,74033.3,0.059864,,,,,,
train,87,2146728,74036.1,0.061431,,,,,,
train,87,2146828,74039.0,0.057863,,,,,,
train,87,2146928,74041.8,0.057440,,,,,,
train,87,2147028,74044.7,0.054188,,,,,,
train,87,2147128,74047.5,0.058440,,,,,,
train,87,2147228,74050.4,0.060065,,,,,,
train,87,2147328,74053.2,0.052217,,,,,,
train,87,2147428,74056.2,0.056909,,,,,,
train,87,2147528,74059.1,0.054553,,,,,,
train,87,2147628,74061.9,0.059940,,,,,,
train,87,2147728,74064.8,0.054625,,,,,,
train,87,2147828,74067.6,0.058337,,,,,,
train,87,2147928,74070.6,0.060560,,,,,,
train,87,2148028,74073.5,0.053998,,,,,,
train,87,2148128,74076.3,0.053836,,,,,,
train,87,2148228,74079.2,0.058728,,,,,,
train,87,2148328,74082.1,0.056485,,,,,,
train,87,2148428,74084.9,0.054500,,,,,,
train,87,2148528,74087.8,0.055505,,,,,,
train,87,2148628,74090.6,0.054448,,,,,,
train,87,2148728,74093.5,0.059260,,,,,,
train,87,2148828,74096.3,0.058021,,,,,,
train,87,2148928,74099.2,0.056627,,,,,,
train,87,2149028,74102.0,0.056578,,,,,,
train,87,2149128,74105.1,0.055784,,,,,,
train,87,2149228,74108.0,0.053812,,,,,,
train,87,2149328,74110.9,0.053266,,,,,,
train,87,2149428,74113.7,0.053871,,,,,,
train,87,2149528,74116.5,0.054866,,,,,,
train,87,2149628,74119.4,0.055412,,,,,,
train,87,2149728,74122.2,0.057552,,,,,,
train,87,2149828,74125.1,0.057736,,,,,,
train,87,2149928,74127.9,0.054174,,,,,,
train,87,2150028,74130.8,0.057280,,,,,,
train,87,2150128,74133.6,0.053117,,,,,,
train,87,2150228,74136.5,0.053540,,,,,,
train,87,2150328,74139.3,0.058351,,,,,,
train,87,2150428,74142.2,0.056342,,,,,,
train,87,2150528,74145.1,0.057972,,,,,,
train,87,2150628,74147.9,0.055250,,,,,,
train,87,2150728,74150.7,0.056091,,,,,,
train,87,2150828,74153.6,0.060777,,,,,,
train,87,2150928,74156.4,0.057259,,,,,,
train,87,2151028,74159.3,0.056804,,,,,,
val,87,,74304.0,0.058542,0.003897,0.000032,0.010577,0.048601,35.7616,0.954407
train,88,2151172,74307.6,0.053044,,,,,,
train,88,2151272,74310.5,nan,,,,,,
train,88,2151372,74313.3,0.059113,,,,,,
train,88,2151472,74316.2,0.059228,,,,,,
train,88,2151572,74319.1,0.057376,,,,,,
train,88,2151672,74321.9,0.055702,,,,,,
train,88,2151772,74324.7,0.054258,,,,,,
train,88,2151872,74327.6,0.058076,,,,,,
train,88,2151972,74330.4,0.060397,,,,,,
train,88,2152072,74333.3,0.054652,,,,,,
train,88,2152172,74336.1,0.059410,,,,,,
train,88,2152272,74339.0,0.057979,,,,,,
train,88,2152372,74341.8,0.059888,,,,,,
train,88,2152472,74344.7,0.058713,,,,,,
train,88,2152572,74347.5,0.054942,,,,,,
train,88,2152672,74350.3,0.057416,,,,,,
train,88,2152772,74353.2,0.057766,,,,,,
train,88,2152872,74356.0,0.056944,,,,,,
train,88,2152972,74358.9,0.057979,,,,,,
train,88,2153072,74361.7,0.057722,,,,,,
train,88,2153172,74364.6,0.060170,,,,,,
train,88,2153272,74367.4,0.056234,,,,,,
train,88,2153372,74370.3,0.057415,,,,,,
train,88,2153472,74373.1,0.054696,,,,,,
train,88,2153572,74376.0,0.050271,,,,,,
train,88,2153672,74378.8,0.055296,,,,,,
train,88,2153772,74381.7,0.056602,,,,,,
train,88,2153872,74384.5,0.054694,,,,,,
train,88,2153972,74387.4,0.060294,,,,,,
train,88,2154072,74390.2,0.058442,,,,,,
train,88,2154172,74393.1,0.058486,,,,,,
train,88,2154272,74395.9,0.057151,,,,,,
train,88,2154372,74398.8,0.055549,,,,,,
train,88,2154472,74401.6,0.053517,,,,,,
train,88,2154572,74404.5,0.055380,,,,,,
train,88,2154672,74407.3,0.054658,,,,,,
train,88,2154772,74410.2,0.056386,,,,,,
train,88,2154872,74413.0,0.052332,,,,,,
train,88,2154972,74415.9,0.054338,,,,,,
train,88,2155072,74418.7,0.053525,,,,,,
train,88,2155172,74421.6,0.054950,,,,,,
train,88,2155272,74424.4,0.056439,,,,,,
train,88,2155372,74427.3,0.057104,,,,,,
train,88,2155472,74430.1,0.055088,,,,,,
train,88,2155572,74433.0,0.057045,,,,,,
train,88,2155672,74435.8,0.053399,,,,,,
train,88,2155772,74438.7,0.054856,,,,,,
train,88,2155872,74441.5,0.059829,,,,,,
train,88,2155972,74444.4,0.051299,,,,,,
train,88,2156072,74447.2,0.054901,,,,,,
train,88,2156172,74450.1,0.058095,,,,,,
train,88,2156272,74452.9,0.053204,,,,,,
train,88,2156372,74455.8,0.057772,,,,,,
train,88,2156472,74458.6,0.058080,,,,,,
train,88,2156572,74461.5,0.056903,,,,,,
train,88,2156672,74464.3,0.053451,,,,,,
train,88,2156772,74467.2,0.057281,,,,,,
train,88,2156872,74470.0,0.056988,,,,,,
train,88,2156972,74472.9,0.058724,,,,,,
train,88,2157072,74475.7,0.054144,,,,,,
train,88,2157172,74478.6,0.057042,,,,,,
train,88,2157272,74481.4,0.053965,,,,,,
train,88,2157372,74484.3,0.053805,,,,,,
train,88,2157472,74487.1,0.057577,,,,,,
train,88,2157572,74490.0,0.055334,,,,,,
train,88,2157672,74492.8,0.054163,,,,,,
train,88,2157772,74495.7,0.060743,,,,,,
train,88,2157872,74498.5,0.052812,,,,,,
train,88,2157972,74501.4,0.056481,,,,,,
train,88,2158072,74504.2,0.059075,,,,,,
train,88,2158172,74507.1,0.057173,,,,,,
train,88,2158272,74509.9,0.057400,,,,,,
train,88,2158372,74512.8,0.056172,,,,,,
train,88,2158472,74515.7,0.053109,,,,,,
train,88,2158572,74518.5,0.058174,,,,,,
train,88,2158672,74521.4,0.056742,,,,,,
train,88,2158772,74524.2,0.055771,,,,,,
train,88,2158872,74527.1,0.059065,,,,,,
train,88,2158972,74529.9,0.055947,,,,,,
train,88,2159072,74532.7,0.054387,,,,,,
train,88,2159172,74535.6,0.057007,,,,,,
train,88,2159272,74538.4,0.057128,,,,,,
train,88,2159372,74541.3,0.057271,,,,,,
train,88,2159472,74544.1,0.060029,,,,,,
train,88,2159572,74547.0,0.055187,,,,,,
train,88,2159672,74549.8,0.056766,,,,,,
train,88,2159772,74552.7,0.057100,,,,,,
train,88,2159872,74555.5,0.057478,,,,,,
train,88,2159972,74558.4,0.051960,,,,,,
train,88,2160072,74561.2,0.056423,,,,,,
train,88,2160172,74564.1,0.060387,,,,,,
train,88,2160272,74566.9,0.054656,,,,,,
train,88,2160372,74569.8,0.056185,,,,,,
train,88,2160472,74572.6,0.055636,,,,,,
train,88,2160572,74575.5,0.054718,,,,,,
train,88,2160672,74578.3,0.056472,,,,,,
train,88,2160772,74581.2,0.056363,,,,,,
train,88,2160872,74584.0,0.057697,,,,,,
train,88,2160972,74586.9,0.061005,,,,,,
train,88,2161072,74589.7,0.055433,,,,,,
train,88,2161172,74592.5,0.057910,,,,,,
train,88,2161272,74595.4,0.054757,,,,,,
train,88,2161372,74598.2,0.055886,,,,,,
train,88,2161472,74601.1,0.055376,,,,,,
train,88,2161572,74603.9,0.061456,,,,,,
train,88,2161672,74606.8,0.062577,,,,,,
train,88,2161772,74609.6,0.059353,,,,,,
train,88,2161872,74612.5,0.056229,,,,,,
train,88,2161972,74615.3,0.062510,,,,,,
train,88,2162072,74618.2,0.060253,,,,,,
train,88,2162172,74621.0,0.057782,,,,,,
train,88,2162272,74623.9,0.051808,,,,,,
train,88,2162372,74626.8,0.057514,,,,,,
train,88,2162472,74629.6,0.060812,,,,,,
train,88,2162572,74632.5,0.055484,,,,,,
train,88,2162672,74635.3,0.057931,,,,,,
train,88,2162772,74638.1,0.058659,,,,,,
train,88,2162872,74641.0,0.058504,,,,,,
train,88,2162972,74643.8,0.054115,,,,,,
train,88,2163072,74646.7,0.060831,,,,,,
train,88,2163172,74649.5,0.056196,,,,,,
train,88,2163272,74652.4,0.057476,,,,,,
train,88,2163372,74655.2,0.057749,,,,,,
train,88,2163472,74658.1,0.055833,,,,,,
train,88,2163572,74660.9,0.059716,,,,,,
train,88,2163672,74663.8,0.054487,,,,,,
train,88,2163772,74666.6,0.054069,,,,,,
train,88,2163872,74669.5,0.058343,,,,,,
train,88,2163972,74672.4,0.058644,,,,,,
train,88,2164072,74675.2,0.057651,,,,,,
train,88,2164172,74678.1,0.058595,,,,,,
train,88,2164272,74681.0,0.063517,,,,,,
train,88,2164372,74683.9,0.057972,,,,,,
train,88,2164472,74686.8,0.055412,,,,,,
train,88,2164572,74689.6,0.059154,,,,,,
train,88,2164672,74692.5,0.055163,,,,,,
train,88,2164772,74695.3,0.059218,,,,,,
train,88,2164872,74698.2,0.058891,,,,,,
train,88,2164972,74701.0,0.058742,,,,,,
train,88,2165072,74703.9,0.061071,,,,,,
train,88,2165172,74706.7,0.056630,,,,,,
train,88,2165272,74709.6,0.051869,,,,,,
train,88,2165372,74712.5,0.057561,,,,,,
train,88,2165472,74715.3,0.053595,,,,,,
train,88,2165572,74718.2,0.056577,,,,,,
train,88,2165672,74721.0,0.057416,,,,,,
train,88,2165772,74723.9,0.056892,,,,,,
train,88,2165872,74726.7,0.059410,,,,,,
train,88,2165972,74729.6,0.059271,,,,,,
train,88,2166072,74732.4,0.054173,,,,,,
train,88,2166172,74735.3,0.059588,,,,,,
train,88,2166272,74738.1,0.056790,,,,,,
train,88,2166372,74741.0,0.057505,,,,,,
train,88,2166472,74743.8,0.057278,,,,,,
train,88,2166572,74746.7,0.054989,,,,,,
train,88,2166672,74749.5,0.053997,,,,,,
train,88,2166772,74752.4,0.054582,,,,,,
train,88,2166872,74755.2,0.054041,,,,,,
train,88,2166972,74758.1,0.056926,,,,,,
train,88,2167072,74760.9,0.057169,,,,,,
train,88,2167172,74763.7,0.055116,,,,,,
train,88,2167272,74766.6,0.054232,,,,,,
train,88,2167372,74770.0,0.055263,,,,,,
train,88,2167472,74772.8,0.057698,,,,,,
train,88,2167572,74775.8,0.054570,,,,,,
train,88,2167672,74778.7,0.052652,,,,,,
train,88,2167772,74781.5,0.057830,,,,,,
train,88,2167872,74784.4,0.053434,,,,,,
train,88,2167972,74787.2,0.058382,,,,,,
train,88,2168072,74790.1,0.058588,,,,,,
train,88,2168172,74792.9,0.054949,,,,,,
train,88,2168272,74795.8,0.053972,,,,,,
train,88,2168372,74798.6,0.055018,,,,,,
train,88,2168472,74801.6,0.056160,,,,,,
train,88,2168572,74804.4,0.055858,,,,,,
train,88,2168672,74807.2,0.055058,,,,,,
train,88,2168772,74810.1,0.057027,,,,,,
train,88,2168872,74813.0,0.055827,,,,,,
train,88,2168972,74815.8,0.054297,,,,,,
train,88,2169072,74818.7,0.058223,,,,,,
train,88,2169172,74821.5,0.057336,,,,,,
train,88,2169272,74824.4,0.061512,,,,,,
train,88,2169372,74827.2,0.057439,,,,,,
train,88,2169472,74830.1,0.058922,,,,,,
train,88,2169572,74832.9,0.055035,,,,,,
train,88,2169672,74835.8,0.053331,,,,,,
train,88,2169772,74838.6,0.055504,,,,,,
train,88,2169872,74841.5,0.056349,,,,,,
train,88,2169972,74844.4,0.057851,,,,,,
train,88,2170072,74847.2,0.056298,,,,,,
train,88,2170172,74850.1,0.062271,,,,,,
train,88,2170272,74852.9,0.055892,,,,,,
train,88,2170372,74855.8,0.056493,,,,,,
train,88,2170472,74858.6,0.060007,,,,,,
train,88,2170572,74861.5,0.055974,,,,,,
train,88,2170672,74864.3,0.058026,,,,,,
train,88,2170772,74867.2,0.058667,,,,,,
train,88,2170872,74870.0,0.055030,,,,,,
train,88,2170972,74872.9,0.061433,,,,,,
train,88,2171072,74875.7,0.055855,,,,,,
train,88,2171172,74878.6,0.057235,,,,,,
train,88,2171272,74881.4,0.058989,,,,,,
train,88,2171372,74884.3,0.056796,,,,,,
train,88,2171472,74887.1,0.056598,,,,,,
train,88,2171572,74890.0,0.053540,,,,,,
train,88,2171672,74892.8,0.058726,,,,,,
train,88,2171772,74895.7,0.059334,,,,,,
train,88,2171872,74898.5,0.055230,,,,,,
train,88,2171972,74901.4,0.058021,,,,,,
train,88,2172072,74904.2,0.056749,,,,,,
train,88,2172172,74907.1,0.056594,,,,,,
train,88,2172272,74910.0,0.057679,,,,,,
train,88,2172372,74912.8,0.060278,,,,,,
train,88,2172472,74915.6,0.056818,,,,,,
train,88,2172572,74918.5,0.056167,,,,,,
train,88,2172672,74921.3,0.054709,,,,,,
train,88,2172772,74924.2,0.059130,,,,,,
train,88,2172872,74927.1,0.057125,,,,,,
train,88,2172972,74929.9,0.058547,,,,,,
train,88,2173072,74932.8,0.056374,,,,,,
train,88,2173172,74935.6,0.056204,,,,,,
train,88,2173272,74938.5,0.057434,,,,,,
train,88,2173372,74941.3,0.059969,,,,,,
train,88,2173472,74944.2,0.058175,,,,,,
train,88,2173572,74947.0,0.055097,,,,,,
train,88,2173672,74949.9,0.057662,,,,,,
train,88,2173772,74952.7,0.056068,,,,,,
train,88,2173872,74955.6,0.052396,,,,,,
train,88,2173972,74958.4,0.059905,,,,,,
train,88,2174072,74961.3,0.056687,,,,,,
train,88,2174172,74964.1,0.058176,,,,,,
train,88,2174272,74967.0,0.056453,,,,,,
train,88,2174372,74969.8,0.051347,,,,,,
train,88,2174472,74972.7,0.056315,,,,,,
train,88,2174572,74975.5,0.056722,,,,,,
train,88,2174672,74978.4,0.055407,,,,,,
train,88,2174772,74981.2,0.056476,,,,,,
train,88,2174872,74984.0,0.058184,,,,,,
train,88,2174972,74986.9,0.053237,,,,,,
train,88,2175072,74989.7,0.057143,,,,,,
train,88,2175172,74992.6,0.056556,,,,,,
train,88,2175272,74995.4,0.053516,,,,,,
train,88,2175372,74998.4,0.056534,,,,,,
train,88,2175472,75001.3,0.056137,,,,,,
val,88,,75145.9,0.058016,0.003897,0.000032,0.010591,0.048639,35.7551,0.954417
train,89,2175616,75150.0,0.055927,,,,,,
train,89,2175716,75152.9,0.056608,,,,,,
train,89,2175816,75155.7,0.057954,,,,,,
train,89,2175916,75158.6,0.057736,,,,,,
train,89,2176016,75161.4,0.053333,,,,,,
train,89,2176116,75164.3,0.055861,,,,,,
train,89,2176216,75167.1,0.055830,,,,,,
train,89,2176316,75170.0,0.057503,,,,,,
train,89,2176416,75172.9,0.055008,,,,,,
train,89,2176516,75175.7,0.056659,,,,,,
train,89,2176616,75178.6,0.058672,,,,,,
train,89,2176716,75181.4,0.058382,,,,,,
train,89,2176816,75184.3,0.056719,,,,,,
train,89,2176916,75187.2,0.055671,,,,,,
train,89,2177016,75190.0,0.059171,,,,,,
train,89,2177116,75192.9,0.056197,,,,,,
train,89,2177216,75195.7,0.054118,,,,,,
train,89,2177316,75198.6,0.055103,,,,,,
train,89,2177416,75201.4,0.056146,,,,,,
train,89,2177516,75204.3,0.057220,,,,,,
train,89,2177616,75207.1,0.054738,,,,,,
train,89,2177716,75210.0,0.057053,,,,,,
train,89,2177816,75212.9,0.055978,,,,,,
train,89,2177916,75215.8,0.055583,,,,,,
train,89,2178016,75218.7,0.058548,,,,,,
train,89,2178116,75221.5,0.056749,,,,,,
train,89,2178216,75224.4,0.054623,,,,,,
train,89,2178316,75227.2,0.054493,,,,,,
train,89,2178416,75230.1,0.054502,,,,,,
train,89,2178516,75232.9,0.057785,,,,,,
train,89,2178616,75235.8,0.061481,,,,,,
train,89,2178716,75238.6,0.054874,,,,,,
train,89,2178816,75241.5,0.057322,,,,,,
train,89,2178916,75244.3,0.055273,,,,,,
train,89,2179016,75247.2,0.053475,,,,,,
train,89,2179116,75250.1,0.061648,,,,,,
train,89,2179216,75252.9,0.053432,,,,,,
train,89,2179316,75255.8,0.054077,,,,,,
train,89,2179416,75258.6,0.056533,,,,,,
train,89,2179516,75261.5,0.056536,,,,,,
train,89,2179616,75264.3,0.058746,,,,,,
train,89,2179716,75267.2,0.055200,,,,,,
train,89,2179816,75270.0,0.055990,,,,,,
train,89,2179916,75272.9,0.056323,,,,,,
train,89,2180016,75275.8,0.055247,,,,,,
train,89,2180116,75278.6,0.055339,,,,,,
train,89,2180216,75281.5,0.056815,,,,,,
train,89,2180316,75284.3,0.057676,,,,,,
train,89,2180416,75287.2,0.061466,,,,,,
train,89,2180516,75290.0,0.054708,,,,,,
train,89,2180616,75292.9,0.056302,,,,,,
train,89,2180716,75295.7,0.056510,,,,,,
train,89,2180816,75298.6,0.055171,,,,,,
train,89,2180916,75301.5,0.053275,,,,,,
train,89,2181016,75304.3,0.057268,,,,,,
train,89,2181116,75307.2,0.052353,,,,,,
train,89,2181216,75310.0,0.056250,,,,,,
train,89,2181316,75312.9,0.057304,,,,,,
train,89,2181416,75315.7,0.056274,,,,,,
train,89,2181516,75318.6,0.059576,,,,,,
train,89,2181616,75321.5,0.057731,,,,,,
train,89,2181716,75324.3,0.057924,,,,,,
train,89,2181816,75327.2,0.056632,,,,,,
train,89,2181916,75330.0,0.058864,,,,,,
train,89,2182016,75332.9,0.055123,,,,,,
train,89,2182116,75335.7,0.054109,,,,,,
train,89,2182216,75338.6,0.060723,,,,,,
train,89,2182316,75341.4,0.052329,,,,,,
train,89,2182416,75344.3,0.058687,,,,,,
train,89,2182516,75347.2,0.054303,,,,,,
train,89,2182616,75350.0,0.059783,,,,,,
train,89,2182716,75352.9,0.054785,,,,,,
train,89,2182816,75355.7,0.058845,,,,,,
train,89,2182916,75358.6,0.059023,,,,,,
train,89,2183016,75361.4,0.056228,,,,,,
train,89,2183116,75364.3,0.055771,,,,,,
train,89,2183216,75367.2,0.058124,,,,,,
train,89,2183316,75370.0,0.058510,,,,,,
train,89,2183416,75372.9,0.051437,,,,,,
train,89,2183516,75375.7,0.055118,,,,,,
train,89,2183616,75378.6,0.058888,,,,,,
train,89,2183716,75381.5,0.058918,,,,,,
train,89,2183816,75384.3,0.057850,,,,,,
train,89,2183916,75387.2,0.053275,,,,,,
train,89,2184016,75390.0,0.053386,,,,,,
train,89,2184116,75392.9,0.063219,,,,,,
train,89,2184216,75395.7,0.056141,,,,,,
train,89,2184316,75398.6,0.054312,,,,,,
train,89,2184416,75401.5,0.057563,,,,,,
train,89,2184516,75404.3,0.055817,,,,,,
train,89,2184616,75407.2,0.058745,,,,,,
train,89,2184716,75410.0,0.058607,,,,,,
train,89,2184816,75412.9,0.057116,,,,,,
train,89,2184916,75415.7,0.054861,,,,,,
train,89,2185016,75418.6,0.057410,,,,,,
train,89,2185116,75421.4,0.058509,,,,,,
train,89,2185216,75424.7,0.061685,,,,,,
train,89,2185316,75427.6,0.055430,,,,,,
train,89,2185416,75430.5,0.056004,,,,,,
train,89,2185516,75433.3,0.059091,,,,,,
train,89,2185616,75436.2,0.058887,,,,,,
train,89,2185716,75439.0,0.054101,,,,,,
train,89,2185816,75441.9,0.058266,,,,,,
train,89,2185916,75444.7,0.055447,,,,,,
train,89,2186016,75447.6,0.056676,,,,,,
train,89,2186116,75450.4,0.060307,,,,,,
train,89,2186216,75453.3,0.054271,,,,,,
train,89,2186316,75456.2,0.050717,,,,,,
train,89,2186416,75459.0,0.056214,,,,,,
train,89,2186516,75461.9,0.055493,,,,,,
train,89,2186616,75464.7,0.056024,,,,,,
train,89,2186716,75467.6,0.054175,,,,,,
train,89,2186816,75470.4,0.054467,,,,,,
train,89,2186916,75473.3,0.057029,,,,,,
train,89,2187016,75476.2,0.059826,,,,,,
train,89,2187116,75479.0,0.058791,,,,,,
train,89,2187216,75481.9,0.054382,,,,,,
train,89,2187316,75484.7,0.054067,,,,,,
train,89,2187416,75487.6,0.058588,,,,,,
train,89,2187516,75490.4,0.057499,,,,,,
train,89,2187616,75493.3,0.055374,,,,,,
train,89,2187716,75496.2,0.058498,,,,,,
train,89,2187816,75499.0,0.052196,,,,,,
train,89,2187916,75501.9,0.056097,,,,,,
train,89,2188016,75504.7,0.060267,,,,,,
train,89,2188116,75507.6,0.059953,,,,,,
train,89,2188216,75510.4,0.056879,,,,,,
train,89,2188316,75513.3,0.056392,,,,,,
train,89,2188416,75516.2,0.054491,,,,,,
train,89,2188516,75519.0,0.056877,,,,,,
train,89,2188616,75521.9,0.056772,,,,,,
train,89,2188716,75524.7,0.055278,,,,,,
train,89,2188816,75527.6,0.058693,,,,,,
train,89,2188916,75530.4,0.053544,,,,,,
train,89,2189016,75533.3,0.053648,,,,,,
train,89,2189116,75536.1,0.057256,,,,,,
train,89,2189216,75539.0,0.056006,,,,,,
train,89,2189316,75541.9,0.054381,,,,,,
train,89,2189416,75544.7,0.060676,,,,,,
train,89,2189516,75547.6,0.057222,,,,,,
train,89,2189616,75550.4,0.055829,,,,,,
train,89,2189716,75553.3,0.056972,,,,,,
train,89,2189816,75556.1,0.056003,,,,,,
train,89,2189916,75559.0,0.060997,,,,,,
train,89,2190016,75561.9,0.055680,,,,,,
train,89,2190116,75564.7,0.051113,,,,,,
train,89,2190216,75567.6,0.058693,,,,,,
train,89,2190316,75570.4,0.060845,,,,,,
train,89,2190416,75573.3,0.059765,,,,,,
train,89,2190516,75576.1,0.055663,,,,,,
train,89,2190616,75579.0,0.054406,,,,,,
train,89,2190716,75581.9,0.055451,,,,,,
train,89,2190816,75584.7,0.058172,,,,,,
train,89,2190916,75588.1,0.056373,,,,,,
train,89,2191016,75591.0,0.057900,,,,,,
train,89,2191116,75593.8,0.054230,,,,,,
train,89,2191216,75596.7,0.060534,,,,,,
train,89,2191316,75599.5,0.054648,,,,,,
train,89,2191416,75602.4,0.058889,,,,,,
train,89,2191516,75605.2,0.054370,,,,,,
train,89,2191616,75608.1,0.052879,,,,,,
train,89,2191716,75610.9,0.055679,,,,,,
train,89,2191816,75613.8,0.060819,,,,,,
train,89,2191916,75616.7,0.056160,,,,,,
train,89,2192016,75619.5,0.056757,,,,,,
train,89,2192116,75622.4,0.052391,,,,,,
train,89,2192216,75625.2,0.056321,,,,,,
train,89,2192316,75628.1,0.053900,,,,,,
train,89,2192416,75631.0,0.056381,,,,,,
train,89,2192516,75633.9,0.056407,,,,,,
train,89,2192616,75636.7,0.057038,,,,,,
train,89,2192716,75639.6,0.052607,,,,,,
train,89,2192816,75642.4,0.059393,,,,,,
train,89,2192916,75645.3,0.055463,,,,,,
train,89,2193016,75648.1,0.057678,,,,,,
train,89,2193116,75651.0,0.054236,,,,,,
train,89,2193216,75653.8,0.056964,,,,,,
train,89,2193316,75656.7,0.060102,,,,,,
train,89,2193416,75659.5,0.055039,,,,,,
train,89,2193516,75662.4,0.055753,,,,,,
train,89,2193616,75665.3,0.056108,,,,,,
train,89,2193716,75668.1,0.056969,,,,,,
train,89,2193816,75671.0,0.056373,,,,,,
train,89,2193916,75673.8,0.054640,,,,,,
train,89,2194016,75676.7,0.060598,,,,,,
train,89,2194116,75679.5,0.056405,,,,,,
train,89,2194216,75682.4,0.054059,,,,,,
train,89,2194316,75685.3,0.054586,,,,,,
train,89,2194416,75688.1,0.057631,,,,,,
train,89,2194516,75691.0,0.059005,,,,,,
train,89,2194616,75693.8,0.058076,,,,,,
train,89,2194716,75696.7,0.057002,,,,,,
train,89,2194816,75699.6,0.058961,,,,,,
train,89,2194916,75702.4,0.056580,,,,,,
train,89,2195016,75705.3,0.054689,,,,,,
train,89,2195116,75708.1,0.060033,,,,,,
train,89,2195216,75711.0,0.056160,,,,,,
train,89,2195316,75713.8,0.062330,,,,,,
train,89,2195416,75716.7,0.053509,,,,,,
train,89,2195516,75719.6,0.059216,,,,,,
train,89,2195616,75722.4,0.059658,,,,,,
train,89,2195716,75725.3,0.055128,,,,,,
train,89,2195816,75728.2,0.055200,,,,,,
train,89,2195916,75731.0,0.058626,,,,,,
train,89,2196016,75733.9,0.058514,,,,,,
train,89,2196116,75736.7,0.055746,,,,,,
train,89,2196216,75739.6,0.053689,,,,,,
train,89,2196316,75742.4,0.058324,,,,,,
train,89,2196416,75745.3,0.058262,,,,,,
train,89,2196516,75748.2,0.056590,,,,,,
train,89,2196616,75751.0,0.056088,,,,,,
train,89,2196716,75754.1,0.057281,,,,,,
train,89,2196816,75756.9,0.054886,,,,,,
train,89,2196916,75759.8,0.054784,,,,,,
train,89,2197016,75762.6,0.054982,,,,,,
train,89,2197116,75765.5,0.056433,,,,,,
train,89,2197216,75768.4,0.054072,,,,,,
train,89,2197316,75771.2,0.055495,,,,,,
train,89,2197416,75774.1,0.057288,,,,,,
train,89,2197516,75776.9,0.055789,,,,,,
train,89,2197616,75779.8,0.054054,,,,,,
train,89,2197716,75782.6,0.058916,,,,,,
train,89,2197816,75785.5,0.056540,,,,,,
train,89,2197916,75788.5,0.058004,,,,,,
train,89,2198016,75791.6,0.058268,,,,,,
train,89,2198116,75794.4,0.053576,,,,,,
train,89,2198216,75797.3,0.056785,,,,,,
train,89,2198316,75800.1,0.055548,,,,,,
train,89,2198416,75803.0,0.055005,,,,,,
train,89,2198516,75805.9,0.055484,,,,,,
train,89,2198616,75808.7,0.057020,,,,,,
train,89,2198716,75811.6,0.057867,,,,,,
train,89,2198816,75814.4,0.062739,,,,,,
train,89,2198916,75817.3,0.053287,,,,,,
train,89,2199016,75820.1,nan,,,,,,
train,89,2199116,75823.0,0.059715,,,,,,
train,89,2199216,75825.9,0.053619,,,,,,
train,89,2199316,75828.7,0.055212,,,,,,
train,89,2199416,75831.6,0.055996,,,,,,
train,89,2199516,75834.4,0.057119,,,,,,
train,89,2199616,75837.3,0.056033,,,,,,
train,89,2199716,75840.2,0.062224,,,,,,
train,89,2199816,75843.0,0.056556,,,,,,
train,89,2199916,75845.8,0.057013,,,,,,
val,89,,75990.5,0.058377,0.003895,0.000032,0.010578,0.048601,35.7651,0.954401
train,90,2200060,75994.1,0.059200,,,,,,
train,90,2200160,75997.0,0.054245,,,,,,
train,90,2200260,75999.9,0.058191,,,,,,
train,90,2200360,76002.7,0.058581,,,,,,
train,90,2200460,76005.6,0.057374,,,,,,
train,90,2200560,76008.5,0.054783,,,,,,
train,90,2200660,76011.3,0.055770,,,,,,
train,90,2200760,76014.2,0.055234,,,,,,
train,90,2200860,76017.1,0.054948,,,,,,
train,90,2200960,76019.9,0.057545,,,,,,
train,90,2201060,76022.8,0.056917,,,,,,
train,90,2201160,76025.7,0.057054,,,,,,
train,90,2201260,76028.5,0.058793,,,,,,
train,90,2201360,76031.4,0.066077,,,,,,
train,90,2201460,76034.3,0.060795,,,,,,
train,90,2201560,76037.1,0.056429,,,,,,
train,90,2201660,76040.0,0.056271,,,,,,
train,90,2201760,76042.9,0.053899,,,,,,
train,90,2201860,76045.7,0.055235,,,,,,
train,90,2201960,76048.6,0.054911,,,,,,
train,90,2202060,76051.5,0.057039,,,,,,
train,90,2202160,76054.3,0.056252,,,,,,
train,90,2202260,76057.2,0.058493,,,,,,
train,90,2202360,76060.0,0.057744,,,,,,
train,90,2202460,76062.9,0.054826,,,,,,
train,90,2202560,76065.8,0.062163,,,,,,
train,90,2202660,76068.6,0.056742,,,,,,
train,90,2202760,76071.5,0.056603,,,,,,
train,90,2202860,76074.4,0.055892,,,,,,
train,90,2202960,76077.2,0.055968,,,,,,
train,90,2203060,76080.1,0.053749,,,,,,
train,90,2203160,76082.9,0.056716,,,,,,
train,90,2203260,76085.8,0.055308,,,,,,
train,90,2203360,76088.7,0.053464,,,,,,
train,90,2203460,76091.5,0.061429,,,,,,
train,90,2203560,76094.4,0.055799,,,,,,
train,90,2203660,76097.3,0.056571,,,,,,
train,90,2203760,76100.1,0.058584,,,,,,
train,90,2203860,76103.0,0.052758,,,,,,
train,90,2203960,76105.9,0.052438,,,,,,
train,90,2204060,76108.7,0.058653,,,,,,
train,90,2204160,76111.7,0.051047,,,,,,
train,90,2204260,76114.6,0.055828,,,,,,
train,90,2204360,76117.4,0.058196,,,,,,
train,90,2204460,76120.3,0.054651,,,,,,
train,90,2204560,76123.2,0.056161,,,,,,
train,90,2204660,76126.0,0.053362,,,,,,
train,90,2204760,76128.9,0.059027,,,,,,
train,90,2204860,76131.8,0.054100,,,,,,
train,90,2204960,76134.7,0.058243,,,,,,
train,90,2205060,76137.5,0.060909,,,,,,
train,90,2205160,76140.5,0.055170,,,,,,
train,90,2205260,76143.4,0.059873,,,,,,
train,90,2205360,76146.2,0.059843,,,,,,
train,90,2205460,76149.1,0.055104,,,,,,
train,90,2205560,76152.0,0.053748,,,,,,
train,90,2205660,76154.8,0.056749,,,,,,
train,90,2205760,76157.7,0.053944,,,,,,
train,90,2205860,76160.6,0.051252,,,,,,
train,90,2205960,76163.4,0.054939,,,,,,
train,90,2206060,76166.4,0.055621,,,,,,
train,90,2206160,76169.3,0.054107,,,,,,
train,90,2206260,76172.1,0.056937,,,,,,
train,90,2206360,76175.0,0.058795,,,,,,
train,90,2206460,76177.9,0.054711,,,,,,
train,90,2206560,76180.7,0.057142,,,,,,
train,90,2206660,76183.6,0.054647,,,,,,
train,90,2206760,76186.5,0.058192,,,,,,
train,90,2206860,76189.3,0.056588,,,,,,
train,90,2206960,76192.2,0.056360,,,,,,
train,90,2207060,76195.1,0.057535,,,,,,
train,90,2207160,76197.9,0.056458,,,,,,
train,90,2207260,76200.8,0.057640,,,,,,
train,90,2207360,76203.7,0.059125,,,,,,
train,90,2207460,76206.6,0.056180,,,,,,
train,90,2207560,76209.4,0.056758,,,,,,
train,90,2207660,76212.3,0.056431,,,,,,
train,90,2207760,76215.2,0.053495,,,,,,
train,90,2207860,76218.0,0.059346,,,,,,
train,90,2207960,76220.9,0.056429,,,,,,
train,90,2208060,76223.8,0.060286,,,,,,
train,90,2208160,76226.6,0.055572,,,,,,
train,90,2208260,76229.5,0.056725,,,,,,
train,90,2208360,76232.4,0.059715,,,,,,
train,90,2208460,76235.2,0.060111,,,,,,
train,90,2208560,76238.1,0.059805,,,,,,
train,90,2208660,76240.9,0.057380,,,,,,
train,90,2208760,76243.8,0.056605,,,,,,
train,90,2208860,76246.7,0.056219,,,,,,
train,90,2208960,76249.6,0.057370,,,,,,
train,90,2209060,76252.4,0.055691,,,,,,
train,90,2209160,76255.3,0.056798,,,,,,
train,90,2209260,76258.1,0.058798,,,,,,
train,90,2209360,76261.0,0.056477,,,,,,
train,90,2209460,76263.9,0.059512,,,,,,
train,90,2209560,76266.7,0.053000,,,,,,
train,90,2209660,76269.6,0.056937,,,,,,
train,90,2209760,76272.5,0.056544,,,,,,
train,90,2209860,76275.3,0.055711,,,,,,
train,90,2209960,76278.2,0.058701,,,,,,
train,90,2210060,76281.0,0.055298,,,,,,
train,90,2210160,76283.9,0.057399,,,,,,
train,90,2210260,76286.7,0.059601,,,,,,
train,90,2210360,76289.6,0.053640,,,,,,
train,90,2210460,76292.5,0.059781,,,,,,
train,90,2210560,76295.3,0.053843,,,,,,
train,90,2210660,76298.2,0.054230,,,,,,
train,90,2210760,76301.1,0.056510,,,,,,
train,90,2210860,76303.9,0.056214,,,,,,
train,90,2210960,76306.8,0.053745,,,,,,
train,90,2211060,76309.6,0.055717,,,,,,
train,90,2211160,76312.5,0.052266,,,,,,
train,90,2211260,76315.4,0.054192,,,,,,
train,90,2211360,76318.2,0.056897,,,,,,
train,90,2211460,76321.1,0.058075,,,,,,
train,90,2211560,76324.0,0.057469,,,,,,
train,90,2211660,76326.8,0.059078,,,,,,
train,90,2211760,76329.7,0.057029,,,,,,
train,90,2211860,76332.6,0.056291,,,,,,
train,90,2211960,76335.4,0.056217,,,,,,
train,90,2212060,76338.3,0.056451,,,,,,
train,90,2212160,76341.2,0.059056,,,,,,
train,90,2212260,76344.0,0.053105,,,,,,
train,90,2212360,76346.9,0.056832,,,,,,
train,90,2212460,76349.8,0.055833,,,,,,
train,90,2212560,76352.6,0.059886,,,,,,
train,90,2212660,76355.5,0.057668,,,,,,
train,90,2212760,76358.4,0.064335,,,,,,
train,90,2212860,76361.2,0.059011,,,,,,
train,90,2212960,76364.1,0.055659,,,,,,
train,90,2213060,76367.0,0.060079,,,,,,
train,90,2213160,76369.8,0.058581,,,,,,
train,90,2213260,76372.7,0.058511,,,,,,
train,90,2213360,76375.6,0.057387,,,,,,
train,90,2213460,76378.4,0.055143,,,,,,
train,90,2213560,76381.3,0.060990,,,,,,
train,90,2213660,76384.2,0.054590,,,,,,
train,90,2213760,76387.0,0.056217,,,,,,
train,90,2213860,76389.9,0.060216,,,,,,
train,90,2213960,76392.8,0.054245,,,,,,
train,90,2214060,76395.6,0.051088,,,,,,
train,90,2214160,76398.5,0.058484,,,,,,
train,90,2214260,76401.4,0.058679,,,,,,
train,90,2214360,76404.2,0.056051,,,,,,
train,90,2214460,76407.1,0.055839,,,,,,
train,90,2214560,76410.0,0.062524,,,,,,
train,90,2214660,76412.8,0.056248,,,,,,
train,90,2214760,76415.7,0.056193,,,,,,
train,90,2214860,76418.6,0.055360,,,,,,
train,90,2214960,76421.5,0.056763,,,,,,
train,90,2215060,76424.3,0.054689,,,,,,
train,90,2215160,76427.2,0.054839,,,,,,
train,90,2215260,76430.1,0.056301,,,,,,
train,90,2215360,76432.9,0.058862,,,,,,
train,90,2215460,76435.8,0.054762,,,,,,
train,90,2215560,76438.7,0.058939,,,,,,
train,90,2215660,76441.5,0.059186,,,,,,
train,90,2215760,76444.4,0.052161,,,,,,
train,90,2215860,76447.3,0.057653,,,,,,
train,90,2215960,76450.1,0.055000,,,,,,
train,90,2216060,76453.0,0.057292,,,,,,
train,90,2216160,76455.9,0.056501,,,,,,
train,90,2216260,76458.7,0.057254,,,,,,
train,90,2216360,76461.6,0.057078,,,,,,
train,90,2216460,76464.5,0.060456,,,,,,
train,90,2216560,76467.3,0.053321,,,,,,
train,90,2216660,76470.2,0.057654,,,,,,
train,90,2216760,76473.1,0.058165,,,,,,
train,90,2216860,76475.9,0.054501,,,,,,
train,90,2216960,76478.8,0.054226,,,,,,
train,90,2217060,76481.7,0.057769,,,,,,
train,90,2217160,76484.5,0.056462,,,,,,
train,90,2217260,76487.4,0.057734,,,,,,
train,90,2217360,76490.3,0.058487,,,,,,
train,90,2217460,76493.1,0.057742,,,,,,
train,90,2217560,76496.0,0.060530,,,,,,
train,90,2217660,76498.8,0.058339,,,,,,
train,90,2217760,76501.7,0.056939,,,,,,
train,90,2217860,76504.6,0.057069,,,,,,
train,90,2217960,76507.4,0.057642,,,,,,
train,90,2218060,76510.3,0.053697,,,,,,
train,90,2218160,76513.2,0.056767,,,,,,
train,90,2218260,76516.0,0.056695,,,,,,
train,90,2218360,76518.9,0.053797,,,,,,
train,90,2218460,76521.8,0.058626,,,,,,
train,90,2218560,76524.6,0.052920,,,,,,
train,90,2218660,76527.5,0.055914,,,,,,
train,90,2218760,76530.4,0.056270,,,,,,
train,90,2218860,76533.2,0.055820,,,,,,
train,90,2218960,76536.1,0.053627,,,,,,
train,90,2219060,76539.0,0.056584,,,,,,
train,90,2219160,76541.8,0.057266,,,,,,
train,90,2219260,76544.7,0.052231,,,,,,
train,90,2219360,76547.5,0.054734,,,,,,
train,90,2219460,76550.4,0.063087,,,,,,
train,90,2219560,76553.3,0.057988,,,,,,
train,90,2219660,76556.1,0.058797,,,,,,
train,90,2219760,76559.0,0.057196,,,,,,
train,90,2219860,76561.8,0.056269,,,,,,
train,90,2219960,76564.7,0.057169,,,,,,
train,90,2220060,76567.6,0.058411,,,,,,
train,90,2220160,76570.4,0.057703,,,,,,
train,90,2220260,76573.3,0.058522,,,,,,
train,90,2220360,76576.2,0.054950,,,,,,
train,90,2220460,76579.0,0.056697,,,,,,
train,90,2220560,76581.9,0.058747,,,,,,
train,90,2220660,76584.8,0.060472,,,,,,
train,90,2220760,76587.6,0.055331,,,,,,
train,90,2220860,76590.5,0.060085,,,,,,
train,90,2220960,76593.4,0.058434,,,,,,
train,90,2221060,76596.2,0.055855,,,,,,
train,90,2221160,76599.1,0.058403,,,,,,
train,90,2221260,76602.0,0.057844,,,,,,
train,90,2221360,76604.8,0.057846,,,,,,
train,90,2221460,76607.7,0.059578,,,,,,
train,90,2221560,76610.6,0.053266,,,,,,
train,90,2221660,76613.4,0.055273,,,,,,
train,90,2221760,76616.3,0.055181,,,,,,
train,90,2221860,76619.2,0.056150,,,,,,
train,90,2221960,76622.0,0.054230,,,,,,
train,90,2222060,76625.1,0.059866,,,,,,
train,90,2222160,76627.9,0.056831,,,,,,
train,90,2222260,76630.8,0.056229,,,,,,
train,90,2222360,76633.6,0.053131,,,,,,
train,90,2222460,76636.5,0.054671,,,,,,
train,90,2222560,76639.4,0.056039,,,,,,
train,90,2222660,76642.2,0.055048,,,,,,
train,90,2222760,76645.1,0.059905,,,,,,
train,90,2222860,76648.0,0.056252,,,,,,
train,90,2222960,76650.8,0.058291,,,,,,
train,90,2223060,76653.7,0.052772,,,,,,
train,90,2223160,76656.6,0.059334,,,,,,
train,90,2223260,76659.4,0.060112,,,,,,
train,90,2223360,76662.3,0.058656,,,,,,
train,90,2223460,76665.2,0.060128,,,,,,
train,90,2223560,76668.0,0.054348,,,,,,
train,90,2223660,76670.9,0.053705,,,,,,
train,90,2223760,76673.8,0.059101,,,,,,
train,90,2223860,76676.6,0.053453,,,,,,
train,90,2223960,76679.5,0.054417,,,,,,
train,90,2224060,76682.4,nan,,,,,,
train,90,2224160,76686.1,0.055396,,,,,,
train,90,2224260,76689.2,0.055636,,,,,,
train,90,2224360,76692.0,0.057194,,,,,,
val,90,,76836.6,0.058262,0.003895,0.000032,0.010594,0.048607,35.7561,0.954403
train,91,2224504,76840.3,0.057945,,,,,,
train,91,2224604,76843.1,0.057777,,,,,,
train,91,2224704,76846.0,0.055929,,,,,,
train,91,2224804,76848.8,0.059639,,,,,,
train,91,2224904,76851.7,0.054832,,,,,,
train,91,2225004,76854.5,0.056495,,,,,,
train,91,2225104,76857.4,0.056299,,,,,,
train,91,2225204,76860.2,0.059702,,,,,,
train,91,2225304,76863.0,0.057874,,,,,,
train,91,2225404,76865.9,0.056015,,,,,,
train,91,2225504,76868.9,nan,,,,,,
train,91,2225604,76871.7,0.054762,,,,,,
train,91,2225704,76874.6,0.056209,,,,,,
train,91,2225804,76877.4,0.057745,,,,,,
train,91,2225904,76880.3,0.056615,,,,,,
train,91,2226004,76883.1,0.055153,,,,,,
train,91,2226104,76886.0,0.056021,,,,,,
train,91,2226204,76888.8,0.056029,,,,,,
train,91,2226304,76891.7,0.051652,,,,,,
train,91,2226404,76894.5,0.059274,,,,,,
train,91,2226504,76897.4,0.057202,,,,,,
train,91,2226604,76900.2,0.059622,,,,,,
train,91,2226704,76903.7,0.056773,,,,,,
train,91,2226804,76906.6,0.060744,,,,,,
train,91,2226904,76909.4,0.056604,,,,,,
train,91,2227004,76912.3,0.056554,,,,,,
train,91,2227104,76915.1,0.064179,,,,,,
train,91,2227204,76918.0,0.058947,,,,,,
train,91,2227304,76920.8,0.059084,,,,,,
train,91,2227404,76923.7,0.057626,,,,,,
train,91,2227504,76926.5,0.056135,,,,,,
train,91,2227604,76929.4,0.055753,,,,,,
train,91,2227704,76932.2,0.056930,,,,,,
train,91,2227804,76935.1,0.053173,,,,,,
train,91,2227904,76937.9,0.059344,,,,,,
train,91,2228004,76940.8,0.052557,,,,,,
train,91,2228104,76943.6,0.054398,,,,,,
train,91,2228204,76946.5,0.053127,,,,,,
train,91,2228304,76949.3,0.054077,,,,,,
train,91,2228404,76952.2,0.052641,,,,,,
train,91,2228504,76955.0,0.052668,,,,,,
train,91,2228604,76957.9,0.057467,,,,,,
train,91,2228704,76960.7,0.059795,,,,,,
train,91,2228804,76963.6,0.059911,,,,,,
train,91,2228904,76966.4,0.058827,,,,,,
train,91,2229004,76969.3,0.056886,,,,,,
train,91,2229104,76972.1,0.053819,,,,,,
train,91,2229204,76975.0,0.060375,,,,,,
train,91,2229304,76977.8,0.055953,,,,,,
train,91,2229404,76980.7,0.056240,,,,,,
train,91,2229504,76983.5,0.054542,,,,,,
train,91,2229604,76986.4,0.059795,,,,,,
train,91,2229704,76989.2,0.053147,,,,,,
train,91,2229804,76992.1,0.055383,,,,,,
train,91,2229904,76994.9,0.051621,,,,,,
train,91,2230004,76997.8,0.057218,,,,,,
train,91,2230104,77000.6,0.051610,,,,,,
train,91,2230204,77003.6,0.053971,,,,,,
train,91,2230304,77006.5,0.056866,,,,,,
train,91,2230404,77009.3,0.059972,,,,,,
train,91,2230504,77012.2,0.055028,,,,,,
train,91,2230604,77015.0,0.057376,,,,,,
train,91,2230704,77017.9,0.059955,,,,,,
train,91,2230804,77020.7,0.057057,,,,,,
train,91,2230904,77023.6,0.055179,,,,,,
train,91,2231004,77026.4,0.058502,,,,,,
train,91,2231104,77029.3,0.057205,,,,,,
train,91,2231204,77032.1,0.057072,,,,,,
train,91,2231304,77035.0,0.057019,,,,,,
train,91,2231404,77037.8,0.055381,,,,,,
train,91,2231504,77040.7,0.055339,,,,,,
train,91,2231604,77043.5,0.057003,,,,,,
train,91,2231704,77046.4,0.058320,,,,,,
train,91,2231804,77049.3,0.063329,,,,,,
train,91,2231904,77052.1,0.052920,,,,,,
train,91,2232004,77054.9,0.058107,,,,,,
train,91,2232104,77057.8,0.058020,,,,,,
train,91,2232204,77060.6,0.058964,,,,,,
train,91,2232304,77063.5,0.054184,,,,,,
train,91,2232404,77066.3,0.061592,,,,,,
train,91,2232504,77069.2,0.058725,,,,,,
train,91,2232604,77072.0,0.055485,,,,,,
train,91,2232704,77074.9,0.059649,,,,,,
train,91,2232804,77077.7,0.055960,,,,,,
train,91,2232904,77080.6,0.055651,,,,,,
train,91,2233004,77083.4,0.056231,,,,,,
train,91,2233104,77086.3,0.052788,,,,,,
train,91,2233204,77089.1,0.054251,,,,,,
train,91,2233304,77092.0,0.055449,,,,,,
train,91,2233404,77094.8,0.057297,,,,,,
train,91,2233504,77097.7,0.056720,,,,,,
train,91,2233604,77100.5,0.055806,,,,,,
train,91,2233704,77103.4,0.053908,,,,,,
train,91,2233804,77106.2,0.060005,,,,,,
train,91,2233904,77109.1,0.055425,,,,,,
train,91,2234004,77111.9,0.055437,,,,,,
train,91,2234104,77114.8,0.053222,,,,,,
train,91,2234204,77117.6,0.056663,,,,,,
train,91,2234304,77120.5,0.055018,,,,,,
train,91,2234404,77123.3,0.059992,,,,,,
train,91,2234504,77126.2,0.055347,,,,,,
train,91,2234604,77129.0,0.057052,,,,,,
train,91,2234704,77131.9,0.054096,,,,,,
train,91,2234804,77134.7,0.059959,,,,,,
train,91,2234904,77137.6,0.055125,,,,,,
train,91,2235004,77140.4,0.060145,,,,,,
train,91,2235104,77143.3,0.056148,,,,,,
train,91,2235204,77146.1,0.059061,,,,,,
train,91,2235304,77149.0,0.057920,,,,,,
train,91,2235404,77151.9,0.055534,,,,,,
train,91,2235504,77154.7,0.056139,,,,,,
train,91,2235604,77157.6,0.060587,,,,,,
train,91,2235704,77160.4,0.053351,,,,,,
train,91,2235804,77163.3,0.058120,,,,,,
train,91,2235904,77166.1,0.055523,,,,,,
train,91,2236004,77169.0,0.058226,,,,,,
train,91,2236104,77171.8,0.054148,,,,,,
train,91,2236204,77174.7,0.055244,,,,,,
train,91,2236304,77177.5,0.057282,,,,,,
train,91,2236404,77180.4,0.056874,,,,,,
train,91,2236504,77183.2,0.052952,,,,,,
train,91,2236604,77186.1,0.053843,,,,,,
train,91,2236704,77188.9,0.055049,,,,,,
train,91,2236804,77191.8,0.057610,,,,,,
train,91,2236904,77194.6,0.054933,,,,,,
train,91,2237004,77197.5,0.060824,,,,,,
train,91,2237104,77200.3,0.056671,,,,,,
train,91,2237204,77203.1,0.057420,,,,,,
train,91,2237304,77206.0,0.058174,,,,,,
train,91,2237404,77208.8,0.055064,,,,,,
train,91,2237504,77211.7,0.058968,,,,,,
train,91,2237604,77214.5,0.060712,,,,,,
train,91,2237704,77217.4,0.054859,,,,,,
train,91,2237804,77220.2,0.057281,,,,,,
train,91,2237904,77223.1,0.057173,,,,,,
train,91,2238004,77225.9,0.056058,,,,,,
train,91,2238104,77228.8,0.056906,,,,,,
train,91,2238204,77231.6,0.054349,,,,,,
train,91,2238304,77234.5,0.054450,,,,,,
train,91,2238404,77237.3,0.058739,,,,,,
train,91,2238504,77240.2,0.054309,,,,,,
train,91,2238604,77243.0,0.055406,,,,,,
train,91,2238704,77245.9,0.049453,,,,,,
train,91,2238804,77248.7,0.058902,,,,,,
train,91,2238904,77251.6,0.058515,,,,,,
train,91,2239004,77254.4,0.059175,,,,,,
train,91,2239104,77257.3,0.059505,,,,,,
train,91,2239204,77260.1,0.060087,,,,,,
train,91,2239304,77263.0,0.056322,,,,,,
train,91,2239404,77265.8,0.055042,,,,,,
train,91,2239504,77268.7,0.058127,,,,,,
train,91,2239604,77271.5,0.053574,,,,,,
train,91,2239704,77274.4,0.054597,,,,,,
train,91,2239804,77277.2,0.055746,,,,,,
train,91,2239904,77280.1,0.053662,,,,,,
train,91,2240004,77283.0,0.054348,,,,,,
train,91,2240104,77285.8,0.057628,,,,,,
train,91,2240204,77288.7,0.057494,,,,,,
train,91,2240304,77291.5,0.059300,,,,,,
train,91,2240404,77294.4,0.060732,,,,,,
train,91,2240504,77297.2,0.052599,,,,,,
train,91,2240604,77300.1,0.055430,,,,,,
train,91,2240704,77302.9,0.054892,,,,,,
train,91,2240804,77305.8,0.053579,,,,,,
train,91,2240904,77308.6,0.057519,,,,,,
train,91,2241004,77311.5,0.057304,,,,,,
train,91,2241104,77314.3,0.058240,,,,,,
train,91,2241204,77317.2,0.058851,,,,,,
train,91,2241304,77320.0,0.057794,,,,,,
train,91,2241404,77322.9,0.053989,,,,,,
train,91,2241504,77325.7,0.056735,,,,,,
train,91,2241604,77328.6,0.058062,,,,,,
train,91,2241704,77331.4,0.056818,,,,,,
train,91,2241804,77334.3,0.057154,,,,,,
train,91,2241904,77337.2,0.053713,,,,,,
train,91,2242004,77340.0,0.057042,,,,,,
train,91,2242104,77342.9,0.059140,,,,,,
train,91,2242204,77345.7,0.056337,,,,,,
train,91,2242304,77348.6,0.055509,,,,,,
train,91,2242404,77351.4,0.058247,,,,,,
train,91,2242504,77354.3,0.055291,,,,,,
train,91,2242604,77357.1,0.054732,,,,,,
train,91,2242704,77360.0,0.057620,,,,,,
train,91,2242804,77362.8,0.059207,,,,,,
train,91,2242904,77365.7,0.057191,,,,,,
train,91,2243004,77368.5,0.057538,,,,,,
train,91,2243104,77371.4,0.058871,,,,,,
train,91,2243204,77374.2,0.058925,,,,,,
train,91,2243304,77377.1,0.058912,,,,,,
train,91,2243404,77379.9,0.055043,,,,,,
train,91,2243504,77382.8,0.054958,,,,,,
train,91,2243604,77385.6,0.057772,,,,,,
train,91,2243704,77388.5,0.052502,,,,,,
train,91,2243804,77391.3,0.057529,,,,,,
train,91,2243904,77394.2,0.055805,,,,,,
train,91,2244004,77397.0,0.053123,,,,,,
train,91,2244104,77399.9,0.058250,,,,,,
train,91,2244204,77402.7,0.054679,,,,,,
train,91,2244304,77405.6,0.058344,,,,,,
train,91,2244404,77408.4,0.055312,,,,,,
train,91,2244504,77411.3,0.056970,,,,,,
train,91,2244604,77414.1,0.055973,,,,,,
train,91,2244704,77417.0,0.057842,,,,,,
train,91,2244804,77419.8,0.058554,,,,,,
train,91,2244904,77422.7,0.054047,,,,,,
train,91,2245004,77425.5,0.059974,,,,,,
train,91,2245104,77428.4,0.055168,,,,,,
train,91,2245204,77431.2,0.056530,,,,,,
train,91,2245304,77434.1,0.056924,,,,,,
train,91,2245404,77436.9,0.054787,,,,,,
train,91,2245504,77439.8,0.054133,,,,,,
train,91,2245604,77442.6,0.057182,,,,,,
train,91,2245704,77445.5,0.056146,,,,,,
train,91,2245804,77448.3,0.058003,,,,,,
train,91,2245904,77451.2,0.055927,,,,,,
train,91,2246004,77454.0,0.056551,,,,,,
train,91,2246104,77456.9,0.058120,,,,,,
train,91,2246204,77459.7,0.054923,,,,,,
train,91,2246304,77462.6,0.058239,,,,,,
train,91,2246404,77465.5,0.056092,,,,,,
train,91,2246504,77468.3,0.056758,,,,,,
train,91,2246604,77471.2,0.056024,,,,,,
train,91,2246704,77474.0,0.058734,,,,,,
train,91,2246804,77476.9,0.058846,,,,,,
train,91,2246904,77479.7,0.053273,,,,,,
train,91,2247004,77482.6,0.059129,,,,,,
train,91,2247104,77485.4,0.053969,,,,,,
train,91,2247204,77488.3,0.055605,,,,,,
train,91,2247304,77491.1,0.055917,,,,,,
train,91,2247404,77494.0,0.057510,,,,,,
train,91,2247504,77496.8,0.057350,,,,,,
train,91,2247604,77499.7,0.057002,,,,,,
train,91,2247704,77502.5,0.058059,,,,,,
train,91,2247804,77505.4,0.059288,,,,,,
train,91,2247904,77508.2,0.054760,,,,,,
train,91,2248004,77511.1,0.058458,,,,,,
train,91,2248104,77513.9,0.057794,,,,,,
train,91,2248204,77516.8,0.053624,,,,,,
train,91,2248304,77519.8,0.054050,,,,,,
train,91,2248404,77522.7,0.055296,,,,,,
train,91,2248504,77525.5,0.057861,,,,,,
train,91,2248604,77528.4,0.057050,,,,,,
train,91,2248704,77531.2,0.058811,,,,,,
train,91,2248804,77534.1,0.055590,,,,,,
val,91,,77679.0,0.058033,0.003894,0.000032,0.010586,0.048614,35.7571,0.954441
train,92,2248948,77682.5,0.053545,,,,,,
train,92,2249048,77685.4,0.060755,,,,,,
train,92,2249148,77688.3,0.056261,,,,,,
train,92,2249248,77691.1,0.061045,,,,,,
train,92,2249348,77694.0,0.057345,,,,,,
train,92,2249448,77696.8,0.057482,,,,,,
train,92,2249548,77699.7,0.054192,,,,,,
train,92,2249648,77702.5,0.052621,,,,,,
train,92,2249748,77705.4,0.059257,,,,,,
train,92,2249848,77708.3,0.056484,,,,,,
train,92,2249948,77711.1,0.053626,,,,,,
train,92,2250048,77714.0,0.062334,,,,,,
train,92,2250148,77716.8,0.056267,,,,,,
train,92,2250248,77719.7,0.052462,,,,,,
train,92,2250348,77722.6,0.055613,,,,,,
train,92,2250448,77725.4,0.055211,,,,,,
train,92,2250548,77728.3,0.060172,,,,,,
train,92,2250648,77731.1,0.054972,,,,,,
train,92,2250748,77734.0,0.057849,,,,,,
train,92,2250848,77736.9,0.055945,,,,,,
train,92,2250948,77739.7,0.059837,,,,,,
train,92,2251048,77742.6,0.060581,,,,,,
train,92,2251148,77745.4,0.056335,,,,,,
train,92,2251248,77748.3,0.056803,,,,,,
train,92,2251348,77751.2,0.059054,,,,,,
train,92,2251448,77754.0,0.056581,,,,,,
train,92,2251548,77757.0,0.061674,,,,,,
train,92,2251648,77759.8,0.053922,,,,,,
train,92,2251748,77762.7,0.059723,,,,,,
train,92,2251848,77765.6,0.053713,,,,,,
train,92,2251948,77768.4,0.057178,,,,,,
train,92,2252048,77771.3,0.060563,,,,,,
train,92,2252148,77774.1,0.054350,,,,,,
train,92,2252248,77777.0,0.057995,,,,,,
train,92,2252348,77779.9,0.057105,,,,,,
train,92,2252448,77782.7,0.054942,,,,,,
train,92,2252548,77785.6,0.053445,,,,,,
train,92,2252648,77788.4,0.055714,,,,,,
train,92,2252748,77791.3,0.054967,,,,,,
train,92,2252848,77794.2,nan,,,,,,
train,92,2252948,77797.0,0.059168,,,,,,
train,92,2253048,77799.9,0.058937,,,,,,
train,92,2253148,77802.7,0.054293,,,,,,
train,92,2253248,77805.6,0.057866,,,,,,
train,92,2253348,77808.4,0.058716,,,,,,
train,92,2253448,77811.3,0.055983,,,,,,
train,92,2253548,77814.2,0.060412,,,,,,
train,92,2253648,77817.0,0.058467,,,,,,
train,92,2253748,77819.9,0.057046,,,,,,
train,92,2253848,77822.7,0.056570,,,,,,
train,92,2253948,77825.6,0.058449,,,,,,
train,92,2254048,77828.4,0.058749,,,,,,
train,92,2254148,77831.3,0.054696,,,,,,
train,92,2254248,77834.1,0.060170,,,,,,
train,92,2254348,77837.0,0.061830,,,,,,
train,92,2254448,77839.9,0.053154,,,,,,
train,92,2254548,77842.7,0.053355,,,,,,
train,92,2254648,77845.6,0.059420,,,,,,
train,92,2254748,77848.4,0.055719,,,,,,
train,92,2254848,77851.3,0.054300,,,,,,
train,92,2254948,77854.1,0.057368,,,,,,
train,92,2255048,77857.0,0.053822,,,,,,
train,92,2255148,77859.8,0.051967,,,,,,
train,92,2255248,77862.7,0.056309,,,,,,
train,92,2255348,77865.5,0.055696,,,,,,
train,92,2255448,77868.4,0.055946,,,,,,
train,92,2255548,77871.3,0.058232,,,,,,
train,92,2255648,77874.1,0.055589,,,,,,
train,92,2255748,77877.0,0.059900,,,,,,
train,92,2255848,77879.8,0.056956,,,,,,
train,92,2255948,77882.7,0.055825,,,,,,
train,92,2256048,77885.5,0.061189,,,,,,
train,92,2256148,77888.4,0.053979,,,,,,
train,92,2256248,77891.2,0.056089,,,,,,
train,92,2256348,77894.1,0.057528,,,,,,
train,92,2256448,77897.0,0.057778,,,,,,
train,92,2256548,77899.8,0.053553,,,,,,
train,92,2256648,77902.7,0.056024,,,,,,
train,92,2256748,77905.5,0.056548,,,,,,
train,92,2256848,77908.4,0.057976,,,,,,
train,92,2256948,77911.2,0.055065,,,,,,
train,92,2257048,77914.1,0.058849,,,,,,
train,92,2257148,77917.0,0.055325,,,,,,
train,92,2257248,77919.8,0.056230,,,,,,
train,92,2257348,77922.7,0.055226,,,,,,
train,92,2257448,77925.5,0.053395,,,,,,
train,92,2257548,77928.4,0.058707,,,,,,
train,92,2257648,77931.3,0.053989,,,,,,
train,92,2257748,77934.1,0.058789,,,,,,
train,92,2257848,77937.0,0.056282,,,,,,
train,92,2257948,77939.8,0.056544,,,,,,
train,92,2258048,77942.7,0.056960,,,,,,
train,92,2258148,77945.5,0.054264,,,,,,
train,92,2258248,77948.4,0.059064,,,,,,
train,92,2258348,77951.3,0.052957,,,,,,
train,92,2258448,77954.1,0.057050,,,,,,
train,92,2258548,77957.0,0.054529,,,,,,
train,92,2258648,77959.8,0.060727,,,,,,
train,92,2258748,77962.7,0.054644,,,,,,
train,92,2258848,77965.5,0.059646,,,,,,
train,92,2258948,77968.4,0.058414,,,,,,
train,92,2259048,77971.2,0.056409,,,,,,
train,92,2259148,77974.1,0.056528,,,,,,
train,92,2259248,77977.0,0.060709,,,,,,
train,92,2259348,77979.8,0.056033,,,,,,
train,92,2259448,77982.7,0.054591,,,,,,
train,92,2259548,77985.5,0.057742,,,,,,
train,92,2259648,77988.4,0.060572,,,,,,
train,92,2259748,77991.2,0.057908,,,,,,
train,92,2259848,77994.1,0.056048,,,,,,
train,92,2259948,77996.9,0.056803,,,,,,
train,92,2260048,77999.8,0.055580,,,,,,
train,92,2260148,78002.7,0.061775,,,,,,
train,92,2260248,78005.5,0.057768,,,,,,
train,92,2260348,78008.4,0.057517,,,,,,
train,92,2260448,78011.2,0.057919,,,,,,
train,92,2260548,78014.1,0.055329,,,,,,
train,92,2260648,78017.0,0.057780,,,,,,
train,92,2260748,78019.9,0.057022,,,,,,
train,92,2260848,78023.1,0.058213,,,,,,
train,92,2260948,78025.9,0.056594,,,,,,
train,92,2261048,78028.8,0.058184,,,,,,
train,92,2261148,78031.6,0.055954,,,,,,
train,92,2261248,78034.5,0.055847,,,,,,
train,92,2261348,78037.3,0.057502,,,,,,
train,92,2261448,78040.2,0.059337,,,,,,
train,92,2261548,78043.1,0.058842,,,,,,
train,92,2261648,78045.9,0.052443,,,,,,
train,92,2261748,78048.8,0.054815,,,,,,
train,92,2261848,78051.6,0.055647,,,,,,
train,92,2261948,78054.5,0.057311,,,,,,
train,92,2262048,78057.3,0.057959,,,,,,
train,92,2262148,78060.2,0.059270,,,,,,
train,92,2262248,78063.1,0.056990,,,,,,
train,92,2262348,78065.9,0.056935,,,,,,
train,92,2262448,78068.8,0.058569,,,,,,
train,92,2262548,78071.6,0.059802,,,,,,
train,92,2262648,78074.5,0.057108,,,,,,
train,92,2262748,78077.3,0.056346,,,,,,
train,92,2262848,78080.2,0.056519,,,,,,
train,92,2262948,78083.1,0.054771,,,,,,
train,92,2263048,78085.9,0.054172,,,,,,
train,92,2263148,78088.9,0.056263,,,,,,
train,92,2263248,78091.8,0.051730,,,,,,
train,92,2263348,78094.7,0.057423,,,,,,
train,92,2263448,78097.5,0.055191,,,,,,
train,92,2263548,78100.4,0.056230,,,,,,
train,92,2263648,78103.2,0.055803,,,,,,
train,92,2263748,78106.1,0.057887,,,,,,
train,92,2263848,78109.0,0.058874,,,,,,
train,92,2263948,78111.8,0.057280,,,,,,
train,92,2264048,78114.7,0.059770,,,,,,
train,92,2264148,78117.5,0.055421,,,,,,
train,92,2264248,78120.4,0.056652,,,,,,
train,92,2264348,78123.2,0.055464,,,,,,
train,92,2264448,78126.1,0.061375,,,,,,
train,92,2264548,78129.0,0.055713,,,,,,
train,92,2264648,78131.8,0.054945,,,,,,
train,92,2264748,78134.7,0.056306,,,,,,
train,92,2264848,78137.5,0.055783,,,,,,
train,92,2264948,78140.4,0.056500,,,,,,
train,92,2265048,78143.2,0.057412,,,,,,
train,92,2265148,78146.1,0.055552,,,,,,
train,92,2265248,78148.9,0.055045,,,,,,
train,92,2265348,78151.8,0.054145,,,,,,
train,92,2265448,78154.7,0.057163,,,,,,
train,92,2265548,78157.5,0.060335,,,,,,
train,92,2265648,78160.4,0.060856,,,,,,
train,92,2265748,78163.2,0.058727,,,,,,
train,92,2265848,78166.1,0.056806,,,,,,
train,92,2265948,78168.9,0.056317,,,,,,
train,92,2266048,78171.8,0.059841,,,,,,
train,92,2266148,78174.7,0.059841,,,,,,
train,92,2266248,78177.5,0.053994,,,,,,
train,92,2266348,78180.4,0.055710,,,,,,
train,92,2266448,78183.2,0.056605,,,,,,
train,92,2266548,78186.1,0.054687,,,,,,
train,92,2266648,78189.0,0.059590,,,,,,
train,92,2266748,78191.8,0.055675,,,,,,
train,92,2266848,78194.7,0.053198,,,,,,
train,92,2266948,78197.5,0.059195,,,,,,
train,92,2267048,78200.4,0.059150,,,,,,
train,92,2267148,78203.3,0.057117,,,,,,
train,92,2267248,78206.1,0.055784,,,,,,
train,92,2267348,78209.0,0.061723,,,,,,
train,92,2267448,78211.8,0.053626,,,,,,
train,92,2267548,78214.7,0.058344,,,,,,
train,92,2267648,78217.5,0.055313,,,,,,
train,92,2267748,78220.4,0.053260,,,,,,
train,92,2267848,78223.2,0.059388,,,,,,
train,92,2267948,78226.1,0.055061,,,,,,
train,92,2268048,78229.0,0.056733,,,,,,
train,92,2268148,78231.8,0.056507,,,,,,
train,92,2268248,78234.7,0.053874,,,,,,
train,92,2268348,78237.5,0.055958,,,,,,
train,92,2268448,78240.4,0.052956,,,,,,
train,92,2268548,78243.3,0.053071,,,,,,
train,92,2268648,78246.1,0.055019,,,,,,
train,92,2268748,78249.0,0.058683,,,,,,
train,92,2268848,78251.9,0.057907,,,,,,
train,92,2268948,78254.7,0.056942,,,,,,
train,92,2269048,78257.6,0.055958,,,,,,
train,92,2269148,78260.4,0.058604,,,,,,
train,92,2269248,78263.3,0.053821,,,,,,
train,92,2269348,78266.1,0.058484,,,,,,
train,92,2269448,78269.0,0.054885,,,,,,
train,92,2269548,78271.8,0.057056,,,,,,
train,92,2269648,78274.7,0.054455,,,,,,
train,92,2269748,78277.6,0.054770,,,,,,
train,92,2269848,78280.5,0.057612,,,,,,
train,92,2269948,78283.3,0.060176,,,,,,
train,92,2270048,78286.2,0.060394,,,,,,
train,92,2270148,78289.1,0.055286,,,,,,
train,92,2270248,78292.0,0.058296,,,,,,
train,92,2270348,78294.8,0.053162,,,,,,
train,92,2270448,78297.7,0.055352,,,,,,
train,92,2270548,78300.5,0.057370,,,,,,
train,92,2270648,78303.4,0.056655,,,,,,
train,92,2270748,78306.2,0.057444,,,,,,
train,92,2270848,78309.1,0.056176,,,,,,
train,92,2270948,78312.0,0.058017,,,,,,
train,92,2271048,78314.8,0.052142,,,,,,
train,92,2271148,78317.7,0.053694,,,,,,
train,92,2271248,78320.5,0.059294,,,,,,
train,92,2271348,78323.4,0.055053,,,,,,
train,92,2271448,78326.2,0.054997,,,,,,
train,92,2271548,78329.1,0.058445,,,,,,
train,92,2271648,78331.9,0.056482,,,,,,
train,92,2271748,78334.8,0.050585,,,,,,
train,92,2271848,78337.7,0.058214,,,,,,
train,92,2271948,78340.5,0.057731,,,,,,
train,92,2272048,78343.4,0.057219,,,,,,
train,92,2272148,78346.3,0.056502,,,,,,
train,92,2272248,78349.1,0.054220,,,,,,
train,92,2272348,78352.0,0.060688,,,,,,
train,92,2272448,78354.8,0.056264,,,,,,
train,92,2272548,78357.7,0.055543,,,,,,
train,92,2272648,78360.6,0.057438,,,,,,
train,92,2272748,78363.4,0.056400,,,,,,
train,92,2272848,78366.3,0.054624,,,,,,
train,92,2272948,78369.1,0.056386,,,,,,
train,92,2273048,78372.0,0.058205,,,,,,
train,92,2273148,78374.8,0.056156,,,,,,
train,92,2273248,78377.7,0.055512,,,,,,
val,92,,78522.4,0.057994,0.003893,0.000032,0.010582,0.048634,35.7637,0.954421
train,93,2273392,78526.3,0.057670,,,,,,
train,93,2273492,78529.2,0.055277,,,,,,
train,93,2273592,78532.1,0.057775,,,,,,
train,93,2273692,78534.9,0.053679,,,,,,
train,93,2273792,78537.8,0.057904,,,,,,
train,93,2273892,78540.6,0.058663,,,,,,
train,93,2273992,78543.5,0.058439,,,,,,
train,93,2274092,78546.3,0.054776,,,,,,
train,93,2274192,78549.2,0.053889,,,,,,
train,93,2274292,78552.0,0.059913,,,,,,
train,93,2274392,78554.9,0.056311,,,,,,
train,93,2274492,78557.7,0.056553,,,,,,
train,93,2274592,78560.6,0.061793,,,,,,
train,93,2274692,78563.4,0.052690,,,,,,
train,93,2274792,78566.3,0.057845,,,,,,
train,93,2274892,78569.1,0.056632,,,,,,
train,93,2274992,78572.0,0.058159,,,,,,
train,93,2275092,78574.9,0.055431,,,,,,
train,93,2275192,78577.7,0.057190,,,,,,
train,93,2275292,78580.6,0.054084,,,,,,
train,93,2275392,78583.4,0.055650,,,,,,
train,93,2275492,78586.3,0.060907,,,,,,
train,93,2275592,78589.1,0.054714,,,,,,
train,93,2275692,78592.0,0.059349,,,,,,
train,93,2275792,78594.8,0.059745,,,,,,
train,93,2275892,78597.7,0.058237,,,,,,
train,93,2275992,78600.5,0.055556,,,,,,
train,93,2276092,78603.4,0.052931,,,,,,
train,93,2276192,78606.3,0.052375,,,,,,
train,93,2276292,78609.1,0.056604,,,,,,
train,93,2276392,78612.0,0.056437,,,,,,
train,93,2276492,78614.8,0.059491,,,,,,
train,93,2276592,78617.7,0.059443,,,,,,
train,93,2276692,78620.5,0.055407,,,,,,
train,93,2276792,78623.4,0.056731,,,,,,
train,93,2276892,78626.2,0.059316,,,,,,
train,93,2276992,78629.1,0.056840,,,,,,
train,93,2277092,78631.9,0.056258,,,,,,
train,93,2277192,78634.8,0.055469,,,,,,
train,93,2277292,78637.7,0.057708,,,,,,
train,93,2277392,78640.5,0.053619,,,,,,
train,93,2277492,78643.4,0.059913,,,,,,
train,93,2277592,78646.2,0.054007,,,,,,
train,93,2277692,78649.1,0.053791,,,,,,
train,93,2277792,78652.0,0.056252,,,,,,
train,93,2277892,78654.8,0.054327,,,,,,
train,93,2277992,78657.7,0.057941,,,,,,
train,93,2278092,78660.5,0.055330,,,,,,
train,93,2278192,78663.4,0.056927,,,,,,
train,93,2278292,78666.2,0.052690,,,,,,
train,93,2278392,78669.1,0.062175,,,,,,
train,93,2278492,78671.9,0.057351,,,,,,
train,93,2278592,78674.8,0.053847,,,,,,
train,93,2278692,78677.6,0.058806,,,,,,
train,93,2278792,78680.5,0.056819,,,,,,
train,93,2278892,78683.3,0.059556,,,,,,
train,93,2278992,78686.2,0.056483,,,,,,
train,93,2279092,78689.0,0.059579,,,,,,
train,93,2279192,78691.9,0.056448,,,,,,
train,93,2279292,78694.7,0.059855,,,,,,
train,93,2279392,78697.6,0.055151,,,,,,
train,93,2279492,78700.5,0.051180,,,,,,
train,93,2279592,78703.3,0.059002,,,,,,
train,93,2279692,78706.2,0.057645,,,,,,
train,93,2279792,78709.0,0.055925,,,,,,
train,93,2279892,78711.9,0.060621,,,,,,
train,93,2279992,78714.7,0.054569,,,,,,
train,93,2280092,78717.6,0.056864,,,,,,
train,93,2280192,78720.4,0.056169,,,,,,
train,93,2280292,78723.3,0.053423,,,,,,
train,93,2280392,78726.1,0.059533,,,,,,
train,93,2280492,78729.0,0.056332,,,,,,
train,93,2280592,78731.8,0.056866,,,,,,
train,93,2280692,78734.7,0.053266,,,,,,
train,93,2280792,78737.5,0.057403,,,,,,
train,93,2280892,78740.4,0.056277,,,,,,
train,93,2280992,78743.2,0.056514,,,,,,
train,93,2281092,78746.0,0.056770,,,,,,
train,93,2281192,78748.9,0.057418,,,,,,
train,93,2281292,78751.7,0.055199,,,,,,
train,93,2281392,78754.6,0.058807,,,,,,
train,93,2281492,78757.4,0.055839,,,,,,
train,93,2281592,78760.3,0.060692,,,,,,
train,93,2281692,78763.2,0.057924,,,,,,
train,93,2281792,78766.0,0.055120,,,,,,
train,93,2281892,78768.9,0.055754,,,,,,
train,93,2281992,78771.7,0.059193,,,,,,
train,93,2282092,78774.6,0.055708,,,,,,
train,93,2282192,78777.4,0.057387,,,,,,
train,93,2282292,78780.9,0.058996,,,,,,
train,93,2282392,78783.8,0.054759,,,,,,
train,93,2282492,78786.6,0.055034,,,,,,
train,93,2282592,78789.5,0.057016,,,,,,
train,93,2282692,78792.3,0.056902,,,,,,
train,93,2282792,78795.2,0.057360,,,,,,
train,93,2282892,78798.1,0.059096,,,,,,
train,93,2282992,78800.9,0.053552,,,,,,
train,93,2283092,78803.8,0.058864,,,,,,
train,93,2283192,78806.6,0.060526,,,,,,
train,93,2283292,78809.5,0.058310,,,,,,
train,93,2283392,78812.3,0.057538,,,,,,
train,93,2283492,78815.2,0.054920,,,,,,
train,93,2283592,78818.0,0.061674,,,,,,
train,93,2283692,78820.9,0.054103,,,,,,
train,93,2283792,78823.7,0.056962,,,,,,
train,93,2283892,78826.6,0.056654,,,,,,
train,93,2283992,78829.4,0.055591,,,,,,
train,93,2284092,78832.3,0.053331,,,,,,
train,93,2284192,78835.1,0.058779,,,,,,
train,93,2284292,78838.0,0.054973,,,,,,
train,93,2284392,78840.9,0.055680,,,,,,
train,93,2284492,78843.7,0.058829,,,,,,
train,93,2284592,78846.6,0.054773,,,,,,
train,93,2284692,78849.4,0.054590,,,,,,
train,93,2284792,78852.3,0.058748,,,,,,
train,93,2284892,78855.1,0.052271,,,,,,
train,93,2284992,78858.0,0.054261,,,,,,
train,93,2285092,78860.8,0.053031,,,,,,
train,93,2285192,78863.7,0.058578,,,,,,
train,93,2285292,78866.5,0.053834,,,,,,
train,93,2285392,78869.4,0.056331,,,,,,
train,93,2285492,78872.2,0.058303,,,,,,
train,93,2285592,78875.1,0.054191,,,,,,
train,93,2285692,78877.9,0.057273,,,,,,
train,93,2285792,78880.8,0.053717,,,,,,
train,93,2285892,78883.6,0.057538,,,,,,
train,93,2285992,78886.5,0.053255,,,,,,
train,93,2286092,78889.3,0.057020,,,,,,
train,93,2286192,78892.2,0.054410,,,,,,
train,93,2286292,78895.0,0.056008,,,,,,
train,93,2286392,78897.9,0.054886,,,,,,
train,93,2286492,78900.7,0.056078,,,,,,
train,93,2286592,78903.6,0.056059,,,,,,
train,93,2286692,78906.4,0.056158,,,,,,
train,93,2286792,78909.3,0.055612,,,,,,
train,93,2286892,78912.1,0.057761,,,,,,
train,93,2286992,78915.0,0.057609,,,,,,
train,93,2287092,78918.0,0.060743,,,,,,
train,93,2287192,78921.0,0.057599,,,,,,
train,93,2287292,78923.9,0.058961,,,,,,
train,93,2287392,78926.7,0.053874,,,,,,
train,93,2287492,78929.6,0.059031,,,,,,
train,93,2287592,78932.4,0.057529,,,,,,
train,93,2287692,78935.2,0.055898,,,,,,
train,93,2287792,78938.1,0.057081,,,,,,
train,93,2287892,78941.0,0.060927,,,,,,
train,93,2287992,78943.8,0.051734,,,,,,
train,93,2288092,78946.7,0.055589,,,,,,
train,93,2288192,78949.5,0.057150,,,,,,
train,93,2288292,78952.4,0.055515,,,,,,
train,93,2288392,78955.7,0.060491,,,,,,
train,93,2288492,78958.5,0.055165,,,,,,
train,93,2288592,78961.4,0.059629,,,,,,
train,93,2288692,78964.2,0.056526,,,,,,
train,93,2288792,78967.1,0.056357,,,,,,
train,93,2288892,78969.9,0.057133,,,,,,
train,93,2288992,78972.8,0.058454,,,,,,
train,93,2289092,78975.6,0.055582,,,,,,
train,93,2289192,78978.5,0.060118,,,,,,
train,93,2289292,78981.4,0.055291,,,,,,
train,93,2289392,78984.2,0.053850,,,,,,
train,93,2289492,78987.1,0.056744,,,,,,
train,93,2289592,78990.0,0.054322,,,,,,
train,93,2289692,78992.9,0.055792,,,,,,
train,93,2289792,78995.7,0.052300,,,,,,
train,93,2289892,78998.6,0.057337,,,,,,
train,93,2289992,79001.4,0.058011,,,,,,
train,93,2290092,79004.3,nan,,,,,,
train,93,2290192,79007.1,0.057106,,,,,,
train,93,2290292,79010.0,0.058174,,,,,,
train,93,2290392,79012.8,0.055655,,,,,,
train,93,2290492,79015.7,0.055713,,,,,,
train,93,2290592,79018.5,0.055663,,,,,,
train,93,2290692,79021.4,0.058057,,,,,,
train,93,2290792,79024.2,0.055487,,,,,,
train,93,2290892,79027.1,0.058932,,,,,,
train,93,2290992,79030.0,0.058163,,,,,,
train,93,2291092,79032.8,0.055584,,,,,,
train,93,2291192,79035.7,0.054500,,,,,,
train,93,2291292,79038.5,0.053209,,,,,,
train,93,2291392,79041.4,0.056498,,,,,,
train,93,2291492,79044.2,0.053934,,,,,,
train,93,2291592,79047.1,0.057032,,,,,,
train,93,2291692,79049.9,0.051152,,,,,,
train,93,2291792,79052.8,0.054768,,,,,,
train,93,2291892,79055.6,0.057454,,,,,,
train,93,2291992,79058.5,0.055543,,,,,,
train,93,2292092,79061.3,0.056409,,,,,,
train,93,2292192,79064.2,0.055565,,,,,,
train,93,2292292,79067.0,0.059699,,,,,,
train,93,2292392,79069.9,0.059993,,,,,,
train,93,2292492,79072.8,0.056888,,,,,,
train,93,2292592,79075.6,0.054732,,,,,,
train,93,2292692,79078.5,0.054416,,,,,,
train,93,2292792,79081.4,0.056170,,,,,,
train,93,2292892,79084.3,0.061939,,,,,,
train,93,2292992,79087.1,0.054505,,,,,,
train,93,2293092,79090.0,0.056539,,,,,,
train,93,2293192,79092.8,0.055306,,,,,,
train,93,2293292,79095.6,0.054428,,,,,,
train,93,2293392,79098.5,0.054882,,,,,,
train,93,2293492,79101.4,0.059465,,,,,,
train,93,2293592,79104.2,0.058822,,,,,,
train,93,2293692,79107.0,0.056072,,,,,,
train,93,2293792,79109.9,0.054060,,,,,,
train,93,2293892,79112.7,0.054184,,,,,,
train,93,2293992,79115.6,0.056301,,,,,,
train,93,2294092,79118.4,0.062002,,,,,,
train,93,2294192,79121.3,0.054961,,,,,,
train,93,2294292,79124.1,0.053817,,,,,,
train,93,2294392,79127.0,0.052402,,,,,,
train,93,2294492,79129.8,0.055915,,,,,,
train,93,2294592,79132.6,0.054193,,,,,,
train,93,2294692,79135.5,0.059735,,,,,,
train,93,2294792,79138.3,0.058253,,,,,,
train,93,2294892,79141.2,0.054754,,,,,,
train,93,2294992,79144.0,0.053826,,,,,,
train,93,2295092,79146.9,0.056674,,,,,,
train,93,2295192,79149.7,0.056655,,,,,,
train,93,2295292,79152.6,0.056567,,,,,,
train,93,2295392,79155.5,0.056670,,,,,,
train,93,2295492,79158.3,0.058880,,,,,,
train,93,2295592,79161.2,0.057366,,,,,,
train,93,2295692,79164.0,0.058009,,,,,,
train,93,2295792,79166.9,0.055186,,,,,,
train,93,2295892,79169.7,0.057782,,,,,,
train,93,2295992,79172.6,0.058133,,,,,,
train,93,2296092,79175.4,0.057195,,,,,,
train,93,2296192,79178.3,0.058695,,,,,,
train,93,2296292,79181.1,0.059780,,,,,,
train,93,2296392,79184.0,0.055102,,,,,,
train,93,2296492,79186.8,0.053540,,,,,,
train,93,2296592,79189.7,0.058311,,,,,,
train,93,2296692,79192.6,0.057605,,,,,,
train,93,2296792,79195.4,0.054954,,,,,,
train,93,2296892,79198.3,0.053368,,,,,,
train,93,2296992,79201.2,0.054920,,,,,,
train,93,2297092,79204.0,0.056027,,,,,,
train,93,2297192,79206.9,0.054629,,,,,,
train,93,2297292,79209.7,0.055731,,,,,,
train,93,2297392,79212.6,0.055658,,,,,,
train,93,2297492,79215.4,0.059554,,,,,,
train,93,2297592,79218.3,0.056894,,,,,,
train,93,2297692,79221.1,0.060165,,,,,,
val,93,,79366.0,0.058375,0.003893,0.000032,0.010583,0.048611,35.7577,0.954440
train,94,2297836,79369.7,0.055243,,,,,,
train,94,2297936,79372.5,0.057499,,,,,,
train,94,2298036,79375.4,0.052747,,,,,,
train,94,2298136,79378.3,0.056775,,,,,,
train,94,2298236,79381.1,0.056035,,,,,,
train,94,2298336,79384.0,0.055440,,,,,,
train,94,2298436,79386.8,0.054965,,,,,,
train,94,2298536,79389.7,0.059592,,,,,,
train,94,2298636,79392.5,0.057908,,,,,,
train,94,2298736,79395.4,0.056411,,,,,,
train,94,2298836,79398.3,0.057634,,,,,,
train,94,2298936,79401.1,0.052589,,,,,,
train,94,2299036,79404.0,0.059116,,,,,,
train,94,2299136,79406.8,0.051647,,,,,,
train,94,2299236,79409.7,0.058839,,,,,,
train,94,2299336,79412.6,0.058860,,,,,,
train,94,2299436,79415.4,0.054276,,,,,,
train,94,2299536,79418.3,0.054315,,,,,,
train,94,2299636,79421.1,0.058089,,,,,,
train,94,2299736,79424.0,0.053340,,,,,,
train,94,2299836,79426.9,0.054101,,,,,,
train,94,2299936,79429.9,0.057926,,,,,,
train,94,2300036,79432.7,0.051664,,,,,,
train,94,2300136,79435.6,0.058631,,,,,,
train,94,2300236,79438.4,0.056110,,,,,,
train,94,2300336,79441.3,0.055868,,,,,,
train,94,2300436,79444.1,0.056644,,,,,,
train,94,2300536,79447.0,0.052558,,,,,,
train,94,2300636,79449.8,0.059890,,,,,,
train,94,2300736,79452.7,0.054375,,,,,,
train,94,2300836,79455.5,0.056912,,,,,,
train,94,2300936,79458.4,0.059141,,,,,,
train,94,2301036,79461.3,0.055436,,,,,,
train,94,2301136,79464.1,0.055756,,,,,,
train,94,2301236,79467.0,0.053816,,,,,,
train,94,2301336,79469.8,0.055274,,,,,,
train,94,2301436,79472.7,0.056824,,,,,,
train,94,2301536,79475.5,0.056255,,,,,,
train,94,2301636,79478.4,0.057583,,,,,,
train,94,2301736,79481.7,0.057956,,,,,,
train,94,2301836,79484.5,0.055928,,,,,,
train,94,2301936,79487.4,0.061026,,,,,,
train,94,2302036,79490.2,0.055275,,,,,,
train,94,2302136,79493.1,0.054814,,,,,,
train,94,2302236,79495.9,0.054467,,,,,,
train,94,2302336,79498.8,0.057164,,,,,,
train,94,2302436,79501.7,0.056181,,,,,,
train,94,2302536,79504.5,0.054428,,,,,,
train,94,2302636,79507.4,0.058341,,,,,,
train,94,2302736,79510.2,0.062518,,,,,,
train,94,2302836,79513.1,0.055299,,,,,,
train,94,2302936,79515.9,0.055946,,,,,,
train,94,2303036,79518.8,0.053026,,,,,,
train,94,2303136,79521.6,0.054138,,,,,,
train,94,2303236,79524.5,0.056565,,,,,,
train,94,2303336,79527.4,0.054851,,,,,,
train,94,2303436,79530.2,0.056195,,,,,,
train,94,2303536,79533.1,0.053070,,,,,,
train,94,2303636,79535.9,0.057941,,,,,,
train,94,2303736,79538.8,0.060193,,,,,,
train,94,2303836,79541.6,0.053190,,,,,,
train,94,2303936,79544.5,0.058664,,,,,,
train,94,2304036,79547.4,0.053480,,,,,,
train,94,2304136,79550.2,0.058533,,,,,,
train,94,2304236,79553.1,0.059166,,,,,,
train,94,2304336,79555.9,0.056130,,,,,,
train,94,2304436,79558.8,0.054767,,,,,,
train,94,2304536,79561.7,0.058517,,,,,,
train,94,2304636,79564.5,0.059932,,,,,,
train,94,2304736,79567.4,0.054250,,,,,,
train,94,2304836,79570.2,0.055668,,,,,,
train,94,2304936,79573.1,0.058152,,,,,,
train,94,2305036,79575.9,0.056002,,,,,,
train,94,2305136,79578.8,0.056405,,,,,,
train,94,2305236,79581.6,0.057071,,,,,,
train,94,2305336,79584.5,0.055916,,,,,,
train,94,2305436,79587.3,0.055922,,,,,,
train,94,2305536,79590.2,0.055954,,,,,,
train,94,2305636,79593.1,0.054304,,,,,,
train,94,2305736,79595.9,0.057046,,,,,,
train,94,2305836,79598.8,0.056539,,,,,,
train,94,2305936,79601.6,0.056114,,,,,,
train,94,2306036,79604.5,0.054810,,,,,,
train,94,2306136,79607.3,0.055050,,,,,,
train,94,2306236,79610.2,0.054429,,,,,,
train,94,2306336,79613.1,0.054458,,,,,,
train,94,2306436,79615.9,0.056149,,,,,,
train,94,2306536,79618.8,0.060803,,,,,,
train,94,2306636,79621.6,0.056992,,,,,,
train,94,2306736,79624.5,0.058378,,,,,,
train,94,2306836,79627.3,0.056189,,,,,,
train,94,2306936,79630.2,0.059215,,,,,,
train,94,2307036,79633.1,0.055619,,,,,,
train,94,2307136,79635.9,0.055267,,,,,,
train,94,2307236,79638.8,0.055900,,,,,,
train,94,2307336,79641.6,0.062491,,,,,,
train,94,2307436,79644.5,0.059078,,,,,,
train,94,2307536,79647.3,0.056573,,,,,,
train,94,2307636,79650.2,0.055706,,,,,,
train,94,2307736,79653.1,0.055060,,,,,,
train,94,2307836,79655.9,0.061028,,,,,,
train,94,2307936,79658.8,0.057328,,,,,,
train,94,2308036,79661.6,0.056486,,,,,,
train,94,2308136,79664.5,0.052298,,,,,,
train,94,2308236,79667.3,0.055142,,,,,,
train,94,2308336,79670.2,0.059901,,,,,,
train,94,2308436,79673.0,0.054980,,,,,,
train,94,2308536,79675.9,0.059036,,,,,,
train,94,2308636,79678.8,0.057080,,,,,,
train,94,2308736,79681.6,0.055296,,,,,,
train,94,2308836,79684.5,0.056429,,,,,,
train,94,2308936,79687.3,0.053909,,,,,,
train,94,2309036,79690.2,0.058177,,,,,,
train,94,2309136,79693.0,0.054872,,,,,,
train,94,2309236,79695.9,0.056184,,,,,,
train,94,2309336,79698.8,0.047887,,,,,,
train,94,2309436,79701.6,0.055721,,,,,,
train,94,2309536,79704.5,0.058428,,,,,,
train,94,2309636,79707.3,0.054853,,,,,,
train,94,2309736,79710.2,0.057660,,,,,,
train,94,2309836,79713.1,0.059382,,,,,,
train,94,2309936,79715.9,0.057329,,,,,,
train,94,2310036,79718.8,0.055223,,,,,,
train,94,2310136,79721.7,0.054639,,,,,,
train,94,2310236,79724.5,0.056423,,,,,,
train,94,2310336,79727.4,0.058131,,,,,,
train,94,2310436,79730.2,0.057838,,,,,,
train,94,2310536,79733.1,0.055637,,,,,,
train,94,2310636,79735.9,0.056245,,,,,,
train,94,2310736,79738.8,0.053764,,,,,,
train,94,2310836,79741.7,0.057504,,,,,,
train,94,2310936,79744.5,0.058292,,,,,,
train,94,2311036,79747.4,0.056228,,,,,,
train,94,2311136,79750.2,0.053857,,,,,,
train,94,2311236,79753.1,0.057779,,,,,,
train,94,2311336,79756.0,0.054941,,,,,,
train,94,2311436,79758.8,0.057846,,,,,,
train,94,2311536,79761.7,0.060012,,,,,,
train,94,2311636,79764.5,0.055606,,,,,,
train,94,2311736,79767.4,0.054753,,,,,,
train,94,2311836,79770.2,0.054618,,,,,,
train,94,2311936,79773.1,0.052956,,,,,,
train,94,2312036,79775.9,0.052731,,,,,,
train,94,2312136,79778.8,0.056353,,,,,,
train,94,2312236,79781.7,0.057640,,,,,,
train,94,2312336,79784.5,0.055910,,,,,,
train,94,2312436,79787.4,0.054355,,,,,,
train,94,2312536,79790.2,0.054086,,,,,,
train,94,2312636,79793.1,0.056879,,,,,,
train,94,2312736,79795.9,0.057377,,,,,,
train,94,2312836,79798.8,0.058028,,,,,,
train,94,2312936,79801.6,0.060114,,,,,,
train,94,2313036,79804.5,0.054248,,,,,,
train,94,2313136,79807.3,0.061814,,,,,,
train,94,2313236,79810.2,0.053945,,,,,,
train,94,2313336,79813.0,0.056522,,,,,,
train,94,2313436,79815.9,0.057979,,,,,,
train,94,2313536,79818.7,0.053107,,,,,,
train,94,2313636,79821.6,0.053252,,,,,,
train,94,2313736,79824.5,0.059777,,,,,,
train,94,2313836,79827.3,0.055753,,,,,,
train,94,2313936,79830.2,0.058045,,,,,,
train,94,2314036,79833.0,0.057359,,,,,,
train,94,2314136,79835.9,0.055873,,,,,,
train,94,2314236,79838.7,0.057736,,,,,,
train,94,2314336,79841.6,0.056428,,,,,,
train,94,2314436,79844.4,0.055671,,,,,,
train,94,2314536,79847.3,0.054422,,,,,,
train,94,2314636,79850.1,0.055639,,,,,,
train,94,2314736,79853.0,0.055619,,,,,,
train,94,2314836,79855.9,0.056002,,,,,,
train,94,2314936,79858.7,0.056056,,,,,,
train,94,2315036,79861.6,0.056651,,,,,,
train,94,2315136,79864.4,0.057072,,,,,,
train,94,2315236,79867.3,0.056110,,,,,,
train,94,2315336,79870.1,0.056359,,,,,,
train,94,2315436,79873.0,0.054832,,,,,,
train,94,2315536,79875.9,0.058424,,,,,,
train,94,2315636,79878.7,0.054411,,,,,,
train,94,2315736,79881.6,0.055159,,,,,,
train,94,2315836,79884.4,0.052828,,,,,,
train,94,2315936,79887.3,0.053484,,,,,,
train,94,2316036,79890.1,0.059247,,,,,,
train,94,2316136,79893.0,0.058882,,,,,,
train,94,2316236,79895.9,0.057505,,,,,,
train,94,2316336,79898.7,0.053670,,,,,,
train,94,2316436,79901.6,0.050445,,,,,,
train,94,2316536,79904.4,0.057453,,,,,,
train,94,2316636,79907.3,0.054254,,,,,,
train,94,2316736,79910.1,0.058233,,,,,,
train,94,2316836,79913.0,0.058076,,,,,,
train,94,2316936,79915.9,0.057322,,,,,,
train,94,2317036,79918.7,0.059195,,,,,,
train,94,2317136,79921.6,0.061296,,,,,,
train,94,2317236,79924.4,0.057755,,,,,,
train,94,2317336,79927.3,0.055655,,,,,,
train,94,2317436,79930.1,0.052359,,,,,,
train,94,2317536,79933.0,0.058375,,,,,,
train,94,2317636,79935.9,0.059219,,,,,,
train,94,2317736,79938.8,0.053872,,,,,,
train,94,2317836,79941.7,0.056458,,,,,,
train,94,2317936,79944.5,0.055629,,,,,,
train,94,2318036,79947.4,0.053583,,,,,,
train,94,2318136,79950.2,0.058811,,,,,,
train,94,2318236,79953.1,0.055483,,,,,,
train,94,2318336,79955.9,0.057162,,,,,,
train,94,2318436,79958.8,0.056063,,,,,,
train,94,2318536,79961.6,0.057035,,,,,,
train,94,2318636,79964.5,0.058963,,,,,,
train,94,2318736,79967.4,0.054785,,,,,,
train,94,2318836,79970.2,0.056731,,,,,,
train,94,2318936,79973.1,0.055058,,,,,,
train,94,2319036,79975.9,0.056565,,,,,,
train,94,2319136,79978.8,0.060552,,,,,,
train,94,2319236,79981.7,0.058924,,,,,,
train,94,2319336,79984.5,0.059709,,,,,,
train,94,2319436,79987.4,0.057154,,,,,,
train,94,2319536,79990.2,0.057895,,,,,,
train,94,2319636,79993.1,0.055487,,,,,,
train,94,2319736,79995.9,0.055762,,,,,,
train,94,2319836,79998.8,0.055484,,,,,,
train,94,2319936,80001.7,0.055882,,,,,,
train,94,2320036,80004.5,0.056892,,,,,,
train,94,2320136,80007.4,0.056678,,,,,,
train,94,2320236,80010.2,nan,,,,,,
train,94,2320336,80013.1,0.054857,,,,,,
train,94,2320436,80015.9,0.058408,,,,,,
train,94,2320536,80018.8,0.055761,,,,,,
train,94,2320636,80021.6,0.059904,,,,,,
train,94,2320736,80024.5,0.051723,,,,,,
train,94,2320836,80027.3,0.056252,,,,,,
train,94,2320936,80030.2,0.056137,,,,,,
train,94,2321036,80033.0,0.060215,,,,,,
train,94,2321136,80035.9,0.056437,,,,,,
train,94,2321236,80038.7,0.056381,,,,,,
train,94,2321336,80041.6,0.055575,,,,,,
train,94,2321436,80044.4,0.059424,,,,,,
train,94,2321536,80047.3,0.052367,,,,,,
train,94,2321636,80050.1,0.057270,,,,,,
train,94,2321736,80053.0,0.058082,,,,,,
train,94,2321836,80055.8,0.056988,,,,,,
train,94,2321936,80058.7,0.054593,,,,,,
train,94,2322036,80061.6,0.056826,,,,,,
train,94,2322136,80064.4,0.056516,,,,,,
val,94,,80209.1,0.057693,0.003892,0.000032,0.010592,0.048595,35.7581,0.954447
train,95,2322280,80213.2,0.057388,,,,,,
train,95,2322380,80216.0,0.056710,,,,,,
train,95,2322480,80218.9,0.058202,,,,,,
train,95,2322580,80221.7,0.058802,,,,,,
train,95,2322680,80224.7,0.055041,,,,,,
train,95,2322780,80227.5,0.053202,,,,,,
train,95,2322880,80230.4,0.057049,,,,,,
train,95,2322980,80233.2,0.057212,,,,,,
train,95,2323080,80236.1,0.055934,,,,,,
train,95,2323180,80239.0,0.055240,,,,,,
train,95,2323280,80241.8,0.057927,,,,,,
train,95,2323380,80244.7,0.058770,,,,,,
train,95,2323480,80247.5,0.049744,,,,,,
train,95,2323580,80250.4,0.053050,,,,,,
train,95,2323680,80253.5,0.054894,,,,,,
train,95,2323780,80256.3,0.055208,,,,,,
train,95,2323880,80259.2,0.054557,,,,,,
train,95,2323980,80262.1,0.055424,,,,,,
train,95,2324080,80264.9,0.058072,,,,,,
train,95,2324180,80267.8,0.055170,,,,,,
train,95,2324280,80270.6,0.058850,,,,,,
train,95,2324380,80273.5,0.056458,,,,,,
train,95,2324480,80276.3,0.057798,,,,,,
train,95,2324580,80279.2,0.054761,,,,,,
train,95,2324680,80282.1,0.054122,,,,,,
train,95,2324780,80284.9,0.057256,,,,,,
train,95,2324880,80287.8,0.058158,,,,,,
train,95,2324980,80290.6,0.056259,,,,,,
train,95,2325080,80293.5,0.055023,,,,,,
train,95,2325180,80296.3,0.057596,,,,,,
train,95,2325280,80299.2,0.054525,,,,,,
train,95,2325380,80302.1,0.059544,,,,,,
train,95,2325480,80304.9,0.057080,,,,,,
train,95,2325580,80307.8,0.054938,,,,,,
train,95,2325680,80310.6,0.056542,,,,,,
train,95,2325780,80313.5,0.059706,,,,,,
train,95,2325880,80316.3,0.055598,,,,,,
train,95,2325980,80319.2,0.053632,,,,,,
train,95,2326080,80322.1,0.053864,,,,,,
train,95,2326180,80324.9,0.057348,,,,,,
train,95,2326280,80327.8,0.056267,,,,,,
train,95,2326380,80330.6,0.056328,,,,,,
train,95,2326480,80333.5,0.056212,,,,,,
train,95,2326580,80336.3,0.059370,,,,,,
train,95,2326680,80339.2,0.057583,,,,,,
train,95,2326780,80342.0,0.053588,,,,,,
train,95,2326880,80344.9,0.054490,,,,,,
train,95,2326980,80347.7,0.057380,,,,,,
train,95,2327080,80350.6,0.052530,,,,,,
train,95,2327180,80353.4,0.056222,,,,,,
train,95,2327280,80356.3,0.058753,,,,,,
train,95,2327380,80359.2,0.060942,,,,,,
train,95,2327480,80362.0,0.055519,,,,,,
train,95,2327580,80365.3,0.054959,,,,,,
train,95,2327680,80368.2,0.057668,,,,,,
train,95,2327780,80371.0,0.057529,,,,,,
train,95,2327880,80373.9,0.056390,,,,,,
train,95,2327980,80376.7,0.055964,,,,,,
train,95,2328080,80379.6,0.056581,,,,,,
train,95,2328180,80382.4,0.059440,,,,,,
train,95,2328280,80385.3,0.056661,,,,,,
train,95,2328380,80388.2,0.058304,,,,,,
train,95,2328480,80391.0,0.055458,,,,,,
train,95,2328580,80393.9,0.055157,,,,,,
train,95,2328680,80396.7,0.061403,,,,,,
train,95,2328780,80399.6,0.057646,,,,,,
train,95,2328880,80402.4,0.057860,,,,,,
train,95,2328980,80405.3,0.056041,,,,,,
train,95,2329080,80408.2,0.056094,,,,,,
train,95,2329180,80411.0,0.053956,,,,,,
train,95,2329280,80413.9,0.054061,,,,,,
train,95,2329380,80416.7,0.059583,,,,,,
train,95,2329480,80419.6,0.053716,,,,,,
train,95,2329580,80422.4,0.059163,,,,,,
train,95,2329680,80425.3,0.058430,,,,,,
train,95,2329780,80428.1,0.056192,,,,,,
train,95,2329880,80431.0,0.056940,,,,,,
train,95,2329980,80433.8,0.054073,,,,,,
train,95,2330080,80436.7,0.058780,,,,,,
train,95,2330180,80439.6,0.056120,,,,,,
train,95,2330280,80442.4,0.056241,,,,,,
train,95,2330380,80445.3,0.060136,,,,,,
train,95,2330480,80448.1,0.052537,,,,,,
train,95,2330580,80451.0,0.059928,,,,,,
train,95,2330680,80453.9,0.059742,,,,,,
train,95,2330780,80456.7,0.054971,,,,,,
train,95,2330880,80459.6,0.059713,,,,,,
train,95,2330980,80462.4,0.058857,,,,,,
train,95,2331080,80465.3,0.053613,,,,,,
train,95,2331180,80468.2,0.055941,,,,,,
train,95,2331280,80471.0,0.055331,,,,,,
train,95,2331380,80473.9,0.058966,,,,,,
train,95,2331480,80476.7,0.057210,,,,,,
train,95,2331580,80479.6,0.057494,,,,,,
train,95,2331680,80482.4,0.057007,,,,,,
train,95,2331780,80485.3,0.058581,,,,,,
train,95,2331880,80488.1,0.055107,,,,,,
train,95,2331980,80491.0,0.061125,,,,,,
train,95,2332080,80493.8,0.053867,,,,,,
train,95,2332180,80496.7,0.058506,,,,,,
train,95,2332280,80499.5,0.055634,,,,,,
train,95,2332380,80502.4,0.055358,,,,,,
train,95,2332480,80505.3,0.055708,,,,,,
train,95,2332580,80508.1,0.055025,,,,,,
train,95,2332680,80511.0,0.056858,,,,,,
train,95,2332780,80513.8,0.057088,,,,,,
train,95,2332880,80516.7,0.058947,,,,,,
train,95,2332980,80519.6,0.055820,,,,,,
train,95,2333080,80522.4,0.056643,,,,,,
train,95,2333180,80525.3,0.055691,,,,,,
train,95,2333280,80528.1,0.055982,,,,,,
train,95,2333380,80531.0,0.059498,,,,,,
train,95,2333480,80533.8,0.055957,,,,,,
train,95,2333580,80536.7,0.052845,,,,,,
train,95,2333680,80539.6,0.057943,,,,,,
train,95,2333780,80542.4,0.055453,,,,,,
train,95,2333880,80545.3,0.056460,,,,,,
train,95,2333980,80548.1,0.054709,,,,,,
train,95,2334080,80551.0,0.059019,,,,,,
train,95,2334180,80553.9,0.058223,,,,,,
train,95,2334280,80556.7,0.057771,,,,,,
train,95,2334380,80559.6,0.054078,,,,,,
train,95,2334480,80562.4,0.055410,,,,,,
train,95,2334580,80565.3,0.054915,,,,,,
train,95,2334680,80568.1,0.053884,,,,,,
train,95,2334780,80571.0,0.059302,,,,,,
train,95,2334880,80573.9,0.057623,,,,,,
train,95,2334980,80576.7,0.055509,,,,,,
train,95,2335080,80579.6,0.056607,,,,,,
train,95,2335180,80582.4,0.056771,,,,,,
train,95,2335280,80585.3,0.052934,,,,,,
train,95,2335380,80588.1,0.059128,,,,,,
train,95,2335480,80591.0,0.052794,,,,,,
train,95,2335580,80593.8,0.060610,,,,,,
train,95,2335680,80596.7,0.053531,,,,,,
train,95,2335780,80599.5,0.051780,,,,,,
train,95,2335880,80602.4,0.055300,,,,,,
train,95,2335980,80605.3,0.057106,,,,,,
train,95,2336080,80608.1,0.059252,,,,,,
train,95,2336180,80611.0,0.054780,,,,,,
train,95,2336280,80613.9,0.056020,,,,,,
train,95,2336380,80616.8,0.055364,,,,,,
train,95,2336480,80619.6,0.051784,,,,,,
train,95,2336580,80622.5,0.055273,,,,,,
train,95,2336680,80625.3,0.057966,,,,,,
train,95,2336780,80628.2,0.056473,,,,,,
train,95,2336880,80631.1,0.055608,,,,,,
train,95,2336980,80633.9,0.056614,,,,,,
train,95,2337080,80636.7,0.057603,,,,,,
train,95,2337180,80639.6,0.060320,,,,,,
train,95,2337280,80642.4,0.054696,,,,,,
train,95,2337380,80645.3,0.060656,,,,,,
train,95,2337480,80648.2,0.052059,,,,,,
train,95,2337580,80651.0,0.054311,,,,,,
train,95,2337680,80653.9,0.057033,,,,,,
train,95,2337780,80656.7,0.056609,,,,,,
train,95,2337880,80659.6,0.055066,,,,,,
train,95,2337980,80662.4,0.057284,,,,,,
train,95,2338080,80665.3,0.057553,,,,,,
train,95,2338180,80668.1,0.060252,,,,,,
train,95,2338280,80671.0,0.055214,,,,,,
train,95,2338380,80673.9,0.058397,,,,,,
train,95,2338480,80676.8,0.056614,,,,,,
train,95,2338580,80679.6,0.057560,,,,,,
train,95,2338680,80682.5,0.056046,,,,,,
train,95,2338780,80685.3,0.057045,,,,,,
train,95,2338880,80688.2,0.057735,,,,,,
train,95,2338980,80691.0,0.059724,,,,,,
train,95,2339080,80693.9,0.060347,,,,,,
train,95,2339180,80696.7,0.058717,,,,,,
train,95,2339280,80699.6,0.058561,,,,,,
train,95,2339380,80702.4,0.053991,,,,,,
train,95,2339480,80705.3,0.057005,,,,,,
train,95,2339580,80708.1,0.055571,,,,,,
train,95,2339680,80711.0,0.057258,,,,,,
train,95,2339780,80713.8,0.054846,,,,,,
train,95,2339880,80716.7,0.057800,,,,,,
train,95,2339980,80719.6,0.051743,,,,,,
train,95,2340080,80722.4,0.056456,,,,,,
train,95,2340180,80725.3,0.056683,,,,,,
train,95,2340280,80728.1,0.057612,,,,,,
train,95,2340380,80731.0,0.054828,,,,,,
train,95,2340480,80733.8,0.055919,,,,,,
train,95,2340580,80736.7,0.058757,,,,,,
train,95,2340680,80739.5,0.055398,,,,,,
train,95,2340780,80742.4,0.055599,,,,,,
train,95,2340880,80745.2,0.058965,,,,,,
train,95,2340980,80748.1,nan,,,,,,
train,95,2341080,80751.0,0.055345,,,,,,
train,95,2341180,80753.8,0.055093,,,,,,
train,95,2341280,80756.7,0.058061,,,,,,
train,95,2341380,80759.5,0.055125,,,,,,
train,95,2341480,80762.4,0.054139,,,,,,
train,95,2341580,80765.2,0.052174,,,,,,
train,95,2341680,80768.1,0.057924,,,,,,
train,95,2341780,80770.9,0.057836,,,,,,
train,95,2341880,80773.8,0.059673,,,,,,
train,95,2341980,80776.7,0.056520,,,,,,
train,95,2342080,80779.5,0.060849,,,,,,
train,95,2342180,80782.4,0.058394,,,,,,
train,95,2342280,80785.2,0.055519,,,,,,
train,95,2342380,80788.1,0.056539,,,,,,
train,95,2342480,80791.0,0.053487,,,,,,
train,95,2342580,80793.9,0.058330,,,,,,
train,95,2342680,80796.7,0.054180,,,,,,
train,95,2342780,80799.6,0.055918,,,,,,
train,95,2342880,80802.4,0.062683,,,,,,
train,95,2342980,80805.3,0.054306,,,,,,
train,95,2343080,80808.1,0.052642,,,,,,
train,95,2343180,80811.0,0.055523,,,,,,
train,95,2343280,80813.9,0.057430,,,,,,
train,95,2343380,80816.7,0.054868,,,,,,
train,95,2343480,80819.6,0.056301,,,,,,
train,95,2343580,80822.4,0.054864,,,,,,
train,95,2343680,80825.3,0.055984,,,,,,
train,95,2343780,80828.2,0.056286,,,,,,
train,95,2343880,80831.0,0.057017,,,,,,
train,95,2343980,80833.9,0.053029,,,,,,
train,95,2344080,80836.7,0.052951,,,,,,
train,95,2344180,80839.6,0.052270,,,,,,
train,95,2344280,80842.4,0.060206,,,,,,
train,95,2344380,80845.3,0.052335,,,,,,
train,95,2344480,80848.1,0.057372,,,,,,
train,95,2344580,80851.0,0.057653,,,,,,
train,95,2344680,80853.9,0.052366,,,,,,
train,95,2344780,80856.7,0.056652,,,,,,
train,95,2344880,80859.6,0.059009,,,,,,
train,95,2344980,80862.4,0.057727,,,,,,
train,95,2345080,80865.3,0.055799,,,,,,
train,95,2345180,80868.1,0.060256,,,,,,
train,95,2345280,80871.0,0.056639,,,,,,
train,95,2345380,80873.8,0.057925,,,,,,
train,95,2345480,80876.9,0.054974,,,,,,
train,95,2345580,80879.8,0.057042,,,,,,
train,95,2345680,80882.6,0.054733,,,,,,
train,95,2345780,80885.5,0.057531,,,,,,
train,95,2345880,80888.4,0.053276,,,,,,
train,95,2345980,80891.2,0.053434,,,,,,
train,95,2346080,80894.1,0.054739,,,,,,
train,95,2346180,80896.9,0.056071,,,,,,
train,95,2346280,80899.8,0.057444,,,,,,
train,95,2346380,80902.6,0.051876,,,,,,
train,95,2346480,80905.5,0.053114,,,,,,
train,95,2346580,80908.3,0.056207,,,,,,
val,95,,81053.0,0.057889,0.003891,0.000032,0.010612,0.048631,35.7422,0.954406
train,96,2346724,81056.7,0.055364,,,,,,
train,96,2346824,81059.5,0.054286,,,,,,
train,96,2346924,81062.4,0.057480,,,,,,
train,96,2347024,81065.2,0.055521,,,,,,
train,96,2347124,81068.1,0.055132,,,,,,
train,96,2347224,81071.0,0.058229,,,,,,
train,96,2347324,81073.8,0.053645,,,,,,
train,96,2347424,81076.7,0.058863,,,,,,
train,96,2347524,81079.6,0.058854,,,,,,
train,96,2347624,81082.4,0.055809,,,,,,
train,96,2347724,81085.3,0.054537,,,,,,
train,96,2347824,81088.1,0.054573,,,,,,
train,96,2347924,81091.0,0.054641,,,,,,
train,96,2348024,81093.9,0.057875,,,,,,
train,96,2348124,81096.7,0.052521,,,,,,
train,96,2348224,81099.6,0.052626,,,,,,
train,96,2348324,81102.5,0.056798,,,,,,
train,96,2348424,81105.3,0.057796,,,,,,
train,96,2348524,81108.2,0.056883,,,,,,
train,96,2348624,81111.1,0.059470,,,,,,
train,96,2348724,81113.9,0.058959,,,,,,
train,96,2348824,81116.8,0.055724,,,,,,
train,96,2348924,81119.7,0.056203,,,,,,
train,96,2349024,81122.5,0.059245,,,,,,
train,96,2349124,81125.4,0.061350,,,,,,
train,96,2349224,81128.3,0.056832,,,,,,
train,96,2349324,81131.1,0.062646,,,,,,
train,96,2349424,81134.0,0.051191,,,,,,
train,96,2349524,81136.9,0.053537,,,,,,
train,96,2349624,81139.7,0.057570,,,,,,
train,96,2349724,81142.7,0.058163,,,,,,
train,96,2349824,81145.7,0.057186,,,,,,
train,96,2349924,81148.6,0.059739,,,,,,
train,96,2350024,81151.5,0.056180,,,,,,
train,96,2350124,81154.3,0.059303,,,,,,
train,96,2350224,81157.2,0.050594,,,,,,
train,96,2350324,81160.1,0.057651,,,,,,
train,96,2350424,81162.9,0.060001,,,,,,
train,96,2350524,81165.8,0.053113,,,,,,
train,96,2350624,81168.6,0.056877,,,,,,
train,96,2350724,81171.5,0.057029,,,,,,
train,96,2350824,81174.4,0.055995,,,,,,
train,96,2350924,81177.2,0.062043,,,,,,
train,96,2351024,81180.1,0.057543,,,,,,
train,96,2351124,81183.0,0.056360,,,,,,
train,96,2351224,81185.9,0.056438,,,,,,
train,96,2351324,81188.8,0.056804,,,,,,
train,96,2351424,81191.7,0.054158,,,,,,
train,96,2351524,81194.5,0.055665,,,,,,
train,96,2351624,81197.4,0.060034,,,,,,
train,96,2351724,81200.3,0.056381,,,,,,
train,96,2351824,81203.2,0.055806,,,,,,
train,96,2351924,81206.0,0.057859,,,,,,
train,96,2352024,81208.9,0.056068,,,,,,
train,96,2352124,81211.7,0.054115,,,,,,
train,96,2352224,81214.6,0.055618,,,,,,
train,96,2352324,81217.5,0.061200,,,,,,
train,96,2352424,81220.3,0.057645,,,,,,
train,96,2352524,81223.2,0.058042,,,,,,
train,96,2352624,81226.1,0.057921,,,,,,
train,96,2352724,81229.0,0.051007,,,,,,
train,96,2352824,81231.8,0.055456,,,,,,
train,96,2352924,81234.7,0.053086,,,,,,
train,96,2353024,81237.5,0.053622,,,,,,
train,96,2353124,81240.4,0.054439,,,,,,
train,96,2353224,81243.3,0.057518,,,,,,
train,96,2353324,81246.1,0.057076,,,,,,
train,96,2353424,81249.0,0.055597,,,,,,
train,96,2353524,81251.9,0.056218,,,,,,
train,96,2353624,81254.7,0.058405,,,,,,
train,96,2353724,81257.6,0.057481,,,,,,
train,96,2353824,81260.5,0.055528,,,,,,
train,96,2353924,81263.3,0.053803,,,,,,
train,96,2354024,81266.2,0.058482,,,,,,
train,96,2354124,81269.0,0.055222,,,,,,
train,96,2354224,81271.9,0.055330,,,,,,
train,96,2354324,81274.8,0.056706,,,,,,
train,96,2354424,81277.6,0.053088,,,,,,
train,96,2354524,81280.5,0.057953,,,,,,
train,96,2354624,81283.3,0.056167,,,,,,
train,96,2354724,81286.2,0.059263,,,,,,
train,96,2354824,81289.1,0.061103,,,,,,
train,96,2354924,81291.9,0.056806,,,,,,
train,96,2355024,81294.8,0.057649,,,,,,
train,96,2355124,81297.7,0.056435,,,,,,
train,96,2355224,81300.5,0.051121,,,,,,
train,96,2355324,81303.4,0.055644,,,,,,
train,96,2355424,81306.2,0.054676,,,,,,
train,96,2355524,81309.1,0.056631,,,,,,
train,96,2355624,81311.9,0.056456,,,,,,
train,96,2355724,81314.8,0.054916,,,,,,
train,96,2355824,81317.7,0.057507,,,,,,
train,96,2355924,81320.5,0.053062,,,,,,
train,96,2356024,81323.4,0.058080,,,,,,
train,96,2356124,81326.2,0.054399,,,,,,
train,96,2356224,81329.1,0.058198,,,,,,
train,96,2356324,81332.0,0.055711,,,,,,
train,96,2356424,81334.8,0.057093,,,,,,
train,96,2356524,81337.7,0.057158,,,,,,
train,96,2356624,81340.6,0.059532,,,,,,
train,96,2356724,81343.4,0.054758,,,,,,
train,96,2356824,81346.3,nan,,,,,,
train,96,2356924,81349.2,0.057627,,,,,,
train,96,2357024,81352.0,0.059537,,,,,,
train,96,2357124,81354.9,0.055719,,,,,,
train,96,2357224,81357.8,0.055810,,,,,,
train,96,2357324,81360.6,0.056268,,,,,,
train,96,2357424,81363.5,0.056043,,,,,,
train,96,2357524,81366.4,0.054596,,,,,,
train,96,2357624,81369.2,0.056521,,,,,,
train,96,2357724,81372.1,0.057928,,,,,,
train,96,2357824,81374.9,0.058967,,,,,,
train,96,2357924,81377.8,0.055470,,,,,,
train,96,2358024,81380.7,0.056664,,,,,,
train,96,2358124,81383.6,0.054165,,,,,,
train,96,2358224,81386.4,0.055134,,,,,,
train,96,2358324,81389.3,0.055036,,,,,,
train,96,2358424,81392.2,0.059736,,,,,,
train,96,2358524,81395.0,0.057807,,,,,,
train,96,2358624,81398.4,0.054107,,,,,,
train,96,2358724,81401.3,0.052973,,,,,,
train,96,2358824,81404.2,0.054895,,,,,,
train,96,2358924,81407.0,0.056843,,,,,,
train,96,2359024,81409.9,0.057212,,,,,,
train,96,2359124,81412.8,0.058635,,,,,,
train,96,2359224,81415.6,0.053407,,,,,,
train,96,2359324,81418.5,0.057019,,,,,,
train,96,2359424,81421.4,0.058878,,,,,,
train,96,2359524,81424.2,0.053168,,,,,,
train,96,2359624,81427.1,0.058739,,,,,,
train,96,2359724,81429.9,0.054951,,,,,,
train,96,2359824,81432.8,0.055624,,,,,,
train,96,2359924,81435.7,0.055881,,,,,,
train,96,2360024,81438.5,0.057888,,,,,,
train,96,2360124,81441.4,0.051399,,,,,,
train,96,2360224,81444.3,0.053180,,,,,,
train,96,2360324,81447.1,0.054721,,,,,,
train,96,2360424,81450.0,0.053145,,,,,,
train,96,2360524,81452.8,0.059527,,,,,,
train,96,2360624,81455.7,0.055975,,,,,,
train,96,2360724,81458.6,0.060933,,,,,,
train,96,2360824,81461.4,0.056502,,,,,,
train,96,2360924,81464.3,0.059279,,,,,,
train,96,2361024,81467.1,0.059578,,,,,,
train,96,2361124,81470.0,0.058693,,,,,,
train,96,2361224,81472.8,0.055524,,,,,,
train,96,2361324,81475.7,0.061911,,,,,,
train,96,2361424,81478.6,0.055113,,,,,,
train,96,2361524,81481.4,0.060569,,,,,,
train,96,2361624,81484.3,0.058715,,,,,,
train,96,2361724,81487.1,0.055986,,,,,,
train,96,2361824,81490.0,0.061713,,,,,,
train,96,2361924,81492.9,0.054705,,,,,,
train,96,2362024,81495.7,0.057370,,,,,,
train,96,2362124,81498.6,0.056343,,,,,,
train,96,2362224,81501.5,0.055494,,,,,,
train,96,2362324,81504.3,0.053966,,,,,,
train,96,2362424,81507.2,0.059936,,,,,,
train,96,2362524,81510.0,0.055738,,,,,,
train,96,2362624,81512.9,0.056908,,,,,,
train,96,2362724,81515.7,0.056160,,,,,,
train,96,2362824,81518.6,0.054593,,,,,,
train,96,2362924,81521.5,0.054452,,,,,,
train,96,2363024,81524.3,0.054492,,,,,,
train,96,2363124,81527.2,0.056505,,,,,,
train,96,2363224,81530.1,0.057061,,,,,,
train,96,2363324,81532.9,0.056698,,,,,,
train,96,2363424,81535.8,0.058464,,,,,,
train,96,2363524,81538.6,0.053341,,,,,,
train,96,2363624,81541.5,0.055876,,,,,,
train,96,2363724,81544.4,0.056728,,,,,,
train,96,2363824,81547.2,0.051045,,,,,,
train,96,2363924,81550.1,0.055637,,,,,,
train,96,2364024,81552.9,0.056644,,,,,,
train,96,2364124,81555.8,0.052840,,,,,,
train,96,2364224,81558.7,0.056630,,,,,,
train,96,2364324,81561.5,0.059710,,,,,,
train,96,2364424,81564.4,0.052875,,,,,,
train,96,2364524,81567.3,0.057409,,,,,,
train,96,2364624,81570.2,0.059352,,,,,,
train,96,2364724,81573.0,0.056559,,,,,,
train,96,2364824,81575.9,0.060583,,,,,,
train,96,2364924,81578.8,0.055215,,,,,,
train,96,2365024,81581.6,0.056202,,,,,,
train,96,2365124,81584.5,0.055693,,,,,,
train,96,2365224,81587.4,0.054295,,,,,,
train,96,2365324,81590.2,0.056933,,,,,,
train,96,2365424,81593.1,0.060476,,,,,,
train,96,2365524,81595.9,0.054786,,,,,,
train,96,2365624,81598.8,0.057272,,,,,,
train,96,2365724,81601.7,0.058787,,,,,,
train,96,2365824,81604.5,0.063162,,,,,,
train,96,2365924,81607.4,0.055153,,,,,,
train,96,2366024,81610.3,0.055154,,,,,,
train,96,2366124,81613.2,0.056157,,,,,,
train,96,2366224,81616.0,0.055669,,,,,,
train,96,2366324,81618.9,0.055651,,,,,,
train,96,2366424,81621.8,0.060972,,,,,,
train,96,2366524,81624.6,0.059386,,,,,,
train,96,2366624,81627.5,0.055727,,,,,,
train,96,2366724,81630.3,0.056610,,,,,,
train,96,2366824,81633.2,0.055168,,,,,,
train,96,2366924,81636.1,0.055748,,,,,,
train,96,2367024,81638.9,0.056765,,,,,,
train,96,2367124,81641.8,0.056227,,,,,,
train,96,2367224,81644.7,0.055113,,,,,,
train,96,2367324,81647.5,0.057136,,,,,,
train,96,2367424,81650.4,0.059316,,,,,,
train,96,2367524,81653.3,0.060655,,,,,,
train,96,2367624,81656.1,0.057897,,,,,,
train,96,2367724,81659.0,0.051669,,,,,,
train,96,2367824,81661.9,0.057372,,,,,,
train,96,2367924,81664.7,0.055325,,,,,,
train,96,2368024,81667.6,0.056006,,,,,,
train,96,2368124,81670.5,0.059318,,,,,,
train,96,2368224,81673.3,0.055108,,,,,,
train,96,2368324,81676.2,0.054403,,,,,,
train,96,2368424,81679.1,0.050714,,,,,,
train,96,2368524,81681.9,0.057336,,,,,,
train,96,2368624,81684.8,0.054061,,,,,,
train,96,2368724,81687.6,0.059822,,,,,,
train,96,2368824,81690.5,0.058366,,,,,,
train,96,2368924,81693.4,0.054012,,,,,,
train,96,2369024,81696.2,0.062071,,,,,,
train,96,2369124,81699.1,0.058744,,,,,,
train,96,2369224,81701.9,0.054071,,,,,,
train,96,2369324,81704.8,0.059633,,,,,,
train,96,2369424,81707.6,0.053882,,,,,,
train,96,2369524,81710.5,0.059216,,,,,,
train,96,2369624,81713.4,0.060200,,,,,,
train,96,2369724,81716.2,0.060792,,,,,,
train,96,2369824,81719.1,0.057463,,,,,,
train,96,2369924,81721.9,0.056491,,,,,,
train,96,2370024,81724.8,0.060013,,,,,,
train,96,2370124,81727.7,0.055513,,,,,,
train,96,2370224,81730.5,0.058179,,,,,,
train,96,2370324,81733.4,0.059717,,,,,,
train,96,2370424,81736.3,0.055241,,,,,,
train,96,2370524,81739.1,0.057504,,,,,,
train,96,2370624,81742.0,0.055033,,,,,,
train,96,2370724,81744.9,0.054704,,,,,,
train,96,2370824,81747.7,0.055939,,,,,,
train,96,2370924,81750.6,0.054807,,,,,,
train,96,2371024,81753.4,0.056113,,,,,,
val,96,,81898.3,0.058039,0.003890,0.000032,0.010584,0.048633,35.7574,0.954430
train,97,2371168,81901.9,0.055381,,,,,,
train,97,2371268,81904.8,0.055652,,,,,,
train,97,2371368,81907.7,0.055196,,,,,,
train,97,2371468,81910.5,0.060390,,,,,,
train,97,2371568,81913.4,0.056416,,,,,,
train,97,2371668,81916.2,0.053737,,,,,,
train,97,2371768,81919.1,0.058021,,,,,,
train,97,2371868,81921.9,0.055398,,,,,,
train,97,2371968,81924.8,0.060109,,,,,,
train,97,2372068,81927.7,0.056120,,,,,,
train,97,2372168,81930.5,0.062371,,,,,,
train,97,2372268,81933.4,0.060854,,,,,,
train,97,2372368,81936.2,0.055032,,,,,,
train,97,2372468,81939.1,0.055911,,,,,,
train,97,2372568,81941.9,0.059775,,,,,,
train,97,2372668,81944.8,0.058443,,,,,,
train,97,2372768,81947.6,0.055102,,,,,,
train,97,2372868,81950.5,0.056930,,,,,,
train,97,2372968,81953.4,0.054422,,,,,,
train,97,2373068,81956.2,0.058015,,,,,,
train,97,2373168,81959.1,0.055092,,,,,,
train,97,2373268,81961.9,0.055362,,,,,,
train,97,2373368,81964.8,0.057668,,,,,,
train,97,2373468,81967.6,0.057722,,,,,,
train,97,2373568,81970.5,0.054089,,,,,,
train,97,2373668,81973.3,0.054290,,,,,,
train,97,2373768,81976.2,0.054125,,,,,,
train,97,2373868,81979.0,0.061917,,,,,,
train,97,2373968,81981.9,0.058383,,,,,,
train,97,2374068,81984.8,0.052908,,,,,,
train,97,2374168,81987.6,0.056046,,,,,,
train,97,2374268,81990.5,0.060228,,,,,,
train,97,2374368,81993.3,0.056157,,,,,,
train,97,2374468,81996.2,0.058019,,,,,,
train,97,2374568,81999.0,0.056069,,,,,,
train,97,2374668,82002.1,0.058402,,,,,,
train,97,2374768,82004.9,0.056028,,,,,,
train,97,2374868,82007.8,0.053837,,,,,,
train,97,2374968,82010.6,0.052953,,,,,,
train,97,2375068,82013.5,0.053621,,,,,,
train,97,2375168,82016.4,0.055327,,,,,,
train,97,2375268,82019.2,0.058124,,,,,,
train,97,2375368,82022.1,0.059523,,,,,,
train,97,2375468,82025.1,0.052999,,,,,,
train,97,2375568,82027.9,0.057951,,,,,,
train,97,2375668,82030.9,0.054462,,,,,,
train,97,2375768,82033.8,0.055583,,,,,,
train,97,2375868,82036.6,0.057585,,,,,,
train,97,2375968,82039.5,0.055900,,,,,,
train,97,2376068,82042.3,0.059131,,,,,,
train,97,2376168,82045.2,0.057258,,,,,,
train,97,2376268,82048.0,0.058892,,,,,,
train,97,2376368,82050.9,0.056745,,,,,,
train,97,2376468,82053.8,0.059219,,,,,,
train,97,2376568,82056.6,0.056203,,,,,,
train,97,2376668,82059.5,0.058100,,,,,,
train,97,2376768,82062.3,0.056113,,,,,,
train,97,2376868,82065.2,0.057621,,,,,,
train,97,2376968,82068.0,0.053843,,,,,,
train,97,2377068,82070.9,0.055491,,,,,,
train,97,2377168,82073.7,0.057883,,,,,,
train,97,2377268,82076.7,0.055361,,,,,,
train,97,2377368,82079.5,0.055296,,,,,,
train,97,2377468,82082.4,0.055830,,,,,,
train,97,2377568,82085.3,0.058168,,,,,,
train,97,2377668,82088.1,0.056534,,,,,,
train,97,2377768,82091.0,0.054166,,,,,,
train,97,2377868,82093.8,0.059405,,,,,,
train,97,2377968,82096.7,0.057510,,,,,,
train,97,2378068,82099.6,0.056069,,,,,,
train,97,2378168,82102.4,0.060063,,,,,,
train,97,2378268,82105.3,0.056746,,,,,,
train,97,2378368,82108.1,0.053587,,,,,,
train,97,2378468,82111.0,0.054809,,,,,,
train,97,2378568,82113.8,0.056039,,,,,,
train,97,2378668,82116.7,0.052227,,,,,,
train,97,2378768,82119.6,0.058091,,,,,,
train,97,2378868,82122.4,0.054528,,,,,,
train,97,2378968,82125.3,0.055677,,,,,,
train,97,2379068,82128.1,0.054777,,,,,,
train,97,2379168,82131.0,0.057306,,,,,,
train,97,2379268,82133.8,0.056900,,,,,,
train,97,2379368,82136.7,0.057645,,,,,,
train,97,2379468,82139.5,0.054916,,,,,,
train,97,2379568,82142.4,0.053518,,,,,,
train,97,2379668,82145.2,0.056914,,,,,,
train,97,2379768,82148.1,0.054413,,,,,,
train,97,2379868,82150.9,0.058689,,,,,,
train,97,2379968,82153.8,0.054212,,,,,,
train,97,2380068,82156.6,0.052423,,,,,,
train,97,2380168,82159.5,0.055710,,,,,,
train,97,2380268,82162.4,0.057165,,,,,,
train,97,2380368,82165.2,0.054231,,,,,,
train,97,2380468,82168.1,0.053806,,,,,,
train,97,2380568,82170.9,0.055564,,,,,,
train,97,2380668,82173.8,0.054538,,,,,,
train,97,2380768,82176.6,0.055950,,,,,,
train,97,2380868,82179.5,0.058379,,,,,,
train,97,2380968,82182.3,0.057326,,,,,,
train,97,2381068,82185.2,0.053121,,,,,,
train,97,2381168,82188.0,0.056958,,,,,,
train,97,2381268,82190.9,0.057838,,,,,,
train,97,2381368,82193.7,0.057688,,,,,,
train,97,2381468,82196.6,0.055252,,,,,,
train,97,2381568,82199.4,0.056462,,,,,,
train,97,2381668,82202.3,0.056245,,,,,,
train,97,2381768,82205.1,0.057525,,,,,,
train,97,2381868,82208.0,0.055717,,,,,,
train,97,2381968,82210.8,0.060389,,,,,,
train,97,2382068,82213.7,0.055071,,,,,,
train,97,2382168,82216.5,0.057111,,,,,,
train,97,2382268,82219.4,0.056195,,,,,,
train,97,2382368,82222.3,0.059954,,,,,,
train,97,2382468,82225.1,0.058152,,,,,,
train,97,2382568,82228.0,0.058560,,,,,,
train,97,2382668,82230.8,0.057993,,,,,,
train,97,2382768,82233.7,0.055483,,,,,,
train,97,2382868,82236.5,0.053288,,,,,,
train,97,2382968,82239.4,0.057766,,,,,,
train,97,2383068,82242.3,0.054389,,,,,,
train,97,2383168,82245.1,0.055582,,,,,,
train,97,2383268,82248.0,0.054197,,,,,,
train,97,2383368,82250.8,0.055512,,,,,,
train,97,2383468,82253.7,0.055517,,,,,,
train,97,2383568,82256.5,0.055658,,,,,,
train,97,2383668,82259.4,0.056518,,,,,,
train,97,2383768,82262.2,0.055727,,,,,,
train,97,2383868,82265.1,0.055552,,,,,,
train,97,2383968,82268.0,0.055622,,,,,,
train,97,2384068,82270.8,0.053211,,,,,,
train,97,2384168,82273.7,0.055035,,,,,,
train,97,2384268,82276.5,0.054843,,,,,,
train,97,2384368,82279.4,0.056206,,,,,,
train,97,2384468,82282.3,0.059331,,,,,,
train,97,2384568,82285.1,0.053861,,,,,,
train,97,2384668,82288.0,0.051825,,,,,,
train,97,2384768,82290.8,0.054825,,,,,,
train,97,2384868,82293.7,0.053061,,,,,,
train,97,2384968,82296.6,0.059093,,,,,,
train,97,2385068,82299.5,0.056658,,,,,,
train,97,2385168,82302.3,0.057459,,,,,,
train,97,2385268,82305.2,0.053562,,,,,,
train,97,2385368,82308.0,0.060908,,,,,,
train,97,2385468,82310.9,0.057962,,,,,,
train,97,2385568,82313.7,0.057811,,,,,,
train,97,2385668,82316.6,0.063027,,,,,,
train,97,2385768,82319.4,0.055646,,,,,,
train,97,2385868,82322.3,0.059656,,,,,,
train,97,2385968,82325.1,0.052356,,,,,,
train,97,2386068,82328.0,0.059140,,,,,,
train,97,2386168,82330.9,0.055331,,,,,,
train,97,2386268,82333.7,0.061427,,,,,,
train,97,2386368,82336.6,0.057297,,,,,,
train,97,2386468,82339.4,0.054589,,,,,,
train,97,2386568,82342.3,0.055848,,,,,,
train,97,2386668,82345.1,0.055708,,,,,,
train,97,2386768,82348.0,0.058294,,,,,,
train,97,2386868,82350.9,0.058318,,,,,,
train,97,2386968,82353.7,0.055700,,,,,,
train,97,2387068,82356.6,0.058190,,,,,,
train,97,2387168,82359.4,0.056481,,,,,,
train,97,2387268,82362.3,0.054195,,,,,,
train,97,2387368,82365.1,0.059064,,,,,,
train,97,2387468,82368.0,0.053542,,,,,,
train,97,2387568,82370.8,0.056428,,,,,,
train,97,2387668,82373.7,0.057024,,,,,,
train,97,2387768,82376.5,0.053158,,,,,,
train,97,2387868,82379.4,0.057351,,,,,,
train,97,2387968,82382.2,0.056328,,,,,,
train,97,2388068,82385.1,0.058911,,,,,,
train,97,2388168,82387.9,0.056417,,,,,,
train,97,2388268,82390.8,0.053779,,,,,,
train,97,2388368,82393.7,0.059566,,,,,,
train,97,2388468,82396.5,0.051722,,,,,,
train,97,2388568,82399.4,0.055450,,,,,,
train,97,2388668,82402.2,0.059606,,,,,,
train,97,2388768,82405.1,0.055765,,,,,,
train,97,2388868,82407.9,0.055710,,,,,,
train,97,2388968,82410.8,0.053646,,,,,,
train,97,2389068,82413.7,0.058920,,,,,,
train,97,2389168,82416.5,0.058994,,,,,,
train,97,2389268,82419.4,0.053193,,,,,,
train,97,2389368,82422.2,0.056545,,,,,,
train,97,2389468,82425.1,0.054096,,,,,,
train,97,2389568,82427.9,0.056318,,,,,,
train,97,2389668,82430.8,0.052437,,,,,,
train,97,2389768,82433.7,0.057786,,,,,,
train,97,2389868,82436.5,0.060081,,,,,,
train,97,2389968,82439.4,0.054485,,,,,,
train,97,2390068,82442.2,0.055074,,,,,,
train,97,2390168,82445.1,0.059010,,,,,,
train,97,2390268,82447.9,0.051790,,,,,,
train,97,2390368,82450.8,0.058120,,,,,,
train,97,2390468,82453.7,0.060161,,,,,,
train,97,2390568,82456.5,0.054785,,,,,,
train,97,2390668,82459.4,0.052990,,,,,,
train,97,2390768,82462.2,0.053742,,,,,,
train,97,2390868,82465.1,0.056206,,,,,,
train,97,2390968,82467.9,0.054536,,,,,,
train,97,2391068,82470.8,0.054007,,,,,,
train,97,2391168,82473.7,0.053844,,,,,,
train,97,2391268,82476.5,0.058885,,,,,,
train,97,2391368,82479.4,0.055696,,,,,,
train,97,2391468,82482.2,0.055795,,,,,,
train,97,2391568,82485.1,0.056337,,,,,,
train,97,2391668,82487.9,0.054533,,,,,,
train,97,2391768,82490.8,0.056294,,,,,,
train,97,2391868,82493.6,0.061184,,,,,,
train,97,2391968,82496.5,0.057988,,,,,,
train,97,2392068,82499.4,0.055189,,,,,,
train,97,2392168,82502.2,0.058390,,,,,,
train,97,2392268,82505.1,0.057115,,,,,,
train,97,2392368,82507.9,0.056363,,,,,,
train,97,2392468,82510.8,0.055053,,,,,,
train,97,2392568,82513.6,0.052823,,,,,,
train,97,2392668,82516.5,0.056839,,,,,,
train,97,2392768,82519.3,0.058565,,,,,,
train,97,2392868,82522.2,0.055038,,,,,,
train,97,2392968,82525.1,0.056474,,,,,,
train,97,2393068,82527.9,0.053855,,,,,,
train,97,2393168,82530.8,0.056989,,,,,,
train,97,2393268,82533.6,0.055705,,,,,,
train,97,2393368,82536.5,0.060184,,,,,,
train,97,2393468,82539.4,0.055912,,,,,,
train,97,2393568,82542.2,0.062487,,,,,,
train,97,2393668,82545.1,0.056899,,,,,,
train,97,2393768,82547.9,0.060423,,,,,,
train,97,2393868,82550.8,0.055617,,,,,,
train,97,2393968,82553.6,0.056938,,,,,,
train,97,2394068,82556.5,0.058355,,,,,,
train,97,2394168,82559.4,0.057064,,,,,,
train,97,2394268,82562.2,nan,,,,,,
train,97,2394368,82565.1,0.054483,,,,,,
train,97,2394468,82567.9,0.054366,,,,,,
train,97,2394568,82570.8,0.055925,,,,,,
train,97,2394668,82573.6,0.056957,,,,,,
train,97,2394768,82576.5,0.055115,,,,,,
train,97,2394868,82579.4,0.055987,,,,,,
train,97,2394968,82582.2,0.060235,,,,,,
train,97,2395068,82585.1,0.059389,,,,,,
train,97,2395168,82587.9,0.054957,,,,,,
train,97,2395268,82590.8,0.053644,,,,,,
train,97,2395368,82593.6,0.060150,,,,,,
train,97,2395468,82596.5,0.058032,,,,,,
val,97,,82741.3,0.057683,0.003890,0.000032,0.010594,0.048619,35.7542,0.954426
train,98,2395612,82745.4,0.056167,,,,,,
train,98,2395712,82748.2,0.055644,,,,,,
train,98,2395812,82751.1,0.053573,,,,,,
train,98,2395912,82753.9,0.055216,,,,,,
train,98,2396012,82756.8,0.055813,,,,,,
train,98,2396112,82759.6,0.059850,,,,,,
train,98,2396212,82762.5,0.056041,,,,,,
train,98,2396312,82765.3,0.057389,,,,,,
train,98,2396412,82768.2,0.056521,,,,,,
train,98,2396512,82771.0,0.055700,,,,,,
train,98,2396612,82773.9,0.057116,,,,,,
train,98,2396712,82776.7,0.055612,,,,,,
train,98,2396812,82779.6,0.051397,,,,,,
train,98,2396912,82782.4,0.056904,,,,,,
train,98,2397012,82785.3,0.055538,,,,,,
train,98,2397112,82788.1,0.052363,,,,,,
train,98,2397212,82791.0,0.057498,,,,,,
train,98,2397312,82793.8,0.058644,,,,,,
train,98,2397412,82796.7,0.058393,,,,,,
train,98,2397512,82799.5,0.053948,,,,,,
train,98,2397612,82802.4,0.057507,,,,,,
train,98,2397712,82805.2,0.058797,,,,,,
train,98,2397812,82808.1,0.053371,,,,,,
train,98,2397912,82810.9,0.057419,,,,,,
train,98,2398012,82813.8,0.054001,,,,,,
train,98,2398112,82816.6,0.054619,,,,,,
train,98,2398212,82819.5,0.061182,,,,,,
train,98,2398312,82822.3,0.054755,,,,,,
train,98,2398412,82825.2,0.056002,,,,,,
train,98,2398512,82828.0,0.056573,,,,,,
train,98,2398612,82830.9,0.058781,,,,,,
train,98,2398712,82833.7,0.055301,,,,,,
train,98,2398812,82836.5,0.055802,,,,,,
train,98,2398912,82839.4,0.057978,,,,,,
train,98,2399012,82842.2,0.057441,,,,,,
train,98,2399112,82845.1,0.054147,,,,,,
train,98,2399212,82847.9,0.051568,,,,,,
train,98,2399312,82850.8,0.057675,,,,,,
train,98,2399412,82853.6,0.055215,,,,,,
train,98,2399512,82856.5,0.053948,,,,,,
train,98,2399612,82859.3,0.056587,,,,,,
train,98,2399712,82862.2,0.054521,,,,,,
train,98,2399812,82865.0,0.053362,,,,,,
train,98,2399912,82867.9,0.056592,,,,,,
train,98,2400012,82870.7,0.057712,,,,,,
train,98,2400112,82873.6,0.061495,,,,,,
train,98,2400212,82876.4,0.056184,,,,,,
train,98,2400312,82879.3,0.052689,,,,,,
train,98,2400412,82882.1,0.061042,,,,,,
train,98,2400512,82885.0,0.057839,,,,,,
train,98,2400612,82887.8,0.060041,,,,,,
train,98,2400712,82890.7,0.055804,,,,,,
train,98,2400812,82893.5,0.061132,,,,,,
train,98,2400912,82896.4,0.056967,,,,,,
train,98,2401012,82899.2,0.060135,,,,,,
train,98,2401112,82902.1,0.052727,,,,,,
train,98,2401212,82904.9,0.057016,,,,,,
train,98,2401312,82907.8,0.058524,,,,,,
train,98,2401412,82910.6,0.055843,,,,,,
train,98,2401512,82913.5,0.063443,,,,,,
train,98,2401612,82916.3,0.061966,,,,,,
train,98,2401712,82919.2,0.054586,,,,,,
train,98,2401812,82922.0,0.056187,,,,,,
train,98,2401912,82924.9,0.055902,,,,,,
train,98,2402012,82927.7,0.056453,,,,,,
train,98,2402112,82930.6,0.053339,,,,,,
train,98,2402212,82933.4,0.055018,,,,,,
train,98,2402312,82936.3,0.051522,,,,,,
train,98,2402412,82939.1,0.052510,,,,,,
train,98,2402512,82942.0,0.052127,,,,,,
train,98,2402612,82944.8,0.057616,,,,,,
train,98,2402712,82947.7,0.055929,,,,,,
train,98,2402812,82950.5,0.058432,,,,,,
train,98,2402912,82953.4,0.056913,,,,,,
train,98,2403012,82956.2,0.056683,,,,,,
train,98,2403112,82959.1,0.061695,,,,,,
train,98,2403212,82961.9,0.055438,,,,,,
train,98,2403312,82964.8,0.057666,,,,,,
train,98,2403412,82968.0,0.053962,,,,,,
train,98,2403512,82970.9,0.056071,,,,,,
train,98,2403612,82973.7,0.057588,,,,,,
train,98,2403712,82976.6,0.056884,,,,,,
train,98,2403812,82979.4,0.057524,,,,,,
train,98,2403912,82982.3,0.058220,,,,,,
train,98,2404012,82985.1,0.054570,,,,,,
train,98,2404112,82988.0,0.057573,,,,,,
train,98,2404212,82990.8,0.056404,,,,,,
train,98,2404312,82993.6,0.053752,,,,,,
train,98,2404412,82996.5,0.054668,,,,,,
train,98,2404512,82999.3,0.059385,,,,,,
train,98,2404612,83002.2,0.055123,,,,,,
train,98,2404712,83005.0,0.054976,,,,,,
train,98,2404812,83007.9,0.055079,,,,,,
train,98,2404912,83010.7,0.053440,,,,,,
train,98,2405012,83013.6,0.052504,,,,,,
train,98,2405112,83016.4,0.057985,,,,,,
train,98,2405212,83019.3,0.056611,,,,,,
train,98,2405312,83022.1,0.057436,,,,,,
train,98,2405412,83025.0,0.055966,,,,,,
train,98,2405512,83027.9,0.055224,,,,,,
train,98,2405612,83030.8,0.055172,,,,,,
train,98,2405712,83033.6,0.052322,,,,,,
train,98,2405812,83036.5,0.050601,,,,,,
train,98,2405912,83039.3,0.057850,,,,,,
train,98,2406012,83042.2,0.059202,,,,,,
train,98,2406112,83045.0,0.058474,,,,,,
train,98,2406212,83047.9,0.058462,,,,,,
train,98,2406312,83050.7,0.052220,,,,,,
train,98,2406412,83053.6,0.055871,,,,,,
train,98,2406512,83056.4,0.056750,,,,,,
train,98,2406612,83059.3,0.054118,,,,,,
train,98,2406712,83062.2,0.057320,,,,,,
train,98,2406812,83065.0,0.051046,,,,,,
train,98,2406912,83067.9,0.054434,,,,,,
train,98,2407012,83070.7,0.055143,,,,,,
train,98,2407112,83073.6,0.059414,,,,,,
train,98,2407212,83076.4,0.054085,,,,,,
train,98,2407312,83079.3,0.054088,,,,,,
train,98,2407412,83082.1,0.056239,,,,,,
train,98,2407512,83085.0,0.056889,,,,,,
train,98,2407612,83087.8,0.054030,,,,,,
train,98,2407712,83090.7,0.055143,,,,,,
train,98,2407812,83093.5,0.057608,,,,,,
train,98,2407912,83096.4,0.056613,,,,,,
train,98,2408012,83099.2,0.053560,,,,,,
train,98,2408112,83102.1,0.053997,,,,,,
train,98,2408212,83104.9,0.059024,,,,,,
train,98,2408312,83107.8,0.054704,,,,,,
train,98,2408412,83110.6,0.058599,,,,,,
train,98,2408512,83113.5,0.059220,,,,,,
train,98,2408612,83116.3,0.058283,,,,,,
train,98,2408712,83119.2,0.056861,,,,,,
train,98,2408812,83122.0,0.059976,,,,,,
train,98,2408912,83124.9,0.054928,,,,,,
train,98,2409012,83127.7,0.060978,,,,,,
train,98,2409112,83130.6,0.057809,,,,,,
train,98,2409212,83133.4,0.058964,,,,,,
train,98,2409312,83136.3,0.054868,,,,,,
train,98,2409412,83139.1,0.058422,,,,,,
train,98,2409512,83142.0,0.057199,,,,,,
train,98,2409612,83144.8,0.054166,,,,,,
train,98,2409712,83147.6,0.060400,,,,,,
train,98,2409812,83150.5,0.059995,,,,,,
train,98,2409912,83153.4,0.058461,,,,,,
train,98,2410012,83156.2,0.054745,,,,,,
train,98,2410112,83159.0,0.057273,,,,,,
train,98,2410212,83161.9,0.058996,,,,,,
train,98,2410312,83164.8,0.059141,,,,,,
train,98,2410412,83167.6,0.053114,,,,,,
train,98,2410512,83170.5,nan,,,,,,
train,98,2410612,83173.3,0.055808,,,,,,
train,98,2410712,83176.1,0.055796,,,,,,
train,98,2410812,83179.0,0.057808,,,,,,
train,98,2410912,83181.8,0.055509,,,,,,
train,98,2411012,83184.7,0.057830,,,,,,
train,98,2411112,83187.5,0.058527,,,,,,
train,98,2411212,83190.4,0.058988,,,,,,
train,98,2411312,83193.2,0.055872,,,,,,
train,98,2411412,83196.1,0.055492,,,,,,
train,98,2411512,83198.9,0.059993,,,,,,
train,98,2411612,83201.8,0.056868,,,,,,
train,98,2411712,83204.6,0.056304,,,,,,
train,98,2411812,83207.4,0.056077,,,,,,
train,98,2411912,83210.3,0.056219,,,,,,
train,98,2412012,83213.1,0.056972,,,,,,
train,98,2412112,83216.0,0.053071,,,,,,
train,98,2412212,83218.8,0.058105,,,,,,
train,98,2412312,83221.7,0.055378,,,,,,
train,98,2412412,83224.5,0.058158,,,,,,
train,98,2412512,83227.4,0.056011,,,,,,
train,98,2412612,83230.2,0.056640,,,,,,
train,98,2412712,83233.1,0.057221,,,,,,
train,98,2412812,83235.9,0.054848,,,,,,
train,98,2412912,83238.7,0.057068,,,,,,
train,98,2413012,83241.6,0.055812,,,,,,
train,98,2413112,83244.4,0.059184,,,,,,
train,98,2413212,83247.3,0.052718,,,,,,
train,98,2413312,83250.2,0.053226,,,,,,
train,98,2413412,83253.0,0.057647,,,,,,
train,98,2413512,83255.9,0.058809,,,,,,
train,98,2413612,83258.7,0.057422,,,,,,
train,98,2413712,83261.6,0.057765,,,,,,
train,98,2413812,83264.4,0.054396,,,,,,
train,98,2413912,83267.2,0.055101,,,,,,
train,98,2414012,83270.1,0.055885,,,,,,
train,98,2414112,83272.9,0.054681,,,,,,
train,98,2414212,83275.8,0.054554,,,,,,
train,98,2414312,83278.6,0.055796,,,,,,
train,98,2414412,83281.5,0.056625,,,,,,
train,98,2414512,83284.3,0.057450,,,,,,
train,98,2414612,83287.2,0.057576,,,,,,
train,98,2414712,83290.0,0.059330,,,,,,
train,98,2414812,83292.9,0.057579,,,,,,
train,98,2414912,83295.7,0.055939,,,,,,
train,98,2415012,83298.6,0.054897,,,,,,
train,98,2415112,83301.4,0.054495,,,,,,
train,98,2415212,83304.3,0.056085,,,,,,
train,98,2415312,83307.1,0.051863,,,,,,
train,98,2415412,83310.0,0.056376,,,,,,
train,98,2415512,83312.8,0.057582,,,,,,
train,98,2415612,83315.7,0.055295,,,,,,
train,98,2415712,83318.5,0.056825,,,,,,
train,98,2415812,83321.4,0.058790,,,,,,
train,98,2415912,83324.2,0.056557,,,,,,
train,98,2416012,83327.1,0.056149,,,,,,
train,98,2416112,83329.9,0.054740,,,,,,
train,98,2416212,83332.8,0.058293,,,,,,
train,98,2416312,83335.6,0.056814,,,,,,
train,98,2416412,83338.5,0.055463,,,,,,
train,98,2416512,83341.3,0.058925,,,,,,
train,98,2416612,83344.2,0.056737,,,,,,
train,98,2416712,83347.0,0.056123,,,,,,
train,98,2416812,83349.9,0.059767,,,,,,
train,98,2416912,83352.7,0.055680,,,,,,
train,98,2417012,83355.6,0.054760,,,,,,
train,98,2417112,83358.4,0.059593,,,,,,
train,98,2417212,83361.3,0.055218,,,,,,
train,98,2417312,83364.1,0.056956,,,,,,
train,98,2417412,83367.0,0.056535,,,,,,
train,98,2417512,83369.8,0.059584,,,,,,
train,98,2417612,83372.7,0.056076,,,,,,
train,98,2417712,83375.5,0.058117,,,,,,
train,98,2417812,83378.4,0.055603,,,,,,
train,98,2417912,83381.2,0.053837,,,,,,
train,98,2418012,83384.1,0.057708,,,,,,
train,98,2418112,83386.9,0.055509,,,,,,
train,98,2418212,83389.8,0.056091,,,,,,
train,98,2418312,83392.6,0.053745,,,,,,
train,98,2418412,83395.5,0.059650,,,,,,
train,98,2418512,83398.4,0.060719,,,,,,
train,98,2418612,83401.2,0.051780,,,,,,
train,98,2418712,83404.1,0.050820,,,,,,
train,98,2418812,83406.9,0.056328,,,,,,
train,98,2418912,83409.7,0.057401,,,,,,
train,98,2419012,83412.6,0.057673,,,,,,
train,98,2419112,83415.4,0.056863,,,,,,
train,98,2419212,83418.3,0.059226,,,,,,
train,98,2419312,83421.1,0.057408,,,,,,
train,98,2419412,83424.0,0.054769,,,,,,
train,98,2419512,83426.8,0.054023,,,,,,
train,98,2419612,83429.7,0.058433,,,,,,
train,98,2419712,83432.5,0.057050,,,,,,
train,98,2419812,83435.3,0.059876,,,,,,
train,98,2419912,83438.2,0.057033,,,,,,
val,98,,83583.0,0.058290,0.003890,0.000032,0.010595,0.048605,35.7529,0.954434
train,99,2420056,83587.6,0.056693,,,,,,
train,99,2420156,83590.5,0.053164,,,,,,
train,99,2420256,83593.4,0.057400,,,,,,
train,99,2420356,83596.2,0.054460,,,,,,
train,99,2420456,83599.1,0.056271,,,,,,
train,99,2420556,83602.0,0.058428,,,,,,
train,99,2420656,83604.8,0.055027,,,,,,
train,99,2420756,83607.7,0.058079,,,,,,
train,99,2420856,83610.6,0.053333,,,,,,
train,99,2420956,83613.4,0.056997,,,,,,
train,99,2421056,83616.3,0.053995,,,,,,
train,99,2421156,83619.2,0.061056,,,,,,
train,99,2421256,83622.0,0.053466,,,,,,
train,99,2421356,83624.9,0.053348,,,,,,
train,99,2421456,83627.7,0.054516,,,,,,
train,99,2421556,83630.6,0.057086,,,,,,
train,99,2421656,83633.5,0.054159,,,,,,
train,99,2421756,83636.3,0.058188,,,,,,
train,99,2421856,83639.2,0.058974,,,,,,
train,99,2421956,83642.0,0.055903,,,,,,
train,99,2422056,83644.9,0.059123,,,,,,
train,99,2422156,83647.8,0.053536,,,,,,
train,99,2422256,83650.6,0.056636,,,,,,
train,99,2422356,83653.5,0.056369,,,,,,
train,99,2422456,83656.4,0.061302,,,,,,
train,99,2422556,83659.2,0.057229,,,,,,
train,99,2422656,83662.1,0.057490,,,,,,
train,99,2422756,83665.0,0.053770,,,,,,
train,99,2422856,83667.8,0.056295,,,,,,
train,99,2422956,83670.7,0.058410,,,,,,
train,99,2423056,83673.6,0.057378,,,,,,
train,99,2423156,83676.4,0.055388,,,,,,
train,99,2423256,83679.3,0.057966,,,,,,
train,99,2423356,83682.2,0.060271,,,,,,
train,99,2423456,83685.0,0.052404,,,,,,
train,99,2423556,83687.9,0.055517,,,,,,
train,99,2423656,83690.8,0.058992,,,,,,
train,99,2423756,83693.6,0.057242,,,,,,
train,99,2423856,83696.7,0.056998,,,,,,
train,99,2423956,83699.5,0.055065,,,,,,
train,99,2424056,83702.4,0.057234,,,,,,
train,99,2424156,83705.3,0.058072,,,,,,
train,99,2424256,83708.1,0.053606,,,,,,
train,99,2424356,83711.0,0.056883,,,,,,
train,99,2424456,83713.9,0.061220,,,,,,
train,99,2424556,83716.7,0.057508,,,,,,
train,99,2424656,83719.6,0.057797,,,,,,
train,99,2424756,83722.5,0.054283,,,,,,
train,99,2424856,83725.3,0.053806,,,,,,
train,99,2424956,83728.2,0.056531,,,,,,
train,99,2425056,83731.1,0.054956,,,,,,
train,99,2425156,83733.9,0.056596,,,,,,
train,99,2425256,83736.8,0.058227,,,,,,
train,99,2425356,83739.7,0.054810,,,,,,
train,99,2425456,83742.7,0.053091,,,,,,
train,99,2425556,83745.6,0.054179,,,,,,
train,99,2425656,83748.4,0.055958,,,,,,
train,99,2425756,83751.3,0.054012,,,,,,
train,99,2425856,83754.2,0.054760,,,,,,
train,99,2425956,83757.0,0.058076,,,,,,
train,99,2426056,83759.9,0.053958,,,,,,
train,99,2426156,83762.8,0.054361,,,,,,
train,99,2426256,83765.6,0.060400,,,,,,
train,99,2426356,83768.5,0.054469,,,,,,
train,99,2426456,83771.3,0.055460,,,,,,
train,99,2426556,83774.2,0.060812,,,,,,
train,99,2426656,83777.1,0.055094,,,,,,
train,99,2426756,83779.9,0.056916,,,,,,
train,99,2426856,83782.8,0.055102,,,,,,
train,99,2426956,83785.7,0.054264,,,,,,
train,99,2427056,83788.5,0.054767,,,,,,
train,99,2427156,83791.4,0.053783,,,,,,
train,99,2427256,83794.3,0.054277,,,,,,
train,99,2427356,83797.1,0.053658,,,,,,
train,99,2427456,83800.0,0.055636,,,,,,
train,99,2427556,83802.9,0.057551,,,,,,
train,99,2427656,83805.7,0.053802,,,,,,
train,99,2427756,83808.6,0.052023,,,,,,
train,99,2427856,83811.5,0.055390,,,,,,
train,99,2427956,83814.3,0.058541,,,,,,
train,99,2428056,83817.2,0.056363,,,,,,
train,99,2428156,83820.1,0.054943,,,,,,
train,99,2428256,83822.9,0.059929,,,,,,
train,99,2428356,83826.2,0.056928,,,,,,
train,99,2428456,83829.0,0.057609,,,,,,
train,99,2428556,83831.9,0.055539,,,,,,
train,99,2428656,83834.8,0.060116,,,,,,
train,99,2428756,83837.6,0.053450,,,,,,
train,99,2428856,83840.5,0.054750,,,,,,
train,99,2428956,83843.3,0.054125,,,,,,
train,99,2429056,83846.2,0.056958,,,,,,
train,99,2429156,83849.1,0.055268,,,,,,
train,99,2429256,83851.9,0.054109,,,,,,
train,99,2429356,83854.8,0.057289,,,,,,
train,99,2429456,83857.6,0.057846,,,,,,
train,99,2429556,83860.5,0.055881,,,,,,
train,99,2429656,83863.4,0.056298,,,,,,
train,99,2429756,83866.2,0.053312,,,,,,
train,99,2429856,83869.1,0.058260,,,,,,
train,99,2429956,83872.0,0.055400,,,,,,
train,99,2430056,83874.8,0.056944,,,,,,
train,99,2430156,83877.7,0.057482,,,,,,
train,99,2430256,83880.6,0.061557,,,,,,
train,99,2430356,83883.4,0.058600,,,,,,
train,99,2430456,83886.3,0.051647,,,,,,
train,99,2430556,83889.1,0.058128,,,,,,
train,99,2430656,83892.0,0.056653,,,,,,
train,99,2430756,83894.9,0.056553,,,,,,
train,99,2430856,83897.7,0.056923,,,,,,
train,99,2430956,83900.6,0.056351,,,,,,
train,99,2431056,83903.5,0.057496,,,,,,
train,99,2431156,83906.3,0.062061,,,,,,
train,99,2431256,83909.2,0.060112,,,,,,
train,99,2431356,83912.1,0.056556,,,,,,
train,99,2431456,83914.9,0.054549,,,,,,
train,99,2431556,83917.8,0.057539,,,,,,
train,99,2431656,83920.7,0.051595,,,,,,
train,99,2431756,83923.5,0.055201,,,,,,
train,99,2431856,83926.4,0.051554,,,,,,
train,99,2431956,83929.3,0.052934,,,,,,
train,99,2432056,83932.1,0.055305,,,,,,
train,99,2432156,83935.0,0.051678,,,,,,
train,99,2432256,83937.9,0.058718,,,,,,
train,99,2432356,83940.7,0.051278,,,,,,
train,99,2432456,83943.6,0.055421,,,,,,
train,99,2432556,83946.5,0.056264,,,,,,
train,99,2432656,83949.3,0.053986,,,,,,
train,99,2432756,83952.2,0.056281,,,,,,
train,99,2432856,83955.1,0.057598,,,,,,
train,99,2432956,83957.9,0.055621,,,,,,
train,99,2433056,83960.8,0.055495,,,,,,
train,99,2433156,83963.7,0.053356,,,,,,
train,99,2433256,83966.5,0.059968,,,,,,
train,99,2433356,83969.4,0.053492,,,,,,
train,99,2433456,83972.2,0.056043,,,,,,
train,99,2433556,83975.1,0.053557,,,,,,
train,99,2433656,83978.0,0.054925,,,,,,
train,99,2433756,83980.8,0.058591,,,,,,
train,99,2433856,83983.7,0.058836,,,,,,
train,99,2433956,83986.6,0.059791,,,,,,
train,99,2434056,83989.4,0.057915,,,,,,
train,99,2434156,83992.3,0.058343,,,,,,
train,99,2434256,83995.2,0.059701,,,,,,
train,99,2434356,83998.0,0.057470,,,,,,
train,99,2434456,84000.9,0.057055,,,,,,
train,99,2434556,84003.8,0.058604,,,,,,
train,99,2434656,84006.6,0.055525,,,,,,
train,99,2434756,84009.5,0.057109,,,,,,
train,99,2434856,84012.4,0.057093,,,,,,
train,99,2434956,84015.2,0.050128,,,,,,
train,99,2435056,84018.1,0.055067,,,,,,
train,99,2435156,84021.0,0.059892,,,,,,
train,99,2435256,84023.8,0.059736,,,,,,
train,99,2435356,84026.7,0.053692,,,,,,
train,99,2435456,84029.6,0.051905,,,,,,
train,99,2435556,84032.4,0.058063,,,,,,
train,99,2435656,84035.3,0.054912,,,,,,
train,99,2435756,84038.1,0.054915,,,,,,
train,99,2435856,84041.0,0.052876,,,,,,
train,99,2435956,84043.9,0.054231,,,,,,
train,99,2436056,84046.7,0.053740,,,,,,
train,99,2436156,84049.6,0.052909,,,,,,
train,99,2436256,84052.4,0.058883,,,,,,
train,99,2436356,84055.3,0.057449,,,,,,
train,99,2436456,84058.2,0.060071,,,,,,
train,99,2436556,84061.0,0.055809,,,,,,
train,99,2436656,84063.9,0.056840,,,,,,
train,99,2436756,84066.8,0.054621,,,,,,
train,99,2436856,84069.6,0.057366,,,,,,
train,99,2436956,84072.5,0.052698,,,,,,
train,99,2437056,84075.3,0.053628,,,,,,
train,99,2437156,84078.2,0.053893,,,,,,
train,99,2437256,84081.1,0.054268,,,,,,
train,99,2437356,84083.9,0.055762,,,,,,
train,99,2437456,84086.8,0.055747,,,,,,
train,99,2437556,84089.7,0.055489,,,,,,
train,99,2437656,84092.5,0.058111,,,,,,
train,99,2437756,84095.4,0.056125,,,,,,
train,99,2437856,84098.3,0.055216,,,,,,
train,99,2437956,84101.1,0.056097,,,,,,
train,99,2438056,84104.0,0.055876,,,,,,
train,99,2438156,84106.8,0.059603,,,,,,
train,99,2438256,84109.7,0.055317,,,,,,
train,99,2438356,84112.6,0.056131,,,,,,
train,99,2438456,84115.4,0.056947,,,,,,
train,99,2438556,84118.3,0.054279,,,,,,
train,99,2438656,84121.2,0.054692,,,,,,
train,99,2438756,84124.0,0.057259,,,,,,
train,99,2438856,84126.9,0.053342,,,,,,
train,99,2438956,84129.8,0.057274,,,,,,
train,99,2439056,84132.6,0.061507,,,,,,
train,99,2439156,84135.5,0.055220,,,,,,
train,99,2439256,84138.4,0.055444,,,,,,
train,99,2439356,84141.2,0.056076,,,,,,
train,99,2439456,84144.1,0.052909,,,,,,
train,99,2439556,84147.0,0.058068,,,,,,
train,99,2439656,84149.8,0.058613,,,,,,
train,99,2439756,84152.7,0.055883,,,,,,
train,99,2439856,84155.6,0.057152,,,,,,
train,99,2439956,84158.4,0.056832,,,,,,
train,99,2440056,84161.3,0.056747,,,,,,
train,99,2440156,84164.2,0.056905,,,,,,
train,99,2440256,84167.0,0.057539,,,,,,
train,99,2440356,84169.9,0.059364,,,,,,
train,99,2440456,84172.7,0.057831,,,,,,
train,99,2440556,84175.6,0.059945,,,,,,
train,99,2440656,84178.5,0.057557,,,,,,
train,99,2440756,84181.4,0.054569,,,,,,
train,99,2440856,84184.2,0.057112,,,,,,
train,99,2440956,84187.1,nan,,,,,,
train,99,2441056,84189.9,0.058444,,,,,,
train,99,2441156,84192.8,0.053794,,,,,,
train,99,2441256,84195.7,0.058313,,,,,,
train,99,2441356,84198.5,0.059229,,,,,,
train,99,2441456,84201.4,0.056550,,,,,,
train,99,2441556,84204.3,0.057152,,,,,,
train,99,2441656,84207.1,0.057121,,,,,,
train,99,2441756,84210.0,0.054956,,,,,,
train,99,2441856,84212.9,0.060672,,,,,,
train,99,2441956,84215.7,0.054995,,,,,,
train,99,2442056,84218.6,0.058204,,,,,,
train,99,2442156,84221.7,0.056236,,,,,,
train,99,2442256,84224.6,0.055028,,,,,,
train,99,2442356,84227.5,0.055343,,,,,,
train,99,2442456,84230.4,0.053950,,,,,,
train,99,2442556,84233.2,0.057408,,,,,,
train,99,2442656,84236.1,0.060084,,,,,,
train,99,2442756,84239.0,0.055485,,,,,,
train,99,2442856,84241.8,0.057228,,,,,,
train,99,2442956,84244.7,0.054313,,,,,,
train,99,2443056,84247.6,0.059817,,,,,,
train,99,2443156,84250.4,0.057371,,,,,,
train,99,2443256,84253.3,0.057093,,,,,,
train,99,2443356,84256.2,0.058437,,,,,,
train,99,2443456,84259.0,0.057555,,,,,,
train,99,2443556,84261.9,0.059323,,,,,,
train,99,2443656,84264.7,0.057206,,,,,,
train,99,2443756,84267.6,0.057733,,,,,,
train,99,2443856,84270.5,0.055701,,,,,,
train,99,2443956,84273.3,0.056261,,,,,,
train,99,2444056,84276.2,0.053638,,,,,,
train,99,2444156,84279.0,0.057179,,,,,,
train,99,2444256,84281.9,0.059097,,,,,,
train,99,2444356,84284.8,0.056233,,,,,,
val,99,,84429.6,0.057873,0.003889,0.000032,0.010592,0.048589,35.7547,0.954429
